org_code,org_name,benchmark_group,ess_factor,assumed_beta,assumed_tau,assumed_individual_sd,nominal_burnout_n,observed_burnout,posterior_mean,posterior_sd,repeat_floor_sd,selected,review_slots,ordinary_KG,validation_KG,ordinary_KG_per_cost,validation_KG_per_cost,preferred_channel,action_priority_rank,evidence_type
R0A,Manchester University NHS Foundation Trust,Acute&Acute Community Trusts,1.0,0.0,0.35,2.5,10685,5.033296606876863,5.032865643229097,0.02412783445766586,0.0,False,36,0.0,0.0,0.0,0.0,ordinary,83,model_conditional_scenario_no_new_NHS_observations
R0B,South Tyneside and Sunderland NHS Foundation Trust,Acute&Acute Community Trusts,1.0,0.0,0.35,2.5,4681,5.102526485582064,5.100802281017739,0.03634265942014704,0.0,False,36,0.0,0.0,0.0,0.0,ordinary,84,model_conditional_scenario_no_new_NHS_observations
R0D,University Hospitals Dorset NHS Foundation Trust,Acute&Acute Community Trusts,1.0,0.0,0.35,2.5,5519,4.99703607359645,4.996537546283095,0.03349743981331356,0.0,False,36,0.0,0.0,0.0,0.0,ordinary,85,model_conditional_scenario_no_new_NHS_observations
R1A,Herefordshire and Worcestershire Health and Care NHS Trust,"MH&LD, MH, LD&Community Trusts",1.0,0.0,0.35,2.5,2399,5.188850693999996,5.189749561860129,0.05050741686812831,0.0,False,36,4.578070673582934e-115,4.578070673582934e-115,4.578070673582934e-115,9.156141347165869e-116,ordinary,46,model_conditional_scenario_no_new_NHS_observations
R1D,Shropshire Community Health NHS Trust,Community Trusts,1.0,0.0,0.35,2.5,995,5.145010753504204,5.147489044155781,0.07729829769568716,0.0,False,36,2.9273730277556353e-56,2.9273730277556353e-56,2.9273730277556353e-56,5.85474605551127e-57,ordinary,32,model_conditional_scenario_no_new_NHS_observations
R1F1,Isle of Wight NHS Trust (acute sector),Acute&Acute Community Trusts,1.0,0.0,0.35,2.5,1420,4.706366986566817,4.714560787335583,0.06518244692666424,0.0,True,36,6.009400462285821e-38,6.009400462285821e-38,6.009400462285821e-38,1.2018800924571642e-38,ordinary,24,model_conditional_scenario_no_new_NHS_observations
R1F2,Isle of Wight NHS Trust (ambulance sector),Ambulance Trusts,1.0,0.0,0.35,2.5,170,4.500436279582561,4.486141289814408,0.1681604343217615,0.0,False,36,7.430458425034814e-13,7.430458425034814e-13,7.430458425034814e-13,1.4860916850069629e-13,ordinary,7,model_conditional_scenario_no_new_NHS_observations
R1H,Barts Health NHS Trust,Acute&Acute Community Trusts,1.0,0.0,0.35,2.5,9566,4.912268004676804,4.912428979084715,0.025492929200408736,0.0,False,36,0.0,0.0,0.0,0.0,ordinary,86,model_conditional_scenario_no_new_NHS_observations
R1K,London North West University Healthcare NHS Trust,Acute&Acute Community Trusts,1.0,0.0,0.35,2.5,4285,5.034382577516363,5.033302729927531,0.0379659568552298,0.0,False,36,0.0,0.0,0.0,0.0,ordinary,87,model_conditional_scenario_no_new_NHS_observations
R1L,Essex Partnership University NHS Foundation Trust,"MH&LD, MH, LD&Community Trusts",1.0,0.0,0.35,2.5,3632,5.268213995895022,5.267712531539786,0.04119437764235074,0.0,False,36,0.0,0.0,0.0,0.0,ordinary,88,model_conditional_scenario_no_new_NHS_observations
RA2,Royal Surrey County Hospital NHS Foundation Trust,Acute&Acute Community Trusts,1.0,0.0,0.35,2.5,2383,5.157713239348739,5.1532043938798155,0.05067314986177746,0.0,False,36,0.0,0.0,0.0,0.0,ordinary,89,model_conditional_scenario_no_new_NHS_observations
RA7,University Hospitals Bristol and Weston NHS Foundation Trust,Acute&Acute Community Trusts,1.0,0.0,0.35,2.5,8285,5.108738615013536,5.107721832886049,0.027381713628262673,0.0,False,36,0.0,0.0,0.0,0.0,ordinary,90,model_conditional_scenario_no_new_NHS_observations
RAE,Bradford Teaching Hospitals NHS Foundation Trust,Acute&Acute Community Trusts,1.0,0.0,0.35,2.5,3212,5.09018474296827,5.087877282548533,0.04376532054375487,0.0,False,36,0.0,0.0,0.0,0.0,ordinary,91,model_conditional_scenario_no_new_NHS_observations
RAJ,Mid and South Essex NHS Foundation Trust,Acute&Acute Community Trusts,1.0,0.0,0.35,2.5,6465,4.462888866214896,4.466645085455676,0.030970540927014407,0.0,True,36,0.0,0.0,0.0,0.0,ordinary,92,model_conditional_scenario_no_new_NHS_observations
RAN,Royal National Orthopaedic Hospital NHS Trust,Acute Specialist Trusts,1.0,0.0,0.35,2.5,773,5.375492586648612,5.36573418732864,0.08709054829911997,0.0,False,36,6.95620522464855e-192,6.95620522464855e-192,6.95620522464855e-192,1.39124104492971e-192,ordinary,61,model_conditional_scenario_no_new_NHS_observations
RAS,The Hillingdon Hospitals NHS Foundation Trust,Acute&Acute Community Trusts,1.0,0.0,0.35,2.5,1970,5.002245530547993,5.000740055433985,0.05561022588574635,0.0,False,36,2.7331016117546078e-291,2.7331016117546078e-291,2.7331016117546078e-291,5.466203223509215e-292,ordinary,77,model_conditional_scenario_no_new_NHS_observations
RAT,North East London NHS Foundation Trust,"MH&LD, MH, LD&Community Trusts",1.0,0.0,0.35,2.5,3955,5.163350826992319,5.164225325339175,0.03949875709846199,4.656612873077393e-10,False,36,6.403553040072488e-168,6.403553040072488e-168,6.403553040072488e-168,1.2807106080144976e-168,ordinary,56,model_conditional_scenario_no_new_NHS_observations
RBD,Dorset County Hospital NHS Foundation Trust,Acute&Acute Community Trusts,1.0,0.0,0.35,2.5,1616,5.009444890083157,5.007399378117801,0.061230745957618585,0.0,False,36,4.315485856664884e-214,4.315485856664884e-214,4.315485856664884e-214,8.630971713329768e-215,ordinary,66,model_conditional_scenario_no_new_NHS_observations
RBK,Walsall Healthcare NHS Trust,Acute&Acute Community Trusts,1.0,0.0,0.35,2.5,2314,4.652547173256712,4.6588046909265595,0.051407035770579555,0.0,True,36,1.1731294604988547e-216,1.1731294604988547e-216,1.1731294604988547e-216,2.3462589209977095e-217,ordinary,68,model_conditional_scenario_no_new_NHS_observations
RBL,Wirral University Teaching Hospital NHS Foundation Trust,Acute&Acute Community Trusts,1.0,0.0,0.35,2.5,2794,4.71875466644158,4.722769127510155,0.046870254925798396,0.0,True,36,7.36871134682678e-103,7.36871134682678e-103,7.36871134682678e-103,1.473742269365356e-103,ordinary,41,model_conditional_scenario_no_new_NHS_observations
RBQ,Liverpool Heart and Chest Hospital NHS Foundation Trust,Acute Specialist Trusts,1.0,0.0,0.35,2.5,1134,5.678241716776859,5.65842137932184,0.07262348636075942,0.0,False,36,0.0,0.0,0.0,0.0,ordinary,93,model_conditional_scenario_no_new_NHS_observations
RBS,Alder Hey Children's NHS Foundation Trust,Acute&Acute Community Trusts,1.0,0.0,0.35,2.5,2417,5.03379651104725,5.031911461873009,0.05032289707692628,0.0,False,36,0.0,0.0,0.0,0.0,ordinary,94,model_conditional_scenario_no_new_NHS_observations
RBT,Mid Cheshire Hospitals NHS Foundation Trust,Acute&Acute Community Trusts,1.0,0.0,0.35,2.5,2321,5.159859070401051,5.155186217238993,0.05133112682671909,0.0,False,36,0.0,0.0,0.0,0.0,ordinary,95,model_conditional_scenario_no_new_NHS_observations
RBV,The Christie NHS Foundation Trust,Acute Specialist Trusts,1.0,0.0,0.35,2.5,1947,5.371544749364454,5.367621015708365,0.05592938562891685,0.0,False,36,0.0,0.0,0.0,0.0,ordinary,96,model_conditional_scenario_no_new_NHS_observations
RC9,Bedfordshire Hospitals NHS Foundation Trust,Acute&Acute Community Trusts,1.0,0.0,0.35,2.5,3542,4.996424718879917,4.995660566320135,0.041707116650219506,0.0,False,36,0.0,0.0,0.0,0.0,ordinary,97,model_conditional_scenario_no_new_NHS_observations
RCB,York and Scarborough Teaching Hospitals NHS Foundation Trust,Acute&Acute Community Trusts,1.0,0.0,0.35,2.5,5839,4.89781742010006,4.898205427056065,0.03257478881969159,0.0,False,36,0.0,0.0,0.0,0.0,ordinary,98,model_conditional_scenario_no_new_NHS_observations
RCD,Harrogate and District NHS Foundation Trust,Acute&Acute Community Trusts,1.0,0.0,0.35,2.5,3330,5.232869698503418,5.228489619910861,0.04299481776962386,0.0,False,36,0.0,0.0,0.0,0.0,ordinary,99,model_conditional_scenario_no_new_NHS_observations
RCF,Airedale NHS Foundation Trust,Acute&Acute Community Trusts,1.0,0.0,0.35,2.5,1473,4.975561958614382,4.974458830868139,0.0640390111696889,0.0,False,36,3.0020537825968406e-129,3.0020537825968406e-129,3.0020537825968406e-129,6.004107565193681e-130,ordinary,48,model_conditional_scenario_no_new_NHS_observations
RCU,Sheffield Children's NHS Foundation Trust,Acute&Acute Community Trusts,1.0,0.0,0.35,2.5,2212,5.172472246752322,5.167289954790602,0.05255278951432529,0.0,False,36,0.0,0.0,0.0,0.0,ordinary,100,model_conditional_scenario_no_new_NHS_observations
RCX,The Queen Elizabeth Hospital King's Lynn NHS Foundation Trust,Acute&Acute Community Trusts,1.0,0.0,0.35,2.5,2188,4.693193387518781,4.698876841990787,0.052833694741002406,0.0,True,36,4.204983687022465e-106,4.204983687022465e-106,4.204983687022465e-106,8.40996737404493e-107,ordinary,44,model_conditional_scenario_no_new_NHS_observations
RD1,Royal United Hospitals Bath NHS Foundation Trust,Acute&Acute Community Trusts,1.0,0.0,0.35,2.5,3322,4.870227174391674,4.871322049026233,0.043045774300440404,0.0,False,36,1.511737405983081e-103,1.511737405983081e-103,1.511737405983081e-103,3.023474811966162e-104,ordinary,42,model_conditional_scenario_no_new_NHS_observations
RD8,Milton Keynes University Hospital NHS Foundation Trust,Acute&Acute Community Trusts,1.0,0.0,0.35,2.5,2646,5.007673109794047,5.006442302185837,0.04813909177296806,0.0,False,36,0.0,0.0,0.0,0.0,ordinary,101,model_conditional_scenario_no_new_NHS_observations
RDE,East Suffolk and North Essex NHS Foundation Trust,Acute&Acute Community Trusts,1.0,0.0,0.35,2.5,6181,4.826152582960841,4.827106003800637,0.03166836014339504,0.0,False,36,1.234837211410116e-50,1.234837211410116e-50,1.234837211410116e-50,2.469674422820232e-51,ordinary,29,model_conditional_scenario_no_new_NHS_observations
RDR,Sussex Community NHS Foundation Trust,Community Trusts,1.0,0.0,0.35,2.5,4042,5.455663526627008,5.452424527706693,0.039076715557228324,0.0,False,36,0.0,0.0,0.0,0.0,ordinary,102,model_conditional_scenario_no_new_NHS_observations
RDU,Frimley Health NHS Foundation Trust,Acute&Acute Community Trusts,1.0,0.0,0.35,2.5,5683,5.214387091389177,5.211968867531418,0.03301493081438376,0.0,False,36,0.0,0.0,0.0,0.0,ordinary,103,model_conditional_scenario_no_new_NHS_observations
RDY,Dorset Healthcare University NHS Foundation Trust,"MH&LD, MH, LD&Community Trusts",1.0,0.0,0.35,2.5,3551,5.32574192241569,5.324414333672625,0.041654979408947426,0.0,False,36,0.0,0.0,0.0,0.0,ordinary,104,model_conditional_scenario_no_new_NHS_observations
REF,Royal Cornwall Hospitals NHS Trust,Acute&Acute Community Trusts,1.0,0.0,0.35,2.5,3848,4.677182765495703,4.680656006875488,0.04003706697012742,0.0,True,36,0.0,0.0,0.0,0.0,ordinary,105,model_conditional_scenario_no_new_NHS_observations
REM,Liverpool University Hospitals NHS Foundation Trust,Acute&Acute Community Trusts,1.0,0.0,0.35,2.5,4448,4.900798593715324,4.901272756533268,0.03727185664652237,4.656612873077393e-10,False,36,0.0,0.0,0.0,0.0,ordinary,106,model_conditional_scenario_no_new_NHS_observations
REN,The Clatterbridge Cancer Centre NHS Foundation Trust,Acute Specialist Trusts,1.0,0.0,0.35,2.5,1209,5.148985203133816,5.151775141253453,0.0704289508624131,0.0,False,36,7.725443161599101e-95,7.725443161599101e-95,7.725443161599101e-95,1.54508863231982e-95,ordinary,40,model_conditional_scenario_no_new_NHS_observations
REP,Liverpool Women's NHS Foundation Trust,Acute Specialist Trusts,1.0,0.0,0.35,2.5,772,4.870614374479285,4.892142361016698,0.08714344134341251,0.0,True,36,2.452957767962273e-45,2.452957767962273e-45,2.452957767962273e-45,4.905915535924546e-46,ordinary,27,model_conditional_scenario_no_new_NHS_observations
RET,The Walton Centre NHS Foundation Trust,Acute Specialist Trusts,1.0,0.0,0.35,2.5,578,5.26298595970273,5.259327912788909,0.09967991078891203,0.0,False,36,3.575485616205894e-64,3.575485616205894e-64,3.575485616205894e-64,7.150971232411788e-65,ordinary,37,model_conditional_scenario_no_new_NHS_observations
RF4,"Barking, Havering and Redbridge University Hospitals NHS Trust",Acute&Acute Community Trusts,1.0,0.0,0.35,2.5,4158,4.72425974416934,4.726906524482789,0.038534479122022375,0.0,True,36,1.7403062916558992e-195,1.7403062916558992e-195,1.7403062916558992e-195,3.4806125833117984e-196,ordinary,62,model_conditional_scenario_no_new_NHS_observations
RFF,Barnsley Hospital NHS Foundation Trust,Acute&Acute Community Trusts,1.0,0.0,0.35,2.5,2219,5.136556181678653,5.132197110660979,0.05247169915040437,0.0,False,36,0.0,0.0,0.0,0.0,ordinary,107,model_conditional_scenario_no_new_NHS_observations
RFR,The Rotherham NHS Foundation Trust,Acute&Acute Community Trusts,1.0,0.0,0.35,2.5,3137,5.104376831626352,5.101787959680764,0.044277129964932736,0.0,False,36,0.0,0.0,0.0,0.0,ordinary,108,model_conditional_scenario_no_new_NHS_observations
RFS,Chesterfield Royal Hospital NHS Foundation Trust,Acute&Acute Community Trusts,1.0,0.0,0.35,2.5,2972,5.003096039227562,5.002075209457098,0.045469425724764895,0.0,False,36,0.0,0.0,0.0,0.0,ordinary,109,model_conditional_scenario_no_new_NHS_observations
RGD,Leeds and York Partnership NHS Foundation Trust,"MH&LD, MH, LD&Community Trusts",1.0,0.0,0.35,2.5,1497,5.190906308393158,5.192261178332304,0.06354065212704502,0.0,False,36,2.250188147620094e-52,2.250188147620094e-52,2.250188147620094e-52,4.500376295240188e-53,ordinary,30,model_conditional_scenario_no_new_NHS_observations
RGM,Royal Papworth Hospital NHS Foundation Trust,Acute Specialist Trusts,1.0,0.0,0.35,2.5,1177,5.188774029843231,5.189983567387827,0.07134067538813144,0.0,False,36,1.8477599707724933e-130,1.8477599707724933e-130,1.8477599707724933e-130,3.695519941544987e-131,ordinary,49,model_conditional_scenario_no_new_NHS_observations
RGN,North West Anglia NHS Foundation Trust,Acute&Acute Community Trusts,1.0,0.0,0.35,2.5,3216,4.459261605305287,4.4668099712417115,0.04373852014499535,0.0,True,36,0.0,0.0,0.0,0.0,ordinary,110,model_conditional_scenario_no_new_NHS_observations
RGP,James Paget University Hospitals NHS Foundation Trust,Acute&Acute Community Trusts,1.0,0.0,0.35,2.5,1657,4.760551985153012,4.765990273456063,0.060491378420222335,0.0,True,36,3.7934200239185407e-14,3.7934200239185407e-14,3.7934200239185407e-14,7.58684004783708e-15,ordinary,8,model_conditional_scenario_no_new_NHS_observations
RGR,West Suffolk NHS Foundation Trust,Acute&Acute Community Trusts,1.0,0.0,0.35,2.5,2435,4.74071370554987,4.74485722122491,0.0501403849507838,0.0,True,36,4.33343678868017e-46,4.33343678868017e-46,4.33343678868017e-46,8.666873577360339e-47,ordinary,28,model_conditional_scenario_no_new_NHS_observations
RGT,Cambridge University Hospitals NHS Foundation Trust,Acute&Acute Community Trusts,1.0,0.0,0.35,2.5,6990,4.925261247972768,4.9253869646357575,0.02979354678915191,0.0,False,36,0.0,0.0,0.0,0.0,ordinary,111,model_conditional_scenario_no_new_NHS_observations
RHA,Nottinghamshire Healthcare NHS Foundation Trust,"MH&LD, MH, LD&Community Trusts",1.0,0.0,0.35,2.5,4456,4.874412494463094,4.878460625652165,0.03723876302152717,0.0,True,36,0.0,0.0,0.0,0.0,ordinary,112,model_conditional_scenario_no_new_NHS_observations
RHM,University Hospital Southampton NHS Foundation Trust,Acute&Acute Community Trusts,1.0,0.0,0.35,2.5,4801,4.898579234362294,4.89904223752918,0.035890433108853405,0.0,False,36,0.0,0.0,0.0,0.0,ordinary,113,model_conditional_scenario_no_new_NHS_observations
RHQ,Sheffield Teaching Hospitals NHS Foundation Trust,Acute&Acute Community Trusts,1.0,0.0,0.35,2.5,10718,4.881592309708601,4.881881396415289,0.024090838082161503,0.0,False,36,0.0,0.0,0.0,0.0,ordinary,114,model_conditional_scenario_no_new_NHS_observations
RHU,Portsmouth Hospitals University NHS Trust,Acute&Acute Community Trusts,1.0,0.0,0.35,2.5,3768,4.802865589846258,4.804732521483894,0.040454237433101434,0.0,False,36,7.286959372407049e-06,7.286959372407049e-06,7.286959372407049e-06,1.4573918744814097e-06,ordinary,5,model_conditional_scenario_no_new_NHS_observations
RHW,Royal Berkshire NHS Foundation Trust,Acute&Acute Community Trusts,1.0,0.0,0.35,2.5,4156,5.285013243534149,5.280860774953905,0.03854363759920796,0.0,False,36,0.0,0.0,0.0,0.0,ordinary,115,model_conditional_scenario_no_new_NHS_observations
RJ1,Guy's and St Thomas' NHS Foundation Trust,Acute&Acute Community Trusts,1.0,0.0,0.35,2.5,11816,5.128245974433135,5.127447864235342,0.022949285248241615,0.0,False,36,0.0,0.0,0.0,0.0,ordinary,116,model_conditional_scenario_no_new_NHS_observations
RJ2,Lewisham and Greenwich NHS Trust,Acute&Acute Community Trusts,1.0,0.0,0.35,2.5,4770,5.01487492662177,5.014110160543267,0.03600563907162587,0.0,False,36,0.0,0.0,0.0,0.0,ordinary,117,model_conditional_scenario_no_new_NHS_observations
RJ6,Croydon Health Services NHS Trust,Acute&Acute Community Trusts,1.0,0.0,0.35,2.5,2037,5.027158642981511,5.025092727783793,0.05471074632011558,0.0,False,36,0.0,0.0,0.0,0.0,ordinary,118,model_conditional_scenario_no_new_NHS_observations
RJ7,St George's University Hospitals NHS Foundation Trust,Acute&Acute Community Trusts,1.0,0.0,0.35,2.5,4453,4.887730566714432,4.888352234471781,0.03725116279799075,0.0,False,36,9.371637693435734e-273,9.371637693435734e-273,9.371637693435734e-273,1.874327538687147e-273,ordinary,73,model_conditional_scenario_no_new_NHS_observations
RJ8,Cornwall Partnership NHS Foundation Trust,"MH&LD, MH, LD&Community Trusts",1.0,0.0,0.35,2.5,3068,5.026328323604617,5.029692906358656,0.04476420752726896,0.0,True,36,3.1610782944847697e-214,3.1610782944847697e-214,3.1610782944847697e-214,6.32215658896954e-215,ordinary,67,model_conditional_scenario_no_new_NHS_observations
RJC,South Warwickshire University NHS Foundation Trust,Acute&Acute Community Trusts,1.0,0.0,0.35,2.5,2605,5.194167129545242,5.189334894745339,0.04850922148951284,0.0,False,36,0.0,0.0,0.0,0.0,ordinary,119,model_conditional_scenario_no_new_NHS_observations
RJE,University Hospitals of North Midlands NHS Trust,Acute&Acute Community Trusts,1.0,0.0,0.35,2.5,5372,4.8790352090298,4.8796333341925795,0.03394840614616738,0.0,False,36,5.602941264e-315,5.602941264e-315,5.602941264e-315,1.12058825e-315,ordinary,80,model_conditional_scenario_no_new_NHS_observations
RJL,Northern Lincolnshire and Goole NHS Foundation Trust,Acute&Acute Community Trusts,1.0,0.0,0.35,2.5,3271,4.946698589583346,4.946635806004822,0.04337493735977554,0.0,False,36,0.0,0.0,0.0,0.0,ordinary,120,model_conditional_scenario_no_new_NHS_observations
RJN,East Cheshire NHS Trust,Acute&Acute Community Trusts,1.0,0.0,0.35,2.5,1321,4.924497900633165,4.925171447380057,0.06749315392432187,0.0,False,36,1.54320246868996e-57,1.54320246868996e-57,1.54320246868996e-57,3.08640493737992e-58,ordinary,34,model_conditional_scenario_no_new_NHS_observations
RJR,Countess of Chester Hospital NHS Foundation Trust,Acute&Acute Community Trusts,1.0,0.0,0.35,2.5,2188,4.618213802992669,4.625605812238221,0.052833694741002406,0.0,True,36,4.95954749016732e-290,4.95954749016732e-290,4.95954749016732e-290,9.91909498033464e-291,ordinary,76,model_conditional_scenario_no_new_NHS_observations
RJZ,King's College Hospital NHS Foundation Trust,Acute&Acute Community Trusts,1.0,0.0,0.35,2.5,6353,4.844882315255672,4.845660910454768,0.031240189172429683,0.0,False,36,6.413732197071385e-145,6.413732197071385e-145,6.413732197071385e-145,1.282746439414277e-145,ordinary,52,model_conditional_scenario_no_new_NHS_observations
RK5,Sherwood Forest Hospitals NHS Foundation Trust,Acute&Acute Community Trusts,1.0,0.0,0.35,2.5,3596,4.833012007832405,4.834545250548006,0.04139719469401691,0.0,False,36,5.592970674235155e-32,5.592970674235155e-32,5.592970674235155e-32,1.118594134847031e-32,ordinary,21,model_conditional_scenario_no_new_NHS_observations
RK9,University Hospitals Plymouth NHS Trust,Acute&Acute Community Trusts,1.0,0.0,0.35,2.5,5422,4.868694596347482,4.869383654118668,0.03379297872388553,0.0,False,36,4.806980174233915e-246,4.806980174233915e-246,4.806980174233915e-246,9.61396034846783e-247,ordinary,70,model_conditional_scenario_no_new_NHS_observations
RKB,University Hospitals Coventry and Warwickshire NHS Trust,Acute&Acute Community Trusts,1.0,0.0,0.35,2.5,6305,4.933915092043216,4.933984892154702,0.03135792861883897,0.0,False,36,0.0,0.0,0.0,0.0,ordinary,121,model_conditional_scenario_no_new_NHS_observations
RKE,Whittington Health NHS Trust,Acute&Acute Community Trusts,1.0,0.0,0.35,2.5,2483,5.241123918395662,5.235113600274426,0.04966322917123454,0.0,False,36,0.0,0.0,0.0,0.0,ordinary,122,model_conditional_scenario_no_new_NHS_observations
RKL,West London NHS Trust,"MH&LD, MH, LD&Community Trusts",1.0,0.0,0.35,2.5,4133,5.379938065556677,5.378134271513184,0.0386494316220096,0.0,False,36,0.0,0.0,0.0,0.0,ordinary,123,model_conditional_scenario_no_new_NHS_observations
RL1,The Robert Jones and Agnes Hunt Orthopaedic Hospital NHS Foundation Trust,Acute Specialist Trusts,1.0,0.0,0.35,2.5,822,5.061806859756023,5.070928357439153,0.0846111914536219,0.0,False,36,8.328914064229057e-19,8.328914064229057e-19,8.328914064229057e-19,1.6657828128458114e-19,ordinary,10,model_conditional_scenario_no_new_NHS_observations
RL4,The Royal Wolverhampton NHS Trust,Acute&Acute Community Trusts,1.0,0.0,0.35,2.5,3372,4.727096750241856,4.730309003116898,0.042730233345299885,0.0,True,36,2.734387461810112e-121,2.734387461810112e-121,2.734387461810112e-121,5.468774923620224e-122,ordinary,47,model_conditional_scenario_no_new_NHS_observations
RLQ,Wye Valley NHS Trust,Acute&Acute Community Trusts,1.0,0.0,0.35,2.5,1976,5.012313124373934,5.010558702631907,0.05552786148766612,0.0,False,36,1.095087e-318,1.095087e-318,1.095087e-318,2.1902e-319,ordinary,82,model_conditional_scenario_no_new_NHS_observations
RLT,George Eliot Hospital NHS Trust,Acute&Acute Community Trusts,1.0,0.0,0.35,2.5,1634,5.055260492039282,5.051849589194667,0.06090282332544219,0.0,False,36,1.35206795e-316,1.35206795e-316,1.35206795e-316,2.704136e-317,ordinary,81,model_conditional_scenario_no_new_NHS_observations
RLY,North Staffordshire Combined Healthcare NHS Trust,"MH&LD, MH, LD&Community Trusts",1.0,0.0,0.35,2.5,1295,5.506161264635511,5.495769839556111,0.06814189176554998,0.0,False,36,0.0,0.0,0.0,0.0,ordinary,124,model_conditional_scenario_no_new_NHS_observations
RM1,Norfolk and Norwich University Hospitals NHS Foundation Trust,Acute&Acute Community Trusts,1.0,0.0,0.35,2.5,4723,4.540971614751612,4.545263969156835,0.03618244187118791,0.0,True,36,0.0,0.0,0.0,0.0,ordinary,125,model_conditional_scenario_no_new_NHS_observations
RMC,Bolton NHS Foundation Trust,Acute&Acute Community Trusts,1.0,0.0,0.35,2.5,2678,4.76416657366604,4.767502675367067,0.047856024382639625,0.0,True,36,4.533800461513868e-25,4.533800461513868e-25,4.533800461513868e-25,9.067600923027736e-26,ordinary,15,model_conditional_scenario_no_new_NHS_observations
RMP,Tameside and Glossop Integrated Care NHS Foundation Trust,Acute&Acute Community Trusts,1.0,0.0,0.35,2.5,2236,4.938009896188618,4.938112532944027,0.052276317700726,0.0,False,36,7.083093625363911e-178,7.083093625363911e-178,7.083093625363911e-178,1.4166187250727822e-178,ordinary,58,model_conditional_scenario_no_new_NHS_observations
RMY,Norfolk and Suffolk NHS Foundation Trust,"MH&LD, MH, LD&Community Trusts",1.0,0.0,0.35,2.5,3589,4.828751733855252,4.834404075935857,0.041436980347320525,0.0,True,36,0.0,0.0,0.0,0.0,ordinary,126,model_conditional_scenario_no_new_NHS_observations
RN3,Great Western Hospitals NHS Foundation Trust,Acute&Acute Community Trusts,1.0,0.0,0.35,2.5,3628,5.045833543992019,5.044402055828853,0.041216765768564416,0.0,False,36,0.0,0.0,0.0,0.0,ordinary,127,model_conditional_scenario_no_new_NHS_observations
RN5,Hampshire Hospitals NHS Foundation Trust,Acute&Acute Community Trusts,1.0,0.0,0.35,2.5,4192,5.077659721310114,5.07603581709553,0.0383797771187733,4.656612873077393e-10,False,36,0.0,0.0,0.0,0.0,ordinary,128,model_conditional_scenario_no_new_NHS_observations
RN7,Dartford and Gravesham NHS Trust,Acute&Acute Community Trusts,1.0,0.0,0.35,2.5,1909,5.079731080231118,5.076161760099632,0.05646894994572352,6.585445079827193e-10,False,36,0.0,0.0,0.0,0.0,ordinary,129,model_conditional_scenario_no_new_NHS_observations
RNA,The Dudley Group NHS Foundation Trust,Acute&Acute Community Trusts,1.0,0.0,0.35,2.5,2397,4.679990273107688,4.685463674715488,0.050528044598575614,0.0,True,36,3.6516694552641786e-157,3.6516694552641786e-157,3.6516694552641786e-157,7.303338910528357e-158,ordinary,55,model_conditional_scenario_no_new_NHS_observations
RNK,Tavistock and Portman NHS Foundation Trust,"MH&LD, MH, LD&Community Trusts",1.0,0.0,0.35,2.5,392,5.270150977911881,5.265759015303498,0.11877584867974118,0.0,False,36,3.393384023405693e-17,3.393384023405693e-17,3.393384023405693e-17,6.786768046811386e-18,ordinary,9,model_conditional_scenario_no_new_NHS_observations
RNN,North Cumbria Integrated Care NHS Foundation Trust,Acute&Acute Community Trusts,1.0,0.0,0.35,2.5,3822,5.044767141702418,5.043421404955133,0.040171228741301176,0.0,False,36,0.0,0.0,0.0,0.0,ordinary,130,model_conditional_scenario_no_new_NHS_observations
RNQ,Kettering General Hospital NHS Foundation Trust,Acute&Acute Community Trusts,1.0,0.0,0.35,2.5,2595,4.799163194662444,4.801929139972486,0.048600799535354254,0.0,True,36,1.7690886463358937e-05,1.7690886463358937e-05,1.7690886463358937e-05,3.5381772926717874e-06,ordinary,2,model_conditional_scenario_no_new_NHS_observations
RNS,Northampton General Hospital NHS Trust,Acute&Acute Community Trusts,1.0,0.0,0.35,2.5,3144,4.835477210198987,4.8371879948404715,0.04422859978062727,0.0,False,36,2.4082340733986205e-29,2.4082340733986205e-29,2.4082340733986205e-29,4.816468146797241e-30,ordinary,19,model_conditional_scenario_no_new_NHS_observations
RNU,Oxford Health NHS Foundation Trust,"MH&LD, MH, LD&Community Trusts",1.0,0.0,0.35,2.5,4537,5.324667624556779,5.323637291164515,0.0369085801222789,0.0,False,36,0.0,0.0,0.0,0.0,ordinary,131,model_conditional_scenario_no_new_NHS_observations
RNZ,Salisbury NHS Foundation Trust,Acute&Acute Community Trusts,1.0,0.0,0.35,2.5,2465,4.993064704590668,4.992041586322858,0.04984056179002961,0.0,False,36,0.0,0.0,0.0,0.0,ordinary,132,model_conditional_scenario_no_new_NHS_observations
RP1,Northamptonshire Healthcare NHS Foundation Trust,"MH&LD, MH, LD&Community Trusts",1.0,0.0,0.35,2.5,3233,5.330652636147439,5.329120200979672,0.043625165245093946,0.0,False,36,0.0,0.0,0.0,0.0,ordinary,133,model_conditional_scenario_no_new_NHS_observations
RP4,Great Ormond Street Hospital for Children NHS Foundation Trust,Acute Specialist Trusts,1.0,0.0,0.35,2.5,2877,4.970756513710058,4.975062726676985,0.04620116842384373,0.0,True,36,1.0288323101826884e-145,1.0288323101826884e-145,1.0288323101826884e-145,2.057664620365377e-146,ordinary,53,model_conditional_scenario_no_new_NHS_observations
RP5,Doncaster and Bassetlaw Teaching Hospitals NHS Foundation Trust,Acute&Acute Community Trusts,1.0,0.0,0.35,2.5,3870,5.031214344280041,5.030061430966814,0.039924589301528875,0.0,False,36,0.0,0.0,0.0,0.0,ordinary,134,model_conditional_scenario_no_new_NHS_observations
RP6,Moorfields Eye Hospital NHS Foundation Trust,Acute Specialist Trusts,1.0,0.0,0.35,2.5,1706,5.174454477307171,5.175715661408399,0.05964191860354846,0.0,False,36,2.9259231366033686e-226,2.9259231366033686e-226,2.9259231366033686e-226,5.8518462732067375e-227,ordinary,69,model_conditional_scenario_no_new_NHS_observations
RP7,Lincolnshire Partnership NHS Foundation Trust,"MH&LD, MH, LD&Community Trusts",1.0,0.0,0.35,2.5,1782,5.217142612471477,5.2175565627854255,0.05839240442107779,0.0,False,36,1.5779425124672331e-105,1.5779425124672331e-105,1.5779425124672331e-105,3.1558850249344664e-106,ordinary,43,model_conditional_scenario_no_new_NHS_observations
RPA,Medway NHS Foundation Trust,Acute&Acute Community Trusts,1.0,0.0,0.35,2.5,2186,4.849066146088023,4.851199644186894,0.052857307351276646,0.0,False,36,2.784779800732604e-28,2.784779800732604e-28,2.784779800732604e-28,5.569559601465207e-29,ordinary,18,model_conditional_scenario_no_new_NHS_observations
RPC,Queen Victoria Hospital NHS Foundation Trust,Acute Specialist Trusts,1.0,0.0,0.35,2.5,690,5.135376427779011,5.141057383654293,0.09183853012506742,0.0,False,36,1.3160035178748497e-33,1.3160035178748497e-33,1.3160035178748497e-33,2.6320070357496993e-34,ordinary,22,model_conditional_scenario_no_new_NHS_observations
RPG,Oxleas NHS Foundation Trust,"MH&LD, MH, LD&Community Trusts",1.0,0.0,0.35,2.5,2849,5.427548901304633,5.424108844353699,0.046423671195953586,0.0,False,36,0.0,0.0,0.0,0.0,ordinary,135,model_conditional_scenario_no_new_NHS_observations
RPY,The Royal Marsden NHS Foundation Trust,Acute Specialist Trusts,1.0,0.0,0.35,2.5,2440,5.217752957651964,5.217755695511616,0.05009003854391117,0.0,False,36,0.0,0.0,0.0,0.0,ordinary,136,model_conditional_scenario_no_new_NHS_observations
RQM,Chelsea and Westminster Hospital NHS Foundation Trust,Acute&Acute Community Trusts,1.0,0.0,0.35,2.5,3964,4.999520098219371,4.998796927982512,0.03945446239809856,0.0,False,36,0.0,0.0,0.0,0.0,ordinary,137,model_conditional_scenario_no_new_NHS_observations
RQW,The Princess Alexandra Hospital NHS Trust,Acute&Acute Community Trusts,1.0,0.0,0.35,2.5,2613,4.769280744617053,4.772600299718572,0.048436330614982974,0.0,True,36,1.1193572848785723e-19,1.1193572848785723e-19,1.1193572848785723e-19,2.2387145697571446e-20,ordinary,11,model_conditional_scenario_no_new_NHS_observations
RQX,Homerton Healthcare NHS Foundation Trust,Acute&Acute Community Trusts,1.0,0.0,0.35,2.5,2172,4.839480198208864,4.841847139034984,0.053023486858532067,0.0,False,36,1.31514916453939e-20,1.31514916453939e-20,1.31514916453939e-20,2.63029832907878e-21,ordinary,12,model_conditional_scenario_no_new_NHS_observations
RQY,South West London and St George's Mental Health NHS Trust,"MH&LD, MH, LD&Community Trusts",1.0,0.0,0.35,2.5,2050,5.167341076444791,5.168911586686316,0.054541223142273484,0.0,False,36,3.93927777555774e-57,3.93927777555774e-57,3.93927777555774e-57,7.87855555111548e-58,ordinary,33,model_conditional_scenario_no_new_NHS_observations
RR7,Gateshead Health NHS Foundation Trust,Acute&Acute Community Trusts,1.0,0.0,0.35,2.5,1751,4.814541301131064,4.81816731470995,0.058892522442592014,0.0,False,36,2.2670342302282456e-07,2.2670342302282456e-07,2.2670342302282456e-07,4.534068460456491e-08,ordinary,6,model_conditional_scenario_no_new_NHS_observations
RR8,Leeds Teaching Hospitals NHS Trust,Acute&Acute Community Trusts,1.0,0.0,0.35,2.5,10126,4.912010965675695,4.91216437092971,0.02478161958449881,0.0,False,36,0.0,0.0,0.0,0.0,ordinary,138,model_conditional_scenario_no_new_NHS_observations
RRE,Midlands Partnership University NHS Foundation Trust,"MH&LD, MH, LD&Community Trusts",1.0,0.0,0.35,2.5,5528,5.492801377183516,5.4904164704539244,0.03347041010029444,0.0,False,36,0.0,0.0,0.0,0.0,ordinary,139,model_conditional_scenario_no_new_NHS_observations
RRF,"Wrightington, Wigan and Leigh Teaching Hospitals NHS Foundation Trust",Acute&Acute Community Trusts,1.0,0.0,0.35,2.5,3515,5.112599007635354,5.110166919654934,0.04186471090241714,0.0,False,36,0.0,0.0,0.0,0.0,ordinary,140,model_conditional_scenario_no_new_NHS_observations
RRJ,The Royal Orthopaedic Hospital NHS Foundation Trust,Acute Specialist Trusts,1.0,0.0,0.35,2.5,788,5.37574034569773,5.366141340858139,0.08630853527510991,0.0,False,36,5.3244515109513895e-199,5.3244515109513895e-199,5.3244515109513895e-199,1.064890302190278e-199,ordinary,63,model_conditional_scenario_no_new_NHS_observations
RRK,University Hospitals Birmingham NHS Foundation Trust,Acute&Acute Community Trusts,1.0,0.0,0.35,2.5,9709,4.853940022827912,4.854403547638122,0.025305483861217525,0.0,False,36,0.0,0.0,0.0,0.0,ordinary,141,model_conditional_scenario_no_new_NHS_observations
RRU,London Ambulance Service NHS Trust,Ambulance Trusts,1.0,0.0,0.35,2.5,5992,4.341156457540043,4.3419784036405105,0.03215977326600744,0.0,False,36,0.0,0.0,0.0,0.0,ordinary,142,model_conditional_scenario_no_new_NHS_observations
RRV,University College London Hospitals NHS Foundation Trust,Acute&Acute Community Trusts,1.0,0.0,0.35,2.5,6309,5.123445921128075,5.121995251360649,0.031348066115691936,0.0,False,36,0.0,0.0,0.0,0.0,ordinary,143,model_conditional_scenario_no_new_NHS_observations
RT1,Cambridgeshire and Peterborough NHS Foundation Trust,"MH&LD, MH, LD&Community Trusts",1.0,0.0,0.35,2.5,2248,5.214530648904086,5.214918658865886,0.05213970809513341,0.0,False,36,2.2199056735374493e-155,2.2199056735374493e-155,2.2199056735374493e-155,4.4398113470748987e-156,ordinary,54,model_conditional_scenario_no_new_NHS_observations
RT2,Pennine Care NHS Foundation Trust,"MH&LD, MH, LD&Community Trusts",1.0,0.0,0.35,2.5,1953,5.084956316286448,5.088700279236037,0.05584559709402015,0.0,True,36,2.902528286167452e-25,2.902528286167452e-25,2.902528286167452e-25,5.805056572334904e-26,ordinary,16,model_conditional_scenario_no_new_NHS_observations
RT5,Leicestershire Partnership NHS Trust,"MH&LD, MH, LD&Community Trusts",1.0,0.0,0.35,2.5,3905,5.302391085619033,5.3014834481067385,0.03974758502226616,0.0,False,36,0.0,0.0,0.0,0.0,ordinary,144,model_conditional_scenario_no_new_NHS_observations
RTD,The Newcastle upon Tyne Hospitals NHS Foundation Trust,Acute&Acute Community Trusts,1.0,0.0,0.35,2.5,10294,4.908755725049063,4.908922693507134,0.024579572932390603,0.0,False,36,0.0,0.0,0.0,0.0,ordinary,145,model_conditional_scenario_no_new_NHS_observations
RTE,Gloucestershire Hospitals NHS Foundation Trust,Acute&Acute Community Trusts,1.0,0.0,0.35,2.5,4305,4.890723767293038,4.891331498594297,0.03787869914672051,0.0,False,36,4.918370272754213e-273,4.918370272754213e-273,4.918370272754213e-273,9.836740545508425e-274,ordinary,74,model_conditional_scenario_no_new_NHS_observations
RTF,Northumbria Healthcare NHS Foundation Trust,Acute&Acute Community Trusts,1.0,0.0,0.35,2.5,6629,5.334685094112513,5.331690522699583,0.03058800228963952,0.0,False,36,0.0,0.0,0.0,0.0,ordinary,146,model_conditional_scenario_no_new_NHS_observations
RTG,University Hospitals of Derby and Burton NHS Foundation Trust,Acute&Acute Community Trusts,1.0,0.0,0.35,2.5,8141,4.700766891568371,4.702273109408302,0.027621324234573204,0.0,True,36,0.0,0.0,0.0,0.0,ordinary,147,model_conditional_scenario_no_new_NHS_observations
RTH,Oxford University Hospitals NHS Foundation Trust,Acute&Acute Community Trusts,1.0,0.0,0.35,2.5,6057,5.015744748237001,5.015133857755891,0.031988197514062525,0.0,False,36,0.0,0.0,0.0,0.0,ordinary,148,model_conditional_scenario_no_new_NHS_observations
RTK,Ashford and St Peter's Hospitals NHS Foundation Trust,Acute&Acute Community Trusts,1.0,0.0,0.35,2.5,2213,5.199553203410994,5.193762922596678,0.05254118215565367,0.0,False,36,0.0,0.0,0.0,0.0,ordinary,149,model_conditional_scenario_no_new_NHS_observations
RTP,Surrey and Sussex Healthcare NHS Trust,Acute&Acute Community Trusts,1.0,0.0,0.35,2.5,2802,5.102570717597517,5.099710160449603,0.046804495623798306,0.0,False,36,0.0,0.0,0.0,0.0,ordinary,150,model_conditional_scenario_no_new_NHS_observations
RTQ,Gloucestershire Health and Care NHS Foundation Trust,"MH&LD, MH, LD&Community Trusts",1.0,0.0,0.35,2.5,2630,5.342545827403389,5.3404423955085,0.048282522186548466,0.0,False,36,0.0,0.0,0.0,0.0,ordinary,151,model_conditional_scenario_no_new_NHS_observations
RTR,South Tees Hospitals NHS Foundation Trust,Acute&Acute Community Trusts,1.0,0.0,0.35,2.5,3006,4.694719841523346,4.698857036751602,0.045215864599995936,0.0,True,36,3.1966545126057246e-191,3.1966545126057246e-191,3.1966545126057246e-191,6.393309025211449e-192,ordinary,60,model_conditional_scenario_no_new_NHS_observations
RV3,Central and North West London NHS Foundation Trust,"MH&LD, MH, LD&Community Trusts",1.0,0.0,0.35,2.5,6209,5.267583792774409,5.2672938975160015,0.03159745719261277,0.0,False,36,0.0,0.0,0.0,0.0,ordinary,152,model_conditional_scenario_no_new_NHS_observations
RV5,South London and Maudsley NHS Foundation Trust,"MH&LD, MH, LD&Community Trusts",1.0,0.0,0.35,2.5,3305,5.23372767857308,5.233701636577545,0.04315466127133067,0.0,False,36,0.0,0.0,0.0,0.0,ordinary,153,model_conditional_scenario_no_new_NHS_observations
RV9,Humber Teaching NHS Foundation Trust,"MH&LD, MH, LD&Community Trusts",1.0,0.0,0.35,2.5,2165,5.354682762801523,5.351858522008348,0.053107166539162115,0.0,False,36,0.0,0.0,0.0,0.0,ordinary,154,model_conditional_scenario_no_new_NHS_observations
RVJ,North Bristol NHS Trust,Acute&Acute Community Trusts,1.0,0.0,0.35,2.5,6015,5.120418105545482,5.118922593112444,0.032098746661432906,0.0,False,36,0.0,0.0,0.0,0.0,ordinary,155,model_conditional_scenario_no_new_NHS_observations
RVN,Avon and Wiltshire Mental Health Partnership NHS Trust,"MH&LD, MH, LD&Community Trusts",1.0,0.0,0.35,2.5,2724,5.384531203179384,5.381727095929049,0.04745772527893585,0.0,False,36,0.0,0.0,0.0,0.0,ordinary,156,model_conditional_scenario_no_new_NHS_observations
RVR,Epsom and St Helier University Hospitals NHS Trust,Acute&Acute Community Trusts,1.0,0.0,0.35,2.5,3440,5.07888721270503,5.076895564125977,0.0423120254117716,0.0,False,36,0.0,0.0,0.0,0.0,ordinary,157,model_conditional_scenario_no_new_NHS_observations
RVV,East Kent Hospitals University NHS Foundation Trust,Acute&Acute Community Trusts,1.0,0.0,0.35,2.5,5367,4.707337575724052,4.709553094934396,0.03396406711406294,0.0,True,36,0.0,0.0,0.0,0.0,ordinary,158,model_conditional_scenario_no_new_NHS_observations
RVW,North Tees and Hartlepool NHS Foundation Trust,Acute&Acute Community Trusts,1.0,0.0,0.35,2.5,2111,5.071682008052067,5.068636119434084,0.05376629543998795,6.585445079827193e-10,False,36,0.0,0.0,0.0,0.0,ordinary,159,model_conditional_scenario_no_new_NHS_observations
RW4,Mersey Care NHS Foundation Trust,"MH&LD, MH, LD&Community Trusts",1.0,0.0,0.35,2.5,4491,5.397887120779217,5.396023879654521,0.037095007911686295,0.0,False,36,0.0,0.0,0.0,0.0,ordinary,160,model_conditional_scenario_no_new_NHS_observations
RW5,Lancashire and South Cumbria NHS Foundation Trust,"MH&LD, MH, LD&Community Trusts",1.0,0.0,0.35,2.5,3543,4.99738963698073,5.000720354260707,0.04170131395387074,0.0,True,36,0.0,0.0,0.0,0.0,ordinary,161,model_conditional_scenario_no_new_NHS_observations
RWA,Hull University Teaching Hospitals NHS Trust,Acute&Acute Community Trusts,1.0,0.0,0.35,2.5,4704,4.844735547181597,4.845785727261409,0.03625465828296479,0.0,False,36,1.006924707379978e-83,1.006924707379978e-83,1.006924707379978e-83,2.0138494147599562e-84,ordinary,39,model_conditional_scenario_no_new_NHS_observations
RWD,United Lincolnshire Teaching Hospitals NHS Trust,Acute&Acute Community Trusts,1.0,0.0,0.35,2.5,5008,4.835903726669841,4.83697986994657,0.03514849977525866,0.0,False,36,1.387755680388062e-62,1.387755680388062e-62,1.387755680388062e-62,2.775511360776124e-63,ordinary,36,model_conditional_scenario_no_new_NHS_observations
RWE,University Hospitals of Leicester NHS Trust,Acute&Acute Community Trusts,1.0,0.0,0.35,2.5,11467,5.088574677427709,5.0879281128293075,0.023294376299405988,0.0,False,36,0.0,0.0,0.0,0.0,ordinary,162,model_conditional_scenario_no_new_NHS_observations
RWF,Maidstone and Tunbridge Wells NHS Trust,Acute&Acute Community Trusts,1.0,0.0,0.35,2.5,3394,5.028469974349294,5.02719840633605,0.04259357656911576,0.0,False,36,0.0,0.0,0.0,0.0,ordinary,163,model_conditional_scenario_no_new_NHS_observations
RWG,West Hertfordshire Teaching Hospitals NHS Trust,Acute&Acute Community Trusts,1.0,0.0,0.35,2.5,3482,5.007930886258658,5.006987595614028,0.04205977408332528,0.0,False,36,0.0,0.0,0.0,0.0,ordinary,164,model_conditional_scenario_no_new_NHS_observations
RWH,East and North Hertfordshire Teaching NHS Trust,Acute&Acute Community Trusts,1.0,0.0,0.35,2.5,2744,4.985845463685876,4.985056253768932,0.047287626602125855,0.0,False,36,0.0,0.0,0.0,0.0,ordinary,165,model_conditional_scenario_no_new_NHS_observations
RWJ,Stockport NHS Foundation Trust,Acute&Acute Community Trusts,1.0,0.0,0.35,2.5,3029,5.078547348871322,5.076295563193063,0.04504672389462008,0.0,False,36,0.0,0.0,0.0,0.0,ordinary,166,model_conditional_scenario_no_new_NHS_observations
RWP,Worcestershire Acute Hospitals NHS Trust,Acute&Acute Community Trusts,1.0,0.0,0.35,2.5,3862,5.084149760111752,5.0823042846481,0.03996538050622555,0.0,False,36,0.0,0.0,0.0,0.0,ordinary,167,model_conditional_scenario_no_new_NHS_observations
RWR,Hertfordshire Partnership University NHS Foundation Trust,"MH&LD, MH, LD&Community Trusts",1.0,0.0,0.35,2.5,2708,5.290545915746015,5.289463543498485,0.047595133817671734,0.0,False,36,0.0,0.0,0.0,0.0,ordinary,168,model_conditional_scenario_no_new_NHS_observations
RWV,Devon Partnership NHS Trust,"MH&LD, MH, LD&Community Trusts",1.0,0.0,0.35,2.5,1956,5.150848773367359,5.152912089757363,0.05580384379545618,6.585445079827193e-10,False,36,3.2473550247361835e-36,3.2473550247361835e-36,3.2473550247361835e-36,6.494710049472367e-37,ordinary,23,model_conditional_scenario_no_new_NHS_observations
RWW,Warrington and Halton Teaching Hospitals NHS Foundation Trust,Acute&Acute Community Trusts,1.0,0.0,0.35,2.5,1812,5.022959859834748,5.020759427973417,0.0579203533291149,0.0,False,36,7.24310602541132e-300,7.24310602541132e-300,7.24310602541132e-300,1.4486212050822642e-300,ordinary,78,model_conditional_scenario_no_new_NHS_observations
RWX,Berkshire Healthcare NHS Foundation Trust,"MH&LD, MH, LD&Community Trusts",1.0,0.0,0.35,2.5,3340,5.479052857231665,5.4753359854057,0.04293137585986494,0.0,False,36,0.0,0.0,0.0,0.0,ordinary,169,model_conditional_scenario_no_new_NHS_observations
RWY,Calderdale and Huddersfield NHS Foundation Trust,Acute&Acute Community Trusts,1.0,0.0,0.35,2.5,3360,4.961405131725324,4.961124012881938,0.04280533002523003,0.0,False,36,0.0,0.0,0.0,0.0,ordinary,170,model_conditional_scenario_no_new_NHS_observations
RX1,Nottingham University Hospitals NHS Trust,Acute&Acute Community Trusts,1.0,0.0,0.35,2.5,8970,4.792989492781167,4.793835708861245,0.026321593393245978,0.0,True,36,2.5618156332135323e-24,2.5618156332135323e-24,2.5618156332135323e-24,5.123631266427064e-25,ordinary,14,model_conditional_scenario_no_new_NHS_observations
RX3,"Tees, Esk and Wear Valleys NHS Foundation Trust","MH&LD, MH, LD&Community Trusts",1.0,0.0,0.35,2.5,4229,5.232867226165322,5.232857063401762,0.038213523926287005,0.0,False,36,0.0,0.0,0.0,0.0,ordinary,171,model_conditional_scenario_no_new_NHS_observations
RX4,"Cumbria, Northumberland, Tyne and Wear NHS Foundation Trust","MH&LD, MH, LD&Community Trusts",1.0,0.0,0.35,2.5,4582,5.183384223459021,5.18391975879908,0.036728898331135844,0.0,False,36,0.0,0.0,0.0,0.0,ordinary,172,model_conditional_scenario_no_new_NHS_observations
RX6,North East Ambulance Service NHS Foundation Trust,Ambulance Trusts,1.0,0.0,0.35,2.5,1842,4.819953405973823,4.809672809635316,0.05745956855176304,6.585445079827193e-10,False,36,0.0,0.0,0.0,0.0,ordinary,173,model_conditional_scenario_no_new_NHS_observations
RX7,North West Ambulance Service NHS Trust,Ambulance Trusts,1.0,0.0,0.35,2.5,4117,4.631999956273279,4.629631465721233,0.03872354337283496,4.656612873077393e-10,False,36,0.0,0.0,0.0,0.0,ordinary,174,model_conditional_scenario_no_new_NHS_observations
RX8,Yorkshire Ambulance Service NHS Trust,Ambulance Trusts,1.0,0.0,0.35,2.5,4691,4.668542754845065,4.666067787542979,0.03630431939161299,0.0,False,36,0.0,0.0,0.0,0.0,ordinary,175,model_conditional_scenario_no_new_NHS_observations
RX9,East Midlands Ambulance Service NHS Trust,Ambulance Trusts,1.0,0.0,0.35,2.5,2718,4.426384668562666,4.426608090154039,0.047509113897885716,0.0,False,36,0.0,0.0,0.0,0.0,ordinary,176,model_conditional_scenario_no_new_NHS_observations
RXA,Cheshire and Wirral Partnership NHS Foundation Trust,"MH&LD, MH, LD&Community Trusts",1.0,0.0,0.35,2.5,2249,5.283120533762209,5.281986873777572,0.05212837224427489,0.0,False,36,0.0,0.0,0.0,0.0,ordinary,177,model_conditional_scenario_no_new_NHS_observations
RXC,East Sussex Healthcare NHS Trust,Acute&Acute Community Trusts,1.0,0.0,0.35,2.5,4296,4.862101054215843,4.863045984781889,0.03791789059166628,0.0,False,36,3.288463527888826e-131,3.288463527888826e-131,3.288463527888826e-131,6.576927055777653e-132,ordinary,50,model_conditional_scenario_no_new_NHS_observations
RXE,Rotherham Doncaster and South Humber NHS Foundation Trust,"MH&LD, MH, LD&Community Trusts",1.0,0.0,0.35,2.5,1989,5.137412598539744,5.139778573511259,0.05535065348293544,0.0,False,36,5.985379489728802e-26,5.985379489728802e-26,5.985379489728802e-26,1.1970758979457604e-26,ordinary,17,model_conditional_scenario_no_new_NHS_observations
RXF,Mid Yorkshire Teaching NHS Trust,Acute&Acute Community Trusts,1.0,0.0,0.35,2.5,3671,4.906352721523762,4.906849735006785,0.040977988254844964,4.656612873077393e-10,False,36,1.209470627620199e-274,1.209470627620199e-274,1.209470627620199e-274,2.4189412552403978e-275,ordinary,75,model_conditional_scenario_no_new_NHS_observations
RXG,South West Yorkshire Partnership NHS Foundation Trust,"MH&LD, MH, LD&Community Trusts",1.0,0.0,0.35,2.5,2871,5.46329566174571,5.459257343040542,0.046248578232016446,0.0,False,36,0.0,0.0,0.0,0.0,ordinary,178,model_conditional_scenario_no_new_NHS_observations
RXK,Sandwell and West Birmingham Hospitals NHS Trust,Acute&Acute Community Trusts,1.0,0.0,0.35,2.5,2964,4.881423056536682,4.882458477723718,0.04552970963344473,0.0,False,36,7.015143590613266e-111,7.015143590613266e-111,7.015143590613266e-111,1.4030287181226531e-111,ordinary,45,model_conditional_scenario_no_new_NHS_observations
RXM,Derbyshire Healthcare NHS Foundation Trust,"MH&LD, MH, LD&Community Trusts",1.0,0.0,0.35,2.5,2160,5.29347494412795,5.292056717804866,0.05316718088380178,0.0,False,36,0.0,0.0,0.0,0.0,ordinary,179,model_conditional_scenario_no_new_NHS_observations
RXN,Lancashire Teaching Hospitals NHS Foundation Trust,Acute&Acute Community Trusts,1.0,0.0,0.35,2.5,4261,4.936817949284272,4.9368864893058495,0.038071466398406494,0.0,False,36,0.0,0.0,0.0,0.0,ordinary,180,model_conditional_scenario_no_new_NHS_observations
RXP,County Durham and Darlington NHS Foundation Trust,Acute&Acute Community Trusts,1.0,0.0,0.35,2.5,3096,4.798991510260922,4.80131990543989,0.04456462219169118,0.0,True,36,8.779693727030507e-06,8.779693727030507e-06,8.779693727030507e-06,1.7559387454061015e-06,ordinary,4,model_conditional_scenario_no_new_NHS_observations
RXQ,Buckinghamshire Healthcare NHS Trust,Acute&Acute Community Trusts,1.0,0.0,0.35,2.5,4557,5.262749347041431,5.259204743170744,0.036828396633077874,0.0,False,36,0.0,0.0,0.0,0.0,ordinary,181,model_conditional_scenario_no_new_NHS_observations
RXV,Greater Manchester Mental Health NHS Foundation Trust,"MH&LD, MH, LD&Community Trusts",1.0,0.0,0.35,2.5,2847,5.07669374944278,5.079428215241883,0.04643968753051064,0.0,True,36,5.34179422000838e-61,5.34179422000838e-61,5.34179422000838e-61,1.068358844001676e-61,ordinary,35,model_conditional_scenario_no_new_NHS_observations
RXW,The Shrewsbury and Telford Hospital NHS Trust,Acute&Acute Community Trusts,1.0,0.0,0.35,2.5,3797,4.889983833464849,4.8906816056677185,0.04030151064276235,0.0,False,36,7.263748148413617e-212,7.263748148413617e-212,7.263748148413617e-212,1.4527496296827235e-212,ordinary,65,model_conditional_scenario_no_new_NHS_observations
RXX,Surrey and Borders Partnership NHS Foundation Trust,"MH&LD, MH, LD&Community Trusts",1.0,0.0,0.35,2.5,2006,5.152875156509391,5.154838059352849,0.055121459524554314,0.0,False,36,1.3457851870329602e-39,1.3457851870329602e-39,1.3457851870329602e-39,2.6915703740659205e-40,ordinary,25,model_conditional_scenario_no_new_NHS_observations
RXY,Kent and Medway NHS and Social Care Partnership Trust,"MH&LD, MH, LD&Community Trusts",1.0,0.0,0.35,2.5,1999,5.15532916409753,5.1572376947267236,0.055215488197449154,0.0,False,36,8.711828815403543e-42,8.711828815403543e-42,8.711828815403543e-42,1.7423657630807086e-42,ordinary,26,model_conditional_scenario_no_new_NHS_observations
RY2,Bridgewater Community Healthcare NHS Foundation Trust,Community Trusts,1.0,0.0,0.35,2.5,819,4.787480268060491,4.811426480932716,0.08475694385869066,0.0,True,36,3.82102630208243e-53,3.82102630208243e-53,3.82102630208243e-53,7.64205260416486e-54,ordinary,31,model_conditional_scenario_no_new_NHS_observations
RY3,Norfolk Community Health and Care NHS Trust,Community Trusts,1.0,0.0,0.35,2.5,1677,5.162657590214402,5.163636741721625,0.0601402979047659,6.585445079827193e-10,False,36,1.5918588789205394e-169,1.5918588789205394e-169,1.5918588789205394e-169,3.183717757841079e-170,ordinary,57,model_conditional_scenario_no_new_NHS_observations
RY4,Hertfordshire Community NHS Trust,Community Trusts,1.0,0.0,0.35,2.5,1662,5.428005953039109,5.421090572502394,0.06040303215250392,0.0,False,36,0.0,0.0,0.0,0.0,ordinary,182,model_conditional_scenario_no_new_NHS_observations
RY5,Lincolnshire Community Health Services NHS Trust,Community Trusts,1.0,0.0,0.35,2.5,1509,4.981026326870255,4.988051167648521,0.06329579642134382,0.0,True,36,1.0414530773094522e-05,1.0414530773094522e-05,1.0414530773094522e-05,2.082906154618904e-06,ordinary,3,model_conditional_scenario_no_new_NHS_observations
RY6,Leeds Community Healthcare NHS Trust,Community Trusts,1.0,0.0,0.35,2.5,1783,5.157750508980817,5.158809578479687,0.058376483015309795,0.0,False,36,4.886570003127205e-180,4.886570003127205e-180,4.886570003127205e-180,9.77314000625441e-181,ordinary,59,model_conditional_scenario_no_new_NHS_observations
RY7,Wirral Community Health and Care NHS Foundation Trust,Community Trusts,1.0,0.0,0.35,2.5,861,4.985023674415926,4.996816117412351,0.08278234609607,0.0,False,36,4.62990392130592e-05,4.62990392130592e-05,4.62990392130592e-05,9.25980784261184e-06,ordinary,1,model_conditional_scenario_no_new_NHS_observations
RY8,Derbyshire Community Health Services NHS Foundation Trust,Community Trusts,1.0,0.0,0.35,2.5,3150,5.261948301204113,5.260894306419903,0.04418712924392419,0.0,False,36,0.0,0.0,0.0,0.0,ordinary,183,model_conditional_scenario_no_new_NHS_observations
RYA,West Midlands Ambulance Service University NHS Foundation Trust,Ambulance Trusts,1.0,0.0,0.35,2.5,2987,4.18304018399615,4.187330541571752,0.04535703586869232,0.0,True,36,1.7025151738090855e-205,1.7025151738090855e-205,1.7025151738090855e-205,3.405030347618171e-206,ordinary,64,model_conditional_scenario_no_new_NHS_observations
RYC,East of England Ambulance Service NHS Trust,Ambulance Trusts,1.0,0.0,0.35,2.5,3978,4.296127630326422,4.297930655743809,0.039385854760390936,0.0,False,36,2.8114168267311657e-251,2.8114168267311657e-251,2.8114168267311657e-251,5.622833653462331e-252,ordinary,72,model_conditional_scenario_no_new_NHS_observations
RYD,South East Coast Ambulance Service NHS Foundation Trust,Ambulance Trusts,1.0,0.0,0.35,2.5,3621,4.44372913058889,4.443656619394448,0.041256032978237434,0.0,False,36,0.0,0.0,0.0,0.0,ordinary,184,model_conditional_scenario_no_new_NHS_observations
RYE,South Central Ambulance Service NHS Foundation Trust,Ambulance Trusts,1.0,0.0,0.35,2.5,2091,4.199644467173298,4.205333972521426,0.05401671963788856,0.0,True,36,1.8833682028555022e-76,1.8833682028555022e-76,1.8833682028555022e-76,3.7667364057110044e-77,ordinary,38,model_conditional_scenario_no_new_NHS_observations
RYF,South Western Ambulance Service NHS Foundation Trust,Ambulance Trusts,1.0,0.0,0.35,2.5,3329,4.312599288113916,4.314499878857134,0.04300117744101306,0.0,False,36,4.0592914865306867e-246,4.0592914865306867e-246,4.0592914865306867e-246,8.118582973061374e-247,ordinary,71,model_conditional_scenario_no_new_NHS_observations
RYG,Coventry and Warwickshire Partnership NHS Trust,"MH&LD, MH, LD&Community Trusts",1.0,0.0,0.35,2.5,2023,5.141790707081871,5.144010195532501,0.05489508930316411,0.0,False,36,4.522203412552088e-30,4.522203412552088e-30,4.522203412552088e-30,9.044406825104177e-31,ordinary,20,model_conditional_scenario_no_new_NHS_observations
RYJ,Imperial College Healthcare NHS Trust,Acute&Acute Community Trusts,1.0,0.0,0.35,2.5,8648,5.041157508859828,5.040579524131734,0.026804322453394935,0.0,False,36,0.0,0.0,0.0,0.0,ordinary,185,model_conditional_scenario_no_new_NHS_observations
RYR,University Hospitals Sussex NHS Foundation Trust,Acute&Acute Community Trusts,1.0,0.0,0.35,2.5,8266,4.940444545937948,4.940457833813277,0.027412972164777175,0.0,False,36,0.0,0.0,0.0,0.0,ordinary,186,model_conditional_scenario_no_new_NHS_observations
RYV,Cambridgeshire Community Services NHS Trust,Community Trusts,1.0,0.0,0.35,2.5,1466,5.351619011670061,5.346379204071007,0.06418658899654653,0.0,False,36,0.0,0.0,0.0,0.0,ordinary,187,model_conditional_scenario_no_new_NHS_observations
RYW,Birmingham Community Healthcare NHS Foundation Trust,Community Trusts,1.0,0.0,0.35,2.5,3479,5.065094024883836,5.066983454955336,0.04207764260964595,0.0,False,36,1.3016922420813894e-143,1.3016922420813894e-143,1.3016922420813894e-143,2.6033844841627786e-144,ordinary,51,model_conditional_scenario_no_new_NHS_observations
RYX,Central London Community Healthcare NHS Trust,Community Trusts,1.0,0.0,0.35,2.5,3243,5.293368715678552,5.2918578139327215,0.04355889618851659,0.0,False,36,0.0,0.0,0.0,0.0,ordinary,188,model_conditional_scenario_no_new_NHS_observations
RYY,Kent Community Health NHS Foundation Trust,Community Trusts,1.0,0.0,0.35,2.5,3496,5.471020034607948,5.4670615617568465,0.04197668758397251,0.0,False,36,0.0,0.0,0.0,0.0,ordinary,189,model_conditional_scenario_no_new_NHS_observations
TAD,Bradford District Care NHS Foundation Trust,"MH&LD, MH, LD&Community Trusts",1.0,0.0,0.35,2.5,1689,5.329497592539193,5.3266392251628885,0.05993256121730888,0.0,False,36,3.25262835516194e-309,3.25262835516194e-309,3.25262835516194e-309,6.5052567103239e-310,ordinary,79,model_conditional_scenario_no_new_NHS_observations
TAH,Sheffield Health and Social Care NHS Foundation Trust,"MH&LD, MH, LD&Community Trusts",1.0,0.0,0.35,2.5,1684,5.083478674010145,5.087846558119625,0.0600188562321529,0.0,True,36,5.6089338949908385e-21,5.6089338949908385e-21,5.6089338949908385e-21,1.1217867789981677e-21,ordinary,13,model_conditional_scenario_no_new_NHS_observations
TAJ,Black Country Healthcare NHS Foundation Trust,"MH&LD, MH, LD&Community Trusts",1.0,0.0,0.35,2.5,2526,4.959776905243845,4.965166727830975,0.04924714743657472,0.0,True,36,0.0,0.0,0.0,0.0,ordinary,190,model_conditional_scenario_no_new_NHS_observations
R0A,Manchester University NHS Foundation Trust,Acute&Acute Community Trusts,1.0,0.15,0.35,2.5,10685,5.033296606876863,5.01891682785221,0.13937155043134392,0.1378717545027087,False,36,0.0,5.107160651145295e-13,0.0,1.021432130229059e-13,validation,131,model_conditional_scenario_no_new_NHS_observations
R0B,South Tyneside and Sunderland NHS Foundation Trust,Acute&Acute Community Trusts,1.0,0.15,0.35,2.5,4681,5.102526485582064,5.076479274247016,0.14125470608766405,0.13787175450270867,False,36,0.0,1.6546192944158013e-17,0.0,3.3092385888316025e-18,validation,153,model_conditional_scenario_no_new_NHS_observations
R0D,University Hospitals Dorset NHS Foundation Trust,Acute&Acute Community Trusts,1.0,0.15,0.35,2.5,5519,4.99703607359645,4.988234427118327,0.14075022481890723,0.13787175450270867,False,36,0.0,1.4911268897836272e-10,0.0,2.9822537795672545e-11,validation,109,model_conditional_scenario_no_new_NHS_observations
R1A,Herefordshire and Worcestershire Health and Care NHS Trust,"MH&LD, MH, LD&Community Trusts",1.0,0.15,0.35,2.5,2399,5.188850693999996,5.196192187229757,0.14434423160529777,0.13787175450270867,False,36,2.3183483327548045e-115,2.9334310626688794e-06,2.3183483327548045e-115,5.866862125337759e-07,validation,52,model_conditional_scenario_no_new_NHS_observations
R1D,Shropshire Community Health NHS Trust,Community Trusts,1.0,0.15,0.35,2.5,995,5.145010753504204,5.154677379905498,0.15266211593228832,0.13787175450270867,False,36,5.168993469502557e-56,1.1141333790348335e-07,5.168993469502557e-56,2.228266758069667e-08,validation,77,model_conditional_scenario_no_new_NHS_observations
R1F1,Isle of Wight NHS Trust (acute sector),Acute&Acute Community Trusts,1.0,0.15,0.35,2.5,1420,4.706366986566817,4.748905322441555,0.1485176975355572,0.13787175450270867,True,36,2.4343269656931367e-38,8.554946048697748e-06,2.4343269656931367e-38,1.7109892097395495e-06,validation,41,model_conditional_scenario_no_new_NHS_observations
R1F2,Isle of Wight NHS Trust (ambulance sector),Ambulance Trusts,1.0,0.15,0.35,2.5,170,4.500436279582561,4.480245231073432,0.1998533038057445,0.13787175450270867,False,36,1.5765239918595705e-12,8.622367713927958e-08,1.5765239918595705e-12,1.7244735427855918e-08,validation,80,model_conditional_scenario_no_new_NHS_observations
R1H,Barts Health NHS Trust,Acute&Acute Community Trusts,1.0,0.15,0.35,2.5,9566,4.912268004676804,4.9170913337562085,0.13954515690898858,0.1378717545027087,False,36,0.0,7.843844195746604e-07,0.0,1.5687688391493207e-07,validation,66,model_conditional_scenario_no_new_NHS_observations
R1K,London North West University Healthcare NHS Trust,Acute&Acute Community Trusts,1.0,0.15,0.35,2.5,4285,5.034382577516363,5.01936997268893,0.14156019261392833,0.13787175450270867,False,36,0.0,1.3814355349655605e-12,0.0,2.762871069931121e-13,validation,124,model_conditional_scenario_no_new_NHS_observations
R1L,Essex Partnership University NHS Foundation Trust,"MH&LD, MH, LD&Community Trusts",1.0,0.15,0.35,2.5,3632,5.268213995895022,5.262238178937031,0.14220555284872224,0.13787175450270867,False,36,0.0,1.5376653484378372e-09,0.0,3.0753306968756747e-10,validation,95,model_conditional_scenario_no_new_NHS_observations
RA2,Royal Surrey County Hospital NHS Foundation Trust,Acute&Acute Community Trusts,1.0,0.15,0.35,2.5,2383,5.157713239348739,5.121106635178673,0.1443859541329092,0.1378717545027087,False,36,0.0,9.780904159700495e-21,0.0,1.956180831940099e-21,validation,167,model_conditional_scenario_no_new_NHS_observations
RA7,University Hospitals Bristol and Weston NHS Foundation Trust,Acute&Acute Community Trusts,1.0,0.15,0.35,2.5,8285,5.108738615013536,5.0822337362312835,0.1398007764122977,0.13787175450270867,False,36,0.0,1.3896072822773949e-18,0.0,2.77921456455479e-19,validation,157,model_conditional_scenario_no_new_NHS_observations
RAE,Bradford Teaching Hospitals NHS Foundation Trust,Acute&Acute Community Trusts,1.0,0.15,0.35,2.5,3212,5.09018474296827,5.065634397084228,0.14275515211052323,0.13787175450270867,False,36,0.0,4.805859827198228e-16,0.0,9.611719654396456e-17,validation,146,model_conditional_scenario_no_new_NHS_observations
RAJ,Mid and South Essex NHS Foundation Trust,Acute&Acute Community Trusts,1.0,0.15,0.35,2.5,6465,4.462888866214896,4.540012654778595,0.14033548565369452,0.13787175450270867,True,36,0.0,3.2823355666029782e-21,0.0,6.564671133205957e-22,validation,169,model_conditional_scenario_no_new_NHS_observations
RAN,Royal National Orthopaedic Hospital NHS Trust,Acute Specialist Trusts,1.0,0.15,0.35,2.5,773,5.375492586648612,5.344004026133869,0.15644372049129818,0.13787175450270867,False,36,2.081273468302968e-190,2.556919203678025e-19,2.081273468302968e-190,5.11383840735605e-20,validation,160,model_conditional_scenario_no_new_NHS_observations
RAS,The Hillingdon Hospitals NHS Foundation Trust,Acute&Acute Community Trusts,1.0,0.15,0.35,2.5,1970,5.002245530547993,4.9919131082563535,0.14568637679513155,0.1378717545027087,False,36,5.329080119047341e-291,4.6228099705065686e-10,5.329080119047341e-291,9.245619941013137e-11,validation,101,model_conditional_scenario_no_new_NHS_observations
RAT,North East London NHS Foundation Trust,"MH&LD, MH, LD&Community Trusts",1.0,0.15,0.35,2.5,3955,5.163350826992319,5.174630958918469,0.14186034869568953,0.1378717545027087,False,36,3.347852886820404e-169,1.2532502989878704e-05,3.347852886820404e-169,2.506500597975741e-06,validation,33,model_conditional_scenario_no_new_NHS_observations
RBD,Dorset County Hospital NHS Foundation Trust,Acute&Acute Community Trusts,1.0,0.15,0.35,2.5,1616,5.009444890083157,4.997607142418021,0.14730011209935828,0.1378717545027087,False,36,1.1238414354973729e-213,3.587971150046118e-10,1.1238414354973729e-213,7.175942300092236e-11,validation,103,model_conditional_scenario_no_new_NHS_observations
RBK,Walsall Healthcare NHS Trust,Acute&Acute Community Trusts,1.0,0.15,0.35,2.5,2314,4.652547173256712,4.702038225002393,0.14457222388323454,0.1378717545027087,True,36,3.0671037064061997e-217,8.017305820873177e-08,3.0671037064061997e-217,1.6034611641746356e-08,validation,81,model_conditional_scenario_no_new_NHS_observations
RBL,Wirral University Teaching Hospital NHS Foundation Trust,Acute&Acute Community Trusts,1.0,0.15,0.35,2.5,2794,4.71875466644158,4.756364191276473,0.14346059033457023,0.13787175450270867,True,36,3.670505889741181e-103,9.618831765093817e-06,3.670505889741181e-103,1.9237663530187634e-06,validation,40,model_conditional_scenario_no_new_NHS_observations
RBQ,Liverpool Heart and Chest Hospital NHS Foundation Trust,Acute Specialist Trusts,1.0,0.15,0.35,2.5,1134,5.678241716776859,5.592565718988544,0.15099103326229407,0.13787175450270867,False,36,0.0,1.2932833253236587e-53,0.0,2.5865666506473175e-54,validation,190,model_conditional_scenario_no_new_NHS_observations
RBS,Alder Hey Children's NHS Foundation Trust,Acute&Acute Community Trusts,1.0,0.15,0.35,2.5,2417,5.03379651104725,5.018297228146826,0.1442979283523082,0.13787175450270867,False,36,0.0,5.6855309199495555e-12,0.0,1.1371061839899112e-12,validation,121,model_conditional_scenario_no_new_NHS_observations
RBT,Mid Cheshire Hospitals NHS Foundation Trust,Acute&Acute Community Trusts,1.0,0.15,0.35,2.5,2321,5.159859070401051,5.122801767224242,0.1445528425626586,0.13787175450270867,False,36,0.0,7.7015979940269e-21,0.0,1.5403195988053798e-21,validation,168,model_conditional_scenario_no_new_NHS_observations
RBV,The Christie NHS Foundation Trust,Acute Specialist Trusts,1.0,0.15,0.35,2.5,1947,5.371544749364454,5.344889606625546,0.14577424310690165,0.13787175450270867,False,36,0.0,8.261642905911608e-24,0.0,1.6523285811823215e-24,validation,173,model_conditional_scenario_no_new_NHS_observations
RC9,Bedfordshire Hospitals NHS Foundation Trust,Acute&Acute Community Trusts,1.0,0.15,0.35,2.5,3542,4.996424718879917,4.98752765416508,0.1423126498678309,0.13787175450270867,False,36,0.0,2.8393011471827383e-10,0.0,5.678602294365477e-11,validation,104,model_conditional_scenario_no_new_NHS_observations
RCB,York and Scarborough Teaching Hospitals NHS Foundation Trust,Acute&Acute Community Trusts,1.0,0.15,0.35,2.5,5839,4.89781742010006,4.905045400113932,0.14059514521756244,0.13787175450270867,False,36,0.0,2.7453536997372146e-06,0.0,5.490707399474429e-07,validation,54,model_conditional_scenario_no_new_NHS_observations
RCD,Harrogate and District NHS Foundation Trust,Acute&Acute Community Trusts,1.0,0.15,0.35,2.5,3330,5.232869698503418,5.184695954411567,0.1425871411577968,0.13787175450270867,False,36,0.0,5.429832742164233e-29,0.0,1.0859665484328465e-29,validation,181,model_conditional_scenario_no_new_NHS_observations
RCF,Airedale NHS Foundation Trust,Acute&Acute Community Trusts,1.0,0.15,0.35,2.5,1473,4.975561958614382,4.969657373759749,0.14815844025852057,0.13787175450270867,False,36,6.883100136231107e-129,1.4297645921423407e-08,6.883100136231107e-129,2.8595291842846814e-09,validation,90,model_conditional_scenario_no_new_NHS_observations
RCU,Sheffield Children's NHS Foundation Trust,Acute&Acute Community Trusts,1.0,0.15,0.35,2.5,2212,5.172472246752322,5.133092306596742,0.1448679654818724,0.1378717545027087,False,36,0.0,9.079440324607594e-22,0.0,1.8158880649215186e-22,validation,170,model_conditional_scenario_no_new_NHS_observations
RCX,The Queen Elizabeth Hospital King's Lynn NHS Foundation Trust,Acute&Acute Community Trusts,1.0,0.15,0.35,2.5,2188,4.693193387518781,4.735966933130573,0.14494138792940253,0.1378717545027087,True,36,1.4823708535993425e-106,2.2091517019004926e-06,1.4823708535993425e-106,4.418303403800985e-07,validation,56,model_conditional_scenario_no_new_NHS_observations
RD1,Royal United Hospitals Bath NHS Foundation Trust,Acute&Acute Community Trusts,1.0,0.15,0.35,2.5,3322,4.870227174391674,4.8822423804288455,0.1425981654559721,0.1378717545027087,False,36,7.137540408427254e-104,1.9284204717012782e-05,7.137540408427254e-104,3.856840943402557e-06,validation,30,model_conditional_scenario_no_new_NHS_observations
RD8,Milton Keynes University Hospital NHS Foundation Trust,Acute&Acute Community Trusts,1.0,0.15,0.35,2.5,2646,5.007673109794047,4.996696155814466,0.14376187485519024,0.1378717545027087,False,36,0.0,1.2402800895928797e-10,0.0,2.4805601791857593e-11,validation,111,model_conditional_scenario_no_new_NHS_observations
RDE,East Suffolk and North Essex NHS Foundation Trust,Acute&Acute Community Trusts,1.0,0.15,0.35,2.5,6181,4.826152582960841,4.844905016487374,0.14044687238601528,0.1378717545027087,False,36,1.508597700574521e-51,0.0001530847726885204,1.508597700574521e-51,3.061695453770408e-05,validation,8,model_conditional_scenario_no_new_NHS_observations
RDR,Sussex Community NHS Foundation Trust,Community Trusts,1.0,0.15,0.35,2.5,4042,5.455663526627008,5.413026820341409,0.14177657347259412,0.1378717545027087,False,36,0.0,5.941562671215567e-34,0.0,1.1883125342431135e-34,validation,185,model_conditional_scenario_no_new_NHS_observations
RDU,Frimley Health NHS Foundation Trust,Acute&Acute Community Trusts,1.0,0.15,0.35,2.5,5683,5.214387091389177,5.170486530938849,0.1406686025547783,0.13787175450270867,False,36,0.0,2.2829466797113497e-28,0.0,4.5658933594226996e-29,validation,179,model_conditional_scenario_no_new_NHS_observations
RDY,Dorset Healthcare University NHS Foundation Trust,"MH&LD, MH, LD&Community Trusts",1.0,0.15,0.35,2.5,3551,5.32574192241569,5.310248409266007,0.14230170250182644,0.13787175450270867,False,36,0.0,1.0217723994556154e-12,0.0,2.0435447989112307e-13,validation,126,model_conditional_scenario_no_new_NHS_observations
REF,Royal Cornwall Hospitals NHS Trust,Acute&Acute Community Trusts,1.0,0.15,0.35,2.5,3848,4.677182765495703,4.720853864110302,0.1419684464595886,0.13787175450270867,True,36,0.0,3.636673602415542e-07,0.0,7.273347204831084e-08,validation,71,model_conditional_scenario_no_new_NHS_observations
REM,Liverpool University Hospitals NHS Foundation Trust,Acute&Acute Community Trusts,1.0,0.15,0.35,2.5,4448,4.900798593715324,4.907625694005612,0.1414280068219137,0.13787175450270867,False,36,0.0,2.407966444421805e-06,0.0,4.81593288884361e-07,validation,55,model_conditional_scenario_no_new_NHS_observations
REN,The Clatterbridge Cancer Centre NHS Foundation Trust,Acute Specialist Trusts,1.0,0.15,0.35,2.5,1209,5.148985203133816,5.161680667388376,0.15023745812149686,0.1378717545027087,False,36,4.719881507076317e-94,1.5959371048462983e-08,4.719881507076317e-94,3.1918742096925965e-09,validation,88,model_conditional_scenario_no_new_NHS_observations
REP,Liverpool Women's NHS Foundation Trust,Acute Specialist Trusts,1.0,0.15,0.35,2.5,772,4.870614374479285,4.940015937191287,0.15646515138934064,0.13787175450270867,True,36,1.888037373156426e-45,4.258019915667078e-08,1.888037373156426e-45,8.516039831334157e-09,validation,86,model_conditional_scenario_no_new_NHS_observations
RET,The Walton Centre NHS Foundation Trust,Acute Specialist Trusts,1.0,0.15,0.35,2.5,578,5.26298595970273,5.253343637074782,0.1618355151230441,0.13787175450270867,False,36,2.7326385780413045e-63,9.194630839996046e-12,2.7326385780413045e-63,1.8389261679992093e-12,validation,119,model_conditional_scenario_no_new_NHS_observations
RF4,"Barking, Havering and Redbridge University Hospitals NHS Trust",Acute&Acute Community Trusts,1.0,0.15,0.35,2.5,4158,4.72425974416934,4.7600344375004076,0.14167019929184535,0.13787175450270867,True,36,1.9703575441972e-195,1.0907688614077365e-05,1.9703575441972e-195,2.181537722815473e-06,validation,36,model_conditional_scenario_no_new_NHS_observations
RFF,Barnsley Hospital NHS Foundation Trust,Acute&Acute Community Trusts,1.0,0.15,0.35,2.5,2219,5.136556181678653,5.1033390810636226,0.14484683717899585,0.1378717545027087,False,36,0.0,8.29673036312043e-19,0.0,1.659346072624086e-19,validation,158,model_conditional_scenario_no_new_NHS_observations
RFR,The Rotherham NHS Foundation Trust,Acute&Acute Community Trusts,1.0,0.15,0.35,2.5,3137,5.104376831626352,5.077422817715924,0.14286830809687925,0.13787175450270867,False,36,0.0,4.580322104550481e-17,0.0,9.160644209100963e-18,validation,150,model_conditional_scenario_no_new_NHS_observations
RFS,Chesterfield Royal Hospital NHS Foundation Trust,Acute&Acute Community Trusts,1.0,0.15,0.35,2.5,2972,5.003096039227562,4.992979861739395,0.14313670841031712,0.13787175450270867,False,36,0.0,1.7100525849473065e-10,0.0,3.420105169894613e-11,validation,107,model_conditional_scenario_no_new_NHS_observations
RGD,Leeds and York Partnership NHS Foundation Trust,"MH&LD, MH, LD&Community Trusts",1.0,0.15,0.35,2.5,1497,5.190906308393158,5.198257182164593,0.14800362303443454,0.13787175450270867,False,36,2.6651313945746214e-52,3.6563725908189137e-06,2.6651313945746214e-52,7.312745181637827e-07,validation,49,model_conditional_scenario_no_new_NHS_observations
RGM,Royal Papworth Hospital NHS Foundation Trust,Acute Specialist Trusts,1.0,0.15,0.35,2.5,1177,5.188774029843231,5.194160391737196,0.15054810880213923,0.13787175450270867,False,36,1.6901045289562066e-129,3.6172253434915303e-10,1.6901045289562066e-129,7.234450686983061e-11,validation,102,model_conditional_scenario_no_new_NHS_observations
RGN,North West Anglia NHS Foundation Trust,Acute&Acute Community Trusts,1.0,0.15,0.35,2.5,3216,4.459261605305287,4.539664653381849,0.14274926095598878,0.13787175450270867,True,36,0.0,3.129666044748723e-20,0.0,6.2593320894974454e-21,validation,165,model_conditional_scenario_no_new_NHS_observations
RGP,James Paget University Hospitals NHS Foundation Trust,Acute&Acute Community Trusts,1.0,0.15,0.35,2.5,1657,4.760551985153012,4.792702032176111,0.14707984836897128,0.1378717545027087,True,36,2.284235858035009e-14,0.00010697349672354635,2.284235858035009e-14,2.139469934470927e-05,validation,12,model_conditional_scenario_no_new_NHS_observations
RGR,West Suffolk NHS Foundation Trust,Acute&Acute Community Trusts,1.0,0.15,0.35,2.5,2435,4.74071370554987,4.775009356470713,0.1442522832172379,0.13787175450270867,True,36,2.3040443829343273e-46,3.57893462141331e-05,2.3040443829343273e-46,7.15786924282662e-06,validation,24,model_conditional_scenario_no_new_NHS_observations
RGT,Cambridge University Hospitals NHS Foundation Trust,Acute&Acute Community Trusts,1.0,0.15,0.35,2.5,6990,4.925261247972768,4.9280432258319316,0.14015307134883448,0.1378717545027087,False,36,0.0,2.8179478668040794e-07,0.0,5.635895733608159e-08,validation,72,model_conditional_scenario_no_new_NHS_observations
RHA,Nottinghamshire Healthcare NHS Foundation Trust,"MH&LD, MH, LD&Community Trusts",1.0,0.15,0.35,2.5,4456,4.874412494463094,4.932796861699377,0.14142176270091442,0.13787175450270867,True,36,0.0,1.3534476048277753e-14,0.0,2.7068952096555505e-15,validation,140,model_conditional_scenario_no_new_NHS_observations
RHM,University Hospital Southampton NHS Foundation Trust,Acute&Acute Community Trusts,1.0,0.15,0.35,2.5,4801,4.898579234362294,4.905742696490278,0.14117188154448745,0.13787175450270867,False,36,0.0,2.7561753319499453e-06,0.0,5.512350663899891e-07,validation,53,model_conditional_scenario_no_new_NHS_observations
RHQ,Sheffield Teaching Hospitals NHS Foundation Trust,Acute&Acute Community Trusts,1.0,0.15,0.35,2.5,10718,4.881592309708601,4.891267155617176,0.13936697582875288,0.13787175450270867,False,36,0.0,7.678659683303833e-06,0.0,1.5357319366607666e-06,validation,42,model_conditional_scenario_no_new_NHS_observations
RHU,Portsmouth Hospitals University NHS Trust,Acute&Acute Community Trusts,1.0,0.15,0.35,2.5,3768,4.802865589846258,4.825885428169862,0.1420531752994501,0.1378717545027087,False,36,5.671879876101479e-06,0.0003541897538833361,5.671879876101479e-06,7.083795077666722e-05,validation,3,model_conditional_scenario_no_new_NHS_observations
RHW,Royal Berkshire NHS Foundation Trust,Acute&Acute Community Trusts,1.0,0.15,0.35,2.5,4156,5.285013243534149,5.228912462254306,0.1416719841964086,0.13787175450270867,False,36,0.0,9.237881250095865e-36,0.0,1.847576250019173e-36,validation,187,model_conditional_scenario_no_new_NHS_observations
RJ1,Guy's and St Thomas' NHS Foundation Trust,Acute&Acute Community Trusts,1.0,0.15,0.35,2.5,11816,5.128245974433135,5.098870474720305,0.13922921216095827,0.13787175450270867,False,36,0.0,1.4911004035353863e-20,0.0,2.9822008070707725e-21,validation,166,model_conditional_scenario_no_new_NHS_observations
RJ2,Lewisham and Greenwich NHS Trust,Acute&Acute Community Trusts,1.0,0.15,0.35,2.5,4770,5.01487492662177,5.003114767315819,0.14119288683882647,0.13787175450270867,False,36,0.0,1.7470520810226265e-11,0.0,3.494104162045253e-12,validation,116,model_conditional_scenario_no_new_NHS_observations
RJ6,Croydon Health Services NHS Trust,Acute&Acute Community Trusts,1.0,0.15,0.35,2.5,2037,5.027158642981511,5.012559001626889,0.14544121284986233,0.13787175450270867,False,36,0.0,2.2131077249631325e-11,0.0,4.426215449926265e-12,validation,114,model_conditional_scenario_no_new_NHS_observations
RJ7,St George's University Hospitals NHS Foundation Trust,Acute&Acute Community Trusts,1.0,0.15,0.35,2.5,4453,4.887730566714432,4.896690928254234,0.1414241016746102,0.13787175450270867,False,36,6.743695141772187e-274,6.013071763505163e-06,6.743695141772187e-274,1.2026143527010325e-06,validation,43,model_conditional_scenario_no_new_NHS_observations
RJ8,Cornwall Partnership NHS Foundation Trust,"MH&LD, MH, LD&Community Trusts",1.0,0.15,0.35,2.5,3068,5.026328323604617,5.060652700200226,0.1429771455303272,0.13787175450270867,True,36,7.773083025021341e-214,1.313778892479595e-06,7.773083025021341e-214,2.62755778495919e-07,validation,60,model_conditional_scenario_no_new_NHS_observations
RJC,South Warwickshire University NHS Foundation Trust,Acute&Acute Community Trusts,1.0,0.15,0.35,2.5,2605,5.194167129545242,5.151673263712893,0.14385117435044717,0.13787175450270867,False,36,0.0,2.8357841163910444e-24,0.0,5.671568232782088e-25,validation,175,model_conditional_scenario_no_new_NHS_observations
RJE,University Hospitals of North Midlands NHS Trust,Acute&Acute Community Trusts,1.0,0.15,0.35,2.5,5372,4.8790352090298,4.889327889907449,0.14082754437313674,0.13787175450270867,False,36,8.890678e-317,1.0124573236266255e-05,8.890678e-317,2.024914647253251e-06,validation,39,model_conditional_scenario_no_new_NHS_observations
RJL,Northern Lincolnshire and Goole NHS Foundation Trust,Acute&Acute Community Trusts,1.0,0.15,0.35,2.5,3271,4.946698589583346,4.946019336382541,0.14266967583343734,0.13787175450270867,False,36,0.0,6.31674019764694e-08,0.0,1.263348039529388e-08,validation,83,model_conditional_scenario_no_new_NHS_observations
RJN,East Cheshire NHS Trust,Acute&Acute Community Trusts,1.0,0.15,0.35,2.5,1321,4.924497900633165,4.9277920227724366,0.14926077782614175,0.13787175450270867,False,36,2.730798532815441e-57,1.0933884039402095e-06,2.730798532815441e-57,2.186776807880419e-07,validation,63,model_conditional_scenario_no_new_NHS_observations
RJR,Countess of Chester Hospital NHS Foundation Trust,Acute&Acute Community Trusts,1.0,0.15,0.35,2.5,2188,4.618213802992669,4.673845891924633,0.14494138792940253,0.1378717545027087,True,36,9.49037814887258e-291,3.2104944935860063e-09,9.49037814887258e-291,6.420988987172012e-10,validation,94,model_conditional_scenario_no_new_NHS_observations
RJZ,King's College Hospital NHS Foundation Trust,Acute&Acute Community Trusts,1.0,0.15,0.35,2.5,6353,4.844882315255672,4.860603454344512,0.1403782420048062,0.13787175450270867,False,36,1.4997285378512298e-146,6.671985884915616e-05,1.4997285378512298e-146,1.3343971769831232e-05,validation,17,model_conditional_scenario_no_new_NHS_observations
RK5,Sherwood Forest Hospitals NHS Foundation Trust,Acute&Acute Community Trusts,1.0,0.15,0.35,2.5,3596,4.833012007832405,4.8511154013932565,0.14224776560562447,0.1378717545027087,False,36,3.1341666264548064e-32,0.00011920325830180916,3.1341666264548064e-32,2.384065166036183e-05,validation,10,model_conditional_scenario_no_new_NHS_observations
RK9,University Hospitals Plymouth NHS Trust,Acute&Acute Community Trusts,1.0,0.15,0.35,2.5,5422,4.868694596347482,4.880656845026537,0.14080078322674977,0.13787175450270867,False,36,1.1647907343248218e-247,1.9021802974953127e-05,1.1647907343248218e-247,3.8043605949906253e-06,validation,31,model_conditional_scenario_no_new_NHS_observations
RKB,University Hospitals Coventry and Warwickshire NHS Trust,Acute&Acute Community Trusts,1.0,0.15,0.35,2.5,6305,4.933915092043216,4.935314283631288,0.14039702388672548,0.1378717545027087,False,36,0.0,1.3421300720760162e-07,0.0,2.6842601441520324e-08,validation,75,model_conditional_scenario_no_new_NHS_observations
RKE,Whittington Health NHS Trust,Acute&Acute Community Trusts,1.0,0.15,0.35,2.5,2483,5.241123918395662,5.190499683362964,0.144133675553162,0.1378717545027087,False,36,0.0,9.418610725745024e-29,0.0,1.8837221451490048e-29,validation,180,model_conditional_scenario_no_new_NHS_observations
RKL,West London NHS Trust,"MH&LD, MH, LD&Community Trusts",1.0,0.15,0.35,2.5,4133,5.379938065556677,5.355694568850067,0.14169263184429962,0.13787175450270867,False,36,0.0,1.2327049271668975e-16,0.0,2.465409854333795e-17,validation,148,model_conditional_scenario_no_new_NHS_observations
RL1,The Robert Jones and Agnes Hunt Orthopaedic Hospital NHS Foundation Trust,Acute Specialist Trusts,1.0,0.15,0.35,2.5,822,5.061806859756023,5.092596033362887,0.15545108253884887,0.13787175450270867,False,36,1.8253584387384378e-18,1.1802801435740332e-05,1.8253584387384378e-18,2.3605602871480664e-06,validation,35,model_conditional_scenario_no_new_NHS_observations
RL4,The Royal Wolverhampton NHS Trust,Acute&Acute Community Trusts,1.0,0.15,0.35,2.5,3372,4.727096750241856,4.7628365702612285,0.14253009735360694,0.1378717545027087,True,36,1.826891271007396e-121,1.4302495645971217e-05,1.826891271007396e-121,2.8604991291942434e-06,validation,32,model_conditional_scenario_no_new_NHS_observations
RLQ,Wye Valley NHS Trust,Acute&Acute Community Trusts,1.0,0.15,0.35,2.5,1976,5.012313124373934,5.000240123524557,0.1456637758017805,0.13787175450270867,False,36,2.205707e-318,1.450217110745641e-10,2.205707e-318,2.900434221491282e-11,validation,110,model_conditional_scenario_no_new_NHS_observations
RLT,George Eliot Hospital NHS Trust,Acute&Acute Community Trusts,1.0,0.15,0.35,2.5,1634,5.055260492039282,5.0353343758247755,0.14720212547901032,0.13787175450270867,False,36,4.3948867e-316,1.3651553718431538e-12,4.3948867e-316,2.730310743686308e-13,validation,125,model_conditional_scenario_no_new_NHS_observations
RLY,North Staffordshire Combined Healthcare NHS Trust,"MH&LD, MH, LD&Community Trusts",1.0,0.15,0.35,2.5,1295,5.506161264635511,5.456160687524632,0.14947347783886347,0.13787175450270867,False,36,0.0,2.0137005250773175e-23,0.0,4.027401050154635e-24,validation,172,model_conditional_scenario_no_new_NHS_observations
RM1,Norfolk and Norwich University Hospitals NHS Foundation Trust,Acute&Acute Community Trusts,1.0,0.15,0.35,2.5,4723,4.540971614751612,4.606363600087574,0.14122524864900346,0.13787175450270867,True,36,0.0,1.5967367687850514e-14,0.0,3.193473537570103e-15,validation,139,model_conditional_scenario_no_new_NHS_observations
RMC,Bolton NHS Foundation Trust,Acute&Acute Community Trusts,1.0,0.15,0.35,2.5,2678,4.76416657366604,4.794244187510987,0.1436940103945762,0.13787175450270867,True,36,2.9534822315618715e-25,0.00010266668839307762,2.9534822315618715e-25,2.0533337678615523e-05,validation,14,model_conditional_scenario_no_new_NHS_observations
RMP,Tameside and Glossop Integrated Care NHS Foundation Trust,Acute&Acute Community Trusts,1.0,0.15,0.35,2.5,2236,4.938009896188618,4.938797316088588,0.14479605331537376,0.13787175450270867,False,36,8.6933512918187e-178,2.0241971807020507e-07,8.6933512918187e-178,4.0483943614041016e-08,validation,73,model_conditional_scenario_no_new_NHS_observations
RMY,Norfolk and Suffolk NHS Foundation Trust,"MH&LD, MH, LD&Community Trusts",1.0,0.15,0.35,2.5,3589,4.828751733855252,4.8953700801817375,0.14225606934088666,0.1378717545027087,True,36,0.0,1.1238522491731936e-17,0.0,2.2477044983463874e-18,validation,154,model_conditional_scenario_no_new_NHS_observations
RN3,Great Western Hospitals NHS Foundation Trust,Acute&Acute Community Trusts,1.0,0.15,0.35,2.5,3628,5.045833543992019,5.028792293790346,0.14221020288498137,0.13787175450270867,False,36,0.0,3.691592083531057e-13,0.0,7.383184167062115e-14,validation,133,model_conditional_scenario_no_new_NHS_observations
RN5,Hampshire Hospitals NHS Foundation Trust,Acute&Acute Community Trusts,1.0,0.15,0.35,2.5,4192,5.077659721310114,5.055542629241719,0.14164011045983624,0.13787175450270867,False,36,0.0,1.7423851673383807e-15,0.0,3.4847703346767613e-16,validation,144,model_conditional_scenario_no_new_NHS_observations
RN7,Dartford and Gravesham NHS Trust,Acute&Acute Community Trusts,1.0,0.15,0.35,2.5,1909,5.079731080231118,5.0558958964254375,0.14592382800460094,0.13787175450270867,False,36,0.0,2.189589968834509e-14,0.0,4.379179937669018e-15,validation,138,model_conditional_scenario_no_new_NHS_observations
RNA,The Dudley Group NHS Foundation Trust,Acute&Acute Community Trusts,1.0,0.15,0.35,2.5,2397,4.679990273107688,4.72466093673782,0.14434941765482664,0.13787175450270867,True,36,1.2125052990264363e-157,7.50865528607684e-07,1.2125052990264363e-157,1.501731057215368e-07,validation,67,model_conditional_scenario_no_new_NHS_observations
RNK,Tavistock and Portman NHS Foundation Trust,"MH&LD, MH, LD&Community Trusts",1.0,0.15,0.35,2.5,392,5.270150977911881,5.261041548745655,0.17105840050387766,0.13787175450270867,False,36,5.2098389260462233e-17,5.156164341423782e-07,5.2098389260462233e-17,1.0312328682847564e-07,validation,68,model_conditional_scenario_no_new_NHS_observations
RNN,North Cumbria Integrated Care NHS Foundation Trust,Acute&Acute Community Trusts,1.0,0.15,0.35,2.5,3822,5.044767141702418,5.027952807346422,0.14199560411519077,0.13787175450270867,False,36,0.0,3.8393127650638893e-13,0.0,7.678625530127779e-14,validation,132,model_conditional_scenario_no_new_NHS_observations
RNQ,Kettering General Hospital NHS Foundation Trust,Acute&Acute Community Trusts,1.0,0.15,0.35,2.5,2595,4.799163194662444,4.8234023552815755,0.14387336717169544,0.13787175450270867,True,36,1.4249284889629687e-05,0.0003638544881118882,1.4249284889629687e-05,7.277089762237764e-05,validation,2,model_conditional_scenario_no_new_NHS_observations
RNS,Northampton General Hospital NHS Trust,Acute&Acute Community Trusts,1.0,0.15,0.35,2.5,3144,4.835477210198987,4.853325442418994,0.14285752540204924,0.1378717545027087,False,36,1.6446536301352254e-29,0.00010883146122492726,1.6446536301352254e-29,2.1766292244985452e-05,validation,11,model_conditional_scenario_no_new_NHS_observations
RNU,Oxford Health NHS Foundation Trust,"MH&LD, MH, LD&Community Trusts",1.0,0.15,0.35,2.5,4537,5.324667624556779,5.309553790011751,0.14135975452977506,0.1378717545027087,False,36,0.0,7.290589486370858e-13,0.0,1.4581178972741716e-13,validation,128,model_conditional_scenario_no_new_NHS_observations
RNZ,Salisbury NHS Foundation Trust,Acute&Acute Community Trusts,1.0,0.15,0.35,2.5,2465,4.993064704590668,4.98450308824793,0.1441776327957423,0.1378717545027087,False,36,0.0,7.877274751534347e-10,0.0,1.5754549503068693e-10,validation,98,model_conditional_scenario_no_new_NHS_observations
RP1,Northamptonshire Healthcare NHS Foundation Trust,"MH&LD, MH, LD&Community Trusts",1.0,0.15,0.35,2.5,3233,5.330652636147439,5.314250353991456,0.14272438135890342,0.13787175450270867,False,36,0.0,6.304365170599576e-13,0.0,1.2608730341199151e-13,validation,130,model_conditional_scenario_no_new_NHS_observations
RP4,Great Ormond Street Hospital for Children NHS Foundation Trust,Acute Specialist Trusts,1.0,0.15,0.35,2.5,2877,4.970756513710058,5.012186112435326,0.14330474485052294,0.13787175450270867,True,36,4.433015907943675e-143,4.071120629751746e-06,4.433015907943675e-143,8.142241259503492e-07,validation,47,model_conditional_scenario_no_new_NHS_observations
RP5,Doncaster and Bassetlaw Teaching Hospitals NHS Foundation Trust,Acute&Acute Community Trusts,1.0,0.15,0.35,2.5,3870,5.031214344280041,5.016640957361268,0.14194574479703576,0.1378717545027087,False,36,0.0,2.6273462670417313e-12,0.0,5.254692534083463e-13,validation,123,model_conditional_scenario_no_new_NHS_observations
RP6,Moorfields Eye Hospital NHS Foundation Trust,Acute Specialist Trusts,1.0,0.15,0.35,2.5,1706,5.174454477307171,5.182098173293821,0.14682975184589536,0.13787175450270867,False,36,2.186618466690799e-225,5.482204155252211e-10,2.186618466690799e-225,1.0964408310504422e-10,validation,100,model_conditional_scenario_no_new_NHS_observations
RP7,Lincolnshire Partnership NHS Foundation Trust,"MH&LD, MH, LD&Community Trusts",1.0,0.15,0.35,2.5,1782,5.217142612471477,5.219747080236027,0.14646766014571638,0.1378717545027087,False,36,1.5962419694625503e-105,4.796535715905544e-07,1.5962419694625503e-105,9.593071431811088e-08,validation,69,model_conditional_scenario_no_new_NHS_observations
RPA,Medway NHS Foundation Trust,Acute&Acute Community Trusts,1.0,0.15,0.35,2.5,2186,4.849066146088023,4.865109830243578,0.14494757613269496,0.13787175450270867,False,36,2.756742155918212e-28,6.321276680112355e-05,2.756742155918212e-28,1.264255336022471e-05,validation,18,model_conditional_scenario_no_new_NHS_observations
RPC,Queen Victoria Hospital NHS Foundation Trust,Acute Specialist Trusts,1.0,0.15,0.35,2.5,690,5.135376427779011,5.152278212098977,0.15840923400681714,0.13787175450270867,False,36,4.800005846357131e-33,1.8877128411895274e-07,4.800005846357131e-33,3.7754256823790546e-08,validation,74,model_conditional_scenario_no_new_NHS_observations
RPG,Oxleas NHS Foundation Trust,"MH&LD, MH, LD&Community Trusts",1.0,0.15,0.35,2.5,2849,5.427548901304633,5.394745379877457,0.14335633816440704,0.1378717545027087,False,36,0.0,8.57438241491042e-20,0.0,1.714876482982084e-20,validation,163,model_conditional_scenario_no_new_NHS_observations
RPY,The Royal Marsden NHS Foundation Trust,Acute Specialist Trusts,1.0,0.15,0.35,2.5,2440,5.217752957651964,5.217775660387216,0.14423971892087495,0.13787175450270867,False,36,0.0,9.66167390206103e-13,0.0,1.9323347804122061e-13,validation,127,model_conditional_scenario_no_new_NHS_observations
RQM,Chelsea and Westminster Hospital NHS Foundation Trust,Acute&Acute Community Trusts,1.0,0.15,0.35,2.5,3964,4.999520098219371,4.990172151114434,0.14185151593182344,0.13787175450270867,False,36,0.0,1.6479234229822632e-10,0.0,3.2958468459645263e-11,validation,108,model_conditional_scenario_no_new_NHS_observations
RQW,The Princess Alexandra Hospital NHS Trust,Acute&Acute Community Trusts,1.0,0.15,0.35,2.5,2613,4.769280744617053,4.798553104678997,0.143833537969914,0.13787175450270867,True,36,7.4853673168813e-20,0.00012776547756610212,7.4853673168813e-20,2.5553095513220425e-05,validation,9,model_conditional_scenario_no_new_NHS_observations
RQX,Homerton Healthcare NHS Foundation Trust,Acute&Acute Community Trusts,1.0,0.15,0.35,2.5,2172,4.839480198208864,4.857178602645556,0.1449911989478899,0.13787175450270867,False,36,1.2705974268240382e-20,9.64668568614288e-05,1.2705974268240382e-20,1.929337137228576e-05,validation,15,model_conditional_scenario_no_new_NHS_observations
RQY,South West London and St George's Mental Health NHS Trust,"MH&LD, MH, LD&Community Trusts",1.0,0.15,0.35,2.5,2050,5.167341076444791,5.178501802689257,0.1453954160835957,0.1378717545027087,False,36,3.0842335181223914e-57,1.2486645560122183e-05,3.0842335181223914e-57,2.4973291120244364e-06,validation,34,model_conditional_scenario_no_new_NHS_observations
RR7,Gateshead Health NHS Foundation Trust,Acute&Acute Community Trusts,1.0,0.15,0.35,2.5,1751,4.814541301131064,4.837013559362606,0.14661175802751938,0.13787175450270867,False,36,2.1308113668544126e-07,0.00025042003409516094,2.1308113668544126e-07,5.0084006819032186e-05,validation,7,model_conditional_scenario_no_new_NHS_observations
RR8,Leeds Teaching Hospitals NHS Trust,Acute&Acute Community Trusts,1.0,0.15,0.35,2.5,10126,4.912010965675695,4.9168687683387615,0.139453527153388,0.1378717545027087,False,36,0.0,7.914029746340759e-07,0.0,1.582805949268152e-07,validation,65,model_conditional_scenario_no_new_NHS_observations
RRE,Midlands Partnership University NHS Foundation Trust,"MH&LD, MH, LD&Community Trusts",1.0,0.15,0.35,2.5,5528,5.492801377183516,5.450629870043071,0.1407456221851014,0.13787175450270867,False,36,0.0,1.984183699699226e-27,0.0,3.968367399398452e-28,validation,178,model_conditional_scenario_no_new_NHS_observations
RRF,"Wrightington, Wigan and Leigh Teaching Hospitals NHS Foundation Trust",Acute&Acute Community Trusts,1.0,0.15,0.35,2.5,3515,5.112599007635354,5.084481778500528,0.1423458191125762,0.13787175450270867,False,36,0.0,6.74803687041665e-18,0.0,1.34960737408333e-18,validation,155,model_conditional_scenario_no_new_NHS_observations
RRJ,The Royal Orthopaedic Hospital NHS Foundation Trust,Acute Specialist Trusts,1.0,0.15,0.35,2.5,788,5.37574034569773,5.344329408177432,0.15612810571899885,0.1378717545027087,False,36,1.6610551206209753e-197,1.8632190205647471e-19,1.6610551206209753e-197,3.726438041129494e-20,validation,161,model_conditional_scenario_no_new_NHS_observations
RRK,University Hospitals Birmingham NHS Foundation Trust,Acute&Acute Community Trusts,1.0,0.15,0.35,2.5,9709,4.853940022827912,4.868030359962402,0.13952076396295182,0.1378717545027087,False,36,0.0,4.086176107834918e-05,0.0,8.172352215669837e-06,validation,23,model_conditional_scenario_no_new_NHS_observations
RRU,London Ambulance Service NHS Trust,Ambulance Trusts,1.0,0.15,0.35,2.5,5992,4.341156457540043,4.356850521456412,0.14052675475126913,0.13787175450270867,False,36,0.0,8.648248846483882e-08,0.0,1.7296497692967763e-08,validation,79,model_conditional_scenario_no_new_NHS_observations
RRV,University College London Hospitals NHS Foundation Trust,Acute&Acute Community Trusts,1.0,0.15,0.35,2.5,6309,5.123445921128075,5.094348593367874,0.1403954479848807,0.13787175450270867,False,36,0.0,1.3499067715214926e-19,0.0,2.6998135430429853e-20,validation,162,model_conditional_scenario_no_new_NHS_observations
RT1,Cambridgeshire and Peterborough NHS Foundation Trust,"MH&LD, MH, LD&Community Trusts",1.0,0.15,0.35,2.5,2248,5.214530648904086,5.217521582207303,0.14476064909159772,0.13787175450270867,False,36,1.2563335928975626e-155,4.5875127672024225e-07,1.2563335928975626e-155,9.175025534404845e-08,validation,70,model_conditional_scenario_no_new_NHS_observations
RT2,Pennine Care NHS Foundation Trust,"MH&LD, MH, LD&Community Trusts",1.0,0.15,0.35,2.5,1953,5.084956316286448,5.110458509634894,0.14575113138081988,0.13787175450270867,True,36,2.4308875898233943e-25,5.990157363474439e-05,2.4308875898233943e-25,1.1980314726948877e-05,validation,20,model_conditional_scenario_no_new_NHS_observations
RT5,Leicestershire Partnership NHS Trust,"MH&LD, MH, LD&Community Trusts",1.0,0.15,0.35,2.5,3905,5.302391085619033,5.290821499693066,0.1419101426265486,0.1378717545027087,False,36,0.0,2.1084235678861702e-11,0.0,4.21684713577234e-12,validation,115,model_conditional_scenario_no_new_NHS_observations
RTD,The Newcastle upon Tyne Hospitals NHS Foundation Trust,Acute&Acute Community Trusts,1.0,0.15,0.35,2.5,10294,4.908755725049063,4.914128337801517,0.13942796342155075,0.1378717545027087,False,36,0.0,1.03055565418889e-06,0.0,2.06111130837778e-07,validation,64,model_conditional_scenario_no_new_NHS_observations
RTE,Gloucestershire Hospitals NHS Foundation Trust,Acute&Acute Community Trusts,1.0,0.15,0.35,2.5,4305,4.890723767293038,4.899209728238902,0.14154344691677492,0.13787175450270867,False,36,4.298803756378407e-274,4.963757512604934e-06,4.298803756378407e-274,9.927515025209868e-07,validation,46,model_conditional_scenario_no_new_NHS_observations
RTF,Northumbria Healthcare NHS Foundation Trust,Acute&Acute Community Trusts,1.0,0.15,0.35,2.5,6629,5.334685094112513,5.271706093797646,0.14027544599235903,0.1378717545027087,False,36,0.0,7.822381688269931e-44,0.0,1.564476337653986e-44,validation,188,model_conditional_scenario_no_new_NHS_observations
RTG,University Hospitals of Derby and Burton NHS Foundation Trust,Acute&Acute Community Trusts,1.0,0.15,0.35,2.5,8141,4.700766891568371,4.739370449680929,0.13983447948795885,0.13787175450270867,True,36,0.0,1.6184171833075693e-06,0.0,3.2368343666151385e-07,validation,59,model_conditional_scenario_no_new_NHS_observations
RTH,Oxford University Hospitals NHS Foundation Trust,Acute&Acute Community Trusts,1.0,0.15,0.35,2.5,6057,5.015744748237001,5.003959774766047,0.14049872869920269,0.13787175450270867,False,36,0.0,1.1408463287319068e-11,0.0,2.2816926574638135e-12,validation,118,model_conditional_scenario_no_new_NHS_observations
RTK,Ashford and St Peter's Hospitals NHS Foundation Trust,Acute&Acute Community Trusts,1.0,0.15,0.35,2.5,2213,5.199553203410994,5.155535586736117,0.1448649393148702,0.13787175450270867,False,36,0.0,3.3851519690597186e-24,0.0,6.770303938119438e-25,validation,174,model_conditional_scenario_no_new_NHS_observations
RTP,Surrey and Sussex Healthcare NHS Trust,Acute&Acute Community Trusts,1.0,0.15,0.35,2.5,2802,5.102570717597517,5.075701970661045,0.14344518065316927,0.13787175450270867,False,36,0.0,9.970421312577536e-17,0.0,1.9940842625155072e-17,validation,149,model_conditional_scenario_no_new_NHS_observations
RTQ,Gloucestershire Health and Care NHS Foundation Trust,"MH&LD, MH, LD&Community Trusts",1.0,0.15,0.35,2.5,2630,5.342545827403389,5.323888707220247,0.1437964040953506,0.13787175450270867,False,36,0.0,2.0267954452759488e-13,0.0,4.0535908905518976e-14,validation,134,model_conditional_scenario_no_new_NHS_observations
RTR,South Tees Hospitals NHS Foundation Trust,Acute&Acute Community Trusts,1.0,0.15,0.35,2.5,3006,4.694719841523346,4.7361461791891815,0.1430790679869356,0.13787175450270867,True,36,1.519784210615197e-191,1.8018668349892524e-06,1.519784210615197e-191,3.6037336699785047e-07,validation,57,model_conditional_scenario_no_new_NHS_observations
RV3,Central and North West London NHS Foundation Trust,"MH&LD, MH, LD&Community Trusts",1.0,0.15,0.35,2.5,6209,5.267583792774409,5.261857278953688,0.140435445000883,0.13787175450270867,False,36,0.0,9.513805272973366e-10,0.0,1.9027610545946733e-10,validation,97,model_conditional_scenario_no_new_NHS_observations
RV5,South London and Maudsley NHS Foundation Trust,"MH&LD, MH, LD&Community Trusts",1.0,0.15,0.35,2.5,3305,5.23372767857308,5.233443238720988,0.14262176414924438,0.13787175450270867,False,36,0.0,6.003024320856696e-08,0.0,1.2006048641713392e-08,validation,84,model_conditional_scenario_no_new_NHS_observations
RV9,Humber Teaching NHS Foundation Trust,"MH&LD, MH, LD&Community Trusts",1.0,0.15,0.35,2.5,2165,5.354682762801523,5.33362507856386,0.14501321280769833,0.13787175450270867,False,36,0.0,6.957615062666025e-14,0.0,1.391523012533205e-14,validation,136,model_conditional_scenario_no_new_NHS_observations
RVJ,North Bristol NHS Trust,Acute&Acute Community Trusts,1.0,0.15,0.35,2.5,6015,5.120418105545482,5.091758501065811,0.1405167697289663,0.13787175450270867,False,36,0.0,2.783022311667796e-19,0.0,5.566044623335592e-20,validation,159,model_conditional_scenario_no_new_NHS_observations
RVN,Avon and Wiltshire Mental Health Partnership NHS Trust,"MH&LD, MH, LD&Community Trusts",1.0,0.15,0.35,2.5,2724,5.384531203179384,5.358857735536557,0.14359915145078525,0.1378717545027087,False,36,0.0,2.463104093902004e-16,0.0,4.926208187804008e-17,validation,147,model_conditional_scenario_no_new_NHS_observations
RVR,Epsom and St Helier University Hospitals NHS Trust,Acute&Acute Community Trusts,1.0,0.15,0.35,2.5,3440,5.07888721270503,5.056316111937753,0.14244061144676334,0.13787175450270867,False,36,0.0,2.500492260431837e-15,0.0,5.000984520863675e-16,validation,143,model_conditional_scenario_no_new_NHS_observations
RVV,East Kent Hospitals University NHS Foundation Trust,Acute&Acute Community Trusts,1.0,0.15,0.35,2.5,5367,4.707337575724052,4.745429071231506,0.14083024741080227,0.1378717545027087,True,36,0.0,3.1232402328588705e-06,0.0,6.246480465717741e-07,validation,51,model_conditional_scenario_no_new_NHS_observations
RVW,North Tees and Hartlepool NHS Foundation Trust,Acute&Acute Community Trusts,1.0,0.15,0.35,2.5,2111,5.071682008052067,5.049471750807464,0.14518772475594563,0.1378717545027087,False,36,0.0,4.573195502499141e-14,0.0,9.146391004998282e-15,validation,137,model_conditional_scenario_no_new_NHS_observations
RW4,Mersey Care NHS Foundation Trust,"MH&LD, MH, LD&Community Trusts",1.0,0.15,0.35,2.5,4491,5.397887120779217,5.370816115089525,0.1413947005604401,0.1378717545027087,False,36,0.0,3.6896972844439435e-18,0.0,7.379394568887887e-19,validation,156,model_conditional_scenario_no_new_NHS_observations
RW5,Lancashire and South Cumbria NHS Foundation Trust,"MH&LD, MH, LD&Community Trusts",1.0,0.15,0.35,2.5,3543,4.99738963698073,5.036179465706364,0.14231143082197023,0.13787175450270867,True,36,0.0,1.0261642462860709e-07,0.0,2.0523284925721417e-08,validation,78,model_conditional_scenario_no_new_NHS_observations
RWA,Hull University Teaching Hospitals NHS Trust,Acute&Acute Community Trusts,1.0,0.15,0.35,2.5,4704,4.844735547181597,4.860673862106292,0.1412385108283224,0.1378717545027087,False,36,1.89261305400842e-84,6.89614661718209e-05,1.89261305400842e-84,1.3792293234364182e-05,validation,16,model_conditional_scenario_no_new_NHS_observations
RWD,United Lincolnshire Teaching Hospitals NHS Trust,Acute&Acute Community Trusts,1.0,0.15,0.35,2.5,5008,4.835903726669841,4.853230981119025,0.14103815599011585,0.13787175450270867,False,36,2.70758561850875e-63,0.00010267019724879513,2.70758561850875e-63,2.0534039449759025e-05,validation,13,model_conditional_scenario_no_new_NHS_observations
RWE,University Hospitals of Leicester NHS Trust,Acute&Acute Community Trusts,1.0,0.15,0.35,2.5,11467,5.088574677427709,5.065463294690339,0.13927016521592248,0.13787175450270867,False,36,0.0,4.0742559211126835e-17,0.0,8.148511842225367e-18,validation,151,model_conditional_scenario_no_new_NHS_observations
RWF,Maidstone and Tunbridge Wells NHS Trust,Acute&Acute Community Trusts,1.0,0.15,0.35,2.5,3394,5.028469974349294,5.014237324456244,0.14250076475646725,0.13787175450270867,False,36,0.0,5.016627425688452e-12,0.0,1.0033254851376903e-12,validation,122,model_conditional_scenario_no_new_NHS_observations
RWG,West Hertfordshire Teaching Hospitals NHS Trust,Acute&Acute Community Trusts,1.0,0.15,0.35,2.5,3482,5.007930886258658,4.99712021724777,0.14238703855438584,0.13787175450270867,False,36,0.0,7.079405427204804e-11,0.0,1.4158810854409609e-11,validation,112,model_conditional_scenario_no_new_NHS_observations
RWH,East and North Hertfordshire Teaching NHS Trust,Acute&Acute Community Trusts,1.0,0.15,0.35,2.5,2744,4.985845463685876,4.978571727611004,0.14355886613658073,0.13787175450270867,False,36,0.0,1.4506184166029945e-09,0.0,2.901236833205989e-10,validation,96,model_conditional_scenario_no_new_NHS_observations
RWJ,Stockport NHS Foundation Trust,Acute&Acute Community Trusts,1.0,0.15,0.35,2.5,3029,5.078547348871322,5.055842406255165,0.14304078656721922,0.1378717545027087,False,36,0.0,3.999087392146853e-15,0.0,7.998174784293706e-16,validation,142,model_conditional_scenario_no_new_NHS_observations
RWP,Worcestershire Acute Hospitals NHS Trust,Acute&Acute Community Trusts,1.0,0.15,0.35,2.5,3862,5.084149760111752,5.060866946498363,0.14195397077132133,0.1378717545027087,False,36,0.0,7.34247698709231e-16,0.0,1.468495397418462e-16,validation,145,model_conditional_scenario_no_new_NHS_observations
RWR,Hertfordshire Partnership University NHS Foundation Trust,"MH&LD, MH, LD&Community Trusts",1.0,0.15,0.35,2.5,2708,5.290545915746015,5.28068873526129,0.1436317931403139,0.13787175450270867,False,36,0.0,1.8462933648646318e-10,0.0,3.6925867297292636e-11,validation,106,model_conditional_scenario_no_new_NHS_observations
RWV,Devon Partnership NHS Trust,"MH&LD, MH, LD&Community Trusts",1.0,0.15,0.35,2.5,1956,5.150848773367359,5.164921974730123,0.1457396261763085,0.1378717545027087,False,36,2.7420049799750327e-36,3.122726313091838e-05,2.7420049799750327e-36,6.245452626183675e-06,validation,26,model_conditional_scenario_no_new_NHS_observations
RWW,Warrington and Halton Teaching Hospitals NHS Foundation Trust,Acute&Acute Community Trusts,1.0,0.15,0.35,2.5,1812,5.022959859834748,5.008914654322184,0.14633266745050746,0.13787175450270867,False,36,1.7745163252810534e-299,5.3234574109330604e-11,1.7745163252810534e-299,1.0646914821866122e-11,validation,113,model_conditional_scenario_no_new_NHS_observations
RWX,Berkshire Healthcare NHS Foundation Trust,"MH&LD, MH, LD&Community Trusts",1.0,0.15,0.35,2.5,3340,5.479052857231665,5.438060283671519,0.14257343291551786,0.1378717545027087,False,36,0.0,7.383946155447777e-25,0.0,1.4767892310895555e-25,validation,176,model_conditional_scenario_no_new_NHS_observations
RWY,Calderdale and Huddersfield NHS Foundation Trust,Acute&Acute Community Trusts,1.0,0.15,0.35,2.5,3360,4.961405131725324,4.958287635926251,0.14254625422356962,0.1378717545027087,False,36,0.0,1.4679415037457556e-08,0.0,2.935883007491511e-09,validation,89,model_conditional_scenario_no_new_NHS_observations
RX1,Nottingham University Hospitals NHS Trust,Acute&Acute Community Trusts,1.0,0.15,0.35,2.5,8970,4.792989492781167,4.8168110723644295,0.13965510543294465,0.13787175450270867,True,36,7.154509569853808e-24,0.0002624688083022107,7.154509569853808e-24,5.249376166044214e-05,validation,6,model_conditional_scenario_no_new_NHS_observations
RX3,"Tees, Esk and Wear Valleys NHS Foundation Trust","MH&LD, MH, LD&Community Trusts",1.0,0.15,0.35,2.5,4229,5.232867226165322,5.232727668841601,0.1416079038318488,0.13787175450270867,False,36,0.0,5.2958678039378503e-08,0.0,1.05917356078757e-08,validation,85,model_conditional_scenario_no_new_NHS_observations
RX4,"Cumbria, Northumberland, Tyne and Wear NHS Foundation Trust","MH&LD, MH, LD&Community Trusts",1.0,0.15,0.35,2.5,4582,5.183384223459021,5.191313213924983,0.1413262327024351,0.13787175450270867,False,36,0.0,3.1858044871442657e-06,0.0,6.371608974288531e-07,validation,50,model_conditional_scenario_no_new_NHS_observations
RX6,North East Ambulance Service NHS Foundation Trust,Ambulance Trusts,1.0,0.15,0.35,2.5,1842,4.819953405973823,4.753395547857627,0.14620185261399132,0.13787175450270867,False,36,0.0,4.2278505980473015e-48,0.0,8.455701196094603e-49,validation,189,model_conditional_scenario_no_new_NHS_observations
RX7,North West Ambulance Service NHS Trust,Ambulance Trusts,1.0,0.15,0.35,2.5,4117,4.631999956273279,4.600282023795611,0.1417071282827558,0.1378717545027087,False,36,0.0,2.517667518933227e-29,0.0,5.035335037866454e-30,validation,182,model_conditional_scenario_no_new_NHS_observations
RX8,Yorkshire Ambulance Service NHS Trust,Ambulance Trusts,1.0,0.15,0.35,2.5,4691,4.668542754845065,4.6310786550410645,0.1412476455629116,0.1378717545027087,False,36,0.0,6.947959541037408e-34,0.0,1.3895919082074816e-34,validation,184,model_conditional_scenario_no_new_NHS_observations
RX9,East Midlands Ambulance Service NHS Trust,Ambulance Trusts,1.0,0.15,0.35,2.5,2718,4.426384668562666,4.428426165822081,0.14361134862013086,0.13787175450270867,False,36,0.0,1.3401689813209648e-11,0.0,2.6803379626419296e-12,validation,117,model_conditional_scenario_no_new_NHS_observations
RXA,Cheshire and Wirral Partnership NHS Foundation Trust,"MH&LD, MH, LD&Community Trusts",1.0,0.15,0.35,2.5,2249,5.283120533762209,5.274378390315141,0.14475771508449725,0.13787175450270867,False,36,0.0,6.432708366328059e-10,0.0,1.2865416732656118e-10,validation,99,model_conditional_scenario_no_new_NHS_observations
RXC,East Sussex Healthcare NHS Trust,Acute&Acute Community Trusts,1.0,0.15,0.35,2.5,4296,4.862101054215843,4.875269581857501,0.14155096362223224,0.1378717545027087,False,36,5.947716625495709e-132,2.8756775405925047e-05,5.947716625495709e-132,5.7513550811850095e-06,validation,27,model_conditional_scenario_no_new_NHS_observations
RXE,Rotherham Doncaster and South Humber NHS Foundation Trust,"MH&LD, MH, LD&Community Trusts",1.0,0.15,0.35,2.5,1989,5.137412598539744,5.153787488079804,0.145615252991991,0.13787175450270867,False,36,4.97916971978802e-26,5.9534770790376475e-05,4.97916971978802e-26,1.1906954158075295e-05,validation,21,model_conditional_scenario_no_new_NHS_observations
RXF,Mid Yorkshire Teaching NHS Trust,Acute&Acute Community Trusts,1.0,0.15,0.35,2.5,3671,4.906352721523762,4.912334443255056,0.14216073209775146,0.1378717545027087,False,36,2.433359494754009e-275,1.7315278124251525e-06,2.433359494754009e-275,3.4630556248503047e-07,validation,58,model_conditional_scenario_no_new_NHS_observations
RXG,South West Yorkshire Partnership NHS Foundation Trust,"MH&LD, MH, LD&Community Trusts",1.0,0.15,0.35,2.5,2871,5.46329566174571,5.424517120350275,0.14331571865062204,0.13787175450270867,False,36,0.0,6.031434127939511e-23,0.0,1.2062868255879022e-23,validation,171,model_conditional_scenario_no_new_NHS_observations
RXK,Sandwell and West Birmingham Hospitals NHS Trust,Acute&Acute Community Trusts,1.0,0.15,0.35,2.5,2964,4.881423056536682,4.891658643747245,0.1431504568595048,0.1378717545027087,False,36,4.357732088519583e-111,1.0294121520062693e-05,4.357732088519583e-111,2.0588243040125384e-06,validation,38,model_conditional_scenario_no_new_NHS_observations
RXM,Derbyshire Healthcare NHS Foundation Trust,"MH&LD, MH, LD&Community Trusts",1.0,0.15,0.35,2.5,2160,5.29347494412795,5.282922134492155,0.1450290205791325,0.13787175450270867,False,36,0.0,2.1624561862512778e-10,0.0,4.3249123725025555e-11,validation,105,model_conditional_scenario_no_new_NHS_observations
RXN,Lancashire Teaching Hospitals NHS Foundation Trust,Acute&Acute Community Trusts,1.0,0.15,0.35,2.5,4261,4.936817949284272,4.937765825990118,0.14158049022017655,0.13787175450270867,False,36,0.0,1.276018478239347e-07,0.0,2.5520369564786943e-08,validation,76,model_conditional_scenario_no_new_NHS_observations
RXP,County Durham and Darlington NHS Foundation Trust,Acute&Acute Community Trusts,1.0,0.15,0.35,2.5,3096,4.798991510260922,4.822943284153725,0.1429324127938182,0.13787175450270867,True,36,7.197783817077078e-06,0.00035285799835831967,7.197783817077078e-06,7.057159967166393e-05,validation,4,model_conditional_scenario_no_new_NHS_observations
RXQ,Buckinghamshire Healthcare NHS Trust,Acute&Acute Community Trusts,1.0,0.15,0.35,2.5,4557,5.262749347041431,5.210538395601349,0.14134477595361392,0.13787175450270867,False,36,0.0,2.33338065837785e-33,0.0,4.6667613167557e-34,validation,183,model_conditional_scenario_no_new_NHS_observations
RXV,Greater Manchester Mental Health NHS Foundation Trust,"MH&LD, MH, LD&Community Trusts",1.0,0.15,0.35,2.5,2847,5.07669374944278,5.102752300982575,0.14336006093642445,0.13787175450270867,True,36,6.992337776640403e-61,3.3710645459303126e-05,6.992337776640403e-61,6.742129091860625e-06,validation,25,model_conditional_scenario_no_new_NHS_observations
RXW,The Shrewsbury and Telford Hospital NHS Trust,Acute&Acute Community Trusts,1.0,0.15,0.35,2.5,3797,4.889983833464849,4.898649113921396,0.1420220590565375,0.13787175450270867,False,36,1.5122726186580222e-212,5.441160186268119e-06,1.5122726186580222e-212,1.0882320372536238e-06,validation,45,model_conditional_scenario_no_new_NHS_observations
RXX,Surrey and Borders Partnership NHS Foundation Trust,"MH&LD, MH, LD&Community Trusts",1.0,0.15,0.35,2.5,2006,5.152875156509391,5.166561831372905,0.14555270522153652,0.1378717545027087,False,36,1.1005703029991327e-39,2.7889995501489287e-05,1.1005703029991327e-39,5.577999100297858e-06,validation,28,model_conditional_scenario_no_new_NHS_observations
RXY,Kent and Medway NHS and Social Care Partnership Trust,"MH&LD, MH, LD&Community Trusts",1.0,0.15,0.35,2.5,1999,5.15532916409753,5.168596105505093,0.145578337315819,0.1378717545027087,False,36,7.14805452880522e-42,2.4555791339785737e-05,7.14805452880522e-42,4.911158267957147e-06,validation,29,model_conditional_scenario_no_new_NHS_observations
RY2,Bridgewater Community Healthcare NHS Foundation Trust,Community Trusts,1.0,0.15,0.35,2.5,819,4.787480268060491,4.868091605450475,0.15550878650639902,0.13787175450270867,True,36,2.889879922239983e-53,2.0199814378836024e-08,2.889879922239983e-53,4.0399628757672045e-09,validation,87,model_conditional_scenario_no_new_NHS_observations
RY3,Norfolk Community Health and Care NHS Trust,Community Trusts,1.0,0.15,0.35,2.5,1677,5.162657590214402,5.1685056550388175,0.1469760987993175,0.13787175450270867,False,36,8.544330062823601e-170,7.76009193232233e-09,8.544330062823601e-170,1.552018386464466e-09,validation,92,model_conditional_scenario_no_new_NHS_observations
RY4,Hertfordshire Community NHS Trust,Community Trusts,1.0,0.15,0.35,2.5,1662,5.428005953039109,5.387018545070314,0.14705368970454005,0.1378717545027087,False,36,0.0,4.48162386975991e-27,0.0,8.96324773951982e-28,validation,177,model_conditional_scenario_no_new_NHS_observations
RY5,Lincolnshire Community Health Services NHS Trust,Community Trusts,1.0,0.15,0.35,2.5,1509,4.981026326870255,5.019395923267008,0.14792795097122535,0.13787175450270867,True,36,1.0875739501973739e-05,0.00033133376276981374,1.0875739501973739e-05,6.626675255396274e-05,validation,5,model_conditional_scenario_no_new_NHS_observations
RY6,Leeds Community Healthcare NHS Trust,Community Trusts,1.0,0.15,0.35,2.5,1783,5.157750508980817,5.164417118187738,0.1464630909647091,0.13787175450270867,False,36,1.9462377513756115e-180,1.109399182574462e-08,1.9462377513756115e-180,2.2187983651489242e-09,validation,91,model_conditional_scenario_no_new_NHS_observations
RY7,Wirral Community Health and Care NHS Foundation Trust,Community Trusts,1.0,0.15,0.35,2.5,861,4.985023674415926,5.026223918356993,0.15473399243135222,0.13787175450270867,False,36,4.3808437860981656e-05,0.00036883951207648813,4.3808437860981656e-05,7.376790241529763e-05,validation,1,model_conditional_scenario_no_new_NHS_observations
RY8,Derbyshire Community Health Services NHS Foundation Trust,Community Trusts,1.0,0.15,0.35,2.5,3150,5.261948301204113,5.250932980088099,0.1428483200762127,0.13787175450270867,False,36,0.0,4.224455090057908e-15,0.0,8.448910180115816e-16,validation,141,model_conditional_scenario_no_new_NHS_observations
RYA,West Midlands Ambulance Service University NHS Foundation Trust,Ambulance Trusts,1.0,0.15,0.35,2.5,2987,4.18304018399615,4.2257522848916365,0.1431111222231619,0.13787175450270867,True,36,6.799073694544418e-206,1.263078611168704e-06,6.799073694544418e-206,2.526157222337408e-07,validation,62,model_conditional_scenario_no_new_NHS_observations
RYC,East of England Ambulance Service NHS Trust,Ambulance Trusts,1.0,0.15,0.35,2.5,3978,4.296127630326422,4.319510919471794,0.14183785358319037,0.1378717545027087,False,36,1.7356020879016554e-253,4.022778339042774e-06,1.7356020879016554e-253,8.045556678085547e-07,validation,48,model_conditional_scenario_no_new_NHS_observations
RYD,South East Coast Ambulance Service NHS Foundation Trust,Ambulance Trusts,1.0,0.15,0.35,2.5,3621,4.44372913058889,4.44286745956656,0.14221836451055828,0.1378717545027087,False,36,0.0,6.609006689967563e-13,0.0,1.3218013379935126e-13,validation,129,model_conditional_scenario_no_new_NHS_observations
RYE,South Central Ambulance Service NHS Foundation Trust,Ambulance Trusts,1.0,0.15,0.35,2.5,2091,4.199644467173298,4.240785723930106,0.14525454442822386,0.13787175450270867,True,36,6.8374102200369036e-77,5.62994823386143e-06,6.8374102200369036e-77,1.125989646772286e-06,validation,44,model_conditional_scenario_no_new_NHS_observations
RYF,South Western Ambulance Service NHS Foundation Trust,Ambulance Trusts,1.0,0.15,0.35,2.5,3329,4.312599288113916,4.333496917141826,0.1425885163809921,0.1378717545027087,False,36,1.4041606714968184e-247,1.2989637044615747e-06,1.4041606714968184e-247,2.5979274089231497e-07,validation,61,model_conditional_scenario_no_new_NHS_observations
RYG,Coventry and Warwickshire Partnership NHS Trust,"MH&LD, MH, LD&Community Trusts",1.0,0.15,0.35,2.5,2023,5.141790707081871,5.157381173700876,0.1454911605136415,0.1378717545027087,False,36,3.686407302106312e-30,4.830263409911809e-05,3.686407302106312e-30,9.660526819823618e-06,validation,22,model_conditional_scenario_no_new_NHS_observations
RYJ,Imperial College Healthcare NHS Trust,Acute&Acute Community Trusts,1.0,0.15,0.35,2.5,8648,5.041157508859828,5.025452852018375,0.13972074019754074,0.13787175450270867,False,36,0.0,1.8481588364866036e-13,0.0,3.696317672973207e-14,validation,135,model_conditional_scenario_no_new_NHS_observations
RYR,University Hospitals Sussex NHS Foundation Trust,Acute&Acute Community Trusts,1.0,0.15,0.35,2.5,8266,4.940444545937948,4.94079015862546,0.1398051569067138,0.13787175450270867,False,36,0.0,6.435682942045683e-08,0.0,1.2871365884091367e-08,validation,82,model_conditional_scenario_no_new_NHS_observations
RYV,Cambridgeshire Community Services NHS Trust,Community Trusts,1.0,0.15,0.35,2.5,1466,5.351619011670061,5.323683960045344,0.14820449162279836,0.13787175450270867,False,36,0.0,7.219111339415845e-20,0.0,1.443822267883169e-20,validation,164,model_conditional_scenario_no_new_NHS_observations
RYW,Birmingham Community Healthcare NHS Foundation Trust,Community Trusts,1.0,0.15,0.35,2.5,3479,5.065094024883836,5.0867307747951,0.14239082347910376,0.13787175450270867,False,36,9.859634230984426e-146,1.0357236826199321e-05,9.859634230984426e-146,2.0714473652398644e-06,validation,37,model_conditional_scenario_no_new_NHS_observations
RYX,Central London Community Healthcare NHS Trust,Community Trusts,1.0,0.15,0.35,2.5,3243,5.293368715678552,5.27715097024712,0.14270986454616974,0.13787175450270867,False,36,0.0,1.8399732315091114e-17,0.0,3.679946463018223e-18,validation,152,model_conditional_scenario_no_new_NHS_observations
RYY,Kent Community Health NHS Foundation Trust,Community Trusts,1.0,0.15,0.35,2.5,3496,5.471020034607948,5.425485069233743,0.14236945909725443,0.1378717545027087,False,36,0.0,2.819379912923927e-35,0.0,5.6387598258478546e-36,validation,186,model_conditional_scenario_no_new_NHS_observations
TAD,Bradford District Care NHS Foundation Trust,"MH&LD, MH, LD&Community Trusts",1.0,0.15,0.35,2.5,1689,5.329497592539193,5.312321497200941,0.14691496482039068,0.13787175450270867,False,36,4.404818760672968e-309,5.828148905573438e-12,4.404818760672968e-309,1.1656297811146875e-12,validation,120,model_conditional_scenario_no_new_NHS_observations
TAH,Sheffield Health and Social Care NHS Foundation Trust,"MH&LD, MH, LD&Community Trusts",1.0,0.15,0.35,2.5,1684,5.083478674010145,5.10965916223413,0.1469403371582603,0.13787175450270867,True,36,4.37638114565715e-21,6.0479823320730556e-05,4.37638114565715e-21,1.2095964664146112e-05,validation,19,model_conditional_scenario_no_new_NHS_observations
TAJ,Black Country Healthcare NHS Foundation Trust,"MH&LD, MH, LD&Community Trusts",1.0,0.15,0.35,2.5,2526,4.959776905243845,5.0058794515157405,0.14403110775852396,0.13787175450270867,True,36,0.0,4.24162608809218e-09,0.0,8.48325217618436e-10,validation,93,model_conditional_scenario_no_new_NHS_observations
R0A,Manchester University NHS Foundation Trust,Acute&Acute Community Trusts,1.0,0.35,0.35,2.5,10685,5.033296606876863,4.987845631076025,0.24778192980993805,0.24748737341529162,False,36,0.0,0.00017047658239373176,0.0,3.409531647874635e-05,validation,122,model_conditional_scenario_no_new_NHS_observations
R0B,South Tyneside and Sunderland NHS Foundation Trust,Acute&Acute Community Trusts,1.0,0.35,0.35,2.5,4681,5.102526485582064,5.022135180434561,0.24815718195700529,0.24748737341529162,False,36,0.0,8.286017615802248e-05,0.0,1.6572035231604496e-05,validation,151,model_conditional_scenario_no_new_NHS_observations
R0D,University Hospitals Dorset NHS Foundation Trust,Acute&Acute Community Trusts,1.0,0.35,0.35,2.5,5519,4.99703607359645,4.969698156706751,0.24805606278592776,0.24748737341529162,False,36,0.0,0.00024406483934041155,0.0,4.881296786808231e-05,validation,100,model_conditional_scenario_no_new_NHS_observations
R1A,Herefordshire and Worcestershire Health and Care NHS Trust,"MH&LD, MH, LD&Community Trusts",1.0,0.35,0.35,2.5,2399,5.188850693999996,5.210659772486692,0.24878597240091224,0.24748737341529162,False,36,4.327159425726265e-116,0.0005502407628053127,4.327159425726265e-116,0.00011004815256106255,validation,54,model_conditional_scenario_no_new_NHS_observations
R1D,Shropshire Community Health NHS Trust,Community Trusts,1.0,0.35,0.35,2.5,995,5.145010753504204,5.171050771404204,0.25056156307444877,0.24748737341529162,False,36,1.6041413057218492e-55,0.00034898450752518555,1.6041413057218492e-55,6.97969015050371e-05,validation,82,model_conditional_scenario_no_new_NHS_observations
R1F1,Isle of Wight NHS Trust (acute sector),Acute&Acute Community Trusts,1.0,0.35,0.35,2.5,1420,4.706366986566817,4.826573419463797,0.24966163746235992,0.24748737341529162,True,36,2.7448967588770542e-39,0.000596850628747337,2.7448967588770542e-39,0.00011937012574946739,validation,45,model_conditional_scenario_no_new_NHS_observations
R1F2,Isle of Wight NHS Trust (ambulance sector),Ambulance Trusts,1.0,0.35,0.35,2.5,170,4.500436279582561,4.465433281139597,0.26313857609564795,0.24748737341529164,False,36,6.882635247261702e-12,0.0001438203457188972,6.882635247261702e-12,2.876406914377944e-05,validation,133,model_conditional_scenario_no_new_NHS_observations
R1H,Barts Health NHS Trust,Acute&Acute Community Trusts,1.0,0.35,0.35,2.5,9566,4.912268004676804,4.9274796781408225,0.24781627162447323,0.24748737341529162,False,36,0.0,0.0005047005212733924,0.0,0.00010094010425467848,validation,65,model_conditional_scenario_no_new_NHS_observations
R1K,London North West University Healthcare NHS Trust,Acute&Acute Community Trusts,1.0,0.35,0.35,2.5,4285,5.034382577516363,4.988225054354537,0.2482186255952005,0.24748737341529162,False,36,0.0,0.0001710180506016404,0.0,3.4203610120328084e-05,validation,121,model_conditional_scenario_no_new_NHS_observations
R1L,Essex Partnership University NHS Foundation Trust,"MH&LD, MH, LD&Community Trusts",1.0,0.35,0.35,2.5,3632,5.268213995895022,5.249988101557478,0.24834895446269956,0.24748737341529162,False,36,0.0,0.0002822697804870701,0.0,5.645395609741402e-05,validation,93,model_conditional_scenario_no_new_NHS_observations
RA2,Royal Surrey County Hospital NHS Foundation Trust,Acute&Acute Community Trusts,1.0,0.35,0.35,2.5,2383,5.157713239348739,5.049022794394737,0.24879457647431844,0.24748737341529162,False,36,0.0,4.4999926050174085e-05,0.0,8.999985210034817e-06,validation,165,model_conditional_scenario_no_new_NHS_observations
RA7,University Hospitals Bristol and Weston NHS Foundation Trust,Acute&Acute Community Trusts,1.0,0.35,0.35,2.5,8285,5.108738615013536,5.025419656854222,0.24786692988514566,0.24748737341529162,False,36,0.0,7.61561645545361e-05,0.0,1.523123291090722e-05,validation,155,model_conditional_scenario_no_new_NHS_observations
RAE,Bradford Teaching Hospitals NHS Foundation Trust,Acute&Acute Community Trusts,1.0,0.35,0.35,2.5,3212,5.09018474296827,5.015816286093353,0.2484605078507891,0.24748737341529162,False,36,0.0,9.633601199613475e-05,0.0,1.926720239922695e-05,validation,146,model_conditional_scenario_no_new_NHS_observations
RAJ,Mid and South Essex NHS Foundation Trust,Acute&Acute Community Trusts,1.0,0.35,0.35,2.5,6465,4.462888866214896,4.703692503930545,0.247973256788926,0.24748737341529162,True,36,0.0,5.28607208073432e-05,0.0,1.0572144161468641e-05,validation,163,model_conditional_scenario_no_new_NHS_observations
RAN,Royal National Orthopaedic Hospital NHS Trust,Acute Specialist Trusts,1.0,0.35,0.35,2.5,773,5.375492586648612,5.294172070447614,0.25140956422350996,0.24748737341529164,False,36,3.461326728391017e-187,2.9470269571826447e-05,3.461326728391017e-187,5.894053914365289e-06,validation,170,model_conditional_scenario_no_new_NHS_observations
RAS,The Hillingdon Hospitals NHS Foundation Trust,Acute&Acute Community Trusts,1.0,0.35,0.35,2.5,1970,5.002245530547993,4.972046910238108,0.2490642643426604,0.24748737341529162,False,36,2.0559661935427092e-290,0.00023858245411023988,2.0559661935427092e-290,4.771649082204798e-05,validation,102,model_conditional_scenario_no_new_NHS_observations
RAT,North East London NHS Foundation Trust,"MH&LD, MH, LD&Community Trusts",1.0,0.35,0.35,2.5,3955,5.163350826992319,5.19790278329458,0.24827915260755118,0.24748737341529162,False,36,3.6339459090776825e-172,0.0006628822336253149,3.6339459090776825e-172,0.00013257644672506297,validation,33,model_conditional_scenario_no_new_NHS_observations
RBD,Dorset County Hospital NHS Foundation Trust,Acute&Acute Community Trusts,1.0,0.35,0.35,2.5,1616,5.009444890083157,4.975508445048452,0.24940302197351247,0.24748737341529162,False,36,8.27576257247845e-213,0.0002251755746749394,8.27576257247845e-213,4.503511493498788e-05,validation,107,model_conditional_scenario_no_new_NHS_observations
RBK,Walsall Healthcare NHS Trust,Acute&Acute Community Trusts,1.0,0.35,0.35,2.5,2314,4.652547173256712,4.7991603493285115,0.24883302602070254,0.24748737341529162,True,36,1.3091581363001826e-218,0.00038044373080850974,1.3091581363001826e-218,7.608874616170195e-05,validation,81,model_conditional_scenario_no_new_NHS_observations
RBL,Wirral University Teaching Hospital NHS Foundation Trust,Acute&Acute Community Trusts,1.0,0.35,0.35,2.5,2794,4.71875466644158,4.831695354107016,0.24860445343310103,0.24748737341529162,True,36,6.646868968923745e-104,0.0006361210243746324,6.646868968923745e-104,0.00012722420487492649,validation,40,model_conditional_scenario_no_new_NHS_observations
RBQ,Liverpool Heart and Chest Hospital NHS Foundation Trust,Acute Specialist Trusts,1.0,0.35,0.35,2.5,1134,5.678241716776859,5.443000073438261,0.2501950274205845,0.24748737341529164,False,36,0.0,2.4524218533558967e-07,0.0,4.904843706711793e-08,validation,190,model_conditional_scenario_no_new_NHS_observations
RBS,Alder Hey Children's NHS Foundation Trust,Acute&Acute Community Trusts,1.0,0.35,0.35,2.5,2417,5.03379651104725,4.9877273964115405,0.24877642721098106,0.24748737341529162,False,36,0.0,0.00017510829916622648,0.0,3.5021659833245296e-05,validation,120,model_conditional_scenario_no_new_NHS_observations
RBT,Mid Cheshire Hospitals NHS Foundation Trust,Acute&Acute Community Trusts,1.0,0.35,0.35,2.5,2321,5.159859070401051,5.050053946786221,0.24882902255463227,0.24748737341529162,False,36,0.0,4.3934898092615016e-05,0.0,8.786979618523002e-06,validation,166,model_conditional_scenario_no_new_NHS_observations
RBV,The Christie NHS Foundation Trust,Acute Specialist Trusts,1.0,0.35,0.35,2.5,1947,5.371544749364454,5.2937220704466315,0.24908259243466302,0.24748737341529162,False,36,0.0,2.68645587025455e-05,0.0,5.3729117405091e-06,validation,174,model_conditional_scenario_no_new_NHS_observations
RC9,Bedfordshire Hospitals NHS Foundation Trust,Acute&Acute Community Trusts,1.0,0.35,0.35,2.5,3542,4.996424718879917,4.969325280409054,0.2483706515013539,0.24748737341529162,False,36,0.0,0.00024739745635660886,0.0,4.947949127132177e-05,validation,99,model_conditional_scenario_no_new_NHS_observations
RCB,York and Scarborough Teaching Hospitals NHS Foundation Trust,Acute&Acute Community Trusts,1.0,0.35,0.35,2.5,5839,4.89781742010006,4.92031145890567,0.24802506559311321,0.24748737341529162,False,36,0.0,0.0005662202890970184,0.0,0.00011324405781940369,validation,51,model_conditional_scenario_no_new_NHS_observations
RCD,Harrogate and District NHS Foundation Trust,Acute&Acute Community Trusts,1.0,0.35,0.35,2.5,3330,5.232869698503418,5.08663682990295,0.24842635123675819,0.24748737341529162,False,36,0.0,1.660442773359179e-05,0.0,3.320885546718358e-06,validation,180,model_conditional_scenario_no_new_NHS_observations
RCF,Airedale NHS Foundation Trust,Acute&Acute Community Trusts,1.0,0.35,0.35,2.5,1473,4.975561958614382,4.95880582770469,0.24958506020138632,0.24748737341529162,False,36,3.8030144726841537e-128,0.00030683048689278305,3.8030144726841537e-128,6.136609737855662e-05,validation,86,model_conditional_scenario_no_new_NHS_observations
RCU,Sheffield Children's NHS Foundation Trust,Acute&Acute Community Trusts,1.0,0.35,0.35,2.5,2212,5.172472246752322,5.05623110452121,0.2488941960706713,0.24748737341529162,False,36,0.0,3.778996362977404e-05,0.0,7.557992725954808e-06,validation,168,model_conditional_scenario_no_new_NHS_observations
RCX,The Queen Elizabeth Hospital King's Lynn NHS Foundation Trust,Acute&Acute Community Trusts,1.0,0.35,0.35,2.5,2188,4.693193387518781,4.819339257674924,0.24890940598192252,0.24748737341529162,True,36,1.2338834253895412e-107,0.00052897924341913,1.2338834253895412e-107,0.00010579584868382599,validation,59,model_conditional_scenario_no_new_NHS_observations
RD1,Royal United Hospitals Bath NHS Foundation Trust,Acute&Acute Community Trusts,1.0,0.35,0.35,2.5,3322,4.870227174391674,4.906694716934552,0.24842859098871928,0.24748737341529162,False,36,1.1415951250802593e-104,0.0006974104873488914,1.1415951250802593e-104,0.00013948209746977828,validation,31,model_conditional_scenario_no_new_NHS_observations
RD8,Milton Keynes University Hospital NHS Foundation Trust,Acute&Acute Community Trusts,1.0,0.35,0.35,2.5,2646,5.007673109794047,4.974831239920848,0.24866619226525602,0.24748737341529162,False,36,0.0,0.00022444528392882076,0.0,4.488905678576415e-05,validation,108,model_conditional_scenario_no_new_NHS_observations
RDE,East Suffolk and North Essex NHS Foundation Trust,Acute&Acute Community Trusts,1.0,0.35,0.35,2.5,6181,4.826152582960841,4.884620951551801,0.2479954672597365,0.24748737341529162,False,36,1.090293356159332e-53,0.0009427406752273439,1.090293356159332e-53,0.00018854813504546878,validation,8,model_conditional_scenario_no_new_NHS_observations
RDR,Sussex Community NHS Foundation Trust,Community Trusts,1.0,0.35,0.35,2.5,4042,5.455663526627008,5.3249272692973895,0.24826224366592664,0.24748737341529162,False,36,0.0,9.400532972965783e-06,0.0,1.8801065945931564e-06,validation,185,model_conditional_scenario_no_new_NHS_observations
RDU,Frimley Health NHS Foundation Trust,Acute&Acute Community Trusts,1.0,0.35,0.35,2.5,5683,5.214387091389177,5.077891613254948,0.24803974307920568,0.24748737341529162,False,36,0.0,2.068612055684871e-05,0.0,4.137224111369742e-06,validation,178,model_conditional_scenario_no_new_NHS_observations
RDY,Dorset Healthcare University NHS Foundation Trust,"MH&LD, MH, LD&Community Trusts",1.0,0.35,0.35,2.5,3551,5.32574192241569,5.278544040791644,0.24836843274552847,0.24748737341529162,False,36,0.0,0.00016333150404941696,0.0,3.266630080988339e-05,validation,124,model_conditional_scenario_no_new_NHS_observations
REF,Royal Cornwall Hospitals NHS Trust,Acute&Acute Community Trusts,1.0,0.35,0.35,2.5,3848,4.677182765495703,4.810770736786107,0.24830098850319957,0.24748737341529162,True,36,0.0,0.0004574877610062888,0.0,9.149755220125776e-05,validation,68,model_conditional_scenario_no_new_NHS_observations
REM,Liverpool University Hospitals NHS Foundation Trust,Acute&Acute Community Trusts,1.0,0.35,0.35,2.5,4448,4.900798593715324,4.921823838706779,0.24819201899186136,0.24748737341529162,False,36,0.0,0.0005543550552416617,0.0,0.00011087101104833234,validation,53,model_conditional_scenario_no_new_NHS_observations
REN,The Clatterbridge Cancer Centre NHS Foundation Trust,Acute Specialist Trusts,1.0,0.35,0.35,2.5,1209,5.148985203133816,5.184147814534097,0.25003136633502876,0.24748737341529162,False,36,2.2769168146095244e-92,0.0003011906327141781,2.2769168146095244e-92,6.023812654283562e-05,validation,88,model_conditional_scenario_no_new_NHS_observations
REP,Liverpool Women's NHS Foundation Trust,Acute Specialist Trusts,1.0,0.35,0.35,2.5,772,4.870614374479285,5.049804654910766,0.2514144438581047,0.24748737341529162,True,36,9.022599012873896e-46,0.00028983760622586577,9.022599012873896e-46,5.796752124517315e-05,validation,91,model_conditional_scenario_no_new_NHS_observations
RET,The Walton Centre NHS Foundation Trust,Acute Specialist Trusts,1.0,0.35,0.35,2.5,578,5.26298595970273,5.23948312742896,0.25266384786695706,0.2474873734152916,False,36,2.111660813183517e-61,0.00010966454038484303,2.111660813183517e-61,2.1932908076968606e-05,validation,140,model_conditional_scenario_no_new_NHS_observations
RF4,"Barking, Havering and Redbridge University Hospitals NHS Trust",Acute&Acute Community Trusts,1.0,0.35,0.35,2.5,4158,4.72425974416934,4.834100927212521,0.248240790735493,0.24748737341529162,True,36,2.2441503961426595e-195,0.0006563844693798413,2.2441503961426595e-195,0.00013127689387596825,validation,34,model_conditional_scenario_no_new_NHS_observations
RFF,Barnsley Hospital NHS Foundation Trust,Acute&Acute Community Trusts,1.0,0.35,0.35,2.5,2219,5.136556181678653,5.038481262386992,0.2488898209452315,0.24748737341529162,False,36,0.0,5.822051304853458e-05,0.0,1.1644102609706916e-05,validation,161,model_conditional_scenario_no_new_NHS_observations
RFR,The Rotherham NHS Foundation Trust,Acute&Acute Community Trusts,1.0,0.35,0.35,2.5,3137,5.104376831626352,5.022841302246588,0.24848353980110358,0.24748737341529162,False,36,0.0,8.242076283635345e-05,0.0,1.648415256727069e-05,validation,152,model_conditional_scenario_no_new_NHS_observations
RFS,Chesterfield Royal Hospital NHS Foundation Trust,Acute&Acute Community Trusts,1.0,0.35,0.35,2.5,2972,5.003096039227562,4.972595965403236,0.24853825852091746,0.24748737341529162,False,36,0.0,0.00023349829732390931,0.0,4.669965946478186e-05,validation,104,model_conditional_scenario_no_new_NHS_observations
RGD,Leeds and York Partnership NHS Foundation Trust,"MH&LD, MH, LD&Community Trusts",1.0,0.35,0.35,2.5,1497,5.190906308393158,5.2118048911095896,0.24955213022487063,0.24748737341529162,False,36,3.3679067940999885e-52,0.0005461104496409416,3.3679067940999885e-52,0.00010922208992818831,validation,55,model_conditional_scenario_no_new_NHS_observations
RGM,Royal Papworth Hospital NHS Foundation Trust,Acute Specialist Trusts,1.0,0.35,0.35,2.5,1177,5.188774029843231,5.203639129584314,0.2500987110588993,0.24748737341529162,False,36,2.01206478854185e-127,0.00021070967440960068,2.01206478854185e-127,4.214193488192014e-05,validation,111,model_conditional_scenario_no_new_NHS_observations
RGN,North West Anglia NHS Foundation Trust,Acute&Acute Community Trusts,1.0,0.35,0.35,2.5,3216,4.459261605305287,4.702838070432521,0.24845930935872804,0.24748737341529162,True,36,0.0,5.2740518652247404e-05,0.0,1.054810373044948e-05,validation,164,model_conditional_scenario_no_new_NHS_observations
RGP,James Paget University Hospitals NHS Foundation Trust,Acute&Acute Community Trusts,1.0,0.35,0.35,2.5,1657,4.760551985153012,4.852961503637392,0.24935651571777673,0.24748737341529162,True,36,6.272527645103675e-15,0.0008667765469176776,6.272527645103675e-15,0.0001733553093835355,validation,14,model_conditional_scenario_no_new_NHS_observations
RGR,West Suffolk NHS Foundation Trust,Acute&Acute Community Trusts,1.0,0.35,0.35,2.5,2435,4.74071370554987,4.842708796698301,0.2487670213195412,0.24748737341529162,True,36,4.818344638047847e-47,0.0007477922297064866,4.818344638047847e-47,0.00014955844594129734,validation,25,model_conditional_scenario_no_new_NHS_observations
RGT,Cambridge University Hospitals NHS Foundation Trust,Acute&Acute Community Trusts,1.0,0.35,0.35,2.5,6990,4.925261247972768,4.933967492602625,0.24793692906377804,0.24748737341529162,False,36,0.0,0.0004554171906777251,0.0,9.108343813554501e-05,validation,69,model_conditional_scenario_no_new_NHS_observations
RHA,Nottinghamshire Healthcare NHS Foundation Trust,"MH&LD, MH, LD&Community Trusts",1.0,0.35,0.35,2.5,4456,4.874412494463094,5.054231384941873,0.24819076290265868,0.24748737341529162,True,36,0.0,0.00012694569073842796,0.0,2.5389138147685593e-05,validation,136,model_conditional_scenario_no_new_NHS_observations
RHM,University Hospital Southampton NHS Foundation Trust,Acute&Acute Community Trusts,1.0,0.35,0.35,2.5,4801,4.898579234362294,4.920711304932052,0.24814055063593782,0.24748737341529162,False,36,0.0,0.0005635858529436061,0.0,0.00011271717058872121,validation,52,model_conditional_scenario_no_new_NHS_observations
RHQ,Sheffield Teaching Hospitals NHS Foundation Trust,Acute&Acute Community Trusts,1.0,0.35,0.35,2.5,10718,4.881592309708601,4.912173923304256,0.24778102558022963,0.24748737341529162,False,36,0.0,0.000638637972899178,0.0,0.00012772759457983562,validation,39,model_conditional_scenario_no_new_NHS_observations
RHU,Portsmouth Hospitals University NHS Trust,Acute&Acute Community Trusts,1.0,0.35,0.35,2.5,3768,4.802865589846258,4.873207991635556,0.2483181178431283,0.24748737341529162,False,36,2.7784454751806516e-06,0.001094711726844621,2.7784454751806516e-06,0.00021894234536892418,validation,3,model_conditional_scenario_no_new_NHS_observations
RHW,Royal Berkshire NHS Foundation Trust,Acute&Acute Community Trusts,1.0,0.35,0.35,2.5,4156,5.285013243534149,5.112767496530607,0.24824115054494825,0.24748737341529162,False,36,0.0,7.754545483404632e-06,0.0,1.5509090966809264e-06,validation,186,model_conditional_scenario_no_new_NHS_observations
RJ1,Guy's and St Thomas' NHS Foundation Trust,Acute&Acute Community Trusts,1.0,0.35,0.35,2.5,11816,5.128245974433135,5.035228354990211,0.24775381142358063,0.24748737341529162,False,36,0.0,6.034307022306336e-05,0.0,1.2068614044612673e-05,validation,160,model_conditional_scenario_no_new_NHS_observations
RJ2,Lewisham and Greenwich NHS Trust,Acute&Acute Community Trusts,1.0,0.35,0.35,2.5,4770,5.01487492662177,4.978550579894476,0.2481447674285696,0.24748737341529162,False,36,0.0,0.00020657772594313126,0.0,4.131554518862625e-05,validation,112,model_conditional_scenario_no_new_NHS_observations
RJ6,Croydon Health Services NHS Trust,Acute&Acute Community Trusts,1.0,0.35,0.35,2.5,2037,5.027158642981511,4.984361779777563,0.2490131964566107,0.24748737341529162,False,36,0.0,0.00018821282061555602,0.0,3.76425641231112e-05,validation,117,model_conditional_scenario_no_new_NHS_observations
RJ7,St George's University Hospitals NHS Foundation Trust,Acute&Acute Community Trusts,1.0,0.35,0.35,2.5,4453,4.887730566714432,4.91532691073855,0.24819123341097246,0.24748737341529162,False,36,1.5596400446208408e-276,0.0006121771218335132,1.5596400446208408e-276,0.00012243542436670264,validation,41,model_conditional_scenario_no_new_NHS_observations
RJ8,Cornwall Partnership NHS Foundation Trust,"MH&LD, MH, LD&Community Trusts",1.0,0.35,0.35,2.5,3068,5.026328323604617,5.130019587977795,0.24850571352474868,0.24748737341529162,True,36,5.0709486592023884e-213,0.0005144382478358763,5.0709486592023884e-213,0.00010288764956717526,validation,61,model_conditional_scenario_no_new_NHS_observations
RJC,South Warwickshire University NHS Foundation Trust,Acute&Acute Community Trusts,1.0,0.35,0.35,2.5,2605,5.194167129545242,5.067169115707536,0.24868452149897527,0.24748737341529162,False,36,0.0,2.832952840331107e-05,0.0,5.6659056806622134e-06,validation,172,model_conditional_scenario_no_new_NHS_observations
RJE,University Hospitals of North Midlands NHS Trust,Acute&Acute Community Trusts,1.0,0.35,0.35,2.5,5372,4.8790352090298,4.910973167699936,0.24807153267920848,0.24748737341529162,False,36,6.764e-321,0.0006523712505911022,6.764e-321,0.00013047425011822046,validation,35,model_conditional_scenario_no_new_NHS_observations
RJL,Northern Lincolnshire and Goole NHS Foundation Trust,Acute&Acute Community Trusts,1.0,0.35,0.35,2.5,3271,4.946698589583346,4.944638802599543,0.24844312446790726,0.24748737341529162,False,36,0.0,0.00038441428644215306,0.0,7.68828572884306e-05,validation,78,model_conditional_scenario_no_new_NHS_observations
RJN,East Cheshire NHS Trust,Acute&Acute Community Trusts,1.0,0.35,0.35,2.5,1321,4.924497900633165,4.933725852326092,0.24982074993728712,0.24748737341529162,False,36,8.422022901011769e-57,0.00047011651097741036,8.422022901011769e-57,9.402330219548208e-05,validation,67,model_conditional_scenario_no_new_NHS_observations
RJR,Countess of Chester Hospital NHS Foundation Trust,Acute&Acute Community Trusts,1.0,0.35,0.35,2.5,2188,4.618213802992669,4.782281526782015,0.24890940598192252,0.24748737341529162,True,36,2.012973953947589e-292,0.0002834570713799104,2.012973953947589e-292,5.6691414275982086e-05,validation,92,model_conditional_scenario_no_new_NHS_observations
RJZ,King's College Hospital NHS Foundation Trust,Acute&Acute Community Trusts,1.0,0.35,0.35,2.5,6353,4.844882315255672,4.893941910071669,0.24798177989025946,0.24748737341529162,False,36,2.634585621897291e-150,0.000831249060594251,2.634585621897291e-150,0.0001662498121188502,validation,17,model_conditional_scenario_no_new_NHS_observations
RK5,Sherwood Forest Hospitals NHS Foundation Trust,Acute&Acute Community Trusts,1.0,0.35,0.35,2.5,3596,4.833012007832405,4.88819733983176,0.24835750409545115,0.24748737341529162,False,36,7.34530556218818e-33,0.0009018367256884625,7.34530556218818e-33,0.0001803673451376925,validation,10,model_conditional_scenario_no_new_NHS_observations
RK9,University Hospitals Plymouth NHS Trust,Acute&Acute Community Trusts,1.0,0.35,0.35,2.5,5422,4.868694596347482,4.905825694481491,0.24806617722551855,0.24748737341529162,False,36,2.2879359591739254e-251,0.0007034107388509419,2.2879359591739254e-251,0.00014068214777018838,validation,30,model_conditional_scenario_no_new_NHS_observations
RKB,University Hospitals Coventry and Warwickshire NHS Trust,Acute&Acute Community Trusts,1.0,0.35,0.35,2.5,6305,4.933915092043216,4.938280391534205,0.24798552487668454,0.24748737341529162,False,36,0.0,0.00042453725102832275,0.0,8.490745020566456e-05,validation,72,model_conditional_scenario_no_new_NHS_observations
RKE,Whittington Health NHS Trust,Acute&Acute Community Trusts,1.0,0.35,0.35,2.5,2483,5.241123918395662,5.090349424405104,0.24874259720998132,0.24748737341529162,False,36,0.0,1.5227184197573366e-05,0.0,3.0454368395146733e-06,validation,181,model_conditional_scenario_no_new_NHS_observations
RKL,West London NHS Trust,"MH&LD, MH, LD&Community Trusts",1.0,0.35,0.35,2.5,4133,5.379938065556677,5.305522662038376,0.24824531319131368,0.24748737341529162,False,36,0.0,9.18353786219765e-05,0.0,1.83670757243953e-05,validation,148,model_conditional_scenario_no_new_NHS_observations
RL1,The Robert Jones and Agnes Hunt Orthopaedic Hospital NHS Foundation Trust,Acute Specialist Trusts,1.0,0.35,0.35,2.5,822,5.061806859756023,5.142195759420029,0.251184465322482,0.24748737341529162,False,36,8.694541449017913e-18,0.0006068629338526906,8.694541449017913e-18,0.00012137258677053813,validation,42,model_conditional_scenario_no_new_NHS_observations
RL4,The Royal Wolverhampton NHS Trust,Acute&Acute Community Trusts,1.0,0.35,0.35,2.5,3372,4.727096750241856,4.835662793305505,0.2484147652653144,0.24748737341529162,True,36,6.393394268444958e-122,0.0006729884003088024,6.393394268444958e-122,0.00013459768006176048,validation,32,model_conditional_scenario_no_new_NHS_observations
RLQ,Wye Valley NHS Trust,Acute&Acute Community Trusts,1.0,0.35,0.35,2.5,1976,5.012313124373934,4.977017691681516,0.24905955215901057,0.24748737341529162,False,36,9.15306e-318,0.00021716793811017381,9.15306e-318,4.343358762203476e-05,validation,110,model_conditional_scenario_no_new_NHS_observations
RLT,George Eliot Hospital NHS Trust,Acute&Acute Community Trusts,1.0,0.35,0.35,2.5,1634,5.055260492039282,4.998069737265235,0.24938232268906294,0.24748737341529162,False,36,5.322580013e-315,0.00014428740163423016,5.322580013e-315,2.885748032684603e-05,validation,132,model_conditional_scenario_no_new_NHS_observations
RLY,North Staffordshire Combined Healthcare NHS Trust,"MH&LD, MH, LD&Community Trusts",1.0,0.35,0.35,2.5,1295,5.506161264635511,5.3664399335991675,0.2498664738848651,0.24748737341529162,False,36,0.0,2.216882663307919e-05,0.0,4.4337653266158374e-06,validation,177,model_conditional_scenario_no_new_NHS_observations
RM1,Norfolk and Norwich University Hospitals NHS Foundation Trust,Acute&Acute Community Trusts,1.0,0.35,0.35,2.5,4723,4.540971614751612,4.742869986047844,0.24815126550604677,0.24748737341529162,True,36,0.0,0.00012881071249062567,0.0,2.5762142498125135e-05,validation,135,model_conditional_scenario_no_new_NHS_observations
RMC,Bolton NHS Foundation Trust,Acute&Acute Community Trusts,1.0,0.35,0.35,2.5,2678,4.76416657366604,4.854230507251667,0.24865227190194766,0.24748737341529162,True,36,9.743951936602158e-26,0.0008759793898242239,9.743951936602158e-26,0.0001751958779648448,validation,13,model_conditional_scenario_no_new_NHS_observations
RMP,Tameside and Glossop Integrated Care NHS Foundation Trust,Acute&Acute Community Trusts,1.0,0.35,0.35,2.5,2236,4.938009896188618,4.94033622188894,0.2488793080859117,0.24748737341529162,False,36,1.1886293471854381e-177,0.0004160939345390954,1.1886293471854381e-177,8.321878690781907e-05,validation,73,model_conditional_scenario_no_new_NHS_observations
RMY,Norfolk and Suffolk NHS Foundation Trust,"MH&LD, MH, LD&Community Trusts",1.0,0.35,0.35,2.5,3589,4.828751733855252,5.031806269706318,0.24835918626646245,0.24748737341529162,True,36,0.0,7.80006123094115e-05,0.0,1.5600122461882303e-05,validation,153,model_conditional_scenario_no_new_NHS_observations
RN3,Great Western Hospitals NHS Foundation Trust,Acute&Acute Community Trusts,1.0,0.35,0.35,2.5,3628,5.045833543992019,4.993861726321846,0.2483498961159097,0.24748737341529162,False,36,0.0,0.00015308310972185696,0.0,3.061662194437139e-05,validation,131,model_conditional_scenario_no_new_NHS_observations
RN5,Hampshire Hospitals NHS Foundation Trust,Acute&Acute Community Trusts,1.0,0.35,0.35,2.5,4192,5.077659721310114,5.009726754164053,0.24823472610798003,0.24748737341529162,False,36,0.0,0.00010929520778782345,0.0,2.185904155756469e-05,validation,143,model_conditional_scenario_no_new_NHS_observations
RN7,Dartford and Gravesham NHS Trust,Acute&Acute Community Trusts,1.0,0.35,0.35,2.5,1909,5.079731080231118,5.010266768176429,0.2491138253654454,0.24748737341529162,False,36,0.0,0.00011085819193086283,0.0,2.2171638386172567e-05,validation,139,model_conditional_scenario_no_new_NHS_observations
RNA,The Dudley Group NHS Foundation Trust,Acute&Acute Community Trusts,1.0,0.35,0.35,2.5,2397,4.679990273107688,4.8126832215132636,0.24878704171077365,0.24748737341529162,True,36,8.840561030070156e-159,0.0004752366261761246,8.840561030070156e-159,9.504732523522491e-05,validation,66,model_conditional_scenario_no_new_NHS_observations
RNK,Tavistock and Portman NHS Foundation Trust,"MH&LD, MH, LD&Community Trusts",1.0,0.35,0.35,2.5,392,5.270150977911881,5.249917754300923,0.254936116511193,0.24748737341529164,False,36,1.1578430338657e-16,0.0003200187196091834,1.1578430338657e-16,6.400374392183668e-05,validation,85,model_conditional_scenario_no_new_NHS_observations
RNN,North Cumbria Integrated Care NHS Foundation Trust,Acute&Acute Community Trusts,1.0,0.35,0.35,2.5,3822,5.044767141702418,4.993350231165742,0.24830647753371038,0.24748737341529162,False,36,0.0,0.00015451731618640145,0.0,3.0903463237280294e-05,validation,129,model_conditional_scenario_no_new_NHS_observations
RNQ,Kettering General Hospital NHS Foundation Trust,Acute&Acute Community Trusts,1.0,0.35,0.35,2.5,2595,4.799163194662444,4.871585140321964,0.24868907883918237,0.24748737341529162,True,36,7.562137953689426e-06,0.001097775550902171,7.562137953689426e-06,0.0002195551101804342,validation,1,model_conditional_scenario_no_new_NHS_observations
RNS,Northampton General Hospital NHS Trust,Acute&Acute Community Trusts,1.0,0.35,0.35,2.5,3144,4.835477210198987,4.889475068792493,0.24848134412500578,0.24748737341529162,False,36,6.0293069164767836e-30,0.0008875078785851259,6.0293069164767836e-30,0.00017750157571702518,validation,11,model_conditional_scenario_no_new_NHS_observations
RNU,Oxford Health NHS Foundation Trust,"MH&LD, MH, LD&Community Trusts",1.0,0.35,0.35,2.5,4537,5.324667624556779,5.278082132808922,0.2481782927403159,0.24748737341529162,False,36,0.0,0.0001640764845596965,0.0,3.28152969119393e-05,validation,123,model_conditional_scenario_no_new_NHS_observations
RNZ,Salisbury NHS Foundation Trust,Acute&Acute Community Trusts,1.0,0.35,0.35,2.5,2465,4.993064704590668,4.9675792779536625,0.2487516462034314,0.24748737341529162,False,36,0.0,0.0002575678992648132,0.0,5.151357985296264e-05,validation,97,model_conditional_scenario_no_new_NHS_observations
RP1,Northamptonshire Healthcare NHS Foundation Trust,"MH&LD, MH, LD&Community Trusts",1.0,0.35,0.35,2.5,3233,5.330652636147439,5.280947554097472,0.2484542485302001,0.24748737341529162,False,36,0.0,0.00015590125861798413,0.0,3.1180251723596824e-05,validation,128,model_conditional_scenario_no_new_NHS_observations
RP4,Great Ormond Street Hospital for Children NHS Foundation Trust,Acute Specialist Trusts,1.0,0.35,0.35,2.5,2877,4.970756513710058,5.095407587394548,0.24857257920806244,0.24748737341529162,True,36,3.2886501897902834e-137,0.0005873706135784329,3.2886501897902834e-137,0.00011747412271568658,validation,46,model_conditional_scenario_no_new_NHS_observations
RP5,Doncaster and Bassetlaw Teaching Hospitals NHS Foundation Trust,Acute&Acute Community Trusts,1.0,0.35,0.35,2.5,3870,5.031214344280041,4.986622381480745,0.24829640107559223,0.24748737341529162,False,36,0.0,0.00017692107872113722,0.0,3.538421574422744e-05,validation,119,model_conditional_scenario_no_new_NHS_observations
RP6,Moorfields Eye Hospital NHS Foundation Trust,Acute Specialist Trusts,1.0,0.35,0.35,2.5,1706,5.174454477307171,5.1964904953663185,0.2493038135445057,0.24748737341529162,False,36,1.6864134738737829e-223,0.00023702743534020505,1.6864134738737829e-223,4.740548706804101e-05,validation,103,model_conditional_scenario_no_new_NHS_observations
RP7,Lincolnshire Partnership NHS Foundation Trust,"MH&LD, MH, LD&Community Trusts",1.0,0.35,0.35,2.5,1782,5.217142612471477,5.224683598476327,0.24922770469013725,0.24748737341529162,False,36,1.4166991141274861e-105,0.0004431412337115344,1.4166991141274861e-105,8.862824674230689e-05,validation,71,model_conditional_scenario_no_new_NHS_observations
RPA,Medway NHS Foundation Trust,Acute&Acute Community Trusts,1.0,0.35,0.35,2.5,2186,4.849066146088023,4.896377925314458,0.24891068833353716,0.24748737341529162,False,36,2.3264001237054957e-28,0.0008111304088703132,2.3264001237054957e-28,0.00016222608177406263,validation,18,model_conditional_scenario_no_new_NHS_observations
RPC,Queen Victoria Hospital NHS Foundation Trust,Acute Specialist Trusts,1.0,0.35,0.35,2.5,690,5.135376427779011,5.178102404329849,0.25186058925042215,0.24748737341529162,False,36,7.110690889690586e-32,0.0003458783345752835,7.110690889690586e-32,6.91756669150567e-05,validation,83,model_conditional_scenario_no_new_NHS_observations
RPG,Oxleas NHS Foundation Trust,"MH&LD, MH, LD&Community Trusts",1.0,0.35,0.35,2.5,2849,5.427548901304633,5.328914148204926,0.2485831266712738,0.24748737341529162,False,36,0.0,5.4129315517825005e-05,0.0,1.0825863103565e-05,validation,162,model_conditional_scenario_no_new_NHS_observations
RPY,The Royal Marsden NHS Foundation Trust,Acute Specialist Trusts,1.0,0.35,0.35,2.5,2440,5.217752957651964,5.21782048582874,0.24876443288305272,0.24748737341529162,False,36,0.0,0.0001542997838460807,0.0,3.085995676921614e-05,validation,130,model_conditional_scenario_no_new_NHS_observations
RQM,Chelsea and Westminster Hospital NHS Foundation Trust,Acute&Acute Community Trusts,1.0,0.35,0.35,2.5,3964,4.999520098219371,4.970883425670973,0.24827736926191546,0.24748737341529162,False,36,0.0,0.00023981198592679977,0.0,4.796239718535995e-05,validation,101,model_conditional_scenario_no_new_NHS_observations
RQW,The Princess Alexandra Hospital NHS Trust,Acute&Acute Community Trusts,1.0,0.35,0.35,2.5,2613,4.769280744617053,4.856783609956557,0.24868090043952298,0.24748737341529162,True,36,2.6176978820069496e-20,0.0009067421913227093,2.6176978820069496e-20,0.00018134843826454186,validation,9,model_conditional_scenario_no_new_NHS_observations
RQX,Homerton Healthcare NHS Foundation Trust,Acute&Acute Community Trusts,1.0,0.35,0.35,2.5,2172,4.839480198208864,4.8916440287446115,0.24891972996465234,0.24748737341529162,False,36,1.0151953318407343e-20,0.0008654281048299313,1.0151953318407343e-20,0.00017308562096598627,validation,15,model_conditional_scenario_no_new_NHS_observations
RQY,South West London and St George's Mental Health NHS Trust,"MH&LD, MH, LD&Community Trusts",1.0,0.35,0.35,2.5,2050,5.167341076444791,5.200075335683965,0.24900366853118094,0.24748737341529162,False,36,1.5378592492478203e-57,0.0006474421397562899,1.5378592492478203e-57,0.00012948842795125799,validation,36,model_conditional_scenario_no_new_NHS_observations
RR7,Gateshead Health NHS Foundation Trust,Acute&Acute Community Trusts,1.0,0.35,0.35,2.5,1751,4.814541301131064,4.879495496268764,0.2492579655021379,0.24748737341529162,False,36,1.5969312855976105e-07,0.0010184238618206388,1.5969312855976105e-07,0.00020368477236412777,validation,7,model_conditional_scenario_no_new_NHS_observations
RR8,Leeds Teaching Hospitals NHS Trust,Acute&Acute Community Trusts,1.0,0.35,0.35,2.5,10126,4.912010965675695,4.927349255692101,0.24779813959241317,0.24748737341529162,False,36,0.0,0.0005056199138052546,0.0,0.00010112398276105091,validation,64,model_conditional_scenario_no_new_NHS_observations
RRE,Midlands Partnership University NHS Foundation Trust,"MH&LD, MH, LD&Community Trusts",1.0,0.35,0.35,2.5,5528,5.492801377183516,5.3618090672208405,0.24805514222457514,0.24748737341529162,False,36,0.0,2.3009257847462978e-05,0.0,4.601851569492595e-06,validation,176,model_conditional_scenario_no_new_NHS_observations
RRF,"Wrightington, Wigan and Leigh Teaching Hospitals NHS Foundation Trust",Acute&Acute Community Trusts,1.0,0.35,0.35,2.5,3515,5.112599007635354,5.026992426047834,0.2483773753288851,0.24748737341529162,False,36,0.0,7.473063542834483e-05,0.0,1.4946127085668966e-05,validation,157,model_conditional_scenario_no_new_NHS_observations
RRJ,The Royal Orthopaedic Hospital NHS Foundation Trust,Acute Specialist Trusts,1.0,0.35,0.35,2.5,788,5.37574034569773,5.294338485250601,0.251337798344428,0.24748737341529164,False,36,3.036219464023042e-194,2.9253043117358607e-05,3.036219464023042e-194,5.850608623471721e-06,validation,171,model_conditional_scenario_no_new_NHS_observations
RRK,University Hospitals Birmingham NHS Foundation Trust,Acute&Acute Community Trusts,1.0,0.35,0.35,2.5,9709,4.853940022827912,4.898391521460096,0.24781144326737914,0.24748737341529162,False,36,0.0,0.0007800274360050387,0.0,0.00015600548720100775,validation,22,model_conditional_scenario_no_new_NHS_observations
RRU,London Ambulance Service NHS Trust,Ambulance Trusts,1.0,0.35,0.35,2.5,5992,4.341156457540043,4.390039778373534,0.24801140878324635,0.24748737341529162,False,36,0.0,0.0004051391111029343,0.0,8.102782222058686e-05,validation,76,model_conditional_scenario_no_new_NHS_observations
RRV,University College London Hospitals NHS Foundation Trust,Acute&Acute Community Trusts,1.0,0.35,0.35,2.5,6309,5.123445921128075,5.0326641577615545,0.247985210628909,0.24748737341529162,False,36,0.0,6.463910416136884e-05,0.0,1.2927820832273767e-05,validation,159,model_conditional_scenario_no_new_NHS_observations
RT1,Cambridgeshire and Peterborough NHS Foundation Trust,"MH&LD, MH, LD&Community Trusts",1.0,0.35,0.35,2.5,2248,5.214530648904086,5.223370759466388,0.2488719816388037,0.24748737341529162,False,36,3.014778943283262e-156,0.0004502924233361737,3.014778943283262e-156,9.005848466723474e-05,validation,70,model_conditional_scenario_no_new_NHS_observations
RT2,Pennine Care NHS Foundation Trust,"MH&LD, MH, LD&Community Trusts",1.0,0.35,0.35,2.5,1953,5.084956316286448,5.159433561306346,0.24907777024203825,0.24748737341529162,True,36,1.4106962555633708e-25,0.000800361963903038,1.4106962555633708e-25,0.0001600723927806076,validation,19,model_conditional_scenario_no_new_NHS_observations
RT5,Leicestershire Partnership NHS Trust,"MH&LD, MH, LD&Community Trusts",1.0,0.35,0.35,2.5,3905,5.302391085619033,5.266974504816098,0.24828920856242162,0.24748737341529162,False,36,0.0,0.00020496012113317122,0.0,4.0992024226634245e-05,validation,113,model_conditional_scenario_no_new_NHS_observations
RTD,The Newcastle upon Tyne Hospitals NHS Foundation Trust,Acute&Acute Community Trusts,1.0,0.35,0.35,2.5,10294,4.908755725049063,4.925725032993015,0.2477930834888492,0.24748737341529162,False,36,0.0,0.0005187632395886745,0.0,0.0001037526479177349,validation,60,model_conditional_scenario_no_new_NHS_observations
RTE,Gloucestershire Hospitals NHS Foundation Trust,Acute&Acute Community Trusts,1.0,0.35,0.35,2.5,4305,4.890723767293038,4.916820036644877,0.24821525333664005,0.24748737341529162,False,36,1.5422245921110821e-276,0.0005986967258532717,1.5422245921110821e-276,0.00011973934517065435,validation,44,model_conditional_scenario_no_new_NHS_observations
RTF,Northumbria Healthcare NHS Foundation Trust,Acute&Acute Community Trusts,1.0,0.35,0.35,2.5,6629,5.334685094112513,5.137896359430927,0.24796129366570055,0.24748737341529162,False,36,0.0,3.4963910353548105e-06,0.0,6.992782070709622e-07,validation,188,model_conditional_scenario_no_new_NHS_observations
RTG,University Hospitals of Derby and Burton NHS Foundation Trust,Acute&Acute Community Trusts,1.0,0.35,0.35,2.5,8141,4.700766891568371,4.822066501675233,0.2478736173864556,0.24748737341529162,True,36,0.0,0.0005443387113756794,0.0,0.00010886774227513587,validation,56,model_conditional_scenario_no_new_NHS_observations
RTH,Oxford University Hospitals NHS Foundation Trust,Acute&Acute Community Trusts,1.0,0.35,0.35,2.5,6057,5.015744748237001,4.979024336141572,0.24800581459670373,0.24748737341529162,False,36,0.0,0.0002040412131329409,0.0,4.080824262658818e-05,validation,114,model_conditional_scenario_no_new_NHS_observations
RTK,Ashford and St Peter's Hospitals NHS Foundation Trust,Acute&Acute Community Trusts,1.0,0.35,0.35,2.5,2213,5.199553203410994,5.069617860066126,0.24889356938220109,0.24748737341529162,False,36,0.0,2.6831215281581717e-05,0.0,5.366243056316343e-06,validation,175,model_conditional_scenario_no_new_NHS_observations
RTP,Surrey and Sussex Healthcare NHS Trust,Acute&Acute Community Trusts,1.0,0.35,0.35,2.5,2802,5.102570717597517,5.021869092588131,0.24860129991000512,0.24748737341529162,False,36,0.0,8.45680702500351e-05,0.0,1.691361405000702e-05,validation,150,model_conditional_scenario_no_new_NHS_observations
RTQ,Gloucestershire Health and Care NHS Foundation Trust,"MH&LD, MH, LD&Community Trusts",1.0,0.35,0.35,2.5,2630,5.342545827403389,5.286749348159758,0.24867327795723634,0.24748737341529162,False,36,0.0,0.00013917997633747665,0.0,2.783599526749533e-05,validation,134,model_conditional_scenario_no_new_NHS_observations
RTR,South Tees Hospitals NHS Foundation Trust,Acute&Acute Community Trusts,1.0,0.35,0.35,2.5,3006,4.694719841523346,4.819708248374738,0.24852649692463788,0.24748737341529162,True,36,2.4817271823676508e-192,0.0005292821009888054,2.4817271823676508e-192,0.00010585642019776108,validation,58,model_conditional_scenario_no_new_NHS_observations
RV3,Central and North West London NHS Foundation Trust,"MH&LD, MH, LD&Community Trusts",1.0,0.35,0.35,2.5,6209,5.267583792774409,5.249726470121546,0.24799318767100859,0.24748737341529162,False,36,0.0,0.0002816495392962374,0.0,5.6329907859247484e-05,validation,94,model_conditional_scenario_no_new_NHS_observations
RV5,South London and Maudsley NHS Foundation Trust,"MH&LD, MH, LD&Community Trusts",1.0,0.35,0.35,2.5,3305,5.23372767857308,5.2328646230155575,0.24843338612004806,0.24748737341529162,False,36,0.0,0.0003818999850530642,0.0,7.637999701061283e-05,validation,80,model_conditional_scenario_no_new_NHS_observations
RV9,Humber Teaching NHS Foundation Trust,"MH&LD, MH, LD&Community Trusts",1.0,0.35,0.35,2.5,2165,5.354682762801523,5.292634442674775,0.24892429399566454,0.24748737341529162,False,36,0.0,0.0001239059468652513,0.0,2.478118937305026e-05,validation,137,model_conditional_scenario_no_new_NHS_observations
RVJ,North Bristol NHS Trust,Acute&Acute Community Trusts,1.0,0.35,0.35,2.5,6015,5.120418105545482,5.031138920873263,0.24800941555288158,0.24748737341529162,False,36,0.0,6.704469204532647e-05,0.0,1.3408938409065294e-05,validation,158,model_conditional_scenario_no_new_NHS_observations
RVN,Avon and Wiltshire Mental Health Partnership NHS Trust,"MH&LD, MH, LD&Community Trusts",1.0,0.35,0.35,2.5,2724,5.384531203179384,5.307565414682388,0.24863282774748965,0.24748737341529162,False,36,0.0,8.883171868184515e-05,0.0,1.776634373636903e-05,validation,149,model_conditional_scenario_no_new_NHS_observations
RVR,Epsom and St Helier University Hospitals NHS Trust,Acute&Acute Community Trusts,1.0,0.35,0.35,2.5,3440,5.07888721270503,5.010247354158566,0.24839660135020844,0.24748737341529162,False,36,0.0,0.00010858847584868123,0.0,2.1717695169736245e-05,validation,144,model_conditional_scenario_no_new_NHS_observations
RVV,East Kent Hospitals University NHS Foundation Trust,Acute&Acute Community Trusts,1.0,0.35,0.35,2.5,5367,4.707337575724052,4.825530613054952,0.24807207368035264,0.24748737341529162,True,36,0.0,0.000575771312319791,0.0,0.0001151542624639582,validation,49,model_conditional_scenario_no_new_NHS_observations
RVW,North Tees and Hartlepool NHS Foundation Trust,Acute&Acute Community Trusts,1.0,0.35,0.35,2.5,2111,5.071682008052067,5.006375764962925,0.2489605045078108,0.24748737341529162,False,36,0.0,0.00011992841131950773,0.0,2.3985682263901545e-05,validation,138,model_conditional_scenario_no_new_NHS_observations
RW4,Mersey Care NHS Foundation Trust,"MH&LD, MH, LD&Community Trusts",1.0,0.35,0.35,2.5,4491,5.397887120779217,5.314482463208912,0.24818531975848573,0.24748737341529162,False,36,0.0,7.486117285362902e-05,0.0,1.4972234570725804e-05,validation,156,model_conditional_scenario_no_new_NHS_observations
RW5,Lancashire and South Cumbria NHS Foundation Trust,"MH&LD, MH, LD&Community Trusts",1.0,0.35,0.35,2.5,3543,4.99738963698073,5.115540794479274,0.24837040442123426,0.24748737341529162,True,36,0.0,0.00040577991797475344,0.0,8.115598359495069e-05,validation,75,model_conditional_scenario_no_new_NHS_observations
RWA,Hull University Teaching Hospitals NHS Trust,Acute&Acute Community Trusts,1.0,0.35,0.35,2.5,4704,4.844735547181597,4.8939370599015675,0.24815392899723218,0.24748737341529162,False,36,3.75527573743205e-86,0.0008326902391072551,3.75527573743205e-86,0.00016653804782145102,validation,16,model_conditional_scenario_no_new_NHS_observations
RWD,United Lincolnshire Teaching Hospitals NHS Trust,Acute&Acute Community Trusts,1.0,0.35,0.35,2.5,5008,4.835903726669841,4.889527587813586,0.24811372302931786,0.24748737341529162,False,36,5.8004484690778035e-65,0.0008838940242108081,5.8004484690778035e-65,0.00017677880484216163,validation,12,model_conditional_scenario_no_new_NHS_observations
RWE,University Hospitals of Leicester NHS Trust,Acute&Acute Community Trusts,1.0,0.35,0.35,2.5,11467,5.088574677427709,5.015430663931411,0.24776189802492776,0.24748737341529162,False,36,0.0,9.508190943969504e-05,0.0,1.901638188793901e-05,validation,147,model_conditional_scenario_no_new_NHS_observations
RWF,Maidstone and Tunbridge Wells NHS Trust,Acute&Acute Community Trusts,1.0,0.35,0.35,2.5,3394,5.028469974349294,4.985220048801768,0.24840880979810995,0.24748737341529162,False,36,0.0,0.00018241127298933011,0.0,3.6482254597866024e-05,validation,118,model_conditional_scenario_no_new_NHS_observations
RWG,West Hertfordshire Teaching Hospitals NHS Trust,Acute&Acute Community Trusts,1.0,0.35,0.35,2.5,3482,5.007930886258658,4.975033230490362,0.24838573366508435,0.24748737341529162,False,36,0.0,0.00022221479823900288,0.0,4.4442959647800575e-05,validation,109,model_conditional_scenario_no_new_NHS_observations
RWH,East and North Hertfordshire Teaching NHS Trust,Acute&Acute Community Trusts,1.0,0.35,0.35,2.5,2744,4.985845463685876,4.9640289371590125,0.24862457477382602,0.24748737341529162,False,36,0.0,0.0002742108254561561,0.0,5.484216509123122e-05,validation,95,model_conditional_scenario_no_new_NHS_observations
RWJ,Stockport NHS Foundation Trust,Acute&Acute Community Trusts,1.0,0.35,0.35,2.5,3029,5.078547348871322,5.010011351649848,0.24851868871660374,0.24748737341529162,False,36,0.0,0.00010953785324504799,0.0,2.19075706490096e-05,validation,141,model_conditional_scenario_no_new_NHS_observations
RWP,Worcestershire Acute Hospitals NHS Trust,Acute&Acute Community Trusts,1.0,0.35,0.35,2.5,3862,5.084149760111752,5.0129158088104315,0.24829806323338743,0.24748737341529162,False,36,0.0,0.00010216269653148658,0.0,2.0432539306297317e-05,validation,145,model_conditional_scenario_no_new_NHS_observations
RWR,Hertfordshire Partnership University NHS Foundation Trust,"MH&LD, MH, LD&Community Trusts",1.0,0.35,0.35,2.5,2708,5.290545915746015,5.261007183624465,0.2486395168779536,0.24748737341529162,False,36,0.0,0.0002315346287258127,0.0,4.6306925745162535e-05,validation,105,model_conditional_scenario_no_new_NHS_observations
RWV,Devon Partnership NHS Trust,"MH&LD, MH, LD&Community Trusts",1.0,0.35,0.35,2.5,1956,5.150848773367359,5.191954200723288,0.24907537006210376,0.24748737341529162,False,36,1.6207961395976768e-36,0.0007290059572163996,1.6207961395976768e-36,0.0001458011914432799,validation,27,model_conditional_scenario_no_new_NHS_observations
RWW,Warrington and Halton Teaching Hospitals NHS Foundation Trust,Acute&Acute Community Trusts,1.0,0.35,0.35,2.5,1812,5.022959859834748,4.982227509954157,0.24919938887151458,0.24748737341529162,False,36,1.1414048926502566e-298,0.00019707332214862324,1.1414048926502566e-298,3.9414664429724645e-05,validation,115,model_conditional_scenario_no_new_NHS_observations
RWX,Berkshire Healthcare NHS Foundation Trust,"MH&LD, MH, LD&Community Trusts",1.0,0.35,0.35,2.5,3340,5.479052857231665,5.354597511382911,0.2484235664924287,0.24748737341529162,False,36,0.0,2.8307110698943534e-05,0.0,5.661422139788707e-06,validation,173,model_conditional_scenario_no_new_NHS_observations
RWY,Calderdale and Huddersfield NHS Foundation Trust,Acute&Acute Community Trusts,1.0,0.35,0.35,2.5,3360,4.961405131725324,4.951937081752151,0.24841804626437206,0.24748737341529162,False,36,0.0,0.00033892908015132576,0.0,6.778581603026515e-05,validation,84,model_conditional_scenario_no_new_NHS_observations
RX1,Nottingham University Hospitals NHS Trust,Acute&Acute Community Trusts,1.0,0.35,0.35,2.5,8970,4.792989492781167,4.868012225518751,0.24783804744844243,0.24748737341529162,True,36,5.769638130998777e-23,0.0010424711170105858,5.769638130998777e-23,0.00020849422340211716,validation,6,model_conditional_scenario_no_new_NHS_observations
RX3,"Tees, Esk and Wear Valleys NHS Foundation Trust","MH&LD, MH, LD&Community Trusts",1.0,0.35,0.35,2.5,4229,5.232867226165322,5.232438401253075,0.24822823633979546,0.24748737341529162,False,36,0.0,0.00038336741148423413,0.0,7.667348229684683e-05,validation,79,model_conditional_scenario_no_new_NHS_observations
RX4,"Cumbria, Northumberland, Tyne and Wear NHS Foundation Trust","MH&LD, MH, LD&Community Trusts",1.0,0.35,0.35,2.5,4582,5.183384223459021,5.2078340809287935,0.24817155406559702,0.24748737341529162,False,36,0.0,0.0005701442776126609,0.0,0.00011402885552253218,validation,50,model_conditional_scenario_no_new_NHS_observations
RX6,North East Ambulance Service NHS Foundation Trust,Ambulance Trusts,1.0,0.35,0.35,2.5,1842,4.819953405973823,4.626626637599026,0.2491719797287108,0.24748737341529162,False,36,0.0,1.0119818512412584e-06,0.0,2.0239637024825167e-07,validation,189,model_conditional_scenario_no_new_NHS_observations
RX7,North West Ambulance Service NHS Trust,Ambulance Trusts,1.0,0.35,0.35,2.5,4117,4.631999956273279,4.534659401071369,0.24824823616590375,0.24748737341529162,False,36,0.0,1.6872238601044616e-05,0.0,3.3744477202089234e-06,validation,179,model_conditional_scenario_no_new_NHS_observations
RX8,Yorkshire Ambulance Service NHS Trust,Ambulance Trusts,1.0,0.35,0.35,2.5,4691,4.668542754845065,4.552904480959547,0.24815576373362835,0.24748737341529162,False,36,0.0,1.000157601063209e-05,0.0,2.000315202126418e-06,validation,184,model_conditional_scenario_no_new_NHS_observations
RX9,East Midlands Ambulance Service NHS Trust,Ambulance Trusts,1.0,0.35,0.35,2.5,2718,4.426384668562666,4.432503900997425,0.24863532704935318,0.24748737341529162,False,36,0.0,0.00018945209905400754,0.0,3.789041981080151e-05,validation,116,model_conditional_scenario_no_new_NHS_observations
RXA,Cheshire and Wirral Partnership NHS Foundation Trust,"MH&LD, MH, LD&Community Trusts",1.0,0.35,0.35,2.5,2249,5.283120533762209,5.2572810172852495,0.2488713745814046,0.24748737341529162,False,36,0.0,0.0002494908908824864,0.0,4.9898178176497274e-05,validation,98,model_conditional_scenario_no_new_NHS_observations
RXC,East Sussex Healthcare NHS Trust,Acute&Acute Community Trusts,1.0,0.35,0.35,2.5,4296,4.862101054215843,4.902593479414662,0.24821676699596332,0.24748737341529162,False,36,1.0912368380681183e-133,0.000738074742925907,1.0912368380681183e-133,0.0001476149485851814,validation,26,model_conditional_scenario_no_new_NHS_observations
RXE,Rotherham Doncaster and South Humber NHS Foundation Trust,"MH&LD, MH, LD&Community Trusts",1.0,0.35,0.35,2.5,1989,5.137412598539744,5.185312627328865,0.24904943842057403,0.24748737341529162,False,36,2.8460329013914384e-26,0.0008001350921295522,2.8460329013914384e-26,0.00016002701842591046,validation,20,model_conditional_scenario_no_new_NHS_observations
RXF,Mid Yorkshire Teaching NHS Trust,Acute&Acute Community Trusts,1.0,0.35,0.35,2.5,3671,4.906352721523762,4.924606796790828,0.24833987996113072,0.24748737341529162,False,36,5.720968431209191e-277,0.0005319092839988836,5.720968431209191e-277,0.00010638185679977671,validation,57,model_conditional_scenario_no_new_NHS_observations
RXG,South West Yorkshire Partnership NHS Foundation Trust,"MH&LD, MH, LD&Community Trusts",1.0,0.35,0.35,2.5,2871,5.46329566174571,5.346636703701113,0.24857482224943747,0.24748737341529162,False,36,0.0,3.496017044232655e-05,0.0,6.99203408846531e-06,validation,169,model_conditional_scenario_no_new_NHS_observations
RXK,Sandwell and West Birmingham Hospitals NHS Trust,Acute&Acute Community Trusts,1.0,0.35,0.35,2.5,2964,4.881423056536682,4.9122779176050715,0.24854106475312168,0.24748737341529162,False,36,1.292633275194347e-111,0.0006434279368583048,1.292633275194347e-111,0.00012868558737166096,validation,37,model_conditional_scenario_no_new_NHS_observations
RXM,Derbyshire Healthcare NHS Foundation Trust,"MH&LD, MH, LD&Community Trusts",1.0,0.35,0.35,2.5,2160,5.29347494412795,5.262386121043467,0.2489275718660162,0.24748737341529162,False,36,0.0,0.00022698704716683012,0.0,4.539740943336602e-05,validation,106,model_conditional_scenario_no_new_NHS_observations
RXN,Lancashire Teaching Hospitals NHS Foundation Trust,Acute&Acute Community Trusts,1.0,0.35,0.35,2.5,4261,4.936817949284272,4.9397315367886145,0.24822271378254662,0.24748737341529162,False,36,0.0,0.0004159643103767344,0.0,8.319286207534688e-05,validation,74,model_conditional_scenario_no_new_NHS_observations
RXP,County Durham and Darlington NHS Foundation Trust,Acute&Acute Community Trusts,1.0,0.35,0.35,2.5,3096,4.798991510260922,4.871387936230504,0.2484965975453029,0.24748737341529162,True,36,3.979817633929381e-06,0.0010934837494341232,3.979817633929381e-06,0.00021869674988682464,validation,4,model_conditional_scenario_no_new_NHS_observations
RXQ,Buckinghamshire Healthcare NHS Trust,Acute&Acute Community Trusts,1.0,0.35,0.35,2.5,4557,5.262749347041431,5.10178891463842,0.2481752814572722,0.24748737341529162,False,36,0.0,1.0668783152439434e-05,0.0,2.133756630487887e-06,validation,183,model_conditional_scenario_no_new_NHS_observations
RXV,Greater Manchester Mental Health NHS Foundation Trust,"MH&LD, MH, LD&Community Trusts",1.0,0.35,0.35,2.5,2847,5.07669374944278,5.155043906331195,0.2485838879124647,0.24748737341529162,True,36,1.1055420554662846e-60,0.0007487903032620665,1.1055420554662846e-60,0.00014975806065241332,validation,24,model_conditional_scenario_no_new_NHS_observations
RXW,The Shrewsbury and Telford Hospital NHS Trust,Acute&Acute Community Trusts,1.0,0.35,0.35,2.5,3797,4.889983833464849,4.916472849125918,0.24831182574897434,0.24748737341529162,False,36,3.833420789995901e-214,0.0006025752317339,3.833420789995901e-214,0.00012051504634678,validation,43,model_conditional_scenario_no_new_NHS_observations
RXX,Surrey and Borders Partnership NHS Foundation Trust,"MH&LD, MH, LD&Community Trusts",1.0,0.35,0.35,2.5,2006,5.152875156509391,5.192941810231828,0.24903640746490904,0.24748737341529162,False,36,6.0531936284211875e-40,0.0007184863133460292,6.0531936284211875e-40,0.00014369726266920583,validation,28,model_conditional_scenario_no_new_NHS_observations
RXY,Kent and Medway NHS and Social Care Partnership Trust,"MH&LD, MH, LD&Community Trusts",1.0,0.35,0.35,2.5,1999,5.15532916409753,5.194155070997105,0.249041746731354,0.24748737341529162,False,36,3.960874777344315e-42,0.0007061190703345698,3.960874777344315e-42,0.00014122381406691398,validation,29,model_conditional_scenario_no_new_NHS_observations
RY2,Bridgewater Community Healthcare NHS Foundation Trust,Community Trusts,1.0,0.35,0.35,2.5,819,4.787480268060491,4.9978178578806896,0.2511975017141915,0.24748737341529162,True,36,1.3270917196165848e-53,0.0002723446200094151,1.3270917196165848e-53,5.4468924001883024e-05,validation,96,model_conditional_scenario_no_new_NHS_observations
RY3,Norfolk Community Health and Care NHS Trust,Community Trusts,1.0,0.35,0.35,2.5,1677,5.162657590214402,5.1794875850769415,0.2493346395661128,0.24748737341529162,False,36,1.8127771881758303e-170,0.00029439321330257764,1.8127771881758303e-170,5.887864266051553e-05,validation,90,model_conditional_scenario_no_new_NHS_observations
RY4,Hertfordshire Community NHS Trust,Community Trusts,1.0,0.35,0.35,2.5,1662,5.428005953039109,5.310158330539817,0.2493509982474752,0.24748737341529162,False,36,0.0,1.5209927418537696e-05,0.0,3.041985483707539e-06,validation,182,model_conditional_scenario_no_new_NHS_observations
RY5,Lincolnshire Community Health Services NHS Trust,Community Trusts,1.0,0.35,0.35,2.5,1509,4.981026326870255,5.090208903669,0.2495360499305047,0.24748737341529162,True,36,1.0155283074035575e-05,0.0010826663857213725,1.0155283074035575e-05,0.0002165332771442745,validation,5,model_conditional_scenario_no_new_NHS_observations
RY6,Leeds Community Healthcare NHS Trust,Community Trusts,1.0,0.35,0.35,2.5,1783,5.157750508980817,5.177054090801304,0.24922674574706313,0.24748737341529162,False,36,2.1009495107786516e-181,0.00030681739777969956,2.1009495107786516e-181,6.136347955593991e-05,validation,87,model_conditional_scenario_no_new_NHS_observations
RY7,Wirral Community Health and Care NHS Foundation Trust,Community Trusts,1.0,0.35,0.35,2.5,861,4.985023674415926,5.093455116968333,0.25102296521183987,0.24748737341529162,False,36,3.317546001558202e-05,0.0010950022930255729,3.317546001558202e-05,0.00021900045860511456,validation,2,model_conditional_scenario_no_new_NHS_observations
RY8,Derbyshire Community Health Services NHS Foundation Trust,Community Trusts,1.0,0.35,0.35,2.5,3150,5.261948301204113,5.228618869331979,0.24847946980619362,0.24748737341529162,False,36,0.0,0.00010944975653285462,0.0,2.1889951306570925e-05,validation,142,model_conditional_scenario_no_new_NHS_observations
RYA,West Midlands Ambulance Service University NHS Foundation Trust,Ambulance Trusts,1.0,0.35,0.35,2.5,2987,4.18304018399615,4.311856956127727,0.24853303692327347,0.24748737341529162,True,36,7.514511553269298e-207,0.0005096010244500444,7.514511553269298e-207,0.00010192020489000888,validation,63,model_conditional_scenario_no_new_NHS_observations
RYC,East of England Ambulance Service NHS Trust,Ambulance Trusts,1.0,0.35,0.35,2.5,3978,4.296127630326422,4.3677726356721625,0.24827461108052826,0.24748737341529162,False,36,1.4899077857654458e-258,0.0005810000012509358,1.4899077857654458e-258,0.00011620000025018716,validation,48,model_conditional_scenario_no_new_NHS_observations
RYD,South East Coast Ambulance Service NHS Foundation Trust,Ambulance Trusts,1.0,0.35,0.35,2.5,3621,4.44372913058889,4.441101502631099,0.2483515489713998,0.24748737341529162,False,36,0.0,0.00015845902762391046,0.0,3.1691805524782096e-05,validation,126,model_conditional_scenario_no_new_NHS_observations
RYE,South Central Ambulance Service NHS Foundation Trust,Ambulance Trusts,1.0,0.35,0.35,2.5,2091,4.199644467173298,4.320516945716357,0.2489743833145238,0.24748737341529162,True,36,6.070143910433137e-78,0.0005861831009572356,6.070143910433137e-78,0.00011723662019144712,validation,47,model_conditional_scenario_no_new_NHS_observations
RYF,South Western Ambulance Service NHS Foundation Trust,Ambulance Trusts,1.0,0.35,0.35,2.5,3329,4.312599288113916,4.376033597074539,0.24842663062263237,0.24748737341529162,False,36,6.077165740989751e-251,0.0005120658367336992,6.077165740989751e-251,0.00010241316734673983,validation,62,model_conditional_scenario_no_new_NHS_observations
RYG,Coventry and Warwickshire Partnership NHS Trust,"MH&LD, MH, LD&Community Trusts",1.0,0.35,0.35,2.5,2023,5.141790707081871,5.187464479600244,0.24902359212458453,0.24748737341529162,False,36,2.0129599372592774e-30,0.0007763104155689692,2.0129599372592774e-30,0.00015526208311379385,validation,23,model_conditional_scenario_no_new_NHS_observations
RYJ,Imperial College Healthcare NHS Trust,Acute&Acute Community Trusts,1.0,0.35,0.35,2.5,8648,5.041157508859828,4.9917391584270625,0.2478510565058714,0.24748737341529162,False,36,0.0,0.00015782476008158284,0.0,3.156495201631657e-05,validation,127,model_conditional_scenario_no_new_NHS_observations
RYR,University Hospitals Sussex NHS Foundation Trust,Acute&Acute Community Trusts,1.0,0.35,0.35,2.5,8266,4.940444545937948,4.941530930324336,0.24786779897154937,0.24748737341529162,False,36,0.0,0.0004013420708857118,0.0,8.026841417714236e-05,validation,77,model_conditional_scenario_no_new_NHS_observations
RYV,Cambridgeshire Community Services NHS Trust,Community Trusts,1.0,0.35,0.35,2.5,1466,5.351619011670061,5.272387483254447,0.24959486356298877,0.24748737341529162,False,36,0.0,4.134823210536098e-05,0.0,8.269646421072196e-06,validation,167,model_conditional_scenario_no_new_NHS_observations
RYW,Birmingham Community Healthcare NHS Foundation Trust,Community Trusts,1.0,0.35,0.35,2.5,3479,5.065094024883836,5.130933142589422,0.24838650130525616,0.24748737341529162,False,36,1.2148811971400325e-150,0.0006419510567323522,1.2148811971400325e-150,0.00012839021134647044,validation,38,model_conditional_scenario_no_new_NHS_observations
RYX,Central London Community Healthcare NHS Trust,Community Trusts,1.0,0.35,0.35,2.5,3243,5.293368715678552,5.244214018537069,0.24845129611622238,0.24748737341529162,False,36,0.0,7.735586046145437e-05,0.0,1.5471172092290876e-05,validation,154,model_conditional_scenario_no_new_NHS_observations
RYY,Kent Community Health NHS Foundation Trust,Community Trusts,1.0,0.35,0.35,2.5,3496,5.471020034607948,5.33242356441032,0.24838216860675075,0.24748737341529162,False,36,0.0,7.583745122862248e-06,0.0,1.5167490245724496e-06,validation,187,model_conditional_scenario_no_new_NHS_observations
TAD,Bradford District Care NHS Foundation Trust,"MH&LD, MH, LD&Community Trusts",1.0,0.35,0.35,2.5,1689,5.329497592539193,5.280030916106039,0.24932175795811035,0.24748737341529162,False,36,7.53515668241654e-309,0.0001623609842159396,7.53515668241654e-309,3.247219684318792e-05,validation,125,model_conditional_scenario_no_new_NHS_observations
TAH,Sheffield Health and Social Care NHS Foundation Trust,"MH&LD, MH, LD&Community Trusts",1.0,0.35,0.35,2.5,1684,5.083478674010145,5.158854947089793,0.24932710339771463,0.24748737341529162,True,36,2.1647815444750764e-21,0.0007959571946806383,2.1647815444750764e-21,0.00015919143893612767,validation,21,model_conditional_scenario_no_new_NHS_observations
TAJ,Black Country Healthcare NHS Foundation Trust,"MH&LD, MH, LD&Community Trusts",1.0,0.35,0.35,2.5,2526,4.959776905243845,5.0972567243339375,0.2487214956986526,0.24748737341529162,True,36,0.0,0.00029741481280844264,0.0,5.948296256168853e-05,validation,89,model_conditional_scenario_no_new_NHS_observations
R0A,Manchester University NHS Foundation Trust,Acute&Acute Community Trusts,1.0,0.7,0.35,2.5,10685,5.033296606876863,4.960730537307154,0.31308684891421,0.3130495168499705,False,36,0.0,0.001125183681712611,0.0,0.00022503673634252219,validation,121,model_conditional_scenario_no_new_NHS_observations
R0B,South Tyneside and Sunderland NHS Foundation Trust,Acute&Acute Community Trusts,1.0,0.7,0.35,2.5,4681,5.102526485582064,4.974524249134245,0.3131346215645786,0.31304951684997057,False,36,0.0,0.0009864813094253905,0.0,0.0001972962618850781,validation,151,model_conditional_scenario_no_new_NHS_observations
R0D,University Hospitals Dorset NHS Foundation Trust,Acute&Acute Community Trusts,1.0,0.7,0.35,2.5,5519,4.99703607359645,4.95347564668805,0.3131217246762022,0.31304951684997057,False,36,0.0,0.0012039319701878223,0.0,0.00024078639403756445,validation,100,model_conditional_scenario_no_new_NHS_observations
R1A,Herefordshire and Worcestershire Health and Care NHS Trust,"MH&LD, MH, LD&Community Trusts",1.0,0.7,0.35,2.5,2399,5.188850693999996,5.223418453205684,0.3132152114922481,0.3130495168499705,False,36,6.2219394335247606e-117,0.0014250571275140273,6.2219394335247606e-117,0.00028501142550280546,validation,55,model_conditional_scenario_no_new_NHS_observations
R1D,Shropshire Community Health NHS Trust,Community Trusts,1.0,0.7,0.35,2.5,995,5.145010753504204,5.185761842322299,0.31344649577743855,0.31304951684997057,False,36,2.7713142749380186e-55,0.0012841737707742545,2.7713142749380186e-55,0.00025683475415485093,validation,83,model_conditional_scenario_no_new_NHS_observations
R1F1,Isle of Wight NHS Trust (acute sector),Acute&Acute Community Trusts,1.0,0.7,0.35,2.5,1420,4.706366986566817,4.895699023263468,0.31332858188858304,0.31304951684997057,True,36,2.523190864165364e-40,0.0014463649176699972,2.523190864165364e-40,0.00028927298353399945,validation,46,model_conditional_scenario_no_new_NHS_observations
R1F2,Isle of Wight NHS Trust (ambulance sector),Ambulance Trusts,1.0,0.7,0.35,2.5,170,4.500436279582561,4.45019425052024,0.3152575391141184,0.31304951684997057,False,36,1.4812660252144732e-11,0.0010175497403856616,1.4812660252144732e-11,0.0002035099480771323,validation,144,model_conditional_scenario_no_new_NHS_observations
R1H,Barts Health NHS Trust,Acute&Acute Community Trusts,1.0,0.7,0.35,2.5,9566,4.912268004676804,4.936548587621814,0.31309121095557474,0.31304951684997057,False,36,0.0,0.0014010432950446402,0.0,0.00028020865900892805,validation,65,model_conditional_scenario_no_new_NHS_observations
R1K,London North West University Healthcare NHS Trust,Acute&Acute Community Trusts,1.0,0.7,0.35,2.5,4285,5.034382577516363,4.960921431403597,0.31314246670173407,0.31304951684997057,False,36,0.0,0.0011236755742527675,0.0,0.0002247351148505535,validation,122,model_conditional_scenario_no_new_NHS_observations
R1L,Essex Partnership University NHS Foundation Trust,"MH&LD, MH, LD&Community Trusts",1.0,0.7,0.35,2.5,3632,5.268213995895022,5.23923426637118,0.31315912848925026,0.31304951684997057,False,36,0.0,0.0012373770515676707,0.0,0.00024747541031353416,validation,92,model_conditional_scenario_no_new_NHS_observations
RA2,Royal Surrey County Hospital NHS Foundation Trust,Acute&Acute Community Trusts,1.0,0.7,0.35,2.5,2383,5.157713239348739,4.985447738364718,0.3132163189650188,0.3130495168499705,False,36,0.0,0.0008860542114663031,0.0,0.0001772108422932606,validation,165,model_conditional_scenario_no_new_NHS_observations
RA7,University Hospitals Bristol and Weston NHS Foundation Trust,Acute&Acute Community Trusts,1.0,0.7,0.35,2.5,8285,5.108738615013536,4.975795371861161,0.3130976491388139,0.3130495168499705,False,36,0.0,0.0009739822555988293,0.0,0.00019479645111976585,validation,154,model_conditional_scenario_no_new_NHS_observations
RAE,Bradford Teaching Hospitals NHS Foundation Trust,Acute&Acute Community Trusts,1.0,0.7,0.35,2.5,3212,5.09018474296827,4.972032001279209,0.31317341305368945,0.31304951684997057,False,36,0.0,0.001011009257822157,0.0,0.0002022018515644314,validation,147,model_conditional_scenario_no_new_NHS_observations
RAJ,Mid and South Essex NHS Foundation Trust,Acute&Acute Community Trusts,1.0,0.7,0.35,2.5,6465,4.462888866214896,4.846817489368398,0.3131111764560981,0.31304951684997057,True,36,0.0,0.0009166493147011628,0.0,0.00018332986294023254,validation,162,model_conditional_scenario_no_new_NHS_observations
RAN,Royal National Orthopaedic Hospital NHS Trust,Acute Specialist Trusts,1.0,0.7,0.35,2.5,773,5.375492586648612,5.248997143903509,0.3135589284410955,0.3130495168499705,False,36,1.4066705850989136e-184,0.0008118327059695262,1.4066705850989136e-184,0.00016236654119390523,validation,174,model_conditional_scenario_no_new_NHS_observations
RAS,The Hillingdon Hospitals NHS Foundation Trust,Acute&Acute Community Trusts,1.0,0.7,0.35,2.5,1970,5.002245530547993,4.954476166125477,0.31325109674751594,0.31304951684997057,False,36,4.2790209967193606e-290,0.0011940892087547216,4.2790209967193606e-290,0.0002388178417509443,validation,102,model_conditional_scenario_no_new_NHS_observations
RAT,North East London NHS Foundation Trust,"MH&LD, MH, LD&Community Trusts",1.0,0.7,0.35,2.5,3955,5.163350826992319,5.218317255955296,0.31315020111320835,0.31304951684997057,False,36,5.27919087212381e-175,0.0014886184284789593,5.27919087212381e-175,0.0002977236856957919,validation,33,model_conditional_scenario_no_new_NHS_observations
RBD,Dorset County Hospital NHS Foundation Trust,Acute&Acute Community Trusts,1.0,0.7,0.35,2.5,1616,5.009444890083157,4.955893624179746,0.31329496044838845,0.3130495168499705,False,36,3.0339808714573866e-212,0.0011789763842088693,3.0339808714573866e-212,0.00023579527684177386,validation,109,model_conditional_scenario_no_new_NHS_observations
RBK,Walsall Healthcare NHS Trust,Acute&Acute Community Trusts,1.0,0.7,0.35,2.5,2314,4.652547173256712,4.8848526512597505,0.31322126955884544,0.31304951684997057,True,36,5.178786455653837e-220,0.0013138231834742607,5.178786455653837e-220,0.00026276463669485213,validation,81,model_conditional_scenario_no_new_NHS_observations
RBL,Wirral University Teaching Hospital NHS Foundation Trust,Acute&Acute Community Trusts,1.0,0.7,0.35,2.5,2794,4.71875466644158,4.89800236928086,0.31319187706028057,0.3130495168499705,True,36,9.379032266174013e-105,0.0014740860523303478,9.379032266174013e-105,0.00029481721046606955,validation,40,model_conditional_scenario_no_new_NHS_observations
RBQ,Liverpool Heart and Chest Hospital NHS Foundation Trust,Acute Specialist Trusts,1.0,0.7,0.35,2.5,1134,5.678241716776859,5.30913655315036,0.31339829688591603,0.31304951684997057,False,36,0.0,0.00041457020352965766,0.0,8.291404070593153e-05,validation,190,model_conditional_scenario_no_new_NHS_observations
RBS,Alder Hey Children's NHS Foundation Trust,Acute&Acute Community Trusts,1.0,0.7,0.35,2.5,2417,5.03379651104725,4.9607711525341385,0.3132139830333227,0.31304951684997057,False,36,0.0,0.0011259122991071292,0.0,0.00022518245982142585,validation,120,model_conditional_scenario_no_new_NHS_observations
RBT,Mid Cheshire Hospitals NHS Foundation Trust,Acute&Acute Community Trusts,1.0,0.7,0.35,2.5,2321,5.159859070401051,4.985870147597985,0.31322075397107135,0.31304951684997057,False,36,0.0,0.0008823379195152946,0.0,0.0001764675839030589,validation,166,model_conditional_scenario_no_new_NHS_observations
RBV,The Christie NHS Foundation Trust,Acute Specialist Trusts,1.0,0.7,0.35,2.5,1947,5.371544749364454,5.248458032170709,0.31325346483391303,0.31304951684997057,False,36,0.0,0.0008137919435036678,0.0,0.00016275838870073356,validation,173,model_conditional_scenario_no_new_NHS_observations
RC9,Bedfordshire Hospitals NHS Foundation Trust,Acute&Acute Community Trusts,1.0,0.7,0.35,2.5,3542,4.996424718879917,4.953342546721663,0.31316190515328884,0.31304951684997057,False,36,0.0,0.0012057759879800418,0.0,0.00024115519759600835,validation,98,model_conditional_scenario_no_new_NHS_observations
RCB,York and Scarborough Teaching Hospitals NHS Foundation Trust,Acute&Acute Community Trusts,1.0,0.7,0.35,2.5,5839,4.89781742010006,4.933667632865802,0.3131177747395023,0.31304951684997057,False,36,0.0,0.0014369240006000823,0.0,0.0002873848001200165,validation,51,model_conditional_scenario_no_new_NHS_observations
RCD,Harrogate and District NHS Foundation Trust,Acute&Acute Community Trusts,1.0,0.7,0.35,2.5,3330,5.232869698503418,5.000485115890814,0.3131690369850702,0.31304951684997057,False,36,0.0,0.0007590414001327886,0.0,0.0001518082800265577,validation,180,model_conditional_scenario_no_new_NHS_observations
RCF,Airedale NHS Foundation Trust,Acute&Acute Community Trusts,1.0,0.7,0.35,2.5,1473,4.975561958614382,4.949155572598643,0.3133186142139682,0.31304951684997057,False,36,1.0806235135267576e-127,0.0012542130393416557,1.0806235135267576e-127,0.0002508426078683311,validation,85,model_conditional_scenario_no_new_NHS_observations
RCU,Sheffield Children's NHS Foundation Trust,Acute&Acute Community Trusts,1.0,0.7,0.35,2.5,2212,5.172472246752322,4.988371870508247,0.31322915081194924,0.31304951684997057,False,36,0.0,0.0008604112434955563,0.0,0.00017208224869911127,validation,168,model_conditional_scenario_no_new_NHS_observations
RCX,The Queen Elizabeth Hospital King's Lynn NHS Foundation Trust,Acute&Acute Community Trusts,1.0,0.7,0.35,2.5,2188,4.693193387518781,4.892958757171015,0.3132311114876725,0.31304951684997057,True,36,8.76298504783569e-109,0.0014114184645771205,8.76298504783569e-109,0.0002822836929154241,validation,59,model_conditional_scenario_no_new_NHS_observations
RD1,Royal United Hospitals Bath NHS Foundation Trust,Acute&Acute Community Trusts,1.0,0.7,0.35,2.5,3322,4.870227174391674,4.928178286576088,0.31316932387571716,0.31304951684997057,False,36,1.4373318589893513e-105,0.001506954077288047,1.4373318589893513e-105,0.00030139081545760944,validation,31,model_conditional_scenario_no_new_NHS_observations
RD8,Milton Keynes University Hospital NHS Foundation Trust,Acute&Acute Community Trusts,1.0,0.7,0.35,2.5,2646,5.007673109794047,4.955573153396113,0.3131998072702004,0.3130495168499705,False,36,0.0,0.0011815973708386423,0.0,0.00023631947416772846,validation,107,model_conditional_scenario_no_new_NHS_observations
RDE,East Suffolk and North Essex NHS Foundation Trust,Acute&Acute Community Trusts,1.0,0.7,0.35,2.5,6181,4.826152582960841,4.919357425113356,0.31311400458526634,0.31304951684997057,False,36,8.337029205366405e-56,0.0016227270355422673,8.337029205366405e-56,0.0003245454071084535,validation,8,model_conditional_scenario_no_new_NHS_observations
RDR,Sussex Community NHS Foundation Trust,Community Trusts,1.0,0.7,0.35,2.5,4042,5.455663526627008,5.2476583751141685,0.31314803978254385,0.31304951684997057,False,36,0.0,0.0006968331398588951,0.0,0.00013936662797177902,validation,185,model_conditional_scenario_no_new_NHS_observations
RDU,Frimley Health NHS Foundation Trust,Acute&Acute Community Trusts,1.0,0.7,0.35,2.5,5683,5.214387091389177,4.996868516109487,0.31311964487066085,0.31304951684997057,False,36,0.0,0.0007877816219244963,0.0,0.00015755632438489925,validation,177,model_conditional_scenario_no_new_NHS_observations
RDY,Dorset Healthcare University NHS Foundation Trust,"MH&LD, MH, LD&Community Trusts",1.0,0.7,0.35,2.5,3551,5.32574192241569,5.250706422845867,0.31316162117246066,0.31304951684997057,False,36,0.0,0.001112681927225568,0.0,0.00022253638544511358,validation,124,model_conditional_scenario_no_new_NHS_observations
REF,Royal Cornwall Hospitals NHS Trust,Acute&Acute Community Trusts,1.0,0.7,0.35,2.5,3848,4.677182765495703,4.889665472770546,0.3131529929396689,0.3130495168499705,True,36,0.0,0.00137050481461961,0.0,0.000274100962923922,validation,68,model_conditional_scenario_no_new_NHS_observations
REM,Liverpool University Hospitals NHS Foundation Trust,Acute&Acute Community Trusts,1.0,0.7,0.35,2.5,4448,4.900798593715324,4.934267379165961,0.31313906877307374,0.31304951684997057,False,36,0.0,0.0014296589091578893,0.0,0.00028593178183157784,validation,53,model_conditional_scenario_no_new_NHS_observations
REN,The Clatterbridge Cancer Centre NHS Foundation Trust,Acute Specialist Trusts,1.0,0.7,0.35,2.5,1209,5.148985203133816,5.20422167892559,0.3133768526981001,0.31304951684997057,False,36,4.2069329744783083e-91,0.0012494818127751367,4.2069329744783083e-91,0.00024989636255502734,validation,88,model_conditional_scenario_no_new_NHS_observations
REP,Liverpool Women's NHS Foundation Trust,Acute Specialist Trusts,1.0,0.7,0.35,2.5,772,4.870614374479285,5.149338233310265,0.31355957916291716,0.3130495168499705,True,36,2.9719777944345122e-46,0.0012271958507605702,2.9719777944345122e-46,0.00024543917015211404,validation,95,model_conditional_scenario_no_new_NHS_observations
RET,The Walton Centre NHS Foundation Trust,Acute Specialist Trusts,1.0,0.7,0.35,2.5,578,5.26298595970273,5.226750021307989,0.3137276247833733,0.31304951684997057,False,36,5.70192968560026e-60,0.001014794040214472,5.70192968560026e-60,0.0002029588080428944,validation,145,model_conditional_scenario_no_new_NHS_observations
RF4,"Barking, Havering and Redbridge University Hospitals NHS Trust",Acute&Acute Community Trusts,1.0,0.7,0.35,2.5,4158,4.72425974416934,4.89904737703514,0.3131452983351183,0.31304951684997057,True,36,1.593809318838148e-195,0.0014869339172344156,1.593809318838148e-195,0.0002973867834468831,validation,34,model_conditional_scenario_no_new_NHS_observations
RFF,Barnsley Hospital NHS Foundation Trust,Acute&Acute Community Trusts,1.0,0.7,0.35,2.5,2219,5.136556181678653,4.9812222012082215,0.3132285868984379,0.31304951684997057,False,36,0.0,0.0009243551883828777,0.0,0.00018487103767657554,validation,161,model_conditional_scenario_no_new_NHS_observations
RFR,The Rotherham NHS Foundation Trust,Acute&Acute Community Trusts,1.0,0.7,0.35,2.5,3137,5.104376831626352,4.974858988701953,0.313176364986002,0.31304951684997057,False,36,0.0,0.0009836328298396515,0.0,0.0001967265659679303,validation,152,model_conditional_scenario_no_new_NHS_observations
RFS,Chesterfield Royal Hospital NHS Foundation Trust,Acute&Acute Community Trusts,1.0,0.7,0.35,2.5,2972,5.003096039227562,4.954666336051391,0.3131833817657891,0.31304951684997057,False,36,0.0,0.0011913757966994952,0.0,0.00023827515933989903,validation,104,model_conditional_scenario_no_new_NHS_observations
RGD,Leeds and York Partnership NHS Foundation Trust,"MH&LD, MH, LD&Community Trusts",1.0,0.7,0.35,2.5,1497,5.190906308393158,5.223848674668514,0.3133143310465255,0.31304951684997057,False,36,2.6294923083580963e-52,0.00142066664835324,2.6294923083580963e-52,0.000284133329670648,validation,56,model_conditional_scenario_no_new_NHS_observations
RGM,Royal Papworth Hospital NHS Foundation Trust,Acute Specialist Trusts,1.0,0.7,0.35,2.5,1177,5.188774029843231,5.2121141555659465,0.31338567100435205,0.31304951684997057,False,36,8.218643151912623e-126,0.0011622582573535183,8.218643151912623e-126,0.00023245165147070366,validation,113,model_conditional_scenario_no_new_NHS_observations
RGN,North West Anglia NHS Foundation Trust,Acute&Acute Community Trusts,1.0,0.7,0.35,2.5,3216,4.459261605305287,4.846246595890612,0.31317325947167995,0.3130495168499705,True,36,0.0,0.0009119853540817467,0.0,0.00018239707081634933,validation,164,model_conditional_scenario_no_new_NHS_observations
RGP,James Paget University Hospitals NHS Foundation Trust,Acute&Acute Community Trusts,1.0,0.7,0.35,2.5,1657,4.760551985153012,4.906421774413831,0.31328892678842646,0.31304951684997057,True,36,1.2638351609934915e-15,0.0015843221832793548,1.2638351609934915e-15,0.00031686443665587095,validation,15,model_conditional_scenario_no_new_NHS_observations
RGR,West Suffolk NHS Foundation Trust,Acute&Acute Community Trusts,1.0,0.7,0.35,2.5,2435,4.74071370554987,4.902399768611456,0.3132127726559141,0.31304951684997057,True,36,7.69720732733299e-48,0.0015307394706525004,7.69720732733299e-48,0.0003061478941305001,validation,25,model_conditional_scenario_no_new_NHS_observations
RGT,Cambridge University Hospitals NHS Foundation Trust,Acute&Acute Community Trusts,1.0,0.7,0.35,2.5,6990,4.925261247972768,4.939145827847398,0.31310655254164166,0.31304951684997057,False,36,0.0,0.0013695767636790655,0.0,0.0002739153527358131,validation,69,model_conditional_scenario_no_new_NHS_observations
RHA,Nottinghamshire Healthcare NHS Foundation Trust,"MH&LD, MH, LD&Community Trusts",1.0,0.7,0.35,2.5,4456,4.874412494463094,5.1606576545162985,0.313138908387853,0.31304951684997057,True,36,0.0,0.0010652049846929053,0.0,0.00021304099693858107,validation,135,model_conditional_scenario_no_new_NHS_observations
RHM,University Hospital Southampton NHS Foundation Trust,Acute&Acute Community Trusts,1.0,0.7,0.35,2.5,4801,4.898579234362294,4.933823044381972,0.3131324991826586,0.3130495168499705,False,36,0.0,0.0014351260252119461,0.0,0.0002870252050423892,validation,52,model_conditional_scenario_no_new_NHS_observations
RHQ,Sheffield Teaching Hospitals NHS Foundation Trust,Acute&Acute Community Trusts,1.0,0.7,0.35,2.5,10718,4.881592309708601,4.930418589669653,0.31308673408745175,0.31304951684997057,False,36,0.0,0.0014775273871447247,0.0,0.00029550547742894495,validation,38,model_conditional_scenario_no_new_NHS_observations
RHU,Portsmouth Hospitals University NHS Trust,Acute&Acute Community Trusts,1.0,0.7,0.35,2.5,3768,4.802865589846258,4.9147371222464304,0.3131551835811406,0.31304951684997057,False,36,9.35124035446105e-07,0.0016862823142606092,9.35124035446105e-07,0.00033725646285212183,validation,2,model_conditional_scenario_no_new_NHS_observations
RHW,Royal Berkshire NHS Foundation Trust,Acute&Acute Community Trusts,1.0,0.7,0.35,2.5,4156,5.285013243534149,5.010923442958739,0.31314534430830054,0.31304951684997057,False,36,0.0,0.0006792202519231394,0.0,0.00013584405038462788,validation,186,model_conditional_scenario_no_new_NHS_observations
RJ1,Guy's and St Thomas' NHS Foundation Trust,Acute&Acute Community Trusts,1.0,0.7,0.35,2.5,11816,5.128245974433135,4.979705680562034,0.313083278851678,0.31304951684997057,False,36,0.0,0.0009370848693214293,0.0,0.00018741697386428585,validation,160,model_conditional_scenario_no_new_NHS_observations
RJ2,Lewisham and Greenwich NHS Trust,Acute&Acute Community Trusts,1.0,0.7,0.35,2.5,4770,5.01487492662177,4.957032653744971,0.3131330372578538,0.31304951684997057,False,36,0.0,0.0011651239907920592,0.0,0.00023302479815841184,validation,111,model_conditional_scenario_no_new_NHS_observations
RJ6,Croydon Health Services NHS Trust,Acute&Acute Community Trusts,1.0,0.7,0.35,2.5,2037,5.027158642981511,4.959435964678654,0.3132445015820319,0.31304951684997057,False,36,0.0,0.0011403490604572557,0.0,0.00022806981209145112,validation,117,model_conditional_scenario_no_new_NHS_observations
RJ7,St George's University Hospitals NHS Foundation Trust,Acute&Acute Community Trusts,1.0,0.7,0.35,2.5,4453,4.887730566714432,4.931659727726566,0.31313896846494227,0.31304951684997057,False,36,4.619523054019284e-279,0.0014623099391776102,4.619523054019284e-279,0.00029246198783552203,validation,41,model_conditional_scenario_no_new_NHS_observations
RJ8,Cornwall Partnership NHS Foundation Trust,"MH&LD, MH, LD&Community Trusts",1.0,0.7,0.35,2.5,3068,5.026328323604617,5.191013783129551,0.3131792077829344,0.31304951684997057,True,36,1.6855071072372292e-212,0.0014060231237193609,1.6855071072372292e-212,0.00028120462474387215,validation,61,model_conditional_scenario_no_new_NHS_observations
RJC,South Warwickshire University NHS Foundation Trust,Acute&Acute Community Trusts,1.0,0.7,0.35,2.5,2605,5.194167129545242,4.9927256400532,0.31320216288202274,0.3130495168499705,False,36,0.0,0.000822859718577624,0.0,0.0001645719437155248,validation,171,model_conditional_scenario_no_new_NHS_observations
RJE,University Hospitals of North Midlands NHS Trust,Acute&Acute Community Trusts,1.0,0.7,0.35,2.5,5372,4.8790352090298,4.929919668514964,0.3131236965994115,0.31304951684997057,False,36,0.0,0.001484225431706701,0.0,0.00029684508634134023,validation,35,model_conditional_scenario_no_new_NHS_observations
RJL,Northern Lincolnshire and Goole NHS Foundation Trust,Acute&Acute Community Trusts,1.0,0.7,0.35,2.5,3271,4.946698589583346,4.943425695599346,0.31317118568352964,0.31304951684997057,False,36,0.0,0.0013191421946847012,0.0,0.00026382843893694026,validation,78,model_conditional_scenario_no_new_NHS_observations
RJN,East Cheshire NHS Trust,Acute&Acute Community Trusts,1.0,0.7,0.35,2.5,1321,4.924497900633165,4.939015868332319,0.3133493256813396,0.31304951684997057,False,36,1.4288328040120026e-56,0.001373432361256522,1.4288328040120026e-56,0.0002746864722513044,validation,67,model_conditional_scenario_no_new_NHS_observations
RJR,Countess of Chester Hospital NHS Foundation Trust,Acute&Acute Community Trusts,1.0,0.7,0.35,2.5,2188,4.618213802992669,4.87803245143681,0.3132311114876725,0.31304951684997057,True,36,4.30524119019858e-294,0.001235495191947585,4.30524119019858e-294,0.000247099038389517,validation,93,model_conditional_scenario_no_new_NHS_observations
RJZ,King's College Hospital NHS Foundation Trust,Acute&Acute Community Trusts,1.0,0.7,0.35,2.5,6353,4.844882315255672,4.923096326894379,0.3131122616301487,0.31304951684997057,False,36,7.56047234550224e-154,0.0015727283340199398,7.56047234550224e-154,0.00031454566680398795,validation,17,model_conditional_scenario_no_new_NHS_observations
RK5,Sherwood Forest Hospitals NHS Foundation Trust,Acute&Acute Community Trusts,1.0,0.7,0.35,2.5,3596,4.833012007832405,4.920752945692513,0.3131602225264823,0.3130495168499705,False,36,1.2913529849101156e-33,0.0016043936482972184,1.2913529849101156e-33,0.0003208787296594437,validation,10,model_conditional_scenario_no_new_NHS_observations
RK9,University Hospitals Plymouth NHS Trust,Acute&Acute Community Trusts,1.0,0.7,0.35,2.5,5422,4.868694596347482,4.927855208942688,0.3131230139019051,0.31304951684997057,False,36,7.51272423782497e-255,0.0015106747239531809,7.51272423782497e-255,0.00030213494479063615,validation,29,model_conditional_scenario_no_new_NHS_observations
RKB,University Hospitals Coventry and Warwickshire NHS Trust,Acute&Acute Community Trusts,1.0,0.7,0.35,2.5,6305,4.933915092043216,4.94087434872385,0.31311273848653426,0.31304951684997057,False,36,0.0,0.0013488640879461106,0.0,0.0002697728175892221,validation,72,model_conditional_scenario_no_new_NHS_observations
RKE,Whittington Health NHS Trust,Acute&Acute Community Trusts,1.0,0.7,0.35,2.5,2483,5.241123918395662,5.002068955415116,0.31320963040382555,0.31304951684997057,False,36,0.0,0.0007468598524683523,0.0,0.00014937197049367046,validation,181,model_conditional_scenario_no_new_NHS_observations
RKL,West London NHS Trust,"MH&LD, MH, LD&Community Trusts",1.0,0.7,0.35,2.5,4133,5.379938065556677,5.261526501106937,0.3131458761895191,0.3130495168499705,False,36,0.0,0.0010032274522356337,0.0,0.00020064549044712673,validation,148,model_conditional_scenario_no_new_NHS_observations
RL1,The Robert Jones and Agnes Hunt Orthopaedic Hospital NHS Foundation Trust,Acute Specialist Trusts,1.0,0.7,0.35,2.5,822,5.061806859756023,5.187053431526625,0.3135289573265127,0.31304951684997057,False,36,2.0544079997332346e-17,0.0014560360782727144,2.0544079997332346e-17,0.00029120721565454287,validation,43,model_conditional_scenario_no_new_NHS_observations
RL4,The Royal Wolverhampton NHS Trust,Acute&Acute Community Trusts,1.0,0.7,0.35,2.5,3372,4.727096750241856,4.899637911043322,0.3131675530711672,0.31304951684997057,True,36,1.6118959389966576e-122,0.0014946898443846223,1.6118959389966576e-122,0.0002989379688769245,validation,32,model_conditional_scenario_no_new_NHS_observations
RLQ,Wye Valley NHS Trust,Acute&Acute Community Trusts,1.0,0.7,0.35,2.5,1976,5.012313124373934,4.956479526141854,0.3132504880027168,0.31304951684997057,False,36,2.03141e-317,0.0011721951293271783,2.03141e-317,0.00023443902586543566,validation,110,model_conditional_scenario_no_new_NHS_observations
RLT,George Eliot Hospital NHS Trust,Acute&Acute Community Trusts,1.0,0.7,0.35,2.5,1634,5.055260492039282,4.965000795619337,0.3132922744842989,0.31304951684997057,False,36,3.025079132e-314,0.0010825798528207996,3.025079132e-314,0.00021651597056415993,validation,132,model_conditional_scenario_no_new_NHS_observations
RLY,North Staffordshire Combined Healthcare NHS Trust,"MH&LD, MH, LD&Community Trusts",1.0,0.7,0.35,2.5,1295,5.506161264635511,5.286415348055675,0.3133552950361848,0.31304951684997057,False,36,0.0,0.0007830028629943766,0.0,0.0001566005725988753,validation,178,model_conditional_scenario_no_new_NHS_observations
RM1,Norfolk and Norwich University Hospitals NHS Foundation Trust,Acute&Acute Community Trusts,1.0,0.7,0.35,2.5,4723,4.540971614751612,4.862456017980123,0.313133866491159,0.31304951684997057,True,36,0.0,0.0010677224933108521,0.0,0.00021354449866217042,validation,134,model_conditional_scenario_no_new_NHS_observations
RMC,Bolton NHS Foundation Trust,Acute&Acute Community Trusts,1.0,0.7,0.35,2.5,2678,4.76416657366604,4.9070573052137645,0.3131980186584919,0.3130495168499705,True,36,2.3262694187556125e-26,0.0015919152671236298,2.3262694187556125e-26,0.00031838305342472595,validation,13,model_conditional_scenario_no_new_NHS_observations
RMP,Tameside and Glossop Integrated Care NHS Foundation Trust,Acute&Acute Community Trusts,1.0,0.7,0.35,2.5,2236,4.938009896188618,4.941694679574956,0.3132272320227781,0.31304951684997057,False,36,9.934691948827406e-178,0.0013401555254170241,9.934691948827406e-178,0.0002680311050834048,validation,74,model_conditional_scenario_no_new_NHS_observations
RMY,Norfolk and Suffolk NHS Foundation Trust,"MH&LD, MH, LD&Community Trusts",1.0,0.7,0.35,2.5,3589,4.828751733855252,5.151590754994199,0.3131604377969912,0.31304951684997057,True,36,0.0,0.0009760775683934983,0.0,0.00019521551367869967,validation,153,model_conditional_scenario_no_new_NHS_observations
RN3,Great Western Hospitals NHS Foundation Trust,Acute&Acute Community Trusts,1.0,0.7,0.35,2.5,3628,5.045833543992019,4.963197327153539,0.31315924897994585,0.31304951684997057,False,36,0.0,0.0011000046231229186,0.0,0.00022000092462458372,validation,130,model_conditional_scenario_no_new_NHS_observations
RN5,Hampshire Hospitals NHS Foundation Trust,Acute&Acute Community Trusts,1.0,0.7,0.35,2.5,4192,5.077659721310114,4.969554877434763,0.31314452348543986,0.31304951684997057,False,36,0.0,0.0010352049506845418,0.0,0.00020704099013690836,validation,138,model_conditional_scenario_no_new_NHS_observations
RN7,Dartford and Gravesham NHS Trust,Acute&Acute Community Trusts,1.0,0.7,0.35,2.5,1909,5.079731080231118,4.9698889271115965,0.31325750163784893,0.31304951684997057,False,36,0.0,0.0010328915763213673,0.0,0.00020657831526427347,validation,141,model_conditional_scenario_no_new_NHS_observations
RNA,The Dudley Group NHS Foundation Trust,Acute&Acute Community Trusts,1.0,0.7,0.35,2.5,2397,4.679990273107688,4.89030922321072,0.31321534912144205,0.3130495168499705,True,36,5.5990563462528945e-160,0.001378884428395552,5.5990563462528945e-160,0.0002757768856791104,validation,66,model_conditional_scenario_no_new_NHS_observations
RNK,Tavistock and Portman NHS Foundation Trust,"MH&LD, MH, LD&Community Trusts",1.0,0.7,0.35,2.5,392,5.270150977911881,5.239448439489356,0.31404072187365434,0.31304951684997057,False,36,1.456451201723282e-16,0.0012431426755642348,1.456451201723282e-16,0.00024862853511284697,validation,89,model_conditional_scenario_no_new_NHS_observations
RNN,North Cumbria Integrated Care NHS Foundation Trust,Acute&Acute Community Trusts,1.0,0.7,0.35,2.5,3822,5.044767141702418,4.962987545805147,0.31315369486753214,0.31304951684997057,False,36,0.0,0.0011021353152172479,0.0,0.00022042706304344957,validation,129,model_conditional_scenario_no_new_NHS_observations
RNQ,Kettering General Hospital NHS Foundation Trust,Acute&Acute Community Trusts,1.0,0.7,0.35,2.5,2595,4.799163194662444,4.91403353039824,0.31320274866604136,0.3130495168499705,True,36,2.741677741870255e-06,0.001686736018098375,2.741677741870255e-06,0.00033734720361967504,validation,1,model_conditional_scenario_no_new_NHS_observations
RNS,Northampton General Hospital NHS Trust,Acute&Acute Community Trusts,1.0,0.7,0.35,2.5,3144,4.835477210198987,4.921253279213179,0.3131760835338498,0.31304951684997057,False,36,1.578624471301466e-30,0.0015978480904656083,1.578624471301466e-30,0.0003195696180931217,validation,11,model_conditional_scenario_no_new_NHS_observations
RNU,Oxford Health NHS Foundation Trust,"MH&LD, MH, LD&Community Trusts",1.0,0.7,0.35,2.5,4537,5.324667624556779,5.2505036921917325,0.3131373162667732,0.31304951684997057,False,36,0.0,0.0011145857364927168,0.0,0.00022291714729854336,validation,123,model_conditional_scenario_no_new_NHS_observations
RNZ,Salisbury NHS Foundation Trust,Acute&Acute Community Trusts,1.0,0.7,0.35,2.5,2465,4.993064704590668,4.952659861600628,0.31321079447024835,0.31304951684997057,False,36,0.0,0.0012138039263103638,0.0,0.00024276078526207275,validation,96,model_conditional_scenario_no_new_NHS_observations
RP1,Northamptonshire Healthcare NHS Foundation Trust,"MH&LD, MH, LD&Community Trusts",1.0,0.7,0.35,2.5,3233,5.330652636147439,5.251680208936126,0.3131726109737451,0.31304951684997057,False,36,0.0,0.0011026157018564863,0.0,0.00022052314037129724,validation,128,model_conditional_scenario_no_new_NHS_observations
RP4,Great Ormond Street Hospital for Children NHS Foundation Trust,Acute Specialist Trusts,1.0,0.7,0.35,2.5,2877,4.970756513710058,5.1686352910626585,0.3131877854585611,0.31304951684997057,True,36,3.269429219981004e-132,0.0014528041459844672,3.269429219981004e-132,0.0002905608291968934,validation,45,model_conditional_scenario_no_new_NHS_observations
RP5,Doncaster and Bassetlaw Teaching Hospitals NHS Foundation Trust,Acute&Acute Community Trusts,1.0,0.7,0.35,2.5,3870,5.031214344280041,4.960284787483717,0.31315240634681296,0.31304951684997057,False,36,0.0,0.0011304942141631502,0.0,0.00022609884283263004,validation,119,model_conditional_scenario_no_new_NHS_observations
RP6,Moorfields Eye Hospital NHS Foundation Trust,Acute Specialist Trusts,1.0,0.7,0.35,2.5,1706,5.174454477307171,5.209251847339871,0.31328209384084993,0.31304951684997057,False,36,4.803944614632559e-222,0.0011924633655945671,4.803944614632559e-222,0.00023849267311891342,validation,103,model_conditional_scenario_no_new_NHS_observations
RP7,Lincolnshire Partnership NHS Foundation Trust,"MH&LD, MH, LD&Community Trusts",1.0,0.7,0.35,2.5,1782,5.217142612471477,5.22905720815784,0.3132722347135613,0.31304951684997057,False,36,8.106871336261716e-106,0.001356823214377345,8.106871336261716e-106,0.00027136464287546896,validation,71,model_conditional_scenario_no_new_NHS_observations
RPA,Medway NHS Foundation Trust,Acute&Acute Community Trusts,1.0,0.7,0.35,2.5,2186,4.849066146088023,4.923988675444646,0.31323127681106105,0.31304951684997057,False,36,1.270759821210252e-28,0.0015620815876369292,1.270759821210252e-28,0.0003124163175273858,validation,18,model_conditional_scenario_no_new_NHS_observations
RPC,Queen Victoria Hospital NHS Foundation Trust,Acute Specialist Trusts,1.0,0.7,0.35,2.5,690,5.135376427779011,5.2016250747010995,0.31361925764246157,0.31304951684997057,False,36,4.521841998281637e-31,0.001281421221596779,4.521841998281637e-31,0.0002562842443193558,validation,84,model_conditional_scenario_no_new_NHS_observations
RPG,Oxleas NHS Foundation Trust,"MH&LD, MH, LD&Community Trusts",1.0,0.7,0.35,2.5,2849,5.427548901304633,5.270981964205796,0.31318913921224556,0.31304951684997057,False,36,0.0,0.000914528846460662,0.0,0.0001829057692921324,validation,163,model_conditional_scenario_no_new_NHS_observations
RPY,The Royal Marsden NHS Foundation Trust,Acute Specialist Trusts,1.0,0.7,0.35,2.5,2440,5.217752957651964,5.217860007598396,0.3132124395951967,0.31304951684997057,False,36,0.0,0.0010998536353490594,0.0,0.00021997072706981188,validation,131,model_conditional_scenario_no_new_NHS_observations
RQM,Chelsea and Westminster Hospital NHS Foundation Trust,Acute&Acute Community Trusts,1.0,0.7,0.35,2.5,3964,4.999520098219371,4.953963316012472,0.31314997313975607,0.31304951684997057,False,36,0.0,0.0011988052437093809,0.0,0.00023976104874187616,validation,101,model_conditional_scenario_no_new_NHS_observations
RQW,The Princess Alexandra Hospital NHS Trust,Acute&Acute Community Trusts,1.0,0.7,0.35,2.5,2613,4.769280744617053,4.908079517447175,0.31320169746967064,0.31304951684997057,True,36,6.575010472830188e-21,0.0016056174473297255,6.575010472830188e-21,0.0003211234894659451,validation,9,model_conditional_scenario_no_new_NHS_observations
RQX,Homerton Healthcare NHS Foundation Trust,Acute&Acute Community Trusts,1.0,0.7,0.35,2.5,2172,4.839480198208864,4.922081008407321,0.3132324425574039,0.31304951684997057,False,36,5.28422022800515e-21,0.001587345988533589,5.28422022800515e-21,0.00031746919770671777,validation,14,model_conditional_scenario_no_new_NHS_observations
RQY,South West London and St George's Mental Health NHS Trust,"MH&LD, MH, LD&Community Trusts",1.0,0.7,0.35,2.5,2050,5.167341076444791,5.219144030835871,0.3132432715982658,0.31304951684997057,False,36,5.285125209109502e-58,0.0014789727778017952,5.285125209109502e-58,0.00029579455556035905,validation,36,model_conditional_scenario_no_new_NHS_observations
RR7,Gateshead Health NHS Foundation Trust,Acute&Acute Community Trusts,1.0,0.7,0.35,2.5,1751,4.814541301131064,4.917145182384212,0.3132761534850538,0.31304951684997057,False,36,7.835929517203703e-08,0.0016543233669608433,7.835929517203703e-08,0.0003308646733921687,validation,7,model_conditional_scenario_no_new_NHS_observations
RR8,Leeds Teaching Hospitals NHS Trust,Acute&Acute Community Trusts,1.0,0.7,0.35,2.5,10126,4.912010965675695,4.936496874320015,0.31308890760511265,0.31304951684997057,False,36,0.0,0.0014016558669018115,0.0,0.0002803311733803623,validation,64,model_conditional_scenario_no_new_NHS_observations
RRE,Midlands Partnership University NHS Foundation Trust,"MH&LD, MH, LD&Community Trusts",1.0,0.7,0.35,2.5,5528,5.492801377183516,5.28407592665372,0.3131216073465379,0.31304951684997057,False,36,0.0,0.0008002475291857916,0.0,0.00016004950583715832,validation,176,model_conditional_scenario_no_new_NHS_observations
RRF,"Wrightington, Wigan and Leigh Teaching Hospitals NHS Foundation Trust",Acute&Acute Community Trusts,1.0,0.7,0.35,2.5,3515,5.112599007635354,4.976509911883005,0.3131627657943862,0.3130495168499705,False,36,0.0,0.0009677582457695454,0.0,0.0001935516491539091,validation,157,model_conditional_scenario_no_new_NHS_observations
RRJ,The Royal Orthopaedic Hospital NHS Foundation Trust,Acute Specialist Trusts,1.0,0.7,0.35,2.5,788,5.37574034569773,5.249053779793395,0.3135493631137213,0.31304951684997057,False,36,1.3420939951545035e-191,0.0008112809820409861,1.3420939951545035e-191,0.00016225619640819721,validation,175,model_conditional_scenario_no_new_NHS_observations
RRK,University Hospitals Birmingham NHS Foundation Trust,Acute&Acute Community Trusts,1.0,0.7,0.35,2.5,9709,4.853940022827912,4.924895143687406,0.3130905975446517,0.31304951684997057,False,36,0.0,0.0015488356029932787,0.0,0.00030976712059865575,validation,22,model_conditional_scenario_no_new_NHS_observations
RRU,London Ambulance Service NHS Trust,Ambulance Trusts,1.0,0.7,0.35,2.5,5992,4.341156457540043,4.419072700054236,0.3131160349872948,0.31304951684997057,False,36,0.0,0.001333856628635161,0.0,0.0002667713257270322,validation,76,model_conditional_scenario_no_new_NHS_observations
RRV,University College London Hospitals NHS Foundation Trust,Acute&Acute Community Trusts,1.0,0.7,0.35,2.5,6309,5.123445921128075,4.978719302899992,0.31311269847183804,0.31304951684997057,False,36,0.0,0.000946521292663038,0.0,0.0001893042585326076,validation,159,model_conditional_scenario_no_new_NHS_observations
RT1,Cambridgeshire and Peterborough NHS Foundation Trust,"MH&LD, MH, LD&Community Trusts",1.0,0.7,0.35,2.5,2248,5.214530648904086,5.228533681258209,0.31322628791842344,0.31304951684997057,False,36,5.4206115531077596e-157,0.0013626805632173597,5.4206115531077596e-157,0.00027253611264347195,validation,70,model_conditional_scenario_no_new_NHS_observations
RT2,Pennine Care NHS Foundation Trust,"MH&LD, MH, LD&Community Trusts",1.0,0.7,0.35,2.5,1953,5.084956316286448,5.202755885907685,0.31325284172458767,0.31304951684997057,True,36,5.545182548277781e-26,0.0015559765791716932,5.545182548277781e-26,0.0003111953158343386,validation,19,model_conditional_scenario_no_new_NHS_observations
RT5,Leicestershire Partnership NHS Trust,"MH&LD, MH, LD&Community Trusts",1.0,0.7,0.35,2.5,3905,5.302391085619033,5.24605328368808,0.31315148671503734,0.31304951684997057,False,36,0.0,0.0011620701497862106,0.0,0.00023241402995724213,validation,114,model_conditional_scenario_no_new_NHS_observations
RTD,The Newcastle upon Tyne Hospitals NHS Foundation Trust,Acute&Acute Community Trusts,1.0,0.7,0.35,2.5,10294,4.908755725049063,4.935846370469017,0.3130882654170015,0.31304951684997057,False,36,0.0,0.0014096450952249702,0.0,0.00028192901904499403,validation,60,model_conditional_scenario_no_new_NHS_observations
RTE,Gloucestershire Hospitals NHS Foundation Trust,Acute&Acute Community Trusts,1.0,0.7,0.35,2.5,4305,4.890723767293038,4.932257812910684,0.31314203596372586,0.31304951684997057,False,36,6.7463582483357724e-279,0.001454806811790672,6.7463582483357724e-279,0.0002909613623581344,validation,44,model_conditional_scenario_no_new_NHS_observations
RTF,Northumbria Healthcare NHS Foundation Trust,Acute&Acute Community Trusts,1.0,0.7,0.35,2.5,6629,5.334685094112513,5.020905019833557,0.3131096535018105,0.31304951684997057,False,36,0.0,0.0006088511321490106,0.0,0.00012177022642980212,validation,188,model_conditional_scenario_no_new_NHS_observations
RTG,University Hospitals of Derby and Burton NHS Foundation Trust,Acute&Acute Community Trusts,1.0,0.7,0.35,2.5,8141,4.700766891568371,4.894302448982094,0.31309849938220874,0.31304951684997057,True,36,0.0,0.0014267810184943113,0.0,0.00028535620369886226,validation,54,model_conditional_scenario_no_new_NHS_observations
RTH,Oxford University Hospitals NHS Foundation Trust,Acute&Acute Community Trusts,1.0,0.7,0.35,2.5,6057,5.015744748237001,4.957212869906213,0.3131153224309793,0.31304951684997057,False,36,0.0,0.0011630136167663499,0.0,0.00023260272335326996,validation,112,model_conditional_scenario_no_new_NHS_observations
RTK,Ashford and St Peter's Hospitals NHS Foundation Trust,Acute&Acute Community Trusts,1.0,0.7,0.35,2.5,2213,5.199553203410994,4.993763297510052,0.313229070035525,0.31304951684997057,False,36,0.0,0.0008143666000690947,0.0,0.00016287332001381895,validation,172,model_conditional_scenario_no_new_NHS_observations
RTP,Surrey and Sussex Healthcare NHS Trust,Acute&Acute Community Trusts,1.0,0.7,0.35,2.5,2802,5.102570717597517,4.9744865807741805,0.31319147217374027,0.31304951684997057,False,36,0.0,0.0009873452966001227,0.0,0.00019746905932002454,validation,150,model_conditional_scenario_no_new_NHS_observations
RTQ,Gloucestershire Health and Care NHS Foundation Trust,"MH&LD, MH, LD&Community Trusts",1.0,0.7,0.35,2.5,2630,5.342545827403389,5.254035478034362,0.3132007178309806,0.31304951684997057,False,36,0.0,0.0010785503221175494,0.0,0.00021571006442350988,validation,133,model_conditional_scenario_no_new_NHS_observations
RTR,South Tees Hospitals NHS Foundation Trust,Acute&Acute Community Trusts,1.0,0.7,0.35,2.5,3006,4.694719841523346,4.893200215818109,0.3131818730995105,0.31304951684997057,True,36,3.201158657609249e-193,0.0014139297627621767,3.201158657609249e-193,0.00028278595255243534,validation,58,model_conditional_scenario_no_new_NHS_observations
RV3,Central and North West London NHS Foundation Trust,"MH&LD, MH, LD&Community Trusts",1.0,0.7,0.35,2.5,6209,5.267583792774409,5.239116837194432,0.3131137142793914,0.31304951684997057,False,36,0.0,0.0012382801487725924,0.0,0.00024765602975451847,validation,91,model_conditional_scenario_no_new_NHS_observations
RV5,South London and Maudsley NHS Foundation Trust,"MH&LD, MH, LD&Community Trusts",1.0,0.7,0.35,2.5,3305,5.23372767857308,5.232356231762392,0.3131699381147817,0.31304951684997057,False,36,0.0,0.0013166809588752875,0.0,0.0002633361917750575,validation,80,model_conditional_scenario_no_new_NHS_observations
RV9,Humber Teaching NHS Foundation Trust,"MH&LD, MH, LD&Community Trusts",1.0,0.7,0.35,2.5,2165,5.354682762801523,5.25643321367762,0.3132330310561403,0.31304951684997057,False,36,0.0,0.0010544715169417407,0.0,0.00021089430338834813,validation,136,model_conditional_scenario_no_new_NHS_observations
RVJ,North Bristol NHS Trust,Acute&Acute Community Trusts,1.0,0.7,0.35,2.5,6015,5.120418105545482,4.978111915637408,0.31311578109460486,0.31304951684997057,False,36,0.0,0.0009522334189676329,0.0,0.00019044668379352656,validation,158,model_conditional_scenario_no_new_NHS_observations
RVN,Avon and Wiltshire Mental Health Partnership NHS Trust,"MH&LD, MH, LD&Community Trusts",1.0,0.7,0.35,2.5,2724,5.384531203179384,5.262404152504703,0.31319552085995406,0.31304951684997057,False,36,0.0,0.000995147794584197,0.0,0.00019902955891683941,validation,149,model_conditional_scenario_no_new_NHS_observations
RVR,Epsom and St Helier University Hospitals NHS Trust,Acute&Acute Community Trusts,1.0,0.7,0.35,2.5,3440,5.07888721270503,4.969785354405726,0.3131652271275353,0.31304951684997057,False,36,0.0,0.001033097153392107,0.0,0.00020661943067842137,validation,140,model_conditional_scenario_no_new_NHS_observations
RVV,East Kent Hospitals University NHS Foundation Trust,Acute&Acute Community Trusts,1.0,0.7,0.35,2.5,5367,4.707337575724052,4.895645328865535,0.3131237655673672,0.31304951684997057,True,36,0.0,0.0014437543088410476,0.0,0.0002887508617682095,validation,48,model_conditional_scenario_no_new_NHS_observations
RVW,North Tees and Hartlepool NHS Foundation Trust,Acute&Acute Community Trusts,1.0,0.7,0.35,2.5,2111,5.071682008052067,4.968300741964897,0.3132377014178653,0.31304951684997057,False,36,0.0,0.0010485779210581232,0.0,0.00020971558421162463,validation,137,model_conditional_scenario_no_new_NHS_observations
RW4,Mersey Care NHS Foundation Trust,"MH&LD, MH, LD&Community Trusts",1.0,0.7,0.35,2.5,4491,5.397887120779217,5.265113969238451,0.31313821340476267,0.31304951684997057,False,36,0.0,0.0009686655821674355,0.0,0.00019373311643348712,validation,156,model_conditional_scenario_no_new_NHS_observations
RW5,Lancashire and South Cumbria NHS Foundation Trust,"MH&LD, MH, LD&Community Trusts",1.0,0.7,0.35,2.5,3543,4.99738963698073,5.185224437063102,0.31316187352883407,0.31304951684997057,True,36,0.0,0.0013359138799163433,0.0,0.00026718277598326867,validation,75,model_conditional_scenario_no_new_NHS_observations
RWA,Hull University Teaching Hospitals NHS Trust,Acute&Acute Community Trusts,1.0,0.7,0.35,2.5,4704,4.844735547181597,4.923078000610047,0.31313420640568773,0.31304951684997057,False,36,7.34612303735352e-88,0.0015731797946157817,7.34612303735352e-88,0.00031463595892315633,validation,16,model_conditional_scenario_no_new_NHS_observations
RWD,United Lincolnshire Teaching Hospitals NHS Trust,Acute&Acute Community Trusts,1.0,0.7,0.35,2.5,5008,4.835903726669841,4.92131266144955,0.3131290766114775,0.31304951684997057,False,36,1.2042159098575576e-66,0.0015966066354717048,1.2042159098575576e-66,0.00031932132709434094,validation,12,model_conditional_scenario_no_new_NHS_observations
RWE,University Hospitals of Leicester NHS Trust,Acute&Acute Community Trusts,1.0,0.7,0.35,2.5,11467,5.088574677427709,4.971777501192129,0.31308430543305416,0.31304951684997057,False,36,0.0,0.0010127110452649616,0.0,0.0002025422090529923,validation,146,model_conditional_scenario_no_new_NHS_observations
RWF,Maidstone and Tunbridge Wells NHS Trust,Acute&Acute Community Trusts,1.0,0.7,0.35,2.5,3394,5.028469974349294,4.959731042572019,0.3131667903934355,0.31304951684997057,False,36,0.0,0.0011365003186808052,0.0,0.00022730006373616104,validation,118,model_conditional_scenario_no_new_NHS_observations
RWG,West Hertfordshire Teaching Hospitals NHS Trust,Acute&Acute Community Trusts,1.0,0.7,0.35,2.5,3482,5.007930886258658,4.955636524890207,0.313163835758498,0.31304951684997057,False,36,0.0,0.0011805749156392595,0.0,0.0002361149831278519,validation,108,model_conditional_scenario_no_new_NHS_observations
RWH,East and North Hertfordshire Teaching NHS Trust,Acute&Acute Community Trusts,1.0,0.7,0.35,2.5,2744,4.985845463685876,4.951225576773576,0.3131944608787694,0.31304951684997057,False,36,0.0,0.0012296774197938733,0.0,0.00024593548395877466,validation,94,model_conditional_scenario_no_new_NHS_observations
RWJ,Stockport NHS Foundation Trust,Acute&Acute Community Trusts,1.0,0.7,0.35,2.5,3029,5.078547348871322,4.969706708958838,0.3131808716678006,0.3130495168499705,False,36,0.0,0.0010340187593250905,0.0,0.00020680375186501809,validation,139,model_conditional_scenario_no_new_NHS_observations
RWP,Worcestershire Acute Hospitals NHS Trust,Acute&Acute Community Trusts,1.0,0.7,0.35,2.5,3862,5.084149760111752,4.970843875154032,0.3131526188822208,0.31304951684997057,False,36,0.0,0.0010225013230792614,0.0,0.00020450026461585227,validation,143,model_conditional_scenario_no_new_NHS_observations
RWR,Hertfordshire Partnership University NHS Foundation Trust,"MH&LD, MH, LD&Community Trusts",1.0,0.7,0.35,2.5,2708,5.290545915746015,5.2436769886994465,0.3131963800730147,0.31304951684997057,False,36,0.0,0.0011883324190276557,0.0,0.00023766648380553116,validation,105,model_conditional_scenario_no_new_NHS_observations
RWV,Devon Partnership NHS Trust,"MH&LD, MH, LD&Community Trusts",1.0,0.7,0.35,2.5,1956,5.150848773367359,5.215865751172716,0.31325253159555705,0.3130495168499705,False,36,6.47561136156081e-37,0.001521098686924645,6.47561136156081e-37,0.000304219737384929,validation,27,model_conditional_scenario_no_new_NHS_observations
RWW,Warrington and Halton Teaching Hospitals NHS Foundation Trust,Acute&Acute Community Trusts,1.0,0.7,0.35,2.5,1812,5.022959859834748,4.9585905034215285,0.31326856926249386,0.31304951684997057,False,36,3.721932736808836e-298,0.001149598592130897,3.721932736808836e-298,0.0002299197184261794,validation,115,model_conditional_scenario_no_new_NHS_observations
RWX,Berkshire Healthcare NHS Foundation Trust,"MH&LD, MH, LD&Community Trusts",1.0,0.7,0.35,2.5,3340,5.479052857231665,5.281271835784861,0.31316868029815514,0.31304951684997057,False,36,0.0,0.0008240663765757766,0.0,0.0001648132753151553,validation,170,model_conditional_scenario_no_new_NHS_observations
RWY,Calderdale and Huddersfield NHS Foundation Trust,Acute&Acute Community Trusts,1.0,0.7,0.35,2.5,3360,4.961405131725324,4.9463581656723425,0.3131679732732485,0.31304951684997057,False,36,0.0,0.0012848908736991355,0.0,0.0002569781747398271,validation,82,model_conditional_scenario_no_new_NHS_observations
RX1,Nottingham University Hospitals NHS Trust,Acute&Acute Community Trusts,1.0,0.7,0.35,2.5,8970,4.792989492781167,4.912720421311924,0.31309397792192767,0.31304951684997057,True,36,2.126365952434588e-22,0.001667590291256095,2.126365952434588e-22,0.000333518058251219,validation,6,model_conditional_scenario_no_new_NHS_observations
RX3,"Tees, Esk and Wear Valleys NHS Foundation Trust","MH&LD, MH, LD&Community Trusts",1.0,0.7,0.35,2.5,4229,5.232867226165322,5.232184785361129,0.3131436943871368,0.31304951684997057,False,36,0.0,0.0013184523195592984,0.0,0.0002636904639118597,validation,79,model_conditional_scenario_no_new_NHS_observations
RX4,"Cumbria, Northumberland, Tyne and Wear NHS Foundation Trust","MH&LD, MH, LD&Community Trusts",1.0,0.7,0.35,2.5,4582,5.183384223459021,5.222310207055353,0.3131364560207535,0.31304951684997057,False,36,0.0,0.0014380958988433712,0.0,0.00028761917976867426,validation,50,model_conditional_scenario_no_new_NHS_observations
RX6,North East Ambulance Service NHS Foundation Trust,Ambulance Trusts,1.0,0.7,0.35,2.5,1842,4.819953405973823,4.514378702480962,0.31326502250862925,0.31304951684997057,False,36,0.0,0.0005061080099871886,0.0,0.00010122160199743772,validation,189,model_conditional_scenario_no_new_NHS_observations
RX7,North West Ambulance Service NHS Trust,Ambulance Trusts,1.0,0.7,0.35,2.5,4117,4.631999956273279,4.477112621822772,0.31314624968965965,0.3130495168499705,False,36,0.0,0.0007613078551973997,0.0,0.00015226157103947994,validation,179,model_conditional_scenario_no_new_NHS_observations
RX8,Yorkshire Ambulance Service NHS Trust,Ambulance Trusts,1.0,0.7,0.35,2.5,4691,4.668542754845065,4.484416999885866,0.3131344405616426,0.31304951684997057,False,36,0.0,0.0007046650507384439,0.0,0.00014093301014768877,validation,184,model_conditional_scenario_no_new_NHS_observations
RX9,East Midlands Ambulance Service NHS Trust,Ambulance Trusts,1.0,0.7,0.35,2.5,2718,4.426384668562666,4.436094311405045,0.313195841884113,0.31304951684997057,False,36,0.0,0.0011428609442650957,0.0,0.00022857218885301913,validation,116,model_conditional_scenario_no_new_NHS_observations
RXA,Cheshire and Wirral Partnership NHS Foundation Trust,"MH&LD, MH, LD&Community Trusts",1.0,0.7,0.35,2.5,2249,5.283120533762209,5.242189691646594,0.31322620969564974,0.31304951684997057,False,36,0.0,0.0012049880280644411,0.0,0.00024099760561288822,validation,99,model_conditional_scenario_no_new_NHS_observations
RXC,East Sussex Healthcare NHS Trust,Acute&Acute Community Trusts,1.0,0.7,0.35,2.5,4296,4.862101054215843,4.926546886592041,0.3131422293007677,0.31304951684997057,False,36,2.0107572041553415e-135,0.0015277824672831454,2.0107572041553415e-135,0.0003055564934566291,validation,26,model_conditional_scenario_no_new_NHS_observations
RXE,Rotherham Doncaster and South Humber NHS Foundation Trust,"MH&LD, MH, LD&Community Trusts",1.0,0.7,0.35,2.5,1989,5.137412598539744,5.213190841436489,0.313249181586644,0.31304951684997057,False,36,1.1037986420001311e-26,0.0015559417427719751,1.1037986420001311e-26,0.00031118834855439504,validation,20,model_conditional_scenario_no_new_NHS_observations
RXF,Mid Yorkshire Teaching NHS Trust,Acute&Acute Community Trusts,1.0,0.7,0.35,2.5,3671,4.906352721523762,4.935379165540334,0.3131579674252015,0.3130495168499705,False,36,1.3251573445953257e-278,0.0014160645546372039,1.3251573445953257e-278,0.00028321291092744076,validation,57,model_conditional_scenario_no_new_NHS_observations
RXG,South West Yorkshire Partnership NHS Foundation Trust,"MH&LD, MH, LD&Community Trusts",1.0,0.7,0.35,2.5,2871,5.46329566174571,5.278107061813947,0.3131880733340864,0.31304951684997057,False,36,0.0,0.0008512725926051094,0.0,0.00017025451852102188,validation,169,model_conditional_scenario_no_new_NHS_observations
RXK,Sandwell and West Birmingham Hospitals NHS Trust,Acute&Acute Community Trusts,1.0,0.7,0.35,2.5,2964,4.881423056536682,4.93041511680216,0.31318374175784364,0.31304951684997057,False,36,2.8110503733688806e-112,0.00147849147626159,2.8110503733688806e-112,0.000295698295252318,validation,37,model_conditional_scenario_no_new_NHS_observations
RXM,Derbyshire Healthcare NHS Foundation Trust,"MH&LD, MH, LD&Community Trusts",1.0,0.7,0.35,2.5,2160,5.29347494412795,5.244248943388041,0.3132334537360304,0.3130495168499705,False,36,0.0,0.0011824152576677767,0.0,0.00023648305153355534,validation,106,model_conditional_scenario_no_new_NHS_observations
RXN,Lancashire Teaching Hospitals NHS Foundation Trust,Acute&Acute Community Trusts,1.0,0.7,0.35,2.5,4261,4.936817949284272,4.941454877922413,0.3131429889112696,0.31304951684997057,False,36,0.0,0.0013422198692092193,0.0,0.00026844397384184385,validation,73,model_conditional_scenario_no_new_NHS_observations
RXP,County Durham and Darlington NHS Foundation Trust,Acute&Acute Community Trusts,1.0,0.7,0.35,2.5,3096,4.798991510260922,4.913981181953491,0.3131780389605028,0.31304951684997057,True,36,1.4983259766528251e-06,0.0016857760215788923,1.4983259766528251e-06,0.00033715520431577844,validation,3,model_conditional_scenario_no_new_NHS_observations
RXQ,Buckinghamshire Healthcare NHS Trust,Acute&Acute Community Trusts,1.0,0.7,0.35,2.5,4557,5.262749347041431,5.006495338418076,0.31313693184269126,0.3130495168499705,False,36,0.0,0.0007121286304194703,0.0,0.00014242572608389408,validation,183,model_conditional_scenario_no_new_NHS_observations
RXV,Greater Manchester Mental Health NHS Foundation Trust,"MH&LD, MH, LD&Community Trusts",1.0,0.7,0.35,2.5,2847,5.07669374944278,5.201061441591535,0.3131892369240044,0.31304951684997057,True,36,1.051092055020962e-60,0.001533219966440506,1.051092055020962e-60,0.0003066439932881012,validation,24,model_conditional_scenario_no_new_NHS_observations
RXW,The Shrewsbury and Telford Hospital NHS Trust,Acute&Acute Community Trusts,1.0,0.7,0.35,2.5,3797,4.889983833464849,4.932113497074031,0.3131543788377957,0.31304951684997057,False,36,9.47207338818196e-216,0.0014567388580914414,9.47207338818196e-216,0.00029134777161828827,validation,42,model_conditional_scenario_no_new_NHS_observations
RXX,Surrey and Borders Partnership NHS Foundation Trust,"MH&LD, MH, LD&Community Trusts",1.0,0.7,0.35,2.5,2006,5.152875156509391,5.2162668874597715,0.3132474986082651,0.31304951684997057,False,36,2.2690234974830704e-40,0.0015158654263077072,2.2690234974830704e-40,0.00030317308526154143,validation,28,model_conditional_scenario_no_new_NHS_observations
RXY,Kent and Medway NHS and Social Care Partnership Trust,"MH&LD, MH, LD&Community Trusts",1.0,0.7,0.35,2.5,1999,5.15532916409753,5.216755475444411,0.31324818815137306,0.31304951684997057,False,36,1.4945556705062564e-42,0.001509571749745591,1.4945556705062564e-42,0.0003019143499491182,validation,30,model_conditional_scenario_no_new_NHS_observations
RY2,Bridgewater Community Healthcare NHS Foundation Trust,Community Trusts,1.0,0.7,0.35,2.5,819,4.787480268060491,5.115157585536948,0.3135306905762236,0.31304951684997057,True,36,4.218353953536975e-54,0.0012126358605869783,4.218353953536975e-54,0.00024252717211739567,validation,97,model_conditional_scenario_no_new_NHS_observations
RY3,Norfolk Community Health and Care NHS Trust,Community Trusts,1.0,0.7,0.35,2.5,1677,5.162657590214402,5.189228166350814,0.31328608991115536,0.31304951684997057,False,36,2.909528453640712e-171,0.0012430759401511366,2.909528453640712e-171,0.00024861518803022734,validation,90,model_conditional_scenario_no_new_NHS_observations
RY4,Hertfordshire Community NHS Trust,Community Trusts,1.0,0.7,0.35,2.5,1662,5.428005953039109,5.241974358322861,0.3132882112096943,0.31304951684997057,False,36,0.0,0.0007413213341187417,0.0,0.00014826426682374832,validation,182,model_conditional_scenario_no_new_NHS_observations
RY5,Lincolnshire Community Health Services NHS Trust,Community Trusts,1.0,0.7,0.35,2.5,1509,4.981026326870255,5.153150343191371,0.31331224018982934,0.31304951684997057,True,36,5.931457509839307e-06,0.001683616782516423,5.931457509839307e-06,0.0003367233565032846,validation,5,model_conditional_scenario_no_new_NHS_observations
RY6,Leeds Community Healthcare NHS Trust,Community Trusts,1.0,0.7,0.35,2.5,1783,5.157750508980817,5.18824996357816,0.31327211055661763,0.31304951684997057,False,36,1.8460844987143858e-182,0.001254035820561013,1.8460844987143858e-182,0.0002508071641122026,validation,86,model_conditional_scenario_no_new_NHS_observations
RY7,Wirral Community Health and Care NHS Foundation Trust,Community Trusts,1.0,0.7,0.35,2.5,861,4.985023674415926,5.154155066620337,0.3135075105476893,0.3130495168499705,False,36,1.6343134916717564e-05,0.0016854801272487138,1.6343134916717564e-05,0.00033709602544974274,validation,4,model_conditional_scenario_no_new_NHS_observations
RY8,Derbyshire Community Health Services NHS Foundation Trust,Community Trusts,1.0,0.7,0.35,2.5,3150,5.261948301204113,5.209003490679447,0.31317584328134607,0.31304951684997057,False,36,0.0,0.001032185104750045,0.0,0.000206437020950009,validation,142,model_conditional_scenario_no_new_NHS_observations
RYA,West Midlands Ambulance Service University NHS Foundation Trust,Ambulance Trusts,1.0,0.7,0.35,2.5,2987,4.18304018399615,4.387590295294348,0.31318271195929864,0.31304951684997057,True,36,6.879651134380492e-208,0.0014018902029594863,6.879651134380492e-208,0.00028037804059189727,validation,63,model_conditional_scenario_no_new_NHS_observations
RYC,East of England Ambulance Service NHS Trust,Ambulance Trusts,1.0,0.7,0.35,2.5,3978,4.296127630326422,4.410106692312915,0.31314962055918594,0.31304951684997057,False,36,2.887814378140745e-263,0.0014434274003978214,2.887814378140745e-263,0.00028868548007956427,validation,49,model_conditional_scenario_no_new_NHS_observations
RYD,South East Coast Ambulance Service NHS Foundation Trust,Ambulance Trusts,1.0,0.7,0.35,2.5,3621,4.44372913058889,4.439551200193231,0.3131594604773049,0.31304951684997057,False,36,0.0,0.001106062749220701,0.0,0.0002212125498441402,validation,127,model_conditional_scenario_no_new_NHS_observations
RYE,South Central Ambulance Service NHS Foundation Trust,Ambulance Trusts,1.0,0.7,0.35,2.5,2091,4.199644467173298,4.390969201567134,0.3132394920816448,0.31304951684997057,True,36,4.555133045469064e-79,0.0014442780077398541,4.555133045469064e-79,0.0002888556015479708,validation,47,model_conditional_scenario_no_new_NHS_observations
RYF,South Western Ambulance Service NHS Foundation Trust,Ambulance Trusts,1.0,0.7,0.35,2.5,3329,4.312599288113916,4.413405117642992,0.31316907277123907,0.31304951684997057,False,36,3.961041912995385e-254,0.0014027487969767473,3.961041912995385e-254,0.00028054975939534945,validation,62,model_conditional_scenario_no_new_NHS_observations
RYG,Coventry and Warwickshire Partnership NHS Trust,"MH&LD, MH, LD&Community Trusts",1.0,0.7,0.35,2.5,2023,5.141790707081871,5.214060453745522,0.3132458437644643,0.31304951684997057,False,36,7.497321987365833e-31,0.0015445155264058254,7.497321987365833e-31,0.0003089031052811651,validation,23,model_conditional_scenario_no_new_NHS_observations
RYJ,Imperial College Healthcare NHS Trust,Acute&Acute Community Trusts,1.0,0.7,0.35,2.5,8648,5.041157508859828,4.962296793659404,0.3130956313145629,0.31304951684997057,False,36,0.0,0.0011088112422367635,0.0,0.00022176224844735272,validation,125,model_conditional_scenario_no_new_NHS_observations
RYR,University Hospitals Sussex NHS Foundation Trust,Acute&Acute Community Trusts,1.0,0.7,0.35,2.5,8266,4.940444545937948,4.942177963589421,0.3130977596294475,0.31304951684997057,False,36,0.0,0.001333199623722908,0.0,0.0002666399247445816,validation,77,model_conditional_scenario_no_new_NHS_observations
RYV,Cambridgeshire Community Services NHS Trust,Community Trusts,1.0,0.7,0.35,2.5,1466,5.351619011670061,5.2267649496588096,0.31331988969398344,0.31304951684997057,False,36,0.0,0.0008675049622596245,0.0,0.00017350099245192488,validation,167,model_conditional_scenario_no_new_NHS_observations
RYW,Birmingham Community Healthcare NHS Foundation Trust,Community Trusts,1.0,0.7,0.35,2.5,3479,5.065094024883836,5.169751801027714,0.31316393403136095,0.31304951684997057,False,36,2.8853180153629756e-155,0.001475511875693313,2.8853180153629756e-155,0.00029510237513866264,validation,39,model_conditional_scenario_no_new_NHS_observations
RYX,Central London Community Healthcare NHS Trust,Community Trusts,1.0,0.7,0.35,2.5,3243,5.293368715678552,5.215269083558959,0.3131722326697604,0.31304951684997057,False,36,0.0,0.0009712389331210215,0.0,0.0001942477866242043,validation,155,model_conditional_scenario_no_new_NHS_observations
RYY,Kent Community Health NHS Foundation Trust,Community Trusts,1.0,0.7,0.35,2.5,3496,5.471020034607948,5.250700359511193,0.3131633793749769,0.31304951684997057,False,36,0.0,0.0006745450230000277,0.0,0.00013490900460000555,validation,187,model_conditional_scenario_no_new_NHS_observations
TAD,Bradford District Care NHS Foundation Trust,"MH&LD, MH, LD&Community Trusts",1.0,0.7,0.35,2.5,1689,5.329497592539193,5.2513941879488275,0.31328441982781324,0.31304951684997057,False,36,7.7013155134411e-309,0.0011066090240486439,7.7013155134411e-309,0.00022132180480972878,validation,126,model_conditional_scenario_no_new_NHS_observations
TAH,Sheffield Health and Social Care NHS Foundation Trust,"MH&LD, MH, LD&Community Trusts",1.0,0.7,0.35,2.5,1684,5.083478674010145,5.202486409916389,0.31328511282181165,0.31304951684997057,True,36,7.385220923082446e-22,0.0015527469372154346,7.385220923082446e-22,0.0003105493874430869,validation,21,model_conditional_scenario_no_new_NHS_observations
TAJ,Black Country Healthcare NHS Foundation Trust,"MH&LD, MH, LD&Community Trusts",1.0,0.7,0.35,2.5,2526,4.959776905243845,5.17778619414298,0.31320691644523596,0.31304951684997057,True,36,0.0,0.0012499650596137393,0.0,0.00024999301192274784,validation,87,model_conditional_scenario_no_new_NHS_observations
R0A,Manchester University NHS Foundation Trust,Acute&Acute Community Trusts,0.25,0.0,0.35,2.5,10685,5.033296606876863,5.0315969834655645,0.047915318303355395,0.0,False,36,0.0,0.0,0.0,0.0,ordinary,175,model_conditional_scenario_no_new_NHS_observations
R0B,South Tyneside and Sunderland NHS Foundation Trust,Acute&Acute Community Trusts,0.25,0.0,0.35,2.5,4681,5.102526485582064,5.095845761041702,0.0715375548028933,0.0,False,36,1.830625199835386e-223,1.830625199835386e-223,1.830625199835386e-223,3.6612503996707716e-224,ordinary,172,model_conditional_scenario_no_new_NHS_observations
R0D,University Hospitals Dorset NHS Foundation Trust,Acute&Acute Community Trusts,0.25,0.0,0.35,2.5,5519,4.99703607359645,4.995095295891255,0.06609293438178798,0.0,False,36,1.35323689450694e-131,1.35323689450694e-131,1.35323689450694e-131,2.70647378901388e-132,ordinary,154,model_conditional_scenario_no_new_NHS_observations
R1A,Herefordshire and Worcestershire Health and Care NHS Trust,"MH&LD, MH, LD&Community Trusts",0.25,0.0,0.35,2.5,2399,5.188850693999996,5.1922347516860015,0.09800000784000101,0.0,False,36,1.7381852006520675e-12,1.7381852006520675e-12,1.7381852006520675e-12,3.4763704013041347e-13,ordinary,45,model_conditional_scenario_no_new_NHS_observations
R1D,Shropshire Community Health NHS Trust,Community Trusts,0.25,0.0,0.35,2.5,995,5.145010753504204,5.1536585136843795,0.14439283023120242,0.0,False,36,5.197431119169948e-09,5.197431119169948e-09,5.197431119169948e-09,1.0394862238339896e-09,ordinary,34,model_conditional_scenario_no_new_NHS_observations
R1F1,Isle of Wight NHS Trust (acute sector),Acute&Acute Community Trusts,0.25,0.0,0.35,2.5,1420,4.706366986566817,4.736053297670746,0.12406979851374796,0.0,True,36,6.660249596039002e-07,6.660249596039002e-07,6.660249596039002e-07,1.3320499192078003e-07,ordinary,20,model_conditional_scenario_no_new_NHS_observations
R1F2,Isle of Wight NHS Trust (ambulance sector),Ambulance Trusts,0.25,0.0,0.35,2.5,170,4.500436279582561,4.466652375776974,0.25851563354617374,0.0,False,36,1.2223101644894936e-05,1.2223101644894936e-05,1.2223101644894936e-05,2.444620328978987e-06,ordinary,8,model_conditional_scenario_no_new_NHS_observations
R1H,Barts Health NHS Trust,Acute&Acute Community Trusts,0.25,0.0,0.35,2.5,9566,4.912268004676804,4.912901814802157,0.05058490143710571,0.0,False,36,3.4448298665387225e-119,3.4448298665387225e-119,3.4448298665387225e-119,6.889659733077446e-120,ordinary,150,model_conditional_scenario_no_new_NHS_observations
R1K,London North West University Healthcare NHS Trust,Acute&Acute Community Trusts,0.25,0.0,0.35,2.5,4285,5.034382577516363,5.030210462535139,0.07462618713455689,0.0,False,36,9.474678948002887e-116,9.474678948002887e-116,9.474678948002887e-116,1.8949357896005772e-116,ordinary,148,model_conditional_scenario_no_new_NHS_observations
R1L,Essex Partnership University NHS Foundation Trust,"MH&LD, MH, LD&Community Trusts",0.25,0.0,0.35,2.5,3632,5.268213995895022,5.266288173004729,0.08072835149291334,0.0,False,36,2.6698559013711977e-52,2.6698559013711977e-52,2.6698559013711977e-52,5.339711802742395e-53,ordinary,113,model_conditional_scenario_no_new_NHS_observations
RA2,Royal Surrey County Hospital NHS Foundation Trust,Acute&Acute Community Trusts,0.25,0.0,0.35,2.5,2383,5.157713239348739,5.140744896718807,0.09830258492533331,0.0,False,36,3.59354769570667e-89,3.59354769570667e-89,3.59354769570667e-89,7.18709539141334e-90,ordinary,138,model_conditional_scenario_no_new_NHS_observations
RA7,University Hospitals Bristol and Weston NHS Foundation Trust,Acute&Acute Community Trusts,0.25,0.0,0.35,2.5,8285,5.108738615013536,5.104744818307523,0.05426747931754843,0.0,False,36,0.0,0.0,0.0,0.0,ordinary,176,model_conditional_scenario_no_new_NHS_observations
RAE,Bradford Teaching Hospitals NHS Foundation Trust,Acute&Acute Community Trusts,0.25,0.0,0.35,2.5,3212,5.09018474296827,5.081368454307411,0.08554721669255826,0.0,False,36,5.676980026972378e-103,5.676980026972378e-103,5.676980026972378e-103,1.1353960053944756e-103,ordinary,143,model_conditional_scenario_no_new_NHS_observations
RAJ,Mid and South Essex NHS Foundation Trust,Acute&Acute Community Trusts,0.25,0.0,0.35,2.5,6465,4.462888866214896,4.477568909182504,0.061226155142509196,0.0,True,36,0.0,0.0,0.0,0.0,ordinary,177,model_conditional_scenario_no_new_NHS_observations
RAN,Royal National Orthopaedic Hospital NHS Trust,Acute Specialist Trusts,0.25,0.0,0.35,2.5,773,5.375492586648612,5.342573657781514,0.15995748960094644,0.0,False,36,4.856376303979243e-20,4.856376303979243e-20,4.856376303979243e-20,9.712752607958485e-21,ordinary,70,model_conditional_scenario_no_new_NHS_observations
RAS,The Hillingdon Hospitals NHS Foundation Trust,Acute&Acute Community Trusts,0.25,0.0,0.35,2.5,1970,5.002245530547993,4.996647588164054,0.10723389497925923,0.0,False,36,6.18388921089236e-25,6.18388921089236e-25,6.18388921089236e-25,1.236777842178472e-25,ordinary,78,model_conditional_scenario_no_new_NHS_observations
RAT,North East London NHS Foundation Trust,"MH&LD, MH, LD&Community Trusts",0.25,0.0,0.35,2.5,3955,5.163350826992319,5.166720088318576,0.07753026743509046,0.0,False,36,6.3260079774671664e-15,6.3260079774671664e-15,6.3260079774671664e-15,1.2652015954934333e-15,ordinary,52,model_conditional_scenario_no_new_NHS_observations
RBD,Dorset County Hospital NHS Foundation Trust,Acute&Acute Community Trusts,0.25,0.0,0.35,2.5,1616,5.009444890083157,5.001950918098129,0.11719917939048319,0.0,False,36,5.1431528951344375e-20,5.1431528951344375e-20,5.1431528951344375e-20,1.0286305790268875e-20,ordinary,68,model_conditional_scenario_no_new_NHS_observations
RBK,Walsall Healthcare NHS Trust,Acute&Acute Community Trusts,0.25,0.0,0.35,2.5,2314,4.652547173256712,4.676055794743362,0.09964031727050203,0.0,True,36,5.560149662037884e-19,5.560149662037884e-19,5.560149662037884e-19,1.1120299324075768e-19,ordinary,64,model_conditional_scenario_no_new_NHS_observations
RBL,Wirral University Teaching Hospital NHS Foundation Trust,Acute&Acute Community Trusts,0.25,0.0,0.35,2.5,2794,4.71875466644158,4.733992708719656,0.09131629395256054,0.0,True,36,8.857063733985422e-12,8.857063733985422e-12,8.857063733985422e-12,1.7714127467970844e-12,ordinary,41,model_conditional_scenario_no_new_NHS_observations
RBQ,Liverpool Heart and Chest Hospital NHS Foundation Trust,Acute Specialist Trusts,0.25,0.0,0.35,2.5,1134,5.678241716776859,5.608029246004622,0.1366874683008024,0.0,False,36,3.668057508772633e-86,3.668057508772633e-86,3.668057508772633e-86,7.336115017545266e-87,ordinary,134,model_conditional_scenario_no_new_NHS_observations
RBS,Alder Hey Children's NHS Foundation Trust,Acute&Acute Community Trusts,0.25,0.0,0.35,2.5,2417,5.03379651104725,5.026696633234276,0.09766292579647957,0.0,False,36,6.5951158328753884e-43,6.5951158328753884e-43,6.5951158328753884e-43,1.3190231665750777e-43,ordinary,106,model_conditional_scenario_no_new_NHS_observations
RBT,Mid Cheshire Hospitals NHS Foundation Trust,Acute&Acute Community Trusts,0.25,0.0,0.35,2.5,2321,5.159859070401051,5.14230066290813,0.09950211059414282,0.0,False,36,4.753639348496778e-86,4.753639348496778e-86,4.753639348496778e-86,9.507278696993555e-87,ordinary,132,model_conditional_scenario_no_new_NHS_observations
RBV,The Christie NHS Foundation Trust,Acute Specialist Trusts,0.25,0.0,0.35,2.5,1947,5.371544749364454,5.356966595189256,0.10780565891068168,0.0,False,36,3.640661557651146e-78,3.640661557651146e-78,3.640661557651146e-78,7.281323115302291e-79,ordinary,124,model_conditional_scenario_no_new_NHS_observations
RC9,Bedfordshire Hospitals NHS Foundation Trust,Acute&Acute Community Trusts,0.25,0.0,0.35,2.5,3542,4.996424718879917,4.993492998739796,0.08169234933223361,0.0,False,36,1.3050409269809764e-59,1.3050409269809764e-59,1.3050409269809764e-59,2.610081853961953e-60,ordinary,115,model_conditional_scenario_no_new_NHS_observations
RCB,York and Scarborough Teaching Hospitals NHS Foundation Trust,Acute&Acute Community Trusts,0.25,0.0,0.35,2.5,5839,4.89781742010006,4.899330137636114,0.06431922070972465,0.0,False,36,2.504797600720498e-39,2.504797600720498e-39,2.504797600720498e-39,5.0095952014409964e-40,ordinary,99,model_conditional_scenario_no_new_NHS_observations
RCD,Harrogate and District NHS Foundation Trust,Acute&Acute Community Trusts,0.25,0.0,0.35,2.5,3330,5.232869698503418,5.216108189687137,0.0841069173849627,0.0,False,36,9.614251831796839e-237,9.614251831796839e-237,9.614251831796839e-237,1.9228503663593678e-237,ordinary,173,model_conditional_scenario_no_new_NHS_observations
RCF,Airedale NHS Foundation Trust,Acute&Acute Community Trusts,0.25,0.0,0.35,2.5,1473,4.975561958614382,4.971552161678196,0.12209360103923031,0.0,False,36,2.838434114057164e-14,2.838434114057164e-14,2.838434114057164e-14,5.676868228114328e-15,ordinary,51,model_conditional_scenario_no_new_NHS_observations
RCU,Sheffield Children's NHS Foundation Trust,Acute&Acute Community Trusts,0.25,0.0,0.35,2.5,2212,5.172472246752322,5.153056292734986,0.10172183885437544,0.0,False,36,3.318831875093957e-84,3.318831875093957e-84,3.318831875093957e-84,6.637663750187914e-85,ordinary,130,model_conditional_scenario_no_new_NHS_observations
RCX,The Queen Elizabeth Hospital King's Lynn NHS Foundation Trust,Acute&Acute Community Trusts,0.25,0.0,0.35,2.5,2188,4.693193387518781,4.714472545182937,0.10223085809375597,0.0,True,36,9.333505969242112e-12,9.333505969242112e-12,9.333505969242112e-12,1.8667011938484226e-12,ordinary,40,model_conditional_scenario_no_new_NHS_observations
RD1,Royal United Hospitals Bath NHS Foundation Trust,Acute&Acute Community Trusts,0.25,0.0,0.35,2.5,3322,4.870227174391674,4.874416566324688,0.0842022745259304,0.0,False,36,7.532906271243817e-12,7.532906271243817e-12,7.532906271243817e-12,1.5065812542487633e-12,ordinary,42,model_conditional_scenario_no_new_NHS_observations
RD8,Milton Keynes University Hospital NHS Foundation Trust,Acute&Acute Community Trusts,0.25,0.0,0.35,2.5,2646,5.007673109794047,5.003014277289274,0.09365723985392008,0.0,False,36,1.3230497037979268e-40,1.3230497037979268e-40,1.3230497037979268e-40,2.6460994075958535e-41,ordinary,103,model_conditional_scenario_no_new_NHS_observations
RDE,East Suffolk and North Essex NHS Foundation Trust,Acute&Acute Community Trusts,0.25,0.0,0.35,2.5,6181,4.826152582960841,4.829874845868673,0.06257297118696929,0.0,False,36,1.0130166901219383e-07,1.0130166901219383e-07,1.0130166901219383e-07,2.0260333802438765e-08,ordinary,26,model_conditional_scenario_no_new_NHS_observations
RDR,Sussex Community NHS Foundation Trust,Community Trusts,0.25,0.0,0.35,2.5,4042,5.455663526627008,5.443174564021188,0.07673187924034702,0.0,False,36,0.0,0.0,0.0,0.0,ordinary,178,model_conditional_scenario_no_new_NHS_observations
RDU,Frimley Health NHS Foundation Trust,Acute&Acute Community Trusts,0.25,0.0,0.35,2.5,5683,5.214387091389177,5.204965686477791,0.06516583663725481,0.0,False,36,0.0,0.0,0.0,0.0,ordinary,179,model_conditional_scenario_no_new_NHS_observations
RDY,Dorset Healthcare University NHS Foundation Trust,"MH&LD, MH, LD&Community Trusts",0.25,0.0,0.35,2.5,3551,5.32574192241569,5.320648023306188,0.0815943924452213,0.0,False,36,1.3189806429978966e-83,1.3189806429978966e-83,1.3189806429978966e-83,2.6379612859957933e-84,ordinary,128,model_conditional_scenario_no_new_NHS_observations
REF,Royal Cornwall Hospitals NHS Trust,Acute&Acute Community Trusts,0.25,0.0,0.35,2.5,3848,4.677182765495703,4.690550945359728,0.078547236738222,9.313225746154785e-10,True,36,1.0896350618669903e-32,1.0896350618669903e-32,1.0896350618669903e-32,2.1792701237339806e-33,ordinary,94,model_conditional_scenario_no_new_NHS_observations
REM,Liverpool University Hospitals NHS Foundation Trust,Acute&Acute Community Trusts,0.25,0.0,0.35,2.5,4448,4.900798593715324,4.902632842005164,0.07330715089942327,0.0,False,36,2.2628122342931918e-27,2.2628122342931918e-27,2.2628122342931918e-27,4.525624468586384e-28,ordinary,84,model_conditional_scenario_no_new_NHS_observations
REN,The Clatterbridge Cancer Centre NHS Foundation Trust,Acute Specialist Trusts,0.25,0.0,0.35,2.5,1209,5.148985203133816,5.15893616106016,0.1330106386163318,0.0,False,36,1.7369003529167146e-12,1.7369003529167146e-12,1.7369003529167146e-12,3.473800705833429e-13,ordinary,46,model_conditional_scenario_no_new_NHS_observations
REP,Liverpool Women's NHS Foundation Trust,Acute Specialist Trusts,0.25,0.0,0.35,2.5,772,4.870614374479285,4.943222941936073,0.16003940720698137,0.0,True,36,1.0730173466013145e-07,1.0730173466013145e-07,1.0730173466013145e-07,2.146034693202629e-08,ordinary,25,model_conditional_scenario_no_new_NHS_observations
RET,The Walton Centre NHS Foundation Trust,Acute Specialist Trusts,0.25,0.0,0.35,2.5,578,5.26298595970273,5.251217438020376,0.1787903032840585,0.0,False,36,1.7994128009603333e-10,1.7994128009603333e-10,1.7994128009603333e-10,3.5988256019206667e-11,ordinary,39,model_conditional_scenario_no_new_NHS_observations
RF4,"Barking, Havering and Redbridge University Hospitals NHS Trust",Acute&Acute Community Trusts,0.25,0.0,0.35,2.5,4158,4.72425974416934,4.734475373580619,0.0757047465712903,9.313225746154785e-10,True,36,1.869925834274668e-18,1.869925834274668e-18,1.869925834274668e-18,3.7398516685493363e-19,ordinary,61,model_conditional_scenario_no_new_NHS_observations
RFF,Barnsley Hospital NHS Foundation Trust,Acute&Acute Community Trusts,0.25,0.0,0.35,2.5,2219,5.136556181678653,5.12022131282833,0.10157480132457303,0.0,False,36,2.016565298472605e-70,2.016565298472605e-70,2.016565298472605e-70,4.0331305969452104e-71,ordinary,118,model_conditional_scenario_no_new_NHS_observations
RFR,The Rotherham NHS Foundation Trust,Acute&Acute Community Trusts,0.25,0.0,0.35,2.5,3137,5.104376831626352,5.094495748187989,0.08650206215430138,0.0,False,36,6.099867763246765e-108,6.099867763246765e-108,6.099867763246765e-108,1.219973552649353e-108,ordinary,144,model_conditional_scenario_no_new_NHS_observations
RFS,Chesterfield Royal Hospital NHS Foundation Trust,Acute&Acute Community Trusts,0.25,0.0,0.35,2.5,2972,5.003096039227562,4.999209502814084,0.0887205399398136,0.0,False,36,3.578200502696137e-47,3.578200502696137e-47,3.578200502696137e-47,7.156401005392274e-48,ordinary,110,model_conditional_scenario_no_new_NHS_observations
RGD,Leeds and York Partnership NHS Foundation Trust,"MH&LD, MH, LD&Community Trusts",0.25,0.0,0.35,2.5,1497,5.190906308393158,5.1958381500542385,0.12122925232194595,0.0,False,36,1.5116631166298492e-08,1.5116631166298492e-08,1.5116631166298492e-08,3.0233262332596985e-09,ordinary,31,model_conditional_scenario_no_new_NHS_observations
RGM,Royal Papworth Hospital NHS Foundation Trust,Acute Specialist Trusts,0.25,0.0,0.35,2.5,1177,5.188774029843231,5.193075982035151,0.13454275908804042,0.0,False,36,3.8930541733588085e-15,3.8930541733588085e-15,3.8930541733588085e-15,7.786108346717617e-16,ordinary,53,model_conditional_scenario_no_new_NHS_observations
RGN,North West Anglia NHS Foundation Trust,Acute&Acute Community Trusts,0.25,0.0,0.35,2.5,3216,4.459261605305287,4.488103800564178,0.08549717563872945,9.313225746154785e-10,True,36,4.500699813031051e-142,4.500699813031051e-142,4.500699813031051e-142,9.001399626062102e-143,ordinary,160,model_conditional_scenario_no_new_NHS_observations
RGP,James Paget University Hospitals NHS Foundation Trust,Acute&Acute Community Trusts,0.25,0.0,0.35,2.5,1657,4.760551985153012,4.7805160904219335,0.11590102928471238,0.0,True,36,3.271920620424614e-05,3.271920620424614e-05,3.271920620424614e-05,6.543841240849228e-06,ordinary,7,model_conditional_scenario_no_new_NHS_observations
RGR,West Suffolk NHS Foundation Trust,Acute&Acute Community Trusts,0.25,0.0,0.35,2.5,2435,4.74071370554987,4.7563265072188186,0.09732929828993088,0.0,True,36,8.042450527548656e-08,8.042450527548656e-08,8.042450527548656e-08,1.6084901055097312e-08,ordinary,29,model_conditional_scenario_no_new_NHS_observations
RGT,Cambridge University Hospitals NHS Foundation Trust,Acute&Acute Community Trusts,0.25,0.0,0.35,2.5,6990,4.925261247972768,4.925753415637774,0.05894979831323468,0.0,False,36,4.552375004228798e-84,4.552375004228798e-84,4.552375004228798e-84,9.104750008457597e-85,ordinary,129,model_conditional_scenario_no_new_NHS_observations
RHA,Nottinghamshire Healthcare NHS Foundation Trust,"MH&LD, MH, LD&Community Trusts",0.25,0.0,0.35,2.5,4456,4.874412494463094,4.890073172813638,0.0732442003801316,0.0,True,36,6.466501564713114e-165,6.466501564713114e-165,6.466501564713114e-165,1.293300312942623e-165,ordinary,167,model_conditional_scenario_no_new_NHS_observations
RHM,University Hospital Southampton NHS Foundation Trust,Acute&Acute Community Trusts,0.25,0.0,0.35,2.5,4801,4.898579234362294,4.90037461032589,0.07067477291581095,0.0,False,36,1.5881778839778018e-29,1.5881778839778018e-29,1.5881778839778018e-29,3.176355767955603e-30,ordinary,88,model_conditional_scenario_no_new_NHS_observations
RHQ,Sheffield Teaching Hospitals NHS Foundation Trust,Acute&Acute Community Trusts,0.25,0.0,0.35,2.5,10718,4.881592309708601,4.882732451578531,0.047842877823171794,0.0,False,36,2.555202339133241e-77,2.555202339133241e-77,2.555202339133241e-77,5.110404678266482e-78,ordinary,123,model_conditional_scenario_no_new_NHS_observations
RHU,Portsmouth Hospitals University NHS Trust,Acute&Acute Community Trusts,0.25,0.0,0.35,2.5,3768,4.802865589846258,4.810045553083836,0.07933428676089097,0.0,False,36,0.00011773674886290318,0.00011773674886290318,0.00011773674886290318,2.3547349772580636e-05,ordinary,4,model_conditional_scenario_no_new_NHS_observations
RHW,Royal Berkshire NHS Foundation Trust,Acute&Acute Community Trusts,0.25,0.0,0.35,2.5,4156,5.285013243534149,5.268986460979887,0.07572210772948977,0.0,False,36,0.0,0.0,0.0,0.0,ordinary,180,model_conditional_scenario_no_new_NHS_observations
RJ1,Guy's and St Thomas' NHS Foundation Trust,Acute&Acute Community Trusts,0.25,0.0,0.35,2.5,11816,5.128245974433135,5.125094185520342,0.045605402787419286,0.0,False,36,0.0,0.0,0.0,0.0,ordinary,181,model_conditional_scenario_no_new_NHS_observations
RJ2,Lewisham and Greenwich NHS Trust,Acute&Acute Community Trusts,0.25,0.0,0.35,2.5,4770,5.01487492662177,5.01190999508729,0.07089466425456699,0.0,False,36,3.8882030491122947e-119,3.8882030491122947e-119,3.8882030491122947e-119,7.776406098224589e-120,ordinary,149,model_conditional_scenario_no_new_NHS_observations
RJ6,Croydon Health Services NHS Trust,Acute&Acute Community Trusts,0.25,0.0,0.35,2.5,2037,5.027158642981511,5.0194593730727,0.10561878475651237,0.0,False,36,2.5076701446301764e-31,2.5076701446301764e-31,2.5076701446301764e-31,5.015340289260353e-32,ordinary,91,model_conditional_scenario_no_new_NHS_observations
RJ7,St George's University Hospitals NHS Foundation Trust,Acute&Acute Community Trusts,0.25,0.0,0.35,2.5,4453,4.887730566714432,4.890135509970367,0.07326778781567758,0.0,False,36,4.213112832741326e-22,4.213112832741326e-22,4.213112832741326e-22,8.426225665482652e-23,ordinary,73,model_conditional_scenario_no_new_NHS_observations
RJ8,Cornwall Partnership NHS Foundation Trust,"MH&LD, MH, LD&Community Trusts",0.25,0.0,0.35,2.5,3068,5.026328323604617,5.039157101676752,0.08740935978446931,0.0,True,36,5.102462524409958e-20,5.102462524409958e-20,5.102462524409958e-20,1.0204925048819916e-20,ordinary,69,model_conditional_scenario_no_new_NHS_observations
RJC,South Warwickshire University NHS Foundation Trust,Acute&Acute Community Trusts,0.25,0.0,0.35,2.5,2605,5.194167129545242,5.175891385478015,0.0943382518643939,0.0,False,36,1.9651415684788053e-125,1.9651415684788053e-125,1.9651415684788053e-125,3.9302831369576104e-126,ordinary,151,model_conditional_scenario_no_new_NHS_observations
RJE,University Hospitals of North Midlands NHS Trust,Acute&Acute Community Trusts,0.25,0.0,0.35,2.5,5372,4.8790352090298,4.881362036488994,0.06695845786650151,0.0,False,36,2.497091608927685e-24,2.497091608927685e-24,2.497091608927685e-24,4.994183217855371e-25,ordinary,77,model_conditional_scenario_no_new_NHS_observations
RJL,Northern Lincolnshire and Goole NHS Foundation Trust,Acute&Acute Community Trusts,0.25,0.0,0.35,2.5,3271,4.946698589583346,4.9464585165707335,0.0848178967278138,9.313225746154785e-10,False,36,9.109897051340951e-32,9.109897051340951e-32,9.109897051340951e-32,1.8219794102681901e-32,ordinary,92,model_conditional_scenario_no_new_NHS_observations
RJN,East Cheshire NHS Trust,Acute&Acute Community Trusts,0.25,0.0,0.35,2.5,1321,4.924497900633165,4.926921691892077,0.12803345318843726,0.0,False,36,3.5648553670494475e-09,3.5648553670494475e-09,3.5648553670494475e-09,7.129710734098895e-10,ordinary,35,model_conditional_scenario_no_new_NHS_observations
RJR,Countess of Chester Hospital NHS Foundation Trust,Acute&Acute Community Trusts,0.25,0.0,0.35,2.5,2188,4.618213802992669,4.645889881153541,0.10223085809375597,0.0,True,36,1.2332398070528228e-23,1.2332398070528228e-23,1.2332398070528228e-23,2.4664796141056456e-24,ordinary,76,model_conditional_scenario_no_new_NHS_observations
RJZ,King's College Hospital NHS Foundation Trust,Acute&Acute Community Trusts,0.25,0.0,0.35,2.5,6353,4.844882315255672,4.847923997408827,0.061746836070793946,0.0,False,36,2.5273482925157323e-13,2.5273482925157323e-13,2.5273482925157323e-13,5.0546965850314647e-14,ordinary,50,model_conditional_scenario_no_new_NHS_observations
RK5,Sherwood Forest Hospitals NHS Foundation Trust,Acute&Acute Community Trusts,0.25,0.0,0.35,2.5,3596,4.833012007832405,4.838897952414663,0.08110983935803702,0.0,False,36,6.213763337836607e-07,6.213763337836607e-07,6.213763337836607e-07,1.2427526675673215e-07,ordinary,21,model_conditional_scenario_no_new_NHS_observations
RK9,University Hospitals Plymouth NHS Trust,Acute&Acute Community Trusts,0.25,0.0,0.35,2.5,5422,4.868694596347482,4.871375842365823,0.06666025791592609,0.0,False,36,6.960412588630198e-20,6.960412588630198e-20,6.960412588630198e-20,1.3920825177260396e-20,ordinary,66,model_conditional_scenario_no_new_NHS_observations
RKB,University Hospitals Coventry and Warwickshire NHS Trust,Acute&Acute Community Trusts,0.25,0.0,0.35,2.5,6305,4.933915092043216,4.934187727083385,0.06197408810630107,0.0,False,36,1.2538501415622077e-79,1.2538501415622077e-79,1.2538501415622077e-79,2.5077002831244155e-80,ordinary,126,model_conditional_scenario_no_new_NHS_observations
RKE,Whittington Health NHS Trust,Acute&Acute Community Trusts,0.25,0.0,0.35,2.5,2483,5.241123918395662,5.2184520820157205,0.09645607246045437,0.0,False,36,3.4093497645777386e-142,3.4093497645777386e-142,3.4093497645777386e-142,6.818699529155478e-143,ordinary,161,model_conditional_scenario_no_new_NHS_observations
RKL,West London NHS Trust,"MH&LD, MH, LD&Community Trusts",0.25,0.0,0.35,2.5,4133,5.379938065556677,5.372977522288801,0.07592262339232968,0.0,False,36,4.727672978444485e-163,4.727672978444485e-163,4.727672978444485e-163,9.455345956888969e-164,ordinary,166,model_conditional_scenario_no_new_NHS_observations
RL1,The Robert Jones and Agnes Hunt Orthopaedic Hospital NHS Foundation Trust,Acute Specialist Trusts,0.25,0.0,0.35,2.5,822,5.061806859756023,5.092850212943419,0.15609142575885904,0.0,False,36,2.2063333664379826e-06,2.2063333664379826e-06,2.2063333664379826e-06,4.412666732875965e-07,ordinary,14,model_conditional_scenario_no_new_NHS_observations
RL4,The Royal Wolverhampton NHS Trust,Acute&Acute Community Trusts,0.25,0.0,0.35,2.5,3372,4.727096750241856,4.7393958063339205,0.08361155342772107,0.0,True,36,3.1731890894635695e-13,3.1731890894635695e-13,3.1731890894635695e-13,6.346378178927139e-14,ordinary,48,model_conditional_scenario_no_new_NHS_observations
RLQ,Wye Valley NHS Trust,Acute&Acute Community Trusts,0.25,0.0,0.35,2.5,1976,5.012313124373934,5.0057881417818155,0.10708622925366622,0.0,False,36,5.927382573508724e-27,5.927382573508724e-27,5.927382573508724e-27,1.1854765147017448e-27,ordinary,82,model_conditional_scenario_no_new_NHS_observations
RLT,George Eliot Hospital NHS Trust,Acute&Acute Community Trusts,0.25,0.0,0.35,2.5,1634,5.055260492039282,5.0427530151104305,0.11662391240229782,0.0,False,36,4.192895718826644e-27,4.192895718826644e-27,4.192895718826644e-27,8.385791437653287e-28,ordinary,83,model_conditional_scenario_no_new_NHS_observations
RLY,North Staffordshire Combined Healthcare NHS Trust,"MH&LD, MH, LD&Community Trusts",0.25,0.0,0.35,2.5,1295,5.506161264635511,5.468839560674618,0.12913898326811904,0.0,False,36,1.733995329746943e-41,1.733995329746943e-41,1.733995329746943e-41,3.467990659493886e-42,ordinary,104,model_conditional_scenario_no_new_NHS_observations
RM1,Norfolk and Norwich University Hospitals NHS Foundation Trust,Acute&Acute Community Trusts,0.25,0.0,0.35,2.5,4723,4.540971614751612,4.557607659418541,0.07123199788761238,0.0,True,36,2.582398546678545e-178,2.582398546678545e-178,2.582398546678545e-178,5.16479709335709e-179,ordinary,168,model_conditional_scenario_no_new_NHS_observations
RMC,Bolton NHS Foundation Trust,Acute&Acute Community Trusts,0.25,0.0,0.35,2.5,2678,4.76416657366604,4.776802287412188,0.09313584635433497,0.0,True,36,2.249971354428517e-06,2.249971354428517e-06,2.249971354428517e-06,4.499942708857034e-07,ordinary,13,model_conditional_scenario_no_new_NHS_observations
RMP,Tameside and Glossop Integrated Care NHS Foundation Trust,Acute&Acute Community Trusts,0.25,0.0,0.35,2.5,2236,4.938009896188618,4.938394690453051,0.10122034807227287,0.0,False,36,3.1490422316032564e-17,3.1490422316032564e-17,3.1490422316032564e-17,6.298084463206513e-18,ordinary,58,model_conditional_scenario_no_new_NHS_observations
RMY,Norfolk and Suffolk NHS Foundation Trust,"MH&LD, MH, LD&Community Trusts",0.25,0.0,0.35,2.5,3589,4.828751733855252,4.850448752290292,0.08118464755127913,0.0,True,36,5.886205480930791e-147,5.886205480930791e-147,5.886205480930791e-147,1.1772410961861583e-147,ordinary,163,model_conditional_scenario_no_new_NHS_observations
RN3,Great Western Hospitals NHS Foundation Trust,Acute&Acute Community Trusts,0.25,0.0,0.35,2.5,3628,5.045833543992019,5.040336297668812,0.08077047340145734,0.0,False,36,7.302542488268864e-94,7.302542488268864e-94,7.302542488268864e-94,1.4605084976537728e-94,ordinary,139,model_conditional_scenario_no_new_NHS_observations
RN5,Hampshire Hospitals NHS Foundation Trust,Acute&Acute Community Trusts,0.25,0.0,0.35,2.5,4192,5.077659721310114,5.071390266555498,0.07541142199319403,9.313225746154785e-10,False,36,6.665561126037694e-154,6.665561126037694e-154,6.665561126037694e-154,1.3331122252075388e-154,ordinary,164,model_conditional_scenario_no_new_NHS_observations
RN7,Dartford and Gravesham NHS Trust,Acute&Acute Community Trusts,0.25,0.0,0.35,2.5,1909,5.079731080231118,5.066487975576997,0.10877068580893227,0.0,False,36,9.369134682403406e-40,9.369134682403406e-40,9.369134682403406e-40,1.8738269364806812e-40,ordinary,101,model_conditional_scenario_no_new_NHS_observations
RNA,The Dudley Group NHS Foundation Trust,Acute&Acute Community Trusts,0.25,0.0,0.35,2.5,2397,4.679990273107688,4.7005955454217325,0.09803767723704361,0.0,True,36,3.575550145004414e-15,3.575550145004414e-15,3.575550145004414e-15,7.151100290008828e-16,ordinary,54,model_conditional_scenario_no_new_NHS_observations
RNK,Tavistock and Portman NHS Foundation Trust,"MH&LD, MH, LD&Community Trusts",0.25,0.0,0.35,2.5,392,5.270150977911881,5.257094181924098,0.20479395554795646,0.0,False,36,8.613191679304148e-06,8.613191679304148e-06,8.613191679304148e-06,1.7226383358608297e-06,ordinary,9,model_conditional_scenario_no_new_NHS_observations
RNN,North Cumbria Integrated Care NHS Foundation Trust,Acute&Acute Community Trusts,0.25,0.0,0.35,2.5,3822,5.044767141702418,5.039588840453899,0.07880045336700817,0.0,False,36,3.31751170059276e-102,3.31751170059276e-102,3.31751170059276e-102,6.63502340118552e-103,ordinary,142,model_conditional_scenario_no_new_NHS_observations
RNQ,Kettering General Hospital NHS Foundation Trust,Acute&Acute Community Trusts,0.25,0.0,0.35,2.5,2595,4.799163194662444,4.809621978933483,0.09450661805765231,0.0,True,36,0.0001687574333356036,0.0001687574333356036,0.0001687574333356036,3.375148666712072e-05,ordinary,2,model_conditional_scenario_no_new_NHS_observations
RNS,Northampton General Hospital NHS Trust,Acute&Acute Community Trusts,0.25,0.0,0.35,2.5,3144,4.835477210198987,4.842007507178853,0.0864115877681318,0.0,False,36,8.483716207315249e-07,8.483716207315249e-07,8.483716207315249e-07,1.6967432414630498e-07,ordinary,18,model_conditional_scenario_no_new_NHS_observations
RNU,Oxford Health NHS Foundation Trust,"MH&LD, MH, LD&Community Trusts",0.25,0.0,0.35,2.5,4537,5.324667624556779,5.320679344246766,0.07261582699926024,0.0,False,36,7.914697841699235e-129,7.914697841699235e-129,7.914697841699235e-129,1.582939568339847e-129,ordinary,153,model_conditional_scenario_no_new_NHS_observations
RNZ,Salisbury NHS Foundation Trust,Acute&Acute Community Trusts,0.25,0.0,0.35,2.5,2465,4.993064704590668,4.98920691858625,0.0967807706468557,0.0,False,36,3.0595362280901766e-32,3.0595362280901766e-32,3.0595362280901766e-32,6.119072456180353e-33,ordinary,93,model_conditional_scenario_no_new_NHS_observations
RP1,Northamptonshire Healthcare NHS Foundation Trust,"MH&LD, MH, LD&Community Trusts",0.25,0.0,0.35,2.5,3233,5.330652636147439,5.324795867059006,0.0852854766141416,0.0,False,36,1.15683484651154e-73,1.15683484651154e-73,1.15683484651154e-73,2.3136696930230798e-74,ordinary,121,model_conditional_scenario_no_new_NHS_observations
RP4,Great Ormond Street Hospital for Children NHS Foundation Trust,Acute Specialist Trusts,0.25,0.0,0.35,2.5,2877,4.970756513710058,4.987125673573183,0.0900779308996011,0.0,True,36,4.1928365394416906e-18,4.1928365394416906e-18,4.1928365394416906e-18,8.385673078883381e-19,ordinary,60,model_conditional_scenario_no_new_NHS_observations
RP5,Doncaster and Bassetlaw Teaching Hospitals NHS Foundation Trust,Acute&Acute Community Trusts,0.25,0.0,0.35,2.5,3870,5.031214344280041,5.026775948550534,0.07833487251324008,0.0,False,36,6.720640946732271e-94,6.720640946732271e-94,6.720640946732271e-94,1.3441281893464542e-94,ordinary,140,model_conditional_scenario_no_new_NHS_observations
RP6,Moorfields Eye Hospital NHS Foundation Trust,Acute Specialist Trusts,0.25,0.0,0.35,2.5,1706,5.174454477307171,5.179094962125048,0.1144047457081451,0.0,False,36,2.1513226033647965e-21,2.1513226033647965e-21,2.1513226033647965e-21,4.302645206729593e-22,ordinary,72,model_conditional_scenario_no_new_NHS_observations
RP7,Lincolnshire Partnership NHS Foundation Trust,"MH&LD, MH, LD&Community Trusts",0.25,0.0,0.35,2.5,1782,5.217142612471477,5.218670806199183,0.11219447141613717,0.0,False,36,3.634794731025827e-12,3.634794731025827e-12,3.634794731025827e-12,7.269589462051654e-13,ordinary,43,model_conditional_scenario_no_new_NHS_observations
RPA,Medway NHS Foundation Trust,Acute&Acute Community Trusts,0.25,0.0,0.35,2.5,2186,4.849066146088023,4.857053620193925,0.10227362210614888,0.0,False,36,8.051127986664888e-07,8.051127986664888e-07,8.051127986664888e-07,1.6102255973329777e-07,ordinary,19,model_conditional_scenario_no_new_NHS_observations
RPC,Queen Victoria Hospital NHS Foundation Trust,Acute Specialist Trusts,0.25,0.0,0.35,2.5,690,5.135376427779011,5.154210073780518,0.16721738124588817,0.0,False,36,8.208898936511038e-08,8.208898936511038e-08,8.208898936511038e-08,1.6417797873022075e-08,ordinary,28,model_conditional_scenario_no_new_NHS_observations
RPG,Oxleas NHS Foundation Trust,"MH&LD, MH, LD&Community Trusts",0.25,0.0,0.35,2.5,2849,5.427548901304633,5.41447851988246,0.09049004330964942,0.0,False,36,3.2381309882624447e-110,3.2381309882624447e-110,3.2381309882624447e-110,6.476261976524889e-111,ordinary,146,model_conditional_scenario_no_new_NHS_observations
RPY,The Royal Marsden NHS Foundation Trust,Acute Specialist Trusts,0.25,0.0,0.35,2.5,2440,5.217752957651964,5.217763275131097,0.09723722912548706,0.0,False,36,2.3916161188504934e-48,2.3916161188504934e-48,2.3916161188504934e-48,4.7832322377009866e-49,ordinary,112,model_conditional_scenario_no_new_NHS_observations
RQM,Chelsea and Westminster Hospital NHS Foundation Trust,Acute&Acute Community Trusts,0.25,0.0,0.35,2.5,3964,4.999520098219371,4.996733642947651,0.07744651793773821,0.0,False,36,1.8594908705430745e-74,1.8594908705430745e-74,1.8594908705430745e-74,3.718981741086149e-75,ordinary,122,model_conditional_scenario_no_new_NHS_observations
RQW,The Princess Alexandra Hospital NHS Trust,Acute&Acute Community Trusts,0.25,0.0,0.35,2.5,2613,4.769280744617053,4.7818375160417315,0.09420420488199538,0.0,True,36,6.177544012621866e-06,6.177544012621866e-06,6.177544012621866e-06,1.2355088025243731e-06,ordinary,10,model_conditional_scenario_no_new_NHS_observations
RQX,Homerton Healthcare NHS Foundation Trust,Acute&Acute Community Trusts,0.25,0.0,0.35,2.5,2172,4.839480198208864,4.848338071926786,0.10257448041311157,0.0,False,36,3.4064528486588624e-06,3.4064528486588624e-06,3.4064528486588624e-06,6.812905697317724e-07,ordinary,12,model_conditional_scenario_no_new_NHS_observations
RQY,South West London and St George's Mental Health NHS Trust,"MH&LD, MH, LD&Community Trusts",0.25,0.0,0.35,2.5,2050,5.167341076444791,5.173196541519121,0.10531377592140069,0.0,False,36,1.0116547850158848e-08,1.0116547850158848e-08,1.0116547850158848e-08,2.0233095700317696e-09,ordinary,33,model_conditional_scenario_no_new_NHS_observations
RR7,Gateshead Health NHS Foundation Trust,Acute&Acute Community Trusts,0.25,0.0,0.35,2.5,1751,4.814541301131064,4.827909848736031,0.11308045739828561,0.0,False,36,7.281628254354172e-05,7.281628254354172e-05,7.281628254354172e-05,1.4563256508708343e-05,ordinary,6,model_conditional_scenario_no_new_NHS_observations
RR8,Leeds Teaching Hospitals NHS Trust,Acute&Acute Community Trusts,0.25,0.0,0.35,2.5,10126,4.912010965675695,4.912615494645105,0.049194678601043436,0.0,False,36,1.1728019918959497e-131,1.1728019918959497e-131,1.1728019918959497e-131,2.3456039837918995e-132,ordinary,155,model_conditional_scenario_no_new_NHS_observations
RRE,Midlands Partnership University NHS Foundation Trust,"MH&LD, MH, LD&Community Trusts",0.25,0.0,0.35,2.5,5528,5.492801377183516,5.483516482676667,0.0660410274027237,0.0,False,36,0.0,0.0,0.0,0.0,ordinary,182,model_conditional_scenario_no_new_NHS_observations
RRF,"Wrightington, Wigan and Leigh Teaching Hospitals NHS Foundation Trust",Acute&Acute Community Trusts,0.25,0.0,0.35,2.5,3515,5.112599007635354,5.103271032366966,0.08198835045035399,0.0,False,36,1.1289774377101158e-139,1.1289774377101158e-139,1.1289774377101158e-139,2.2579548754202317e-140,ordinary,159,model_conditional_scenario_no_new_NHS_observations
RRJ,The Royal Orthopaedic Hospital NHS Foundation Trust,Acute Specialist Trusts,0.25,0.0,0.35,2.5,788,5.37574034569773,5.343268175289988,0.15874362730020347,0.0,False,36,1.5395450564665667e-20,1.5395450564665667e-20,1.5395450564665667e-20,3.0790901129331333e-21,ordinary,71,model_conditional_scenario_no_new_NHS_observations
RRK,University Hospitals Birmingham NHS Foundation Trust,Acute&Acute Community Trusts,0.25,0.0,0.35,2.5,9709,4.853940022827912,4.855765494169717,0.05021872278267286,0.0,False,36,5.76947305278212e-30,5.76947305278212e-30,5.76947305278212e-30,1.153894610556424e-30,ordinary,89,model_conditional_scenario_no_new_NHS_observations
RRU,London Ambulance Service NHS Trust,Ambulance Trusts,0.25,0.0,0.35,2.5,5992,4.341156457540043,4.3443630241116376,0.06352013886909291,0.0,False,36,1.1215201262305464e-71,1.1215201262305464e-71,1.1215201262305464e-71,2.243040252461093e-72,ordinary,119,model_conditional_scenario_no_new_NHS_observations
RRV,University College London Hospitals NHS Foundation Trust,Acute&Acute Community Trusts,0.25,0.0,0.35,2.5,6309,5.123445921128075,5.117779608407485,0.061955054533608465,0.0,False,36,0.0,0.0,0.0,0.0,ordinary,183,model_conditional_scenario_no_new_NHS_observations
RT1,Cambridgeshire and Peterborough NHS Foundation Trust,"MH&LD, MH, LD&Community Trusts",0.25,0.0,0.35,2.5,2248,5.214530648904086,5.215985808975219,0.10097236817942506,0.0,False,36,3.1904836719954314e-15,3.1904836719954314e-15,3.1904836719954314e-15,6.380967343990862e-16,ordinary,55,model_conditional_scenario_no_new_NHS_observations
RT2,Pennine Care NHS Foundation Trust,"MH&LD, MH, LD&Community Trusts",0.25,0.0,0.35,2.5,1953,5.084956316286448,5.098869518355032,0.10765562184943056,0.0,True,36,1.920190352111296e-06,1.920190352111296e-06,1.920190352111296e-06,3.840380704222592e-07,ordinary,15,model_conditional_scenario_no_new_NHS_observations
RT5,Leicestershire Partnership NHS Trust,"MH&LD, MH, LD&Community Trusts",0.25,0.0,0.35,2.5,3905,5.302391085619033,5.298895771733499,0.07800054186687098,0.0,False,36,1.8164467202271475e-81,1.8164467202271475e-81,1.8164467202271475e-81,3.6328934404542953e-82,ordinary,127,model_conditional_scenario_no_new_NHS_observations
RTD,The Newcastle upon Tyne Hospitals NHS Foundation Trust,Acute&Acute Community Trusts,0.25,0.0,0.35,2.5,10294,4.908755725049063,4.909413861332132,0.048799461722199323,0.0,False,36,7.213522164284172e-128,7.213522164284172e-128,7.213522164284172e-128,1.4427044328568344e-128,ordinary,152,model_conditional_scenario_no_new_NHS_observations
RTE,Gloucestershire Hospitals NHS Foundation Trust,Acute&Acute Community Trusts,0.25,0.0,0.35,2.5,4305,4.890723767293038,4.89307217450021,0.07446050124054433,0.0,False,36,3.2860654533313556e-22,3.2860654533313556e-22,3.2860654533313556e-22,6.572130906662712e-23,ordinary,74,model_conditional_scenario_no_new_NHS_observations
RTF,Northumbria Healthcare NHS Foundation Trust,Acute&Acute Community Trusts,0.25,0.0,0.35,2.5,6629,5.334685094112513,5.322975122402834,0.060486951896801644,0.0,False,36,0.0,0.0,0.0,0.0,ordinary,184,model_conditional_scenario_no_new_NHS_observations
RTG,University Hospitals of Derby and Burton NHS Foundation Trust,Acute&Acute Community Trusts,0.25,0.0,0.35,2.5,8141,4.700766891568371,4.706681257815226,0.05473368767426799,0.0,True,36,4.313199762062383e-89,4.313199762062383e-89,4.313199762062383e-89,8.626399524124765e-90,ordinary,137,model_conditional_scenario_no_new_NHS_observations
RTH,Oxford University Hospitals NHS Foundation Trust,Acute&Acute Community Trusts,0.25,0.0,0.35,2.5,6057,5.015744748237001,5.013360922729081,0.06318955853485382,0.0,False,36,1.1153202382973908e-186,1.1153202382973908e-186,1.1153202382973908e-186,2.2306404765947817e-187,ordinary,169,model_conditional_scenario_no_new_NHS_observations
RTK,Ashford and St Peter's Hospitals NHS Foundation Trust,Acute&Acute Community Trusts,0.25,0.0,0.35,2.5,2213,5.199553203410994,5.177858753781308,0.10170079439298878,0.0,False,36,6.7669747733246865e-96,6.7669747733246865e-96,6.7669747733246865e-96,1.3533949546649373e-96,ordinary,141,model_conditional_scenario_no_new_NHS_observations
RTP,Surrey and Sussex Healthcare NHS Trust,Acute&Acute Community Trusts,0.25,0.0,0.35,2.5,2802,5.102570717597517,5.091711095113462,0.09119470426809682,0.0,False,36,3.0936361796917724e-87,3.0936361796917724e-87,3.0936361796917724e-87,6.187272359383545e-88,ordinary,135,model_conditional_scenario_no_new_NHS_observations
RTQ,Gloucestershire Health and Care NHS Foundation Trust,"MH&LD, MH, LD&Community Trusts",0.25,0.0,0.35,2.5,2630,5.342545827403389,5.334586502911949,0.09392124191660224,0.0,False,36,2.144738580742259e-56,2.144738580742259e-56,2.144738580742259e-56,4.2894771614845184e-57,ordinary,114,model_conditional_scenario_no_new_NHS_observations
RTR,South Tees Hospitals NHS Foundation Trust,Acute&Acute Community Trusts,0.25,0.0,0.35,2.5,3006,4.694719841523346,4.71047955319757,0.08824944158541508,0.0,True,36,1.1839487451098288e-17,1.1839487451098288e-17,1.1839487451098288e-17,2.3678974902196574e-18,ordinary,59,model_conditional_scenario_no_new_NHS_observations
RV3,Central and North West London NHS Foundation Trust,"MH&LD, MH, LD&Community Trusts",0.25,0.0,0.35,2.5,6209,5.267583792774409,5.266451887498406,0.06243622259493057,0.0,False,36,1.4290075561823269e-133,1.4290075561823269e-133,1.4290075561823269e-133,2.858015112364654e-134,ordinary,156,model_conditional_scenario_no_new_NHS_observations
RV5,South London and Maudsley NHS Foundation Trust,"MH&LD, MH, LD&Community Trusts",0.25,0.0,0.35,2.5,3305,5.23372767857308,5.233628054252378,0.08440599010258798,0.0,False,36,3.1046463028148646e-31,3.1046463028148646e-31,3.1046463028148646e-31,6.20929260562973e-32,ordinary,90,model_conditional_scenario_no_new_NHS_observations
RV9,Humber Teaching NHS Foundation Trust,"MH&LD, MH, LD&Community Trusts",0.25,0.0,0.35,2.5,2165,5.354682762801523,5.3441156719103,0.10272590865962342,0.0,False,36,2.413547195656881e-44,2.413547195656881e-44,2.413547195656881e-44,4.827094391313762e-45,ordinary,107,model_conditional_scenario_no_new_NHS_observations
RVJ,North Bristol NHS Trust,Acute&Acute Community Trusts,0.25,0.0,0.35,2.5,6015,5.120418105545482,5.114583283315885,0.06340257195550102,0.0,False,36,0.0,0.0,0.0,0.0,ordinary,185,model_conditional_scenario_no_new_NHS_observations
RVN,Avon and Wiltshire Mental Health Partnership NHS Trust,"MH&LD, MH, LD&Community Trusts",0.25,0.0,0.35,2.5,2724,5.384531203179384,5.3739010967512275,0.09240137080298433,0.0,False,36,5.128981587566437e-79,5.128981587566437e-79,5.128981587566437e-79,1.0257963175132875e-79,ordinary,125,model_conditional_scenario_no_new_NHS_observations
RVR,Epsom and St Helier University Hospitals NHS Trust,Acute&Acute Community Trusts,0.25,0.0,0.35,2.5,3440,5.07888721270503,5.0712552367656745,0.08282776749436369,0.0,False,36,3.97566442261068e-108,3.97566442261068e-108,3.97566442261068e-108,7.95132884522136e-109,ordinary,145,model_conditional_scenario_no_new_NHS_observations
RVV,East Kent Hospitals University NHS Foundation Trust,Acute&Acute Community Trusts,0.25,0.0,0.35,2.5,5367,4.707337575724052,4.715956173754253,0.06698849846065907,0.0,True,36,3.4064556669169843e-37,3.4064556669169843e-37,3.4064556669169843e-37,6.812911333833969e-38,ordinary,97,model_conditional_scenario_no_new_NHS_observations
RVW,North Tees and Hartlepool NHS Foundation Trust,Acute&Acute Community Trusts,0.25,0.0,0.35,2.5,2111,5.071682008052067,5.060303967191324,0.10391705961086051,0.0,False,36,1.7495444545216865e-44,1.7495444545216865e-44,1.7495444545216865e-44,3.499088909043373e-45,ordinary,108,model_conditional_scenario_no_new_NHS_observations
RW4,Mersey Care NHS Foundation Trust,"MH&LD, MH, LD&Community Trusts",0.25,0.0,0.35,2.5,4491,5.397887120779217,5.390677125404619,0.07297068623644466,0.0,False,36,5.139322591308258e-214,5.139322591308258e-214,5.139322591308258e-214,1.0278645182616515e-214,ordinary,171,model_conditional_scenario_no_new_NHS_observations
RW5,Lancashire and South Cumbria NHS Foundation Trust,"MH&LD, MH, LD&Community Trusts",0.25,0.0,0.35,2.5,3543,4.99738963698073,5.010168291999876,0.0816814478082655,0.0,True,36,1.4659205474862262e-35,1.4659205474862262e-35,1.4659205474862262e-35,2.9318410949724525e-36,ordinary,95,model_conditional_scenario_no_new_NHS_observations
RWA,Hull University Teaching Hospitals NHS Trust,Acute&Acute Community Trusts,0.25,0.0,0.35,2.5,4704,4.844735547181597,4.848805265727863,0.0713697401638618,0.0,False,36,3.8557721472941984e-10,3.8557721472941984e-10,3.8557721472941984e-10,7.711544294588397e-11,ordinary,38,model_conditional_scenario_no_new_NHS_observations
RWD,United Lincolnshire Teaching Hospitals NHS Trust,Acute&Acute Community Trusts,0.25,0.0,0.35,2.5,5008,4.835903726669841,4.84008188901095,0.06925711553062684,0.0,False,36,1.0151452177376411e-08,1.0151452177376411e-08,1.0151452177376411e-08,2.0302904354752823e-09,ordinary,32,model_conditional_scenario_no_new_NHS_observations
RWE,University Hospitals of Leicester NHS Trust,Acute&Acute Community Trusts,0.25,0.0,0.35,2.5,11467,5.088574677427709,5.086022336702494,0.04628224862181029,0.0,False,36,0.0,0.0,0.0,0.0,ordinary,186,model_conditional_scenario_no_new_NHS_observations
RWF,Maidstone and Tunbridge Wells NHS Trust,Acute&Acute Community Trusts,0.25,0.0,0.35,2.5,3394,5.028469974349294,5.023600070658132,0.08335554553682864,9.313225746154785e-10,False,36,7.23295787314662e-73,7.23295787314662e-73,7.23295787314662e-73,1.446591574629324e-73,ordinary,120,model_conditional_scenario_no_new_NHS_observations
RWG,West Hertfordshire Teaching Hospitals NHS Trust,Acute&Acute Community Trusts,0.25,0.0,0.35,2.5,3482,5.007930886258658,5.004314400862586,0.08235453698918858,0.0,False,36,3.6914052042316485e-64,3.6914052042316485e-64,3.6914052042316485e-64,7.382810408463297e-65,ordinary,116,model_conditional_scenario_no_new_NHS_observations
RWH,East and North Hertfordshire Teaching NHS Trust,Acute&Acute Community Trusts,0.25,0.0,0.35,2.5,2744,4.985845463685876,4.982852523735026,0.09208740860456083,0.0,False,36,9.944962315793883e-36,9.944962315793883e-36,9.944962315793883e-36,1.9889924631587768e-36,ordinary,96,model_conditional_scenario_no_new_NHS_observations
RWJ,Stockport NHS Foundation Trust,Acute&Acute Community Trusts,0.25,0.0,0.35,2.5,3029,5.078547348871322,5.069966624185868,0.08793498000506926,0.0,False,36,6.1738602399045186e-86,6.1738602399045186e-86,6.1738602399045186e-86,1.2347720479809037e-86,ordinary,131,model_conditional_scenario_no_new_NHS_observations
RWP,Worcestershire Acute Hospitals NHS Trust,Acute&Acute Community Trusts,0.25,0.0,0.35,2.5,3862,5.084149760111752,5.077045738299655,0.07841189642624027,0.0,False,36,2.5107658635252432e-138,2.5107658635252432e-138,2.5107658635252432e-138,5.021531727050487e-139,ordinary,158,model_conditional_scenario_no_new_NHS_observations
RWR,Hertfordshire Partnership University NHS Foundation Trust,"MH&LD, MH, LD&Community Trusts",0.25,0.0,0.35,2.5,2708,5.290545915746015,5.28644398798866,0.09265486588594919,0.0,False,36,9.651304631514212e-40,9.651304631514212e-40,9.651304631514212e-40,1.9302609263028425e-40,ordinary,100,model_conditional_scenario_no_new_NHS_observations
RWV,Devon Partnership NHS Trust,"MH&LD, MH, LD&Community Trusts",0.25,0.0,0.35,2.5,1956,5.150848773367359,5.158517220782745,0.1075808378515398,0.0,False,36,3.046129049826637e-07,3.046129049826637e-07,3.046129049826637e-07,6.092258099653273e-08,ordinary,22,model_conditional_scenario_no_new_NHS_observations
RWW,Warrington and Halton Teaching Hospitals NHS Foundation Trust,Acute&Acute Community Trusts,0.25,0.0,0.35,2.5,1812,5.022959859834748,5.014826360877095,0.11135659627244639,0.0,False,36,1.254578299871641e-25,1.254578299871641e-25,1.254578299871641e-25,2.509156599743282e-26,ordinary,80,model_conditional_scenario_no_new_NHS_observations
RWX,Berkshire Healthcare NHS Foundation Trust,"MH&LD, MH, LD&Community Trusts",0.25,0.0,0.35,2.5,3340,5.479052857231665,5.4648274645654835,0.0839881752973186,0.0,False,36,1.3237588259267612e-193,1.3237588259267612e-193,1.3237588259267612e-193,2.6475176518535225e-194,ordinary,170,model_conditional_scenario_no_new_NHS_observations
RWY,Calderdale and Huddersfield NHS Foundation Trust,Acute&Acute Community Trusts,0.25,0.0,0.35,2.5,3360,4.961405131725324,4.960328947495283,0.0837521921141244,0.0,False,36,8.573883661500535e-39,8.573883661500535e-39,8.573883661500535e-39,1.714776732300107e-39,ordinary,98,model_conditional_scenario_no_new_NHS_observations
RX1,Nottingham University Hospitals NHS Trust,Acute&Acute Community Trusts,0.25,0.0,0.35,2.5,8970,4.792989492781167,4.796317883712823,0.052202187739388214,0.0,True,36,9.327044270979405e-08,9.327044270979405e-08,9.327044270979405e-08,1.865408854195881e-08,ordinary,27,model_conditional_scenario_no_new_NHS_observations
RX3,"Tees, Esk and Wear Valleys NHS Foundation Trust","MH&LD, MH, LD&Community Trusts",0.25,0.0,0.35,2.5,4229,5.232867226165322,5.232827978672006,0.07509605795245543,0.0,False,36,1.559840325912937e-45,1.559840325912937e-45,1.559840325912937e-45,3.119680651825874e-46,ordinary,109,model_conditional_scenario_no_new_NHS_observations
RX4,"Cumbria, Northumberland, Tyne and Wear NHS Foundation Trust","MH&LD, MH, LD&Community Trusts",0.25,0.0,0.35,2.5,4582,5.183384223459021,5.185457858093963,0.07227364421154979,0.0,False,36,2.477155906194598e-25,2.477155906194598e-25,2.477155906194598e-25,4.954311812389196e-26,ordinary,79,model_conditional_scenario_no_new_NHS_observations
RX6,North East Ambulance Service NHS Foundation Trust,Ambulance Trusts,0.25,0.0,0.35,2.5,1842,4.819953405973823,4.781907262816479,0.11053721695006549,1.3170890159654386e-09,False,36,7.598102036821993e-156,7.598102036821993e-156,7.598102036821993e-156,1.5196204073643986e-156,ordinary,165,model_conditional_scenario_no_new_NHS_observations
RX7,North West Ambulance Service NHS Trust,Ambulance Trusts,0.25,0.0,0.35,2.5,4117,4.631999956273279,4.622861580471379,0.0760630557720523,9.313225746154785e-10,False,36,0.0,0.0,0.0,0.0,ordinary,187,model_conditional_scenario_no_new_NHS_observations
RX8,Yorkshire Ambulance Service NHS Trust,Ambulance Trusts,0.25,0.0,0.35,2.5,4691,4.668542754845065,4.658952438411738,0.07146444659656995,0.0,False,36,0.0,0.0,0.0,0.0,ordinary,188,model_conditional_scenario_no_new_NHS_observations
RX9,East Midlands Ambulance Service NHS Trust,Ambulance Trusts,0.25,0.0,0.35,2.5,2718,4.426384668562666,4.4272315428446465,0.09249618744235796,0.0,False,36,2.4623140247741986e-47,2.4623140247741986e-47,2.4623140247741986e-47,4.9246280495483974e-48,ordinary,111,model_conditional_scenario_no_new_NHS_observations
RXA,Cheshire and Wirral Partnership NHS Foundation Trust,"MH&LD, MH, LD&Community Trusts",0.25,0.0,0.35,2.5,2249,5.283120533762209,5.278868834893527,0.10095178536243017,0.0,False,36,3.875941470115835e-28,3.875941470115835e-28,3.875941470115835e-28,7.751882940231669e-29,ordinary,85,model_conditional_scenario_no_new_NHS_observations
RXC,East Sussex Healthcare NHS Trust,Acute&Acute Community Trusts,0.25,0.0,0.35,2.5,4296,4.862101054215843,4.865752216830401,0.07453492319933387,0.0,False,36,2.752699469867029e-13,2.752699469867029e-13,2.752699469867029e-13,5.5053989397340583e-14,ordinary,49,model_conditional_scenario_no_new_NHS_observations
RXE,Rotherham Doncaster and South Humber NHS Foundation Trust,"MH&LD, MH, LD&Community Trusts",0.25,0.0,0.35,2.5,1989,5.137412598539744,5.146215986713223,0.10676836827511779,0.0,False,36,1.8617990490727472e-06,1.8617990490727472e-06,1.8617990490727472e-06,3.723598098145494e-07,ordinary,16,model_conditional_scenario_no_new_NHS_observations
RXF,Mid Yorkshire Teaching NHS Trust,Acute&Acute Community Trusts,0.25,0.0,0.35,2.5,3671,4.906352721523762,4.9082622496341966,0.08032108685297447,0.0,False,36,1.0527866658950658e-22,1.0527866658950658e-22,1.0527866658950658e-22,2.1055733317901317e-23,ordinary,75,model_conditional_scenario_no_new_NHS_observations
RXG,South West Yorkshire Partnership NHS Foundation Trust,"MH&LD, MH, LD&Community Trusts",0.25,0.0,0.35,2.5,2871,5.46329566174571,5.447946411116562,0.09016576665017448,0.0,False,36,3.600519996544442e-135,3.600519996544442e-135,3.600519996544442e-135,7.201039993088884e-136,ordinary,157,model_conditional_scenario_no_new_NHS_observations
RXK,Sandwell and West Birmingham Hospitals NHS Trust,Acute&Acute Community Trusts,0.25,0.0,0.35,2.5,2964,4.881423056536682,4.885364641851635,0.08883248730964477,0.0,False,36,1.8597793737258713e-12,1.8597793737258713e-12,1.8597793737258713e-12,3.7195587474517425e-13,ordinary,44,model_conditional_scenario_no_new_NHS_observations
RXM,Derbyshire Healthcare NHS Foundation Trust,"MH&LD, MH, LD&Community Trusts",0.25,0.0,0.35,2.5,2160,5.29347494412795,5.288169328111273,0.10283448322049632,0.0,False,36,9.271275476863563e-29,9.271275476863563e-29,9.271275476863563e-29,1.8542550953727126e-29,ordinary,86,model_conditional_scenario_no_new_NHS_observations
RXN,Lancashire Teaching Hospitals NHS Foundation Trust,Acute&Acute Community Trusts,0.25,0.0,0.35,2.5,4261,4.936817949284272,4.93708271127174,0.07482647778673485,0.0,False,36,1.045850159855074e-42,1.045850159855074e-42,1.045850159855074e-42,2.091700319710148e-43,ordinary,105,model_conditional_scenario_no_new_NHS_observations
RXP,County Durham and Darlington NHS Foundation Trust,Acute&Acute Community Trusts,0.25,0.0,0.35,2.5,3096,4.798991510260922,4.807873117399334,0.0870377514507842,0.0,True,36,0.00012016318419109375,0.00012016318419109375,0.00012016318419109375,2.4032636838218752e-05,ordinary,3,model_conditional_scenario_no_new_NHS_observations
RXQ,Buckinghamshire Healthcare NHS Trust,Acute&Acute Community Trusts,0.25,0.0,0.35,2.5,4557,5.262749347041431,5.249026745132691,0.07246314688788351,0.0,False,36,0.0,0.0,0.0,0.0,ordinary,189,model_conditional_scenario_no_new_NHS_observations
RXV,Greater Manchester Mental Health NHS Foundation Trust,"MH&LD, MH, LD&Community Trusts",0.25,0.0,0.35,2.5,2847,5.07669374944278,5.087082901416185,0.09051969679975115,0.0,True,36,1.9473721602421883e-09,1.9473721602421883e-09,1.9473721602421883e-09,3.8947443204843765e-10,ordinary,36,model_conditional_scenario_no_new_NHS_observations
RXW,The Shrewsbury and Telford Hospital NHS Trust,Acute&Acute Community Trusts,0.25,0.0,0.35,2.5,3797,4.889983833464849,4.892668149280829,0.07904625485030675,0.0,False,36,1.2284066499932936e-18,1.2284066499932936e-18,1.2284066499932936e-18,2.456813299986587e-19,ordinary,63,model_conditional_scenario_no_new_NHS_observations
RXX,Surrey and Borders Partnership NHS Foundation Trust,"MH&LD, MH, LD&Community Trusts",0.25,0.0,0.35,2.5,2006,5.152875156509391,5.1601829973575795,0.10635694317250177,0.0,False,36,1.7604227619214278e-07,1.7604227619214278e-07,1.7604227619214278e-07,3.5208455238428554e-08,ordinary,23,model_conditional_scenario_no_new_NHS_observations
RXY,Kent and Medway NHS and Social Care Partnership Trust,"MH&LD, MH, LD&Community Trusts",0.25,0.0,0.35,2.5,1999,5.15532916409753,5.162432898578289,0.10652577671512414,0.0,False,36,1.214448645934721e-07,1.214448645934721e-07,1.214448645934721e-07,2.428897291869442e-08,ordinary,24,model_conditional_scenario_no_new_NHS_observations
RY2,Bridgewater Community Healthcare NHS Foundation Trust,Community Trusts,0.25,0.0,0.35,2.5,819,4.787480268060491,4.868934936904586,0.15632011303196264,0.0,True,36,2.8229133862633107e-08,2.8229133862633107e-08,2.8229133862633107e-08,5.645826772526621e-09,ordinary,30,model_conditional_scenario_no_new_NHS_observations
RY3,Norfolk Community Health and Care NHS Trust,Community Trusts,0.25,0.0,0.35,2.5,1677,5.162657590214402,5.166255506982699,0.1152832424426361,1.3170890159654386e-09,False,36,3.208138126157297e-16,3.208138126157297e-16,3.208138126157297e-16,6.416276252314593e-17,ordinary,56,model_conditional_scenario_no_new_NHS_observations
RY4,Hertfordshire Community NHS Trust,Community Trusts,0.25,0.0,0.35,2.5,1662,5.428005953039109,5.4026133061531,0.11574565187775894,0.0,False,36,1.3354809940490105e-68,1.3354809940490105e-68,1.3354809940490105e-68,2.6709619880980213e-69,ordinary,117,model_conditional_scenario_no_new_NHS_observations
RY5,Lincolnshire Community Health Services NHS Trust,Community Trusts,0.25,0.0,0.35,2.5,1509,4.981026326870255,5.006615054854502,0.12080390551829383,0.0,True,36,9.511692159708696e-05,9.511692159708696e-05,9.511692159708696e-05,1.9023384319417393e-05,ordinary,5,model_conditional_scenario_no_new_NHS_observations
RY6,Leeds Community Healthcare NHS Trust,Community Trusts,0.25,0.0,0.35,2.5,1783,5.157750508980817,5.161660474314247,0.11216623689657626,0.0,False,36,8.90495517124074e-17,8.90495517124074e-17,8.90495517124074e-17,1.7809910342481482e-17,ordinary,57,model_conditional_scenario_no_new_NHS_observations
RY7,Wirral Community Health and Care NHS Foundation Trust,Community Trusts,0.25,0.0,0.35,2.5,861,4.985023674415926,5.02541475185119,0.15320698168492183,0.0,False,36,0.00023516026871507514,0.00023516026871507514,0.00023516026871507514,4.703205374301503e-05,ordinary,1,model_conditional_scenario_no_new_NHS_observations
RY8,Derbyshire Community Health Services NHS Foundation Trust,Community Trusts,0.25,0.0,0.35,2.5,3150,5.261948301204113,5.257924715395698,0.08633426382985782,0.0,False,36,4.152668505497371e-86,4.152668505497371e-86,4.152668505497371e-86,8.305337010994741e-87,ordinary,133,model_conditional_scenario_no_new_NHS_observations
RYA,West Midlands Ambulance Service University NHS Foundation Trust,Ambulance Trusts,0.25,0.0,0.35,2.5,2987,4.18304018399615,4.199378460948547,0.08851177441165486,0.0,True,36,1.6904002613592648e-18,1.6904002613592648e-18,1.6904002613592648e-18,3.3808005227185297e-19,ordinary,62,model_conditional_scenario_no_new_NHS_observations
RYC,East of England Ambulance Service NHS Trust,Ambulance Trusts,0.25,0.0,0.35,2.5,3978,4.296127630326422,4.303075774185086,0.07731677869751537,0.0,False,36,1.570761095485129e-19,1.570761095485129e-19,1.570761095485129e-19,3.141522190970258e-20,ordinary,65,model_conditional_scenario_no_new_NHS_observations
RYD,South East Coast Ambulance Service NHS Foundation Trust,Ambulance Trusts,0.25,0.0,0.35,2.5,3621,4.44372913058889,4.443450691997105,0.08084434566528621,0.0,False,36,1.5845012836689137e-87,1.5845012836689137e-87,1.5845012836689137e-87,3.1690025673378277e-88,ordinary,136,model_conditional_scenario_no_new_NHS_observations
RYE,South Central Ambulance Service NHS Foundation Trust,Ambulance Trusts,0.25,0.0,0.35,2.5,2091,4.199644467173298,4.2208847340024205,0.10436885900850608,0.0,True,36,1.0072122074546703e-09,1.0072122074546703e-09,1.0072122074546703e-09,2.0144244149093406e-10,ordinary,37,model_conditional_scenario_no_new_NHS_observations
RYF,South Western Ambulance Service NHS Foundation Trust,Ambulance Trusts,0.25,0.0,0.35,2.5,3329,4.312599288113916,4.319872299232903,0.08411881931302241,0.0,False,36,5.567109704849583e-20,5.567109704849583e-20,5.567109704849583e-20,1.1134219409699166e-20,ordinary,67,model_conditional_scenario_no_new_NHS_observations
RYG,Coventry and Warwickshire Partnership NHS Trust,"MH&LD, MH, LD&Community Trusts",0.25,0.0,0.35,2.5,2023,5.141790707081871,5.150058503420897,0.1059502379075262,1.3170890159654386e-09,False,36,9.081142806750159e-07,9.081142806750159e-07,9.081142806750159e-07,1.8162285613500317e-07,ordinary,17,model_conditional_scenario_no_new_NHS_observations
RYJ,Imperial College Healthcare NHS Trust,Acute&Acute Community Trusts,0.25,0.0,0.35,2.5,8648,5.041157508859828,5.038885545652098,0.053143150739987696,0.0,False,36,0.0,0.0,0.0,0.0,ordinary,190,model_conditional_scenario_no_new_NHS_observations
RYR,University Hospitals Sussex NHS Foundation Trust,Acute&Acute Community Trusts,0.25,0.0,0.35,2.5,8266,4.940444545937948,4.940496736948658,0.054328311347932735,0.0,False,36,1.9651768222900555e-142,1.9651768222900555e-142,1.9651768222900555e-142,3.930353644580111e-143,ordinary,162,model_conditional_scenario_no_new_NHS_observations
RYV,Cambridgeshire Community Services NHS Trust,Community Trusts,0.25,0.0,0.35,2.5,1466,5.351619011670061,5.332580672687824,0.12234920576821418,0.0,False,36,3.505437142234442e-40,3.505437142234442e-40,3.505437142234442e-40,7.010874284468884e-41,ordinary,102,model_conditional_scenario_no_new_NHS_observations
RYW,Birmingham Community Healthcare NHS Foundation Trust,Community Trusts,0.25,0.0,0.35,2.5,3479,5.065094024883836,5.072337662008858,0.08238807050073887,0.0,False,36,1.2848551947014484e-12,1.2848551947014484e-12,1.2848551947014484e-12,2.569710389402897e-13,ordinary,47,model_conditional_scenario_no_new_NHS_observations
RYX,Central London Community Healthcare NHS Trust,Community Trusts,0.25,0.0,0.35,2.5,3243,5.293368715678552,5.287593463780423,0.08516167998124617,0.0,False,36,1.7869631450734514e-111,1.7869631450734514e-111,1.7869631450734514e-111,3.5739262901469027e-112,ordinary,147,model_conditional_scenario_no_new_NHS_observations
RYY,Kent Community Health NHS Foundation Trust,Community Trusts,0.25,0.0,0.35,2.5,3496,5.471020034607948,5.455841143564997,0.08219858688893339,0.0,False,36,3.28632043e-314,3.28632043e-314,3.28632043e-314,6.57264086e-315,ordinary,174,model_conditional_scenario_no_new_NHS_observations
TAD,Bradford District Care NHS Foundation Trust,"MH&LD, MH, LD&Community Trusts",0.25,0.0,0.35,2.5,1689,5.329497592539193,5.318988552711201,0.11491727877837454,0.0,False,36,8.125501925981415e-26,8.125501925981415e-26,8.125501925981415e-26,1.625100385196283e-26,ordinary,81,model_conditional_scenario_no_new_NHS_observations
TAH,Sheffield Health and Social Care NHS Foundation Trust,"MH&LD, MH, LD&Community Trusts",0.25,0.0,0.35,2.5,1684,5.083478674010145,5.0995338443785805,0.1150693396011828,0.0,True,36,5.29565398909217e-06,5.29565398909217e-06,5.29565398909217e-06,1.059130797818434e-06,ordinary,11,model_conditional_scenario_no_new_NHS_observations
TAJ,Black Country Healthcare NHS Foundation Trust,"MH&LD, MH, LD&Community Trusts",0.25,0.0,0.35,2.5,2526,4.959776905243845,4.980127480314256,0.09569344458849069,0.0,True,36,1.7336148239858282e-29,1.7336148239858282e-29,1.7336148239858282e-29,3.467229647971656e-30,ordinary,87,model_conditional_scenario_no_new_NHS_observations
R0A,Manchester University NHS Foundation Trust,Acute&Acute Community Trusts,0.25,0.15,0.35,2.5,10685,5.033296606876863,5.018008031492814,0.14370819503775903,0.13787175450270867,False,36,0.0,1.1204276315561989e-11,0.0,2.240855263112398e-12,validation,141,model_conditional_scenario_no_new_NHS_observations
R0B,South Tyneside and Sunderland NHS Foundation Trust,Acute&Acute Community Trusts,0.25,0.15,0.35,2.5,4681,5.102526485582064,5.072912589299474,0.15061564448243317,0.13787175450270867,False,36,1.5368753042588833e-224,3.9990870864482295e-14,1.5368753042588833e-224,7.998174172896459e-15,validation,159,model_conditional_scenario_no_new_NHS_observations
R0D,University Hospitals Dorset NHS Foundation Trust,Acute&Acute Community Trusts,0.25,0.15,0.35,2.5,5519,4.99703607359645,4.987197843499026,0.14880777550846577,0.1378717545027087,False,36,1.0118555854889706e-132,4.170295244993297e-09,1.0118555854889706e-132,8.340590489986593e-10,validation,118,model_conditional_scenario_no_new_NHS_observations
R1A,Herefordshire and Worcestershire Health and Care NHS Trust,"MH&LD, MH, LD&Community Trusts",0.25,0.15,0.35,2.5,2399,5.188850693999996,5.197993616452964,0.16108301501543243,0.13787175450270867,False,36,1.1930024139654131e-12,1.81630465722408e-05,1.1930024139654131e-12,3.63260931444816e-06,validation,46,model_conditional_scenario_no_new_NHS_observations
R1D,Shropshire Community Health NHS Trust,Community Trusts,0.25,0.15,0.35,2.5,995,5.145010753504204,5.159234678148445,0.18518403033821632,0.1378717545027087,False,36,5.363874510286637e-09,8.646261095544092e-06,5.363874510286637e-09,1.7292522191088184e-06,validation,62,model_conditional_scenario_no_new_NHS_observations
R1F1,Isle of Wight NHS Trust (acute sector),Acute&Acute Community Trusts,0.25,0.15,0.35,2.5,1420,4.706366986566817,4.76463496686747,0.1738212793617147,0.13787175450270867,True,36,4.7158503832424215e-07,7.087310772791857e-05,4.7158503832424215e-07,1.4174621545583714e-05,validation,29,model_conditional_scenario_no_new_NHS_observations
R1F2,Isle of Wight NHS Trust (ambulance sector),Ambulance Trusts,0.25,0.15,0.35,2.5,170,4.500436279582561,4.464484337128375,0.2666816146364343,0.13787175450270867,False,36,1.6058597347601614e-05,4.012953457856641e-05,1.6058597347601614e-05,8.025906915713283e-06,ordinary,26,model_conditional_scenario_no_new_NHS_observations
R1H,Barts Health NHS Trust,Acute&Acute Community Trusts,0.25,0.15,0.35,2.5,9566,4.912268004676804,4.9174301889020535,0.14436372225944602,0.1378717545027087,False,36,1.2516365109299312e-121,2.339825187650167e-06,1.2516365109299312e-121,4.679650375300334e-07,validation,75,model_conditional_scenario_no_new_NHS_observations
R1K,London North West University Healthcare NHS Trust,Acute&Acute Community Trusts,0.25,0.15,0.35,2.5,4285,5.034382577516363,5.017143171475617,0.1516960483983646,0.13787175450270867,False,36,2.1229096498307995e-116,2.3457532339398277e-10,2.1229096498307995e-116,4.691506467879655e-11,validation,135,model_conditional_scenario_no_new_NHS_observations
R1L,Essex Partnership University NHS Foundation Trust,"MH&LD, MH, LD&Community Trusts",0.25,0.15,0.35,2.5,3632,5.268213995895022,5.261210895833028,0.15394411020020374,0.13787175450270867,False,36,5.207622290051237e-53,6.654953242430732e-08,5.207622290051237e-53,1.3309906484861463e-08,validation,103,model_conditional_scenario_no_new_NHS_observations
RA2,Royal Surrey County Hospital NHS Foundation Trust,Acute&Acute Community Trusts,0.25,0.15,0.35,2.5,2383,5.157713239348739,5.112074290822871,0.16121781862824064,0.1378717545027087,False,36,3.304246315950648e-89,2.190365131581557e-14,3.304246315950648e-89,4.380730263163114e-15,validation,163,model_conditional_scenario_no_new_NHS_observations
RA7,University Hospitals Bristol and Weston NHS Foundation Trust,Acute&Acute Community Trusts,0.25,0.15,0.35,2.5,8285,5.108738615013536,5.080098957228479,0.14532173836255585,0.13787175450270867,False,36,0.0,4.615121134756224e-16,0.0,9.230242269512448e-17,validation,169,model_conditional_scenario_no_new_NHS_observations
RAE,Bradford Teaching Hospitals NHS Foundation Trust,Acute&Acute Community Trusts,0.25,0.15,0.35,2.5,3212,5.09018474296827,5.060933954382173,0.1558230759224499,0.13787175450270867,False,36,2.948294618688142e-103,2.923276590894348e-12,2.948294618688142e-103,5.846553181788695e-13,validation,148,model_conditional_scenario_no_new_NHS_observations
RAJ,Mid and South Essex NHS Foundation Trust,Acute&Acute Community Trusts,0.25,0.15,0.35,2.5,6465,4.462888866214896,4.547856084050096,0.14729873706742297,0.13787175450270867,True,36,0.0,3.971857496281927e-18,0.0,7.943714992563854e-19,validation,176,model_conditional_scenario_no_new_NHS_observations
RAN,Royal National Orthopaedic Hospital NHS Trust,Acute Specialist Trusts,0.25,0.15,0.35,2.5,773,5.375492586648612,5.326754136208514,0.19463349917375494,0.13787175450270867,False,36,1.0267652862839325e-19,3.037782100886463e-10,1.0267652862839325e-19,6.075564201772926e-11,validation,133,model_conditional_scenario_no_new_NHS_observations
RAS,The Hillingdon Hospitals NHS Foundation Trust,Acute&Acute Community Trusts,0.25,0.15,0.35,2.5,1970,5.002245530547993,4.988937344258015,0.1653397606134809,0.13787175450270867,False,36,6.357486082390581e-25,1.0807390118229113e-07,6.357486082390581e-25,2.1614780236458225e-08,validation,100,model_conditional_scenario_no_new_NHS_observations
RAT,North East London NHS Foundation Trust,"MH&LD, MH, LD&Community Trusts",0.25,0.15,0.35,2.5,3955,5.163350826992319,5.176428769894459,0.15274733859059503,0.13787175450270867,False,36,2.4814320544100356e-15,3.6967317030971225e-05,2.4814320544100356e-15,7.393463406194245e-06,validation,39,model_conditional_scenario_no_new_NHS_observations
RBD,Dorset County Hospital NHS Foundation Trust,Acute&Acute Community Trusts,0.25,0.15,0.35,2.5,1616,5.009444890083157,4.993630649179493,0.17025219246466444,0.13787175450270867,False,36,5.706936017151471e-20,1.6275444931365428e-07,5.706936017151471e-20,3.2550889862730856e-08,validation,97,model_conditional_scenario_no_new_NHS_observations
RBK,Walsall Healthcare NHS Trust,Acute&Acute Community Trusts,0.25,0.15,0.35,2.5,2314,4.652547173256712,4.714549619268967,0.16181766550365845,0.13787175450270867,True,36,3.5554314010475014e-19,2.0793328403391544e-06,3.5554314010475014e-19,4.158665680678309e-07,validation,78,model_conditional_scenario_no_new_NHS_observations
RBL,Wirral University Teaching Hospital NHS Foundation Trust,Acute&Acute Community Trusts,0.25,0.15,0.35,2.5,2794,4.71875466644158,4.764482948645847,0.15818894658583943,0.13787175450270867,True,36,6.6133220512942165e-12,3.392209385813146e-05,6.6133220512942165e-12,6.784418771626293e-06,validation,41,model_conditional_scenario_no_new_NHS_observations
RBQ,Liverpool Heart and Chest Hospital NHS Foundation Trust,Acute Specialist Trusts,0.25,0.15,0.35,2.5,1134,5.678241716776859,5.555479550475413,0.18073981914792392,0.13787175450270867,False,36,1.5637023503307576e-85,5.48084040991878e-26,1.5637023503307576e-85,1.096168081983756e-26,validation,187,model_conditional_scenario_no_new_NHS_observations
RBS,Alder Hey Children's NHS Foundation Trust,Acute&Acute Community Trusts,0.25,0.15,0.35,2.5,2417,5.03379651104725,5.014517586012326,0.16093321995496515,0.13787175450270867,False,36,5.9267449111508875e-43,4.152493135668293e-09,5.9267449111508875e-43,8.304986271336587e-10,validation,119,model_conditional_scenario_no_new_NHS_observations
RBT,Mid Cheshire Hospitals NHS Foundation Trust,Acute&Acute Community Trusts,0.25,0.15,0.35,2.5,2321,5.159859070401051,5.113456918196509,0.16175540192311227,0.13787175450270867,False,36,4.540497902133866e-86,2.3505847690922602e-14,4.540497902133866e-86,4.70116953818452e-15,validation,161,model_conditional_scenario_no_new_NHS_observations
RBV,The Christie NHS Foundation Trust,Acute Specialist Trusts,0.25,0.15,0.35,2.5,1947,5.371544749364454,5.337140860893523,0.16561285896743236,0.13787175450270867,False,36,7.198731731476473e-78,1.6702706009923909e-15,7.198731731476473e-78,3.3405412019847817e-16,validation,167,model_conditional_scenario_no_new_NHS_observations
RC9,Bedfordshire Hospitals NHS Foundation Trust,Acute&Acute Community Trusts,0.25,0.15,0.35,2.5,3542,4.996424718879917,4.985963952978886,0.15431277177923786,0.1378717545027087,False,36,6.521775582306865e-60,1.7579339668839645e-08,6.521775582306865e-60,3.515867933767929e-09,validation,112,model_conditional_scenario_no_new_NHS_observations
RCB,York and Scarborough Teaching Hospitals NHS Foundation Trust,Acute&Acute Community Trusts,0.25,0.15,0.35,2.5,5839,4.89781742010006,4.905853458854588,0.14824595917966613,0.1378717545027087,False,36,5.324381614277427e-40,8.420648065948496e-06,5.324381614277427e-40,1.6841296131896992e-06,validation,64,model_conditional_scenario_no_new_NHS_observations
RCD,Harrogate and District NHS Foundation Trust,Acute&Acute Community Trusts,0.25,0.15,0.35,2.5,3330,5.232869698503418,5.175758080134726,0.1552520682194706,0.13787175450270867,False,36,3.2352070462609316e-237,4.6987279415997546e-21,3.2352070462609316e-237,9.39745588319951e-22,validation,179,model_conditional_scenario_no_new_NHS_observations
RCF,Airedale NHS Foundation Trust,Acute&Acute Community Trusts,0.25,0.15,0.35,2.5,1473,4.975561958614382,4.967531816560963,0.17277994332839777,0.13787175450270867,False,36,3.094543428744847e-14,1.4269616091423727e-06,3.094543428744847e-14,2.8539232182847455e-07,validation,80,model_conditional_scenario_no_new_NHS_observations
RCU,Sheffield Children's NHS Foundation Trust,Acute&Acute Community Trusts,0.25,0.15,0.35,2.5,2212,5.172472246752322,5.122762199999397,0.1627634627735049,0.13787175450270867,False,36,3.3841012287577926e-84,1.00159488178191e-14,3.3841012287577926e-84,2.0031897635638197e-15,validation,164,model_conditional_scenario_no_new_NHS_observations
RCX,The Queen Elizabeth Hospital King's Lynn NHS Foundation Trust,Acute&Acute Community Trusts,0.25,0.15,0.35,2.5,2188,4.693193387518781,4.747287478030721,0.1629970339431704,0.13787175450270867,True,36,6.416057100984451e-12,1.779463829039626e-05,6.416057100984451e-12,3.558927658079252e-06,validation,49,model_conditional_scenario_no_new_NHS_observations
RD1,Royal United Hospitals Bath NHS Foundation Trust,Acute&Acute Community Trusts,0.25,0.15,0.35,2.5,3322,4.870227174391674,4.884476300697021,0.15528962639302885,0.1378717545027087,False,36,5.575219033455414e-12,4.873258034206346e-05,5.575219033455414e-12,9.746516068412692e-06,validation,35,model_conditional_scenario_no_new_NHS_observations
RD8,Milton Keynes University Hospital NHS Foundation Trust,Acute&Acute Community Trusts,0.25,0.15,0.35,2.5,2646,5.007673109794047,4.9942146836540475,0.15918419441632997,0.1378717545027087,False,36,1.0787546351569853e-40,2.1480891021364713e-08,1.0787546351569853e-40,4.296178204272943e-09,validation,108,model_conditional_scenario_no_new_NHS_observations
RDE,East Suffolk and North Essex NHS Foundation Trust,Acute&Acute Community Trusts,0.25,0.15,0.35,2.5,6181,4.826152582960841,4.846893608701806,0.14770607924450774,0.1378717545027087,False,36,5.589534013914975e-08,0.0002155335966978893,5.589534013914975e-08,4.310671933957786e-05,validation,10,model_conditional_scenario_no_new_NHS_observations
RDR,Sussex Community NHS Foundation Trust,Community Trusts,0.25,0.15,0.35,2.5,4042,5.455663526627008,5.406362310452361,0.15245492840716574,0.1378717545027087,False,36,0.0,7.570156070106283e-25,0.0,1.5140312140212566e-25,validation,183,model_conditional_scenario_no_new_NHS_observations
RDU,Frimley Health NHS Foundation Trust,Acute&Acute Community Trusts,0.25,0.15,0.35,2.5,5683,5.214387091389177,5.165454143862485,0.14851243852181642,0.1378717545027087,False,36,0.0,6.462966215532418e-23,0.0,1.2925932431064836e-23,validation,182,model_conditional_scenario_no_new_NHS_observations
RDY,Dorset Healthcare University NHS Foundation Trust,"MH&LD, MH, LD&Community Trusts",0.25,0.15,0.35,2.5,3551,5.32574192241569,5.3075314323164875,0.1542751440344972,0.1378717545027087,False,36,1.7930413759251915e-84,4.512668456518908e-10,1.7930413759251915e-84,9.025336913037816e-11,validation,128,model_conditional_scenario_no_new_NHS_observations
REF,Royal Cornwall Hospitals NHS Trust,Acute&Acute Community Trusts,0.25,0.15,0.35,2.5,3848,4.677182765495703,4.727986325585626,0.1531234990320288,0.13787175450270867,True,36,9.390494677882146e-33,2.1510609465313883e-06,9.390494677882146e-33,4.302121893062777e-07,validation,77,model_conditional_scenario_no_new_NHS_observations
REM,Liverpool University Hospitals NHS Foundation Trust,Acute&Acute Community Trusts,0.25,0.15,0.35,2.5,4448,4.900798593715324,4.908604809073852,0.15122985776227765,0.13787175450270867,False,36,1.0139496028777247e-27,8.912958888538554e-06,1.0139496028777247e-27,1.7825917777077107e-06,validation,60,model_conditional_scenario_no_new_NHS_observations
REN,The Clatterbridge Cancer Centre NHS Foundation Trust,Acute Specialist Trusts,0.25,0.15,0.35,2.5,1209,5.148985203133816,5.166941953008109,0.17867664956206353,0.13787175450270867,False,36,2.521626632944195e-12,1.685021518217517e-06,2.521626632944195e-12,3.3700430364350343e-07,validation,79,model_conditional_scenario_no_new_NHS_observations
REP,Liverpool Women's NHS Foundation Trust,Acute Specialist Trusts,0.25,0.15,0.35,2.5,772,4.870614374479285,4.978062348081137,0.19468483104238515,0.13787175450270867,True,36,9.037197617482543e-08,1.3440170180197268e-05,9.037197617482543e-08,2.6880340360394537e-06,validation,54,model_conditional_scenario_no_new_NHS_observations
RET,The Walton Centre NHS Foundation Trust,Acute Specialist Trusts,0.25,0.15,0.35,2.5,578,5.26298595970273,5.247233731132686,0.20684927718536353,0.1378717545027087,False,36,2.9400552892344474e-10,4.394129256970205e-07,2.9400552892344474e-10,8.78825851394041e-08,validation,91,model_conditional_scenario_no_new_NHS_observations
RF4,"Barking, Havering and Redbridge University Hospitals NHS Trust",Acute&Acute Community Trusts,0.25,0.15,0.35,2.5,4158,4.72425974416934,4.765486339828114,0.15208251363166334,0.1378717545027087,True,36,1.7037514731431349e-18,2.5244015630173653e-05,1.7037514731431349e-18,5.0488031260347304e-06,validation,44,model_conditional_scenario_no_new_NHS_observations
RFF,Barnsley Hospital NHS Foundation Trust,Acute&Acute Community Trusts,0.25,0.15,0.35,2.5,2219,5.136556181678653,5.0946480511542624,0.1626961587928235,0.1378717545027087,False,36,2.028573002081365e-70,5.237307651250529e-13,2.028573002081365e-70,1.0474615302501058e-13,validation,154,model_conditional_scenario_no_new_NHS_observations
RFR,The Rotherham NHS Foundation Trust,Acute&Acute Community Trusts,0.25,0.15,0.35,2.5,3137,5.104376831626352,5.072155235920104,0.15620599575206842,0.1378717545027087,False,36,3.2970669596437487e-108,6.943732657495319e-13,3.2970669596437487e-108,1.388746531499064e-13,validation,153,model_conditional_scenario_no_new_NHS_observations
RFS,Chesterfield Royal Hospital NHS Foundation Trust,Acute&Acute Community Trusts,0.25,0.15,0.35,2.5,2972,5.003096039227562,4.99090848674731,0.1571089966533024,0.1378717545027087,False,36,2.49380800854915e-47,1.930118690269893e-08,2.49380800854915e-47,3.860237380539786e-09,validation,109,model_conditional_scenario_no_new_NHS_observations
RGD,Leeds and York Partnership NHS Foundation Trust,"MH&LD, MH, LD&Community Trusts",0.25,0.15,0.35,2.5,1497,5.190906308393158,5.200871989088315,0.17232819860670487,0.13787175450270867,False,36,1.34563892152286e-08,3.061053920235613e-05,1.34563892152286e-08,6.122107840471226e-06,validation,43,model_conditional_scenario_no_new_NHS_observations
RGM,Royal Papworth Hospital NHS Foundation Trust,Acute Specialist Trusts,0.25,0.15,0.35,2.5,1177,5.188774029843231,5.196434007276614,0.17953175851058742,0.1378717545027087,False,36,6.1770566921553645e-15,2.852148614402502e-07,6.1770566921553645e-15,5.704297228805004e-08,validation,95,model_conditional_scenario_no_new_NHS_observations
RGN,North West Anglia NHS Foundation Trust,Acute&Acute Community Trusts,0.25,0.15,0.35,2.5,3216,4.459261605305287,4.55504208040052,0.1558031038864637,0.13787175450270867,True,36,2.5748085201901224e-142,4.366725556542386e-15,2.5748085201901224e-142,8.733451113084772e-16,validation,165,model_conditional_scenario_no_new_NHS_observations
RGP,James Paget University Hospitals NHS Foundation Trust,Acute&Acute Community Trusts,0.25,0.15,0.35,2.5,1657,4.760551985153012,4.803298177881051,0.16959423568139256,0.13787175450270867,True,36,2.519643428459326e-05,0.00025540957510056847,2.519643428459326e-05,5.1081915020113696e-05,validation,8,model_conditional_scenario_no_new_NHS_observations
RGR,West Suffolk NHS Foundation Trust,Acute&Acute Community Trusts,0.25,0.15,0.35,2.5,2435,4.74071370554987,4.783321263525919,0.16078535640358943,0.13787175450270867,True,36,6.081736172564004e-08,9.454136796566387e-05,6.081736172564004e-08,1.8908273593132774e-05,validation,23,model_conditional_scenario_no_new_NHS_observations
RGT,Cambridge University Hospitals NHS Foundation Trust,Acute&Acute Community Trusts,0.25,0.15,0.35,2.5,6990,4.925261247972768,4.928306226370542,0.14662833151840332,0.1378717545027087,False,36,2.2102968717853268e-85,1.2074011934117388e-06,2.2102968717853268e-85,2.4148023868234775e-07,validation,81,model_conditional_scenario_no_new_NHS_observations
RHA,Nottinghamshire Healthcare NHS Foundation Trust,"MH&LD, MH, LD&Community Trusts",0.25,0.15,0.35,2.5,4456,4.874412494463094,4.941156520548336,0.15120778700318097,0.13787175450270867,True,36,3.475828819716942e-164,3.484008350711131e-12,3.475828819716942e-164,6.968016701422262e-13,validation,147,model_conditional_scenario_no_new_NHS_observations
RHM,University Hospital Southampton NHS Foundation Trust,Acute&Acute Community Trusts,0.25,0.15,0.35,2.5,4801,4.898579234362294,4.906701275048723,0.15032087629053525,0.13787175450270867,False,36,6.083619510921756e-30,9.424334357593699e-06,6.083619510921756e-30,1.8848668715187396e-06,validation,58,model_conditional_scenario_no_new_NHS_observations
RHQ,Sheffield Teaching Hospitals NHS Foundation Trust,Acute&Acute Community Trusts,0.25,0.15,0.35,2.5,10718,4.881592309708601,4.891876796823869,0.14369086761375438,0.13787175450270867,False,36,1.3958138516359674e-79,1.5736359112230986e-05,1.3958138516359674e-79,3.1472718224461975e-06,validation,52,model_conditional_scenario_no_new_NHS_observations
RHU,Portsmouth Hospitals University NHS Trust,Acute&Acute Community Trusts,0.25,0.15,0.35,2.5,3768,4.802865589846258,4.829715934182775,0.15341744336753738,0.13787175450270867,False,36,9.518923550466685e-05,0.0004396990737220933,9.518923550466685e-05,8.793981474441866e-05,ordinary,4,model_conditional_scenario_no_new_NHS_observations
RHW,Royal Berkshire NHS Foundation Trust,Acute&Acute Community Trusts,0.25,0.15,0.35,2.5,4156,5.285013243534149,5.220359262908292,0.15208877298968204,0.13787175450270867,False,36,0.0,6.0820367714212006e-27,0.0,1.2164073542842402e-27,validation,188,model_conditional_scenario_no_new_NHS_observations
RJ1,Guy's and St Thomas' NHS Foundation Trust,Acute&Acute Community Trusts,0.25,0.15,0.35,2.5,11816,5.128245974433135,5.097185013063485,0.14316774376000224,0.1378717545027087,False,36,0.0,2.7290281026234587e-18,0.0,5.458056205246917e-19,validation,177,model_conditional_scenario_no_new_NHS_observations
RJ2,Lewisham and Greenwich NHS Trust,Acute&Acute Community Trusts,0.25,0.15,0.35,2.5,4770,5.01487492662177,5.001531773953022,0.1503957081949686,0.1378717545027087,False,36,5.8742298856559184e-120,1.1307855119699298e-09,5.8742298856559184e-120,2.2615710239398596e-10,validation,123,model_conditional_scenario_no_new_NHS_observations
RJ6,Croydon Health Services NHS Trust,Acute&Acute Community Trusts,0.25,0.15,0.35,2.5,2037,5.027158642981511,5.008465134984836,0.16457421715191325,0.1378717545027087,False,36,2.575852506450642e-31,1.6868682245088078e-08,2.575852506450642e-31,3.3737364490176156e-09,validation,113,model_conditional_scenario_no_new_NHS_observations
RJ7,St George's University Hospitals NHS Foundation Trust,Acute&Acute Community Trusts,0.25,0.15,0.35,2.5,4453,4.887730566714432,4.897974682608299,0.151216054968375,0.1378717545027087,False,36,2.0469377985537717e-22,1.7848100904386164e-05,2.0469377985537717e-22,3.5696201808772327e-06,validation,48,model_conditional_scenario_no_new_NHS_observations
RJ8,Cornwall Partnership NHS Foundation Trust,"MH&LD, MH, LD&Community Trusts",0.25,0.15,0.35,2.5,3068,5.026328323604617,5.067490986657517,0.15657305491546372,0.1378717545027087,True,36,5.548611078557012e-20,6.5215639498812064e-06,5.548611078557012e-20,1.3043127899762413e-06,validation,70,model_conditional_scenario_no_new_NHS_observations
RJC,South Warwickshire University NHS Foundation Trust,Acute&Acute Community Trusts,0.25,0.15,0.35,2.5,2605,5.194167129545242,5.141939763183018,0.1594774760497107,0.13787175450270867,False,36,1.5277373023953633e-125,6.931437771572702e-17,1.5277373023953633e-125,1.3862875543145403e-17,validation,174,model_conditional_scenario_no_new_NHS_observations
RJE,University Hospitals of North Midlands NHS Trust,Acute&Acute Community Trusts,0.25,0.15,0.35,2.5,5372,4.8790352090298,4.890570584334841,0.14908680821524667,0.13787175450270867,False,36,8.750262777214509e-25,2.460647284028539e-05,8.750262777214509e-25,4.921294568057078e-06,validation,45,model_conditional_scenario_no_new_NHS_observations
RJL,Northern Lincolnshire and Goole NHS Foundation Trust,Acute&Acute Community Trusts,0.25,0.15,0.35,2.5,3271,4.946698589583346,4.945891330166877,0.15553294216821176,0.1378717545027087,False,36,5.946826317678479e-32,8.68157991048367e-07,5.946826317678479e-32,1.736315982096734e-07,validation,86,model_conditional_scenario_no_new_NHS_observations
RJN,East Cheshire NHS Trust,Acute&Acute Community Trusts,0.25,0.15,0.35,2.5,1321,4.924497900633165,4.929075124514521,0.17594499981825962,0.13787175450270867,False,36,3.7202585679590387e-09,1.642838136927925e-05,3.7202585679590387e-09,3.28567627385585e-06,validation,51,model_conditional_scenario_no_new_NHS_observations
RJR,Countess of Chester Hospital NHS Foundation Trust,Acute&Acute Community Trusts,0.25,0.15,0.35,2.5,2188,4.618213802992669,4.688569608456322,0.1629970339431704,0.13787175450270867,True,36,7.303208351465975e-24,3.467395464312088e-07,7.303208351465975e-24,6.934790928624176e-08,validation,92,model_conditional_scenario_no_new_NHS_observations
RJZ,King's College Hospital NHS Foundation Trust,Acute&Acute Community Trusts,0.25,0.15,0.35,2.5,6353,4.844882315255672,4.862228543438889,0.1474552778586903,0.13787175450270867,False,36,9.856567907675586e-14,0.00010797993849526013,9.856567907675586e-14,2.1595987699052028e-05,validation,22,model_conditional_scenario_no_new_NHS_observations
RK5,Sherwood Forest Hospitals NHS Foundation Trust,Acute&Acute Community Trusts,0.25,0.15,0.35,2.5,3596,4.833012007832405,4.854254993497498,0.15408956704062118,0.13787175450270867,False,36,4.750155626228256e-07,0.0001864647039030761,4.750155626228256e-07,3.729294078061522e-05,validation,11,model_conditional_scenario_no_new_NHS_observations
RK9,University Hospitals Plymouth NHS Trust,Acute&Acute Community Trusts,0.25,0.15,0.35,2.5,5422,4.868694596347482,4.882088857069924,0.1489903126572197,0.1378717545027087,False,36,2.687054876655265e-20,4.045060640590173e-05,2.687054876655265e-20,8.090121281180345e-06,validation,37,model_conditional_scenario_no_new_NHS_observations
RKB,University Hospitals Coventry and Warwickshire NHS Trust,Acute&Acute Community Trusts,0.25,0.15,0.35,2.5,6305,4.933915092043216,4.93545994295215,0.14752397145516216,0.13787175450270867,False,36,1.0162613812629535e-80,7.219672624196793e-07,1.0162613812629535e-80,1.4439345248393585e-07,validation,89,model_conditional_scenario_no_new_NHS_observations
RKE,Whittington Health NHS Trust,Acute&Acute Community Trusts,0.25,0.15,0.35,2.5,2483,5.241123918395662,5.1784282629224,0.16040021587231795,0.13787175450270867,False,36,2.8830764821869935e-142,2.11713340157383e-19,2.8830764821869935e-142,4.23426680314766e-20,validation,178,model_conditional_scenario_no_new_NHS_observations
RKL,West London NHS Trust,"MH&LD, MH, LD&Community Trusts",0.25,0.15,0.35,2.5,4133,5.379938065556677,5.351979922875294,0.15216115487044293,0.13787175450270867,False,36,1.3322872585508997e-164,4.416211668374002e-13,1.3322872585508997e-164,8.832423336748005e-14,validation,155,model_conditional_scenario_no_new_NHS_observations
RL1,The Robert Jones and Agnes Hunt Orthopaedic Hospital NHS Foundation Trust,Acute Specialist Trusts,0.25,0.15,0.35,2.5,822,5.061806859756023,5.108888416357814,0.19222954634526393,0.1378717545027087,False,36,2.7048247597793877e-06,6.263110167258961e-05,2.7048247597793877e-06,1.2526220334517922e-05,validation,31,model_conditional_scenario_no_new_NHS_observations
RL4,The Royal Wolverhampton NHS Trust,Acute&Acute Community Trusts,0.25,0.15,0.35,2.5,3372,4.727096750241856,4.769395242482354,0.15505752396959172,0.13787175450270867,True,36,2.5444538016883283e-13,3.7315604941505124e-05,2.5444538016883283e-13,7.4631209883010246e-06,validation,38,model_conditional_scenario_no_new_NHS_observations
RLQ,Wye Valley NHS Trust,Acute&Acute Community Trusts,0.25,0.15,0.35,2.5,1976,5.012313124373934,4.9967714774589345,0.16526940621516714,0.13787175450270867,False,36,6.129238925423085e-27,5.494879088175376e-08,6.129238925423085e-27,1.0989758176350751e-08,validation,105,model_conditional_scenario_no_new_NHS_observations
RLT,George Eliot Hospital NHS Trust,Acute&Acute Community Trusts,0.25,0.15,0.35,2.5,1634,5.055260492039282,5.028696839639567,0.16995996999965335,0.13787175450270867,False,36,4.8517660683427336e-27,8.219351775373303e-09,4.8517660683427336e-27,1.6438703550746606e-09,validation,115,model_conditional_scenario_no_new_NHS_observations
RLY,North Staffordshire Combined Healthcare NHS Trust,"MH&LD, MH, LD&Community Trusts",0.25,0.15,0.35,2.5,1295,5.506161264635511,5.436408660794471,0.17654557760110776,0.13787175450270867,False,36,1.7732677756113712e-41,2.5318705580542836e-13,1.7732677756113712e-41,5.063741116108567e-14,validation,156,model_conditional_scenario_no_new_NHS_observations
RM1,Norfolk and Norwich University Hospitals NHS Foundation Trust,Acute&Acute Community Trusts,0.25,0.15,0.35,2.5,4723,4.540971614751612,4.61524542782512,0.15051089793735664,0.1378717545027087,True,36,4.0157036820710966e-178,3.953909749552453e-12,4.0157036820710966e-178,7.907819499104906e-13,validation,146,model_conditional_scenario_no_new_NHS_observations
RMC,Bolton NHS Foundation Trust,Acute&Acute Community Trusts,0.25,0.15,0.35,2.5,2678,4.76416657366604,4.8009749009655165,0.15896079172015798,0.13787175450270867,True,36,1.781918390409867e-06,0.00018423088384157408,1.781918390409867e-06,3.6846176768314815e-05,validation,12,model_conditional_scenario_no_new_NHS_observations
RMP,Tameside and Glossop Integrated Care NHS Foundation Trust,Acute&Acute Community Trusts,0.25,0.15,0.35,2.5,2236,4.938009896188618,4.9390020581338945,0.16253422102034917,0.13787175450270867,False,36,2.92179870277087e-17,3.1818500530600736e-06,2.92179870277087e-17,6.363700106120148e-07,validation,72,model_conditional_scenario_no_new_NHS_observations
RMY,Norfolk and Suffolk NHS Foundation Trust,"MH&LD, MH, LD&Community Trusts",0.25,0.15,0.35,2.5,3589,4.828751733855252,4.906943289815256,0.15411815749154145,0.13787175450270867,True,36,1.5044244747872157e-146,7.261518384811003e-14,1.5044244747872157e-146,1.4523036769622005e-14,validation,158,model_conditional_scenario_no_new_NHS_observations
RN3,Great Western Hospitals NHS Foundation Trust,Acute&Acute Community Trusts,0.25,0.15,0.35,2.5,3628,5.045833543992019,5.025859934673651,0.1539601427224831,0.1378717545027087,False,36,2.9444961274133116e-94,1.6010764068650367e-10,2.9444961274133116e-94,3.202152813730074e-11,validation,137,model_conditional_scenario_no_new_NHS_observations
RN5,Hampshire Hospitals NHS Foundation Trust,Acute&Acute Community Trusts,0.25,0.15,0.35,2.5,4192,5.077659721310114,5.0521966419391475,0.1519769434507196,0.1378717545027087,False,36,1.2994797705898555e-154,2.016344613170447e-12,1.2994797705898555e-154,4.032689226340894e-13,validation,150,model_conditional_scenario_no_new_NHS_observations
RN7,Dartford and Gravesham NHS Trust,Acute&Acute Community Trusts,0.25,0.15,0.35,2.5,1909,5.079731080231118,5.048857913740412,0.1660762571994593,0.13787175450270867,False,36,1.0364175236868669e-39,4.350191656206364e-10,1.0364175236868669e-39,8.700383312412728e-11,validation,130,model_conditional_scenario_no_new_NHS_observations
RNA,The Dudley Group NHS Foundation Trust,Acute&Acute Community Trusts,0.25,0.15,0.35,2.5,2397,4.679990273107688,4.735629645902365,0.16109977979364784,0.13787175450270867,True,36,2.422974334544713e-15,7.81746882415917e-06,2.422974334544713e-15,1.563493764831834e-06,validation,68,model_conditional_scenario_no_new_NHS_observations
RNK,Tavistock and Portman NHS Foundation Trust,"MH&LD, MH, LD&Community Trusts",0.25,0.15,0.35,2.5,392,5.270150977911881,5.2543913332592895,0.2249945692838688,0.1378717545027087,False,36,9.148809834481287e-06,5.1558354970514974e-05,9.148809834481287e-06,1.0311670994102994e-05,validation,33,model_conditional_scenario_no_new_NHS_observations
RNN,North Cumbria Integrated Care NHS Foundation Trust,Acute&Acute Community Trusts,0.25,0.15,0.35,2.5,3822,5.044767141702418,5.025190043065231,0.15321780087311682,0.13787175450270867,False,36,1.1251101169453242e-102,1.366961586572976e-10,1.1251101169453242e-102,2.733923173145952e-11,validation,138,model_conditional_scenario_no_new_NHS_observations
RNQ,Kettering General Hospital NHS Foundation Trust,Acute&Acute Community Trusts,0.25,0.15,0.35,2.5,2595,4.799163194662444,4.828972489309844,0.15955024281572128,0.1378717545027087,True,36,0.00013905359108861613,0.0004750017981660207,0.00013905359108861613,9.500035963320414e-05,ordinary,2,model_conditional_scenario_no_new_NHS_observations
RNS,Northampton General Hospital NHS Trust,Acute&Acute Community Trusts,0.25,0.15,0.35,2.5,3144,4.835477210198987,4.856806763431235,0.15616956422390768,0.1378717545027087,False,36,6.821637898138245e-07,0.00017764376074355008,6.821637898138245e-07,3.552875214871002e-05,validation,13,model_conditional_scenario_no_new_NHS_observations
RNU,Oxford Health NHS Foundation Trust,"MH&LD, MH, LD&Community Trusts",0.25,0.15,0.35,2.5,4537,5.324667624556779,5.30742473352307,0.15098836850667638,0.13787175450270867,False,36,2.0499077945476154e-130,1.619582714443448e-10,2.0499077945476154e-130,3.239165428886896e-11,validation,136,model_conditional_scenario_no_new_NHS_observations
RNZ,Salisbury NHS Foundation Trust,Acute&Acute Community Trusts,0.25,0.15,0.35,2.5,2465,4.993064704590668,4.98244913463369,0.16054310851229037,0.1378717545027087,False,36,2.691333528216538e-32,8.324438562042929e-08,2.691333528216538e-32,1.6648877124085856e-08,validation,102,model_conditional_scenario_no_new_NHS_observations
RP1,Northamptonshire Healthcare NHS Foundation Trust,"MH&LD, MH, LD&Community Trusts",0.25,0.15,0.35,2.5,3233,5.330652636147439,5.311127701959169,0.1557187179066593,0.13787175450270867,False,36,2.3562446499393184e-74,4.5049434761061834e-10,2.3562446499393184e-74,9.009886952212367e-11,validation,129,model_conditional_scenario_no_new_NHS_observations
RP4,Great Ormond Street Hospital for Children NHS Foundation Trust,Acute Specialist Trusts,0.25,0.15,0.35,2.5,2877,4.970756513710058,5.02090883974624,0.15767060964540064,0.13787175450270867,True,36,1.438829302409342e-17,8.68778106772746e-06,1.438829302409342e-17,1.737556213545492e-06,validation,61,model_conditional_scenario_no_new_NHS_observations
RP5,Doncaster and Bassetlaw Teaching Hospitals NHS Foundation Trust,Acute&Acute Community Trusts,0.25,0.15,0.35,2.5,3870,5.031214344280041,5.014272846371247,0.15304460804459158,0.13787175450270867,False,36,2.3012410261957151e-94,5.118070478496275e-10,2.3012410261957151e-94,1.0236140956992549e-10,validation,125,model_conditional_scenario_no_new_NHS_observations
RP6,Moorfields Eye Hospital NHS Foundation Trust,Acute Specialist Trusts,0.25,0.15,0.35,2.5,1706,5.174454477307171,5.1845618571809355,0.16884245423194535,0.13787175450270867,False,36,3.122275967905786e-21,1.4131735524378118e-07,3.122275967905786e-21,2.8263471048756236e-08,validation,98,model_conditional_scenario_no_new_NHS_observations
RP7,Lincolnshire Partnership NHS Foundation Trust,"MH&LD, MH, LD&Community Trusts",0.25,0.15,0.35,2.5,1782,5.217142612471477,5.2205587449000985,0.1677450059717924,0.13787175450270867,False,36,3.0011000700106213e-12,8.116583082228505e-06,3.0011000700106213e-12,1.623316616445701e-06,validation,65,model_conditional_scenario_no_new_NHS_observations
RPA,Medway NHS Foundation Trust,Acute&Acute Community Trusts,0.25,0.15,0.35,2.5,2186,4.849066146088023,4.869359151460807,0.16301669750258396,0.1378717545027087,False,36,7.193944064954195e-07,0.000130864632270881,7.193944064954195e-07,2.6172926454176203e-05,validation,19,model_conditional_scenario_no_new_NHS_observations
RPC,Queen Victoria Hospital NHS Foundation Trust,Acute Specialist Trusts,0.25,0.15,0.35,2.5,690,5.135376427779011,5.162115539989716,0.19924512679556128,0.1378717545027087,False,36,1.1358663391450909e-07,1.1661094691429649e-05,1.1358663391450909e-07,2.3322189382859297e-06,validation,56,model_conditional_scenario_no_new_NHS_observations
RPG,Oxleas NHS Foundation Trust,"MH&LD, MH, LD&Community Trusts",0.25,0.15,0.35,2.5,2849,5.427548901304633,5.387780838342607,0.1578424757641691,0.1378717545027087,False,36,7.021483792440659e-111,2.953848319634223e-14,7.021483792440659e-111,5.907696639268446e-15,validation,160,model_conditional_scenario_no_new_NHS_observations
RPY,The Royal Marsden NHS Foundation Trust,Acute Specialist Trusts,0.25,0.15,0.35,2.5,2440,5.217752957651964,5.217781153252401,0.1607446209281635,0.1378717545027087,False,36,2.753755796885681e-48,1.1930275151031029e-09,2.753755796885681e-48,2.386055030206206e-10,validation,122,model_conditional_scenario_no_new_NHS_observations
RQM,Chelsea and Westminster Hospital NHS Foundation Trust,Acute&Acute Community Trusts,0.25,0.15,0.35,2.5,3964,4.999520098219371,4.9886853090395515,0.15271654524806383,0.13787175450270867,False,36,6.718267128543357e-75,9.182115289395853e-09,6.718267128543357e-75,1.8364230578791707e-09,validation,114,model_conditional_scenario_no_new_NHS_observations
RQW,The Princess Alexandra Hospital NHS Trust,Acute&Acute Community Trusts,0.25,0.15,0.35,2.5,2613,4.769280744617053,4.8052408474300075,0.1594196151342122,0.13787175450270867,True,36,4.914204125243545e-06,0.00021855731037171176,4.914204125243545e-06,4.371146207434235e-05,validation,9,model_conditional_scenario_no_new_NHS_observations
RQX,Homerton Healthcare NHS Foundation Trust,Acute&Acute Community Trusts,0.25,0.15,0.35,2.5,2172,4.839480198208864,4.861890760361972,0.16315521460040183,0.13787175450270867,False,36,3.0319863326339524e-06,0.00017531801907970802,3.0319863326339524e-06,3.50636038159416e-05,validation,14,model_conditional_scenario_no_new_NHS_observations
RQY,South West London and St George's Mental Health NHS Trust,"MH&LD, MH, LD&Community Trusts",0.25,0.15,0.35,2.5,2050,5.167341076444791,5.181615430627669,0.16443063010862935,0.13787175450270867,False,36,7.970510856549103e-09,5.0793269023586034e-05,7.970510856549103e-09,1.0158653804717207e-05,validation,34,model_conditional_scenario_no_new_NHS_observations
RR7,Gateshead Health NHS Foundation Trust,Acute&Acute Community Trusts,0.25,0.15,0.35,2.5,1751,4.814541301131064,4.844112809817702,0.16818303447710892,0.13787175450270867,False,36,6.579480898073457e-05,0.0003526669048519481,6.579480898073457e-05,7.053338097038962e-05,validation,6,model_conditional_scenario_no_new_NHS_observations
RR8,Leeds Teaching Hospitals NHS Trust,Acute&Acute Community Trusts,0.25,0.15,0.35,2.5,10126,4.912010965675695,4.917191992060775,0.14401823059949487,0.1378717545027087,False,36,2.0064095625822394e-134,2.295230034475811e-06,2.0064095625822394e-134,4.590460068951622e-07,validation,76,model_conditional_scenario_no_new_NHS_observations
RRE,Midlands Partnership University NHS Foundation Trust,"MH&LD, MH, LD&Community Trusts",0.25,0.15,0.35,2.5,5528,5.492801377183516,5.4456707204837755,0.1487911428833787,0.13787175450270867,False,36,0.0,7.000744254867107e-22,0.0,1.4001488509734214e-22,validation,180,model_conditional_scenario_no_new_NHS_observations
RRF,"Wrightington, Wigan and Leigh Teaching Hospitals NHS Foundation Trust",Acute&Acute Community Trusts,0.25,0.15,0.35,2.5,3515,5.112599007635354,5.0795066372405815,0.1544267011314754,0.13787175450270867,False,36,4.15506993823736e-140,9.903757908515109e-14,4.15506993823736e-140,1.9807515817030218e-14,validation,157,model_conditional_scenario_no_new_NHS_observations
RRJ,The Royal Orthopaedic Hospital NHS Foundation Trust,Acute Specialist Trusts,0.25,0.15,0.35,2.5,788,5.37574034569773,5.327305122138841,0.1938747698816638,0.13787175450270867,False,36,3.278482298602795e-20,2.3997850759895464e-10,3.278482298602795e-20,4.799570151979093e-11,validation,134,model_conditional_scenario_no_new_NHS_observations
RRK,University Hospitals Birmingham NHS Foundation Trust,Acute&Acute Community Trusts,0.25,0.15,0.35,2.5,9709,4.853940022827912,4.869006333974516,0.1442718562089229,0.13787175450270867,False,36,3.7327326285163936e-31,6.731450735462538e-05,3.7327326285163936e-31,1.3462901470925076e-05,validation,30,model_conditional_scenario_no_new_NHS_observations
RRU,London Ambulance Service NHS Trust,Ambulance Trusts,0.25,0.15,0.35,2.5,5992,4.341156457540043,4.358563492928876,0.1479972735059127,0.13787175450270867,False,36,8.847538775120129e-74,7.709902705798522e-07,8.847538775120129e-74,1.5419805411597043e-07,validation,88,model_conditional_scenario_no_new_NHS_observations
RRV,University College London Hospitals NHS Foundation Trust,Acute&Acute Community Trusts,0.25,0.15,0.35,2.5,6309,5.123445921128075,5.091321277667356,0.14751820935673304,0.13787175450270867,False,36,0.0,2.2885510008270776e-16,0.0,4.5771020016541554e-17,validation,173,model_conditional_scenario_no_new_NHS_observations
RT1,Cambridgeshire and Peterborough NHS Foundation Trust,"MH&LD, MH, LD&Community Trusts",0.25,0.15,0.35,2.5,2248,5.214530648904086,5.2182958748252375,0.1624211860213015,0.13787175450270867,False,36,2.2221502970978624e-15,5.992887931990047e-06,2.2221502970978624e-15,1.1985775863980094e-06,validation,71,model_conditional_scenario_no_new_NHS_observations
RT2,Pennine Care NHS Foundation Trust,"MH&LD, MH, LD&Community Trusts",0.25,0.15,0.35,2.5,1953,5.084956316286448,5.117853997241113,0.1655410897446744,0.13787175450270867,True,36,1.6379651820556631e-06,0.0001399963026590364,1.6379651820556631e-06,2.799926053180728e-05,validation,18,model_conditional_scenario_no_new_NHS_observations
RT5,Leicestershire Partnership NHS Trust,"MH&LD, MH, LD&Community Trusts",0.25,0.15,0.35,2.5,3905,5.302391085619033,5.288956511379534,0.15292077219672232,0.13787175450270867,False,36,1.8188753472118093e-82,2.7888785361880135e-09,1.8188753472118093e-82,5.577757072376027e-10,validation,120,model_conditional_scenario_no_new_NHS_observations
RTD,The Newcastle upon Tyne Hospitals NHS Foundation Trust,Acute&Acute Community Trusts,0.25,0.15,0.35,2.5,10294,4.908755725049063,4.914480230792526,0.14392164432541077,0.13787175450270867,False,36,1.183380668968172e-130,2.8542419079871163e-06,1.183380668968172e-130,5.708483815974233e-07,validation,74,model_conditional_scenario_no_new_NHS_observations
RTE,Gloucestershire Hospitals NHS Foundation Trust,Acute&Acute Community Trusts,0.25,0.15,0.35,2.5,4305,4.890723767293038,4.900463172405783,0.15163709944212508,0.1378717545027087,False,36,1.6655598824731978e-22,1.5707830090307245e-05,1.6655598824731978e-22,3.141566018061449e-06,validation,53,model_conditional_scenario_no_new_NHS_observations
RTF,Northumbria Healthcare NHS Foundation Trust,Acute&Acute Community Trusts,0.25,0.15,0.35,2.5,6629,5.334685094112513,5.265449240947597,0.1470785368927782,0.13787175450270867,False,36,0.0,8.622680155504302e-36,0.0,1.7245360311008604e-36,validation,190,model_conditional_scenario_no_new_NHS_observations
RTG,University Hospitals of Derby and Burton NHS Foundation Trust,Acute&Acute Community Trusts,0.25,0.15,0.35,2.5,8141,4.700766891568371,4.742531733490813,0.14544742044161546,0.13787175450270867,True,36,2.7770382084175436e-88,2.9342980798311366e-06,2.7770382084175436e-88,5.868596159662273e-07,validation,73,model_conditional_scenario_no_new_NHS_observations
RTH,Oxford University Hospitals NHS Foundation Trust,Acute&Acute Community Trusts,0.25,0.15,0.35,2.5,6057,5.015744748237001,5.002686287934231,0.1478951991478177,0.1378717545027087,False,36,3.0208334592435586e-188,4.621770567630951e-10,3.0208334592435586e-188,9.243541135261902e-11,validation,127,model_conditional_scenario_no_new_NHS_observations
RTK,Ashford and St Peter's Hospitals NHS Foundation Trust,Acute&Acute Community Trusts,0.25,0.15,0.35,2.5,2213,5.199553203410994,5.143993188084601,0.16275382544259787,0.1378717545027087,False,36,6.941775235811615e-96,3.8494947864375677e-16,6.941775235811615e-96,7.698989572875136e-17,validation,171,model_conditional_scenario_no_new_NHS_observations
RTP,Surrey and Sussex Healthcare NHS Trust,Acute&Acute Community Trusts,0.25,0.15,0.35,2.5,2802,5.102570717597517,5.069915928192702,0.1581378022983596,0.13787175450270867,False,36,2.1859486645917065e-87,2.1952090924888387e-12,2.1859486645917065e-87,4.3904181849776773e-13,validation,149,model_conditional_scenario_no_new_NHS_observations
RTQ,Gloucestershire Health and Care NHS Foundation Trust,"MH&LD, MH, LD&Community Trusts",0.25,0.15,0.35,2.5,2630,5.342545827403389,5.3196494113993955,0.15929768881134904,0.1378717545027087,False,36,8.435478884158358e-57,4.767438908803649e-10,8.435478884158358e-57,9.534877817607298e-11,validation,126,model_conditional_scenario_no_new_NHS_observations
RTR,South Tees Hospitals NHS Foundation Trust,Acute&Acute Community Trusts,0.25,0.15,0.35,2.5,3006,4.694719841523346,4.744545964017713,0.15691569250464624,0.13787175450270867,True,36,8.74125276879878e-18,9.779274499199777e-06,8.74125276879878e-18,1.9558548998399553e-06,validation,57,model_conditional_scenario_no_new_NHS_observations
RV3,Central and North West London NHS Foundation Trust,"MH&LD, MH, LD&Community Trusts",0.25,0.15,0.35,2.5,6209,5.267583792774409,5.261252560966856,0.14766435935622368,0.13787175450270867,False,36,4.463142279854918e-136,1.8312589787669485e-08,4.463142279854918e-136,3.662517957533897e-09,validation,111,model_conditional_scenario_no_new_NHS_observations
RV5,South London and Maudsley NHS Foundation Trust,"MH&LD, MH, LD&Community Trusts",0.25,0.15,0.35,2.5,3305,5.23372767857308,5.233390116955027,0.1553699807834605,0.1378717545027087,False,36,1.063187900182392e-31,9.754811384394525e-07,1.063187900182392e-31,1.950962276878905e-07,validation,85,model_conditional_scenario_no_new_NHS_observations
RV9,Humber Teaching NHS Foundation Trust,"MH&LD, MH, LD&Community Trusts",0.25,0.15,0.35,2.5,2165,5.354682762801523,5.328003791200887,0.16322505077789304,0.1378717545027087,False,36,1.4292827958776833e-44,5.761063294615949e-10,1.4292827958776833e-44,1.1522126589231898e-10,validation,124,model_conditional_scenario_no_new_NHS_observations
RVJ,North Bristol NHS Trust,Acute&Acute Community Trusts,0.25,0.15,0.35,2.5,6015,5.120418105545482,5.08864147016185,0.14796091778938883,0.1378717545027087,False,36,0.0,5.114611251626411e-16,0.0,1.0229222503252821e-16,validation,168,model_conditional_scenario_no_new_NHS_observations
RVN,Avon and Wiltshire Mental Health Partnership NHS Trust,"MH&LD, MH, LD&Community Trusts",0.25,0.15,0.35,2.5,2724,5.384531203179384,5.353194829832159,0.15864777085090642,0.13787175450270867,False,36,1.570109264545779e-79,6.019504806080743e-12,1.570109264545779e-79,1.2039009612161485e-12,validation,144,model_conditional_scenario_no_new_NHS_observations
RVR,Epsom and St Helier University Hospitals NHS Trust,Acute&Acute Community Trusts,0.25,0.15,0.35,2.5,3440,5.07888721270503,5.052245899251403,0.15475164549407333,0.13787175450270867,False,36,1.7273629715498516e-108,6.3644870673472424e-12,1.7273629715498516e-108,1.2728974134694485e-12,validation,143,model_conditional_scenario_no_new_NHS_observations
RVV,East Kent Hospitals University NHS Foundation Trust,Acute&Acute Community Trusts,0.25,0.15,0.35,2.5,5367,4.707337575724052,4.7500320164057515,0.14909655010792558,0.1378717545027087,True,36,4.551980528175448e-37,7.418037888590238e-06,4.551980528175448e-37,1.4836075777180475e-06,validation,69,model_conditional_scenario_no_new_NHS_observations
RVW,North Tees and Hartlepool NHS Foundation Trust,Acute&Acute Community Trusts,0.25,0.15,0.35,2.5,2111,5.071682008052067,5.0434201775915675,0.16377712703975936,0.13787175450270867,False,36,1.798657697004705e-44,4.067575112387179e-10,1.798657697004705e-44,8.135150224774358e-11,validation,131,model_conditional_scenario_no_new_NHS_observations
RW4,Mersey Care NHS Foundation Trust,"MH&LD, MH, LD&Community Trusts",0.25,0.15,0.35,2.5,4491,5.397887120779217,5.366967333666486,0.15111208050957,0.13787175450270867,False,36,4.935602397985104e-216,2.3273640303796963e-14,4.935602397985104e-216,4.654728060759392e-15,validation,162,model_conditional_scenario_no_new_NHS_observations
RW5,Lancashire and South Cumbria NHS Foundation Trust,"MH&LD, MH, LD&Community Trusts",0.25,0.15,0.35,2.5,3543,4.99738963698073,5.042995266464774,0.15430858237047576,0.13787175450270867,True,36,2.0656600227570676e-35,8.327527481698473e-07,2.0656600227570676e-35,1.6655054963396946e-07,validation,87,model_conditional_scenario_no_new_NHS_observations
RWA,Hull University Teaching Hospitals NHS Trust,Acute&Acute Community Trusts,0.25,0.15,0.35,2.5,4704,4.844735547181597,4.862846621594936,0.1505580688014944,0.13787175450270867,False,36,2.3182401545211728e-10,0.00011638437931724642,2.3182401545211728e-10,2.3276875863449285e-05,validation,21,model_conditional_scenario_no_new_NHS_observations
RWD,United Lincolnshire Teaching Hospitals NHS Trust,Acute&Acute Community Trusts,0.25,0.15,0.35,2.5,5008,4.835903726669841,4.855462022172517,0.14984327151180274,0.13787175450270867,False,36,6.149489474011916e-09,0.0001585104576922299,6.149489474011916e-09,3.170209153844598e-05,validation,15,model_conditional_scenario_no_new_NHS_observations
RWE,University Hospitals of Leicester NHS Trust,Acute&Acute Community Trusts,0.25,0.15,0.35,2.5,11467,5.088574677427709,5.064098439201278,0.14332351862900772,0.13787175450270867,False,36,0.0,2.839829414250062e-15,0.0,5.679658828500123e-16,validation,166,model_conditional_scenario_no_new_NHS_observations
RWF,Maidstone and Tunbridge Wells NHS Trust,Acute&Acute Community Trusts,0.25,0.15,0.35,2.5,3394,5.028469974349294,5.011640298292936,0.15495735339200611,0.1378717545027087,False,36,3.6959669141848866e-73,1.2173879160783602e-09,3.6959669141848866e-73,2.43477583215672e-10,validation,121,model_conditional_scenario_no_new_NHS_observations
RWG,West Hertfordshire Teaching Hospitals NHS Trust,Acute&Acute Community Trusts,0.25,0.15,0.35,2.5,3482,5.007930886258658,4.9951914124398415,0.15456811738494172,0.13787175450270867,False,36,1.8633570683857883e-64,6.991381663346677e-09,1.8633570683857883e-64,1.3982763326693355e-09,validation,116,model_conditional_scenario_no_new_NHS_observations
RWH,East and North Hertfordshire Teaching NHS Trust,Acute&Acute Community Trusts,0.25,0.15,0.35,2.5,2744,4.985845463685876,4.9769772558956635,0.15851456760267363,0.13787175450270867,False,36,7.839978640720435e-36,9.531875542144851e-08,7.839978640720435e-36,1.9063751084289702e-08,validation,101,model_conditional_scenario_no_new_NHS_observations
RWJ,Stockport NHS Foundation Trust,Acute&Acute Community Trusts,0.25,0.15,0.35,2.5,3029,5.078547348871322,5.051268790237325,0.15678712436768688,0.13787175450270867,False,36,3.7858124219062714e-86,1.5957840253753275e-11,3.7858124219062714e-86,3.191568050750655e-12,validation,140,model_conditional_scenario_no_new_NHS_observations
RWP,Worcestershire Acute Hospitals NHS Trust,Acute&Acute Community Trusts,0.25,0.15,0.35,2.5,3862,5.084149760111752,5.057076615803613,0.15307320082345782,0.13787175450270867,False,36,6.97924640957089e-139,1.577894185789747e-12,6.97924640957089e-139,3.155788371579494e-13,validation,151,model_conditional_scenario_no_new_NHS_observations
RWR,Hertfordshire Partnership University NHS Foundation Trust,"MH&LD, MH, LD&Community Trusts",0.25,0.15,0.35,2.5,2708,5.290545915746015,5.278503612475837,0.1587555833624977,0.1378717545027087,False,36,4.177048006440118e-40,3.1673192941868195e-08,4.177048006440118e-40,6.334638588373639e-09,validation,107,model_conditional_scenario_no_new_NHS_observations
RWV,Devon Partnership NHS Trust,"MH&LD, MH, LD&Community Trusts",0.25,0.15,0.35,2.5,1956,5.150848773367359,5.168998147296344,0.16550534526647473,0.13787175450270867,False,36,2.481241071373001e-07,9.287143732586103e-05,2.481241071373001e-07,1.8574287465172206e-05,validation,24,model_conditional_scenario_no_new_NHS_observations
RWW,Warrington and Halton Teaching Hospitals NHS Foundation Trust,Acute&Acute Community Trusts,0.25,0.15,0.35,2.5,1812,5.022959859834748,5.00459408688346,0.16733309568871446,0.13787175450270867,False,36,1.3602337705524162e-25,4.078585281604394e-08,1.3602337705524162e-25,8.157170563208788e-09,validation,106,model_conditional_scenario_no_new_NHS_observations
RWX,Berkshire Healthcare NHS Foundation Trust,"MH&LD, MH, LD&Community Trusts",0.25,0.15,0.35,2.5,3340,5.479052857231665,5.430474666323661,0.15520534841529512,0.13787175450270867,False,36,8.613767038551383e-195,4.0198941686337244e-18,8.613767038551383e-195,8.039788337267449e-19,validation,175,model_conditional_scenario_no_new_NHS_observations
RWY,Calderdale and Huddersfield NHS Foundation Trust,Acute&Acute Community Trusts,0.25,0.15,0.35,2.5,3360,4.961405131725324,4.957713751740592,0.15511266074825916,0.13787175450270867,False,36,5.2063793006756987e-39,3.031905866885483e-07,5.2063793006756987e-39,6.063811733770966e-08,validation,94,model_conditional_scenario_no_new_NHS_observations
RX1,Nottingham University Hospitals NHS Trust,Acute&Acute Community Trusts,0.25,0.15,0.35,2.5,8970,4.792989492781167,4.818590382202539,0.14477683095414903,0.13787175450270867,True,36,1.1962709936400413e-07,0.0002664652706399136,1.1962709936400413e-07,5.329305412798272e-05,validation,7,model_conditional_scenario_no_new_NHS_observations
RX3,"Tees, Esk and Wear Valleys NHS Foundation Trust","MH&LD, MH, LD&Community Trusts",0.25,0.15,0.35,2.5,4229,5.232867226165322,5.232706721987216,0.15186383013508875,0.13787175450270867,False,36,2.262610037156314e-46,6.491988105035275e-07,2.262610037156314e-46,1.298397621007055e-07,validation,90,model_conditional_scenario_no_new_NHS_observations
RX4,"Cumbria, Northumberland, Tyne and Wear NHS Foundation Trust","MH&LD, MH, LD&Community Trusts",0.25,0.15,0.35,2.5,4582,5.183384223459021,5.19242021089692,0.1508695669122229,0.1378717545027087,False,36,5.1142031369089523e-26,1.2436437410058394e-05,5.1142031369089523e-26,2.487287482011679e-06,validation,55,model_conditional_scenario_no_new_NHS_observations
RX6,North East Ambulance Service NHS Foundation Trust,Ambulance Trusts,0.25,0.15,0.35,2.5,1842,4.819953405973823,4.733182268306544,0.16693248285676102,0.13787175450270867,False,36,8.373775848279127e-156,4.734884111228997e-28,8.373775848279127e-156,9.469768222457995e-29,validation,189,model_conditional_scenario_no_new_NHS_observations
RX7,North West Ambulance Service NHS Trust,Ambulance Trusts,0.25,0.15,0.35,2.5,4117,4.631999956273279,4.595405192707185,0.1522119447350927,0.13787175450270867,False,36,0.0,5.706300555555237e-22,0.0,1.1412601111110475e-22,validation,181,model_conditional_scenario_no_new_NHS_observations
RX8,Yorkshire Ambulance Service NHS Trust,Ambulance Trusts,0.25,0.15,0.35,2.5,4691,4.668542754845065,4.625958574660793,0.15059054737070632,0.1378717545027087,False,36,0.0,7.605011017915723e-26,0.0,1.5210022035831446e-26,validation,186,model_conditional_scenario_no_new_NHS_observations
RX9,East Midlands Ambulance Service NHS Trust,Ambulance Trusts,0.25,0.15,0.35,2.5,2718,4.426384668562666,4.428877310125703,0.15868806923942883,0.1378717545027087,False,36,1.124147895921252e-47,6.021588585326153e-09,1.124147895921252e-47,1.2043177170652306e-09,validation,117,model_conditional_scenario_no_new_NHS_observations
RXA,Cheshire and Wirral Partnership NHS Foundation Trust,"MH&LD, MH, LD&Community Trusts",0.25,0.15,0.35,2.5,2249,5.283120533762209,5.272116048808092,0.1624118134790246,0.13787175450270867,False,36,2.4150494271361465e-28,1.1026965882504284e-07,2.4150494271361465e-28,2.2053931765008568e-08,validation,99,model_conditional_scenario_no_new_NHS_observations
RXC,East Sussex Healthcare NHS Trust,Acute&Acute Community Trusts,0.25,0.15,0.35,2.5,4296,4.862101054215843,4.877218348732879,0.15166356400434342,0.13787175450270867,False,36,1.6413410291705576e-13,6.0017080960992594e-05,1.6413410291705576e-13,1.200341619219852e-05,validation,32,model_conditional_scenario_no_new_NHS_observations
RXE,Rotherham Doncaster and South Humber NHS Foundation Trust,"MH&LD, MH, LD&Community Trusts",0.25,0.15,0.35,2.5,1989,5.137412598539744,5.1584675665791275,0.16511821034721638,0.13787175450270867,False,36,1.5203592649860399e-06,0.00014000659313754733,1.5203592649860399e-06,2.8001318627509466e-05,validation,17,model_conditional_scenario_no_new_NHS_observations
RXF,Mid Yorkshire Teaching NHS Trust,Acute&Acute Community Trusts,0.25,0.15,0.35,2.5,3671,4.906352721523762,4.913353075905071,0.1537894562466957,0.1378717545027087,False,36,6.415821079220071e-23,7.992301357762044e-06,6.415821079220071e-23,1.5984602715524086e-06,validation,66,model_conditional_scenario_no_new_NHS_observations
RXG,South West Yorkshire Partnership NHS Foundation Trust,"MH&LD, MH, LD&Community Trusts",0.25,0.15,0.35,2.5,2871,5.46329566174571,5.416337964450048,0.15770718756084148,0.1378717545027087,False,36,6.460328230233211e-136,2.7387829516872974e-16,6.460328230233211e-136,5.477565903374595e-17,validation,172,model_conditional_scenario_no_new_NHS_observations
RXK,Sandwell and West Birmingham Hospitals NHS Trust,Acute&Acute Community Trusts,0.25,0.15,0.35,2.5,2964,4.881423056536682,4.893759330064722,0.15715505394715673,0.1378717545027087,False,36,1.4687317259125286e-12,3.282969936039205e-05,1.4687317259125286e-12,6.56593987207841e-06,validation,42,model_conditional_scenario_no_new_NHS_observations
RXM,Derbyshire Healthcare NHS Foundation Trust,"MH&LD, MH, LD&Community Trusts",0.25,0.15,0.35,2.5,2160,5.29347494412795,5.280099796768468,0.1632751719825323,0.13787175450270867,False,36,6.020754489700535e-29,6.410125003636636e-08,6.020754489700535e-29,1.2820250007273272e-08,validation,104,model_conditional_scenario_no_new_NHS_observations
RXN,Lancashire Teaching Hospitals NHS Foundation Trust,Acute&Acute Community Trusts,0.25,0.15,0.35,2.5,4261,4.936817949284272,4.937907136035943,0.15176745851299717,0.1378717545027087,False,36,4.180851536948383e-43,1.0282351757102754e-06,4.180851536948383e-43,2.0564703514205508e-07,validation,84,model_conditional_scenario_no_new_NHS_observations
RXP,County Durham and Darlington NHS Foundation Trust,Acute&Acute Community Trusts,0.25,0.15,0.35,2.5,3096,4.798991510260922,4.827677760681072,0.1564223391236287,0.1378717545027087,True,36,0.00010026389843980974,0.0004393390337638179,0.00010026389843980974,8.786780675276357e-05,ordinary,3,model_conditional_scenario_no_new_NHS_observations
RXQ,Buckinghamshire Healthcare NHS Trust,Acute&Acute Community Trusts,0.25,0.15,0.35,2.5,4557,5.262749347041431,5.203212788106358,0.15093530024620277,0.13787175450270867,False,36,0.0,1.0515065141799994e-25,0.0,2.103013028359999e-26,validation,185,model_conditional_scenario_no_new_NHS_observations
RXV,Greater Manchester Mental Health NHS Foundation Trust,"MH&LD, MH, LD&Community Trusts",0.25,0.15,0.35,2.5,2847,5.07669374944278,5.108288131779038,0.15785486665153406,0.1378717545027087,True,36,1.8509169309432399e-09,7.110603284029299e-05,1.8509169309432399e-09,1.4221206568058599e-05,validation,28,model_conditional_scenario_no_new_NHS_observations
RXW,The Shrewsbury and Telford Hospital NHS Trust,Acute&Acute Community Trusts,0.25,0.15,0.35,2.5,3797,4.889983833464849,4.9000812350679155,0.15330958497901512,0.13787175450270867,False,36,7.550838980427056e-19,1.805046217933125e-05,7.550838980427056e-19,3.6100924358662497e-06,validation,47,model_conditional_scenario_no_new_NHS_observations
RXX,Surrey and Borders Partnership NHS Foundation Trust,"MH&LD, MH, LD&Community Trusts",0.25,0.15,0.35,2.5,2006,5.152875156509391,5.170447104001946,0.1649230108832281,0.13787175450270867,False,36,1.4175611984378598e-07,8.55007853069386e-05,1.4175611984378598e-07,1.710015706138772e-05,validation,25,model_conditional_scenario_no_new_NHS_observations
RXY,Kent and Medway NHS and Social Care Partnership Trust,"MH&LD, MH, LD&Community Trusts",0.25,0.15,0.35,2.5,1999,5.15532916409753,5.172372759600966,0.1650030449040837,0.13787175450270867,False,36,9.775950497245761e-08,7.895110995594273e-05,9.775950497245761e-08,1.5790221991188547e-05,validation,27,model_conditional_scenario_no_new_NHS_observations
RY2,Bridgewater Community Healthcare NHS Foundation Trust,Community Trusts,0.25,0.15,0.35,2.5,819,4.787480268060491,4.910837387726616,0.19237072393232307,0.13787175450270867,True,36,2.363514175439711e-08,8.933721469993202e-06,2.363514175439711e-08,1.7867442939986402e-06,validation,59,model_conditional_scenario_no_new_NHS_observations
RY3,Norfolk Community Health and Care NHS Trust,Community Trusts,0.25,0.15,0.35,2.5,1677,5.162657590214402,5.170415510916077,0.16928297965695305,0.1378717545027087,False,36,2.4571158544422716e-16,1.031825880882971e-06,2.4571158544422716e-16,2.0636517617659418e-07,validation,83,model_conditional_scenario_no_new_NHS_observations
RY4,Hertfordshire Community NHS Trust,Community Trusts,0.25,0.15,0.35,2.5,1662,5.428005953039109,5.373540744450872,0.16951583926035163,0.1378717545027087,False,36,8.385532598817037e-69,4.185110606610033e-16,8.385532598817037e-69,8.370221213220066e-17,validation,170,model_conditional_scenario_no_new_NHS_observations
RY5,Lincolnshire Community Health Services NHS Trust,Community Trusts,0.25,0.15,0.35,2.5,1509,4.981026326870255,5.032963995997455,0.17210673027304543,0.13787175450270867,True,36,9.324727480507314e-05,0.0003828538382153332,9.324727480507314e-05,7.657076764306663e-05,ordinary,5,model_conditional_scenario_no_new_NHS_observations
RY6,Leeds Community Healthcare NHS Trust,Community Trusts,0.25,0.15,0.35,2.5,1783,5.157750508980817,5.166493816187219,0.16773108853011967,0.13787175450270867,False,36,6.39087406800671e-17,1.1262773499235596e-06,6.39087406800671e-17,2.2525546998471193e-07,validation,82,model_conditional_scenario_no_new_NHS_observations
RY7,Wirral Community Health and Care NHS Foundation Trust,Community Trusts,0.25,0.15,0.35,2.5,861,4.985023674415926,5.047445441024479,0.1904600374358238,0.1378717545027087,False,36,0.00022172591543888944,0.0004983786870110261,0.00022172591543888944,9.967573740220523e-05,ordinary,1,model_conditional_scenario_no_new_NHS_observations
RY8,Derbyshire Community Health Services NHS Foundation Trust,Community Trusts,0.25,0.15,0.35,2.5,3150,5.261948301204113,5.248787975742798,0.15613845265836013,0.1378717545027087,False,36,2.664757543477325e-87,2.9453446624910045e-11,2.664757543477325e-87,5.890689324982009e-12,validation,139,model_conditional_scenario_no_new_NHS_observations
RYA,West Midlands Ambulance Service University NHS Foundation Trust,Ambulance Trusts,0.25,0.15,0.35,2.5,2987,4.18304018399615,4.234460173427346,0.15702323191973266,0.1378717545027087,True,36,1.1962604501111307e-18,7.837665249303694e-06,1.1962604501111307e-18,1.567533049860739e-06,validation,67,model_conditional_scenario_no_new_NHS_observations
RYC,East of England Ambulance Service NHS Trust,Ambulance Trusts,0.25,0.15,0.35,2.5,3978,4.296127630326422,4.323218468296438,0.1526688977050722,0.1378717545027087,False,36,4.673923185638181e-20,1.7252962008612958e-05,4.673923185638181e-20,3.4505924017225914e-06,validation,50,model_conditional_scenario_no_new_NHS_observations
RYD,South East Coast Ambulance Service NHS Foundation Trust,Ambulance Trusts,0.25,0.15,0.35,2.5,3621,4.44372913058889,4.442718935048351,0.1539882769592021,0.13787175450270867,False,36,1.6980051252778137e-88,3.531805195279041e-10,1.6980051252778137e-88,7.063610390558082e-11,validation,132,model_conditional_scenario_no_new_NHS_observations
RYE,South Central Ambulance Service NHS Foundation Trust,Ambulance Trusts,0.25,0.15,0.35,2.5,2091,4.199644467173298,4.2520818660851205,0.16398779336922267,0.13787175450270867,True,36,6.962669270320075e-10,3.419783163580935e-05,6.962669270320075e-10,6.83956632716187e-06,validation,40,model_conditional_scenario_no_new_NHS_observations
RYF,South Western Ambulance Service NHS Foundation Trust,Ambulance Trusts,0.25,0.15,0.35,2.5,3329,4.312599288113916,4.337375158447005,0.15525675410143583,0.13787175450270867,False,36,2.345103498027153e-20,8.493583773552749e-06,2.345103498027153e-20,1.6987167547105498e-06,validation,63,model_conditional_scenario_no_new_NHS_observations
RYG,Coventry and Warwickshire Partnership NHS Trust,"MH&LD, MH, LD&Community Trusts",0.25,0.15,0.35,2.5,2023,5.141790707081871,5.161777103764129,0.1647306084819092,0.13787175450270867,False,36,7.348858221640139e-07,0.00012149097595860169,7.348858221640139e-07,2.4298195191720338e-05,validation,20,model_conditional_scenario_no_new_NHS_observations
RYJ,Imperial College Healthcare NHS Trust,Acute&Acute Community Trusts,0.25,0.15,0.35,2.5,8648,5.041157508859828,5.024238356426941,0.1450226890749567,0.13787175450270867,False,36,0.0,7.301261179305787e-12,0.0,1.4602522358611573e-12,validation,142,model_conditional_scenario_no_new_NHS_observations
RYR,University Hospitals Sussex NHS Foundation Trust,Acute&Acute Community Trusts,0.25,0.15,0.35,2.5,8266,4.940444545937948,4.940818055860188,0.145338081912111,0.13787175450270867,False,36,1.2737980367288409e-144,3.154227816424538e-07,1.2737980367288409e-144,6.308455632849076e-08,validation,93,model_conditional_scenario_no_new_NHS_observations
RYV,Cambridgeshire Community Services NHS Trust,Community Trusts,0.25,0.15,0.35,2.5,1466,5.351619011670061,5.31359246399135,0.17291396769472964,0.13787175450270867,False,36,2.9423909923781924e-40,4.837947309582342e-12,2.9423909923781924e-40,9.675894619164683e-13,validation,145,model_conditional_scenario_no_new_NHS_observations
RYW,Birmingham Community Healthcare NHS Foundation Trust,Community Trusts,0.25,0.15,0.35,2.5,3479,5.065094024883836,5.090594059693524,0.15458109367427927,0.1378717545027087,False,36,4.292143987815929e-13,4.207306889962042e-05,4.292143987815929e-13,8.414613779924083e-06,validation,36,model_conditional_scenario_no_new_NHS_observations
RYX,Central London Community Healthcare NHS Trust,Community Trusts,0.25,0.15,0.35,2.5,3243,5.293368715678552,5.274071738854285,0.1556694503691283,0.1378717545027087,False,36,6.623337060807183e-113,7.385025065010584e-13,6.623337060807183e-113,1.4770050130021168e-13,validation,152,model_conditional_scenario_no_new_NHS_observations
RYY,Kent Community Health NHS Foundation Trust,Community Trusts,0.25,0.15,0.35,2.5,3496,5.471020034607948,5.41738947682355,0.1545078277058457,0.13787175450270867,False,36,8.408947934e-314,5.798510885741335e-25,8.408947934e-314,1.159702177148267e-25,validation,184,model_conditional_scenario_no_new_NHS_observations
TAD,Bradford District Care NHS Foundation Trust,"MH&LD, MH, LD&Community Trusts",0.25,0.15,0.35,2.5,1689,5.329497592539193,5.306742672544336,0.16909916803593106,0.13787175450270867,False,36,6.744444032205052e-26,1.8596926017998236e-08,6.744444032205052e-26,3.7193852035996473e-09,validation,110,model_conditional_scenario_no_new_NHS_observations
TAH,Sheffield Health and Social Care NHS Foundation Trust,"MH&LD, MH, LD&Community Trusts",0.25,0.15,0.35,2.5,1684,5.083478674010145,5.118181957804703,0.1691754916638819,0.13787175450270867,True,36,4.434303905673206e-06,0.0001573452293230222,4.434303905673206e-06,3.146904586460444e-05,validation,16,model_conditional_scenario_no_new_NHS_observations
TAJ,Black Country Healthcare NHS Foundation Trust,"MH&LD, MH, LD&Community Trusts",0.25,0.15,0.35,2.5,2526,4.959776905243845,5.016716049485574,0.16006608121813723,0.13787175450270867,True,36,1.7082179037875965e-29,2.1276435203933168e-07,1.7082179037875965e-29,4.255287040786634e-08,validation,96,model_conditional_scenario_no_new_NHS_observations
R0A,Manchester University NHS Foundation Trust,Acute&Acute Community Trusts,0.25,0.35,0.35,2.5,10685,5.033296606876863,4.9875247033229755,0.24865518079990961,0.24748737341529162,False,36,0.0,0.00018244622431188044,0.0,3.6489244862376085e-05,validation,127,model_conditional_scenario_no_new_NHS_observations
R0B,South Tyneside and Sunderland NHS Foundation Trust,Acute&Acute Community Trusts,0.25,0.35,0.35,2.5,4681,5.102526485582064,5.020862755378837,0.2501133745288118,0.24748737341529162,False,36,4.34182221678011e-227,9.485612847094432e-05,4.34182221678011e-227,1.8971225694188865e-05,validation,153,model_conditional_scenario_no_new_NHS_observations
R0D,University Hospitals Dorset NHS Foundation Trust,Acute&Acute Community Trusts,0.25,0.35,0.35,2.5,5519,4.99703607359645,4.969329359625428,0.24972363469028874,0.24748737341529162,False,36,2.1469930631803348e-135,0.000263988858235758,2.1469930631803348e-135,5.27977716471516e-05,validation,106,model_conditional_scenario_no_new_NHS_observations
R1A,Herefordshire and Worcestershire Health and Care NHS Trust,"MH&LD, MH, LD&Community Trusts",0.25,0.35,0.35,2.5,2399,5.188850693999996,5.211313222347487,0.2524855631849326,0.24748737341529164,False,36,4.753539621276286e-13,0.000595279101863877,4.753539621276286e-13,0.0001190558203727754,validation,50,model_conditional_scenario_no_new_NHS_observations
R1D,Shropshire Community Health NHS Trust,Community Trusts,0.25,0.35,0.35,2.5,995,5.145010753504204,5.172778743014191,0.2587414625677124,0.24748737341529162,False,36,5.062215954298773e-09,0.00042151191200207023,5.062215954298773e-09,8.430238240041405e-05,validation,80,model_conditional_scenario_no_new_NHS_observations
R1F1,Isle of Wight NHS Trust (acute sector),Acute&Acute Community Trusts,0.25,0.35,0.35,2.5,1420,4.706366986566817,4.83240795440286,0.255648838789599,0.24748737341529164,True,36,1.8432198153107524e-07,0.0006839950361164442,1.8432198153107524e-07,0.00013679900722328884,validation,36,model_conditional_scenario_no_new_NHS_observations
R1F2,Isle of Wight NHS Trust (ambulance sector),Ambulance Trusts,0.25,0.35,0.35,2.5,170,4.500436279582561,4.457859322803322,0.29021456480233004,0.24748737341529162,False,36,2.5642002946177766e-05,0.0003116543180314961,2.5642002946177766e-05,6.233086360629922e-05,validation,95,model_conditional_scenario_no_new_NHS_observations
R1H,Barts Health NHS Trust,Acute&Acute Community Trusts,0.25,0.35,0.35,2.5,9566,4.912268004676804,4.927599452414395,0.24878999141377653,0.24748737341529162,False,36,2.0794241877285367e-127,0.0005270485319571419,2.0794241877285367e-127,0.00010540970639142838,validation,65,model_conditional_scenario_no_new_NHS_observations
R1K,London North West University Healthcare NHS Trust,Acute&Acute Community Trusts,0.25,0.35,0.35,2.5,4285,5.034382577516363,4.987429324746997,0.25034905736691715,0.24748737341529162,False,36,5.807093416179311e-118,0.00019028892704764844,5.807093416179311e-118,3.805778540952969e-05,validation,123,model_conditional_scenario_no_new_NHS_observations
R1L,Essex Partnership University NHS Foundation Trust,"MH&LD, MH, LD&Community Trusts",0.25,0.35,0.35,2.5,3632,5.268213995895022,5.249619729491734,0.2508461479719021,0.24748737341529162,False,36,1.3685499166791912e-54,0.0003126627829269703,1.3685499166791912e-54,6.253255658539406e-05,validation,94,model_conditional_scenario_no_new_NHS_observations
RA2,Royal Surrey County Hospital NHS Foundation Trust,Acute&Acute Community Trusts,0.25,0.35,0.35,2.5,2383,5.157713239348739,5.045745670541511,0.2525174236233451,0.24748737341529162,False,36,2.375530822800411e-89,5.8739803960383775e-05,2.375530822800411e-89,1.1747960792076756e-05,validation,165,model_conditional_scenario_no_new_NHS_observations
RA7,University Hospitals Bristol and Weston NHS Foundation Trust,Acute&Acute Community Trusts,0.25,0.35,0.35,2.5,8285,5.108738615013536,5.024664035878083,0.24898834767830738,0.24748737341529162,False,36,0.0,8.41468819018484e-05,0.0,1.682937638036968e-05,validation,157,model_conditional_scenario_no_new_NHS_observations
RAE,Bradford Teaching Hospitals NHS Foundation Trust,Acute&Acute Community Trusts,0.25,0.35,0.35,2.5,3212,5.09018474296827,5.014125760105561,0.2512686116796326,0.24748737341529164,False,36,5.668656375412191e-104,0.00011348999622468076,5.668656375412191e-104,2.2697999244936154e-05,validation,146,model_conditional_scenario_no_new_NHS_observations
RAJ,Mid and South Essex NHS Foundation Trust,Acute&Acute Community Trusts,0.25,0.35,0.35,2.5,6465,4.462888866214896,4.706476794835979,0.24940273138712254,0.24748737341529162,True,36,0.0,5.765151088246061e-05,0.0,1.1530302176492123e-05,validation,167,model_conditional_scenario_no_new_NHS_observations
RAN,Royal National Orthopaedic Hospital NHS Trust,Acute Specialist Trusts,0.25,0.35,0.35,2.5,773,5.375492586648612,5.287500185794769,0.26151964355263396,0.24748737341529162,False,36,4.78023738393499e-19,5.5608877389677507e-05,4.78023738393499e-19,1.1121775477935502e-05,validation,168,model_conditional_scenario_no_new_NHS_observations
RAS,The Hillingdon Hospitals NHS Foundation Trust,Acute&Acute Community Trusts,0.25,0.35,0.35,2.5,1970,5.002245530547993,4.970959685037198,0.2535080863549243,0.24748737341529162,False,36,5.9054864302589e-25,0.000276432678319639,5.9054864302589e-25,5.5286535663927805e-05,validation,100,model_conditional_scenario_no_new_NHS_observations
RAT,North East London NHS Foundation Trust,"MH&LD, MH, LD&Community Trusts",0.25,0.35,0.35,2.5,3955,5.163350826992319,5.19854625844919,0.25058038970261354,0.24748737341529162,False,36,2.7724809138475664e-16,0.0007010711482644363,2.7724809138475664e-16,0.00014021422965288725,validation,33,model_conditional_scenario_no_new_NHS_observations
RBD,Dorset County Hospital NHS Foundation Trust,Acute&Acute Community Trusts,0.25,0.35,0.35,2.5,1616,5.009444890083157,4.974043003513397,0.2547309652896039,0.24748737341529164,False,36,6.307184467778584e-20,0.0002681631685659258,6.307184467778584e-20,5.3632633713185156e-05,validation,103,model_conditional_scenario_no_new_NHS_observations
RBK,Walsall Healthcare NHS Trust,Acute&Acute Community Trusts,0.25,0.35,0.35,2.5,2314,4.652547173256712,4.803704287199228,0.25265960663836196,0.2474873734152916,True,36,1.1082671812550525e-19,0.00042637420981284525,1.1082671812550525e-19,8.527484196256905e-05,validation,78,model_conditional_scenario_no_new_NHS_observations
RBL,Wirral University Teaching Hospital NHS Foundation Trust,Acute&Acute Community Trusts,0.25,0.35,0.35,2.5,2794,4.71875466644158,4.8346263955065565,0.25180968757112693,0.2474873734152916,True,36,2.94575710866838e-12,0.0006756312093167119,2.94575710866838e-12,0.00013512624186334238,validation,40,model_conditional_scenario_no_new_NHS_observations
RBQ,Liverpool Heart and Chest Hospital NHS Foundation Trust,Acute Specialist Trusts,0.25,0.35,0.35,2.5,1134,5.678241716776859,5.42906196609297,0.2575004219897547,0.24748737341529162,False,36,3.662717008003578e-84,8.980677922191832e-07,3.662717008003578e-84,1.7961355844383663e-07,validation,190,model_conditional_scenario_no_new_NHS_observations
RBS,Alder Hey Children's NHS Foundation Trust,Acute&Acute Community Trusts,0.25,0.35,0.35,2.5,2417,5.03379651104725,4.986356711118315,0.25245019926426876,0.24748737341529162,False,36,4.04233122442086e-43,0.00020390523058053296,4.04233122442086e-43,4.0781046116106595e-05,validation,120,model_conditional_scenario_no_new_NHS_observations
RBT,Mid Cheshire Hospitals NHS Foundation Trust,Acute&Acute Community Trusts,0.25,0.35,0.35,2.5,2321,5.159859070401051,5.0466604004605236,0.25264481691807783,0.24748737341529162,False,36,3.5631668302264746e-86,5.7776025932605385e-05,3.5631668302264746e-86,1.1555205186521078e-05,validation,166,model_conditional_scenario_no_new_NHS_observations
RBV,The Christie NHS Foundation Trust,Acute Specialist Trusts,0.25,0.35,0.35,2.5,1947,5.371544749364454,5.290889656093909,0.25357485613348507,0.24748737341529164,False,36,2.9799199415384592e-77,3.790786636538607e-05,2.9799199415384592e-77,7.581573273077214e-06,validation,173,model_conditional_scenario_no_new_NHS_observations
RC9,Bedfordshire Hospitals NHS Foundation Trust,Acute&Acute Community Trusts,0.25,0.35,0.35,2.5,3542,4.996424718879917,4.968764230986516,0.250928533606083,0.24748737341529164,False,36,1.144569386983945e-60,0.0002732156378429929,1.144569386983945e-60,5.464312756859857e-05,validation,102,model_conditional_scenario_no_new_NHS_observations
RCB,York and Scarborough Teaching Hospitals NHS Foundation Trust,Acute&Acute Community Trusts,0.25,0.35,0.35,2.5,5839,4.89781742010006,4.920598710049901,0.24960369432026083,0.24748737341529162,False,36,1.2468877027063833e-41,0.0005931587004917916,1.2468877027063833e-41,0.00011863174009835833,validation,51,model_conditional_scenario_no_new_NHS_observations
RCD,Harrogate and District NHS Foundation Trust,Acute&Acute Community Trusts,0.25,0.35,0.35,2.5,3330,5.232869698503418,5.0834252096770385,0.2511395506751217,0.24748737341529164,False,36,2.2862177978295072e-238,2.1863480936993454e-05,2.2862177978295072e-238,4.372696187398691e-06,validation,181,model_conditional_scenario_no_new_NHS_observations
RCF,Airedale NHS Foundation Trust,Acute&Acute Community Trusts,0.25,0.35,0.35,2.5,1473,4.975561958614382,4.958018910421717,0.2553784468844417,0.24748737341529164,False,36,3.2804559950544135e-14,0.00035713865130722604,3.2804559950544135e-14,7.14277302614452e-05,validation,89,model_conditional_scenario_no_new_NHS_observations
RCU,Sheffield Children's NHS Foundation Trust,Acute&Acute Community Trusts,0.25,0.35,0.35,2.5,2212,5.172472246752322,5.0524734167305265,0.25288515791521216,0.2474873734152916,False,36,3.086358214090714e-84,5.090118240297074e-05,3.086358214090714e-84,1.0180236480594148e-05,validation,170,model_conditional_scenario_no_new_NHS_observations
RCX,The Queen Elizabeth Hospital King's Lynn NHS Foundation Trust,Acute&Acute Community Trusts,0.25,0.35,0.35,2.5,2188,4.693193387518781,4.823458850253825,0.25294111764846616,0.24748737341529162,True,36,2.3579123933408077e-12,0.0005816506377811474,2.3579123933408077e-12,0.00011633012755622949,validation,56,model_conditional_scenario_no_new_NHS_observations
RD1,Royal United Hospitals Bath NHS Foundation Trust,Acute&Acute Community Trusts,0.25,0.35,0.35,2.5,3322,4.870227174391674,4.907497472660809,0.2511480215095749,0.24748737341529162,False,36,2.4248314910346525e-12,0.0007310740957466122,2.4248314910346525e-12,0.00014621481914932244,validation,31,model_conditional_scenario_no_new_NHS_observations
RD8,Milton Keynes University Hospital NHS Foundation Trust,Acute&Acute Community Trusts,0.25,0.35,0.35,2.5,2646,5.007673109794047,4.973933923755278,0.2520403689632859,0.24748737341529162,False,36,5.879459083718383e-41,0.0002544639691651193,5.879459083718383e-41,5.0892793833023865e-05,validation,110,model_conditional_scenario_no_new_NHS_observations
RDE,East Suffolk and North Essex NHS Foundation Trust,Acute&Acute Community Trusts,0.25,0.35,0.35,2.5,6181,4.826152582960841,4.885327295387736,0.2494889602163306,0.24748737341529162,False,36,1.1765268627917686e-08,0.0009714025218886695,1.1765268627917686e-08,0.0001942805043777339,validation,8,model_conditional_scenario_no_new_NHS_observations
RDR,Sussex Community NHS Foundation Trust,Community Trusts,0.25,0.35,0.35,2.5,4042,5.455663526627008,5.322542976370222,0.2505158473595831,0.24748737341529162,False,36,0.0,1.3179482619408573e-05,0.0,2.6358965238817145e-06,validation,185,model_conditional_scenario_no_new_NHS_observations
RDU,Frimley Health NHS Foundation Trust,Acute&Acute Community Trusts,0.25,0.35,0.35,2.5,5683,5.214387091389177,5.0761019742106805,0.24966051484214655,0.24748737341529162,False,36,0.0,2.4725428894731784e-05,0.0,4.945085778946357e-06,validation,179,model_conditional_scenario_no_new_NHS_observations
RDY,Dorset Healthcare University NHS Foundation Trust,"MH&LD, MH, LD&Community Trusts",0.25,0.35,0.35,2.5,3551,5.32574192241569,5.277569258405969,0.25092011360763455,0.24748737341529162,False,36,2.227241433766907e-86,0.00018695660754744877,2.227241433766907e-86,3.7391321509489755e-05,validation,124,model_conditional_scenario_no_new_NHS_observations
REF,Royal Cornwall Hospitals NHS Trust,Acute&Acute Community Trusts,0.25,0.35,0.35,2.5,3848,4.677182765495703,4.8133250874298446,0.2506636434170438,0.24748737341529162,True,36,5.814359567717296e-33,0.00048266429969883503,5.814359567717296e-33,9.653285993976701e-05,validation,70,model_conditional_scenario_no_new_NHS_observations
REM,Liverpool University Hospitals NHS Foundation Trust,Acute&Acute Community Trusts,0.25,0.35,0.35,2.5,4448,4.900798593715324,4.922173467970452,0.2502471059801792,0.24748737341529164,False,36,1.3682445497998832e-28,0.0005839535735434202,1.3682445497998832e-28,0.00011679071470868405,validation,54,model_conditional_scenario_no_new_NHS_observations
REN,The Clatterbridge Cancer Centre NHS Foundation Trust,Acute Specialist Trusts,0.25,0.35,0.35,2.5,1209,5.148985203133816,5.186117282030177,0.2569381340802363,0.24748737341529164,False,36,5.0402062047306805e-12,0.00034828277435659013,5.0402062047306805e-12,6.965655487131803e-05,validation,91,model_conditional_scenario_no_new_NHS_observations
REP,Liverpool Women's NHS Foundation Trust,Acute Specialist Trusts,0.25,0.35,0.35,2.5,772,4.870614374479285,5.064521835493636,0.26153526685034606,0.2474873734152916,True,36,5.283570153370389e-08,0.00039866778976368263,5.283570153370389e-08,7.973355795273652e-05,validation,85,model_conditional_scenario_no_new_NHS_observations
RET,The Walton Centre NHS Foundation Trust,Acute Specialist Trusts,0.25,0.35,0.35,2.5,578,5.26298595970273,5.237052695223809,0.26540652744881055,0.24748737341529164,False,36,7.543583981331115e-10,0.00017139743802188336,7.543583981331115e-10,3.427948760437667e-05,validation,133,model_conditional_scenario_no_new_NHS_observations
RF4,"Barking, Havering and Redbridge University Hospitals NHS Trust",Acute&Acute Community Trusts,0.25,0.35,0.35,2.5,4158,4.72425974416934,4.836050278381418,0.250433867704234,0.24748737341529162,True,36,1.1974266847976076e-18,0.0006788895284489378,1.1974266847976076e-18,0.00013577790568978756,validation,38,model_conditional_scenario_no_new_NHS_observations
RFF,Barnsley Hospital NHS Foundation Trust,Acute&Acute Community Trusts,0.25,0.35,0.35,2.5,2219,5.136556181678653,5.035320164751285,0.2528690520241211,0.2474873734152916,False,36,1.7934714322507555e-70,7.532257487956367e-05,1.7934714322507555e-70,1.5064514975912733e-05,validation,159,model_conditional_scenario_no_new_NHS_observations
RFR,The Rotherham NHS Foundation Trust,Acute&Acute Community Trusts,0.25,0.35,0.35,2.5,3137,5.104376831626352,5.020945648174899,0.2513554924563732,0.24748737341529164,False,36,6.954123671802946e-109,9.83660883825654e-05,6.954123671802946e-109,1.967321767651308e-05,validation,151,model_conditional_scenario_no_new_NHS_observations
RFS,Chesterfield Royal Hospital NHS Foundation Trust,Acute&Acute Community Trusts,0.25,0.35,0.35,2.5,2972,5.003096039227562,4.971849457904513,0.25156143290731764,0.2474873734152916,False,36,9.45811866762328e-48,0.0002617026118190699,9.45811866762328e-48,5.234052236381398e-05,validation,108,model_conditional_scenario_no_new_NHS_observations
RGD,Leeds and York Partnership NHS Foundation Trust,"MH&LD, MH, LD&Community Trusts",0.25,0.35,0.35,2.5,1497,5.190906308393158,5.212772138554543,0.25526181297193057,0.24748737341529162,False,36,9.406012883349224e-09,0.0006032039792799289,9.406012883349224e-09,0.00012064079585598578,validation,49,model_conditional_scenario_no_new_NHS_observations
RGM,Royal Papworth Hospital NHS Foundation Trust,Acute Specialist Trusts,0.25,0.35,0.35,2.5,1177,5.188774029843231,5.204491619970563,0.25717012703520914,0.24748737341529164,False,36,1.5124353086112175e-14,0.00025561891330565787,1.5124353086112175e-14,5.1123782661131574e-05,validation,109,model_conditional_scenario_no_new_NHS_observations
RGN,North West Anglia NHS Foundation Trust,Acute&Acute Community Trusts,0.25,0.35,0.35,2.5,3216,4.459261605305287,4.70836842504689,0.2512640875389056,0.2474873734152916,True,36,6.250259419126796e-143,6.440766645796764e-05,6.250259419126796e-143,1.2881533291593527e-05,validation,163,model_conditional_scenario_no_new_NHS_observations
RGP,James Paget University Hospitals NHS Foundation Trust,Acute&Acute Community Trusts,0.25,0.35,0.35,2.5,1657,4.760551985153012,4.856861870257702,0.25456447661708054,0.2474873734152916,True,36,1.1976338024119905e-05,0.0009394757882313378,1.1976338024119905e-05,0.00018789515764626756,validation,10,model_conditional_scenario_no_new_NHS_observations
RGR,West Suffolk NHS Foundation Trust,Acute&Acute Community Trusts,0.25,0.35,0.35,2.5,2435,4.74071370554987,4.845722366670757,0.2524153322995451,0.2474873734152916,True,36,2.7843062214546216e-08,0.0007944551896813311,2.7843062214546216e-08,0.00015889103793626622,validation,24,model_conditional_scenario_no_new_NHS_observations
RGT,Cambridge University Hospitals NHS Foundation Trust,Acute&Acute Community Trusts,0.25,0.35,0.35,2.5,6990,4.925261247972768,4.9340607614049175,0.24926144829024885,0.24748737341529162,False,36,1.65169221302721e-88,0.00047901402738661104,1.65169221302721e-88,9.580280547732221e-05,validation,71,model_conditional_scenario_no_new_NHS_observations
RHA,Nottinghamshire Healthcare NHS Foundation Trust,"MH&LD, MH, LD&Community Trusts",0.25,0.35,0.35,2.5,4456,4.874412494463094,5.057216409778821,0.2502422889249855,0.2474873734152916,True,36,1.5119664657740946e-162,0.00013789737199277534,1.5119664657740946e-162,2.7579474398555068e-05,validation,140,model_conditional_scenario_no_new_NHS_observations
RHM,University Hospital Southampton NHS Foundation Trust,Acute&Acute Community Trusts,0.25,0.35,0.35,2.5,4801,4.898579234362294,4.921053127562945,0.2500494334037835,0.24748737341529162,False,36,5.681797296015712e-31,0.0005924187954497359,5.681797296015712e-31,0.00011848375908994717,validation,52,model_conditional_scenario_no_new_NHS_observations
RHQ,Sheffield Teaching Hospitals NHS Foundation Trust,Acute&Acute Community Trusts,0.25,0.35,0.35,2.5,10718,4.881592309708601,4.91238920357849,0.24865162744709282,0.24748737341529162,False,36,5.50364238121468e-85,0.0006626273220223468,5.50364238121468e-85,0.00013252546440446934,validation,41,model_conditional_scenario_no_new_NHS_observations
RHU,Portsmouth Hospitals University NHS Trust,Acute&Acute Community Trusts,0.25,0.35,0.35,2.5,3768,4.802865589846258,4.8745804391660945,0.25072887756947626,0.24748737341529162,False,36,5.069568701798828e-05,0.0011235179704409048,5.069568701798828e-05,0.00022470359408818097,validation,3,model_conditional_scenario_no_new_NHS_observations
RHW,Royal Berkshire NHS Foundation Trust,Acute&Acute Community Trusts,0.25,0.35,0.35,2.5,4156,5.285013243534149,5.109709233780443,0.25043524352602337,0.2474873734152916,False,36,0.0,1.0231838926822012e-05,0.0,2.0463677853644024e-06,validation,187,model_conditional_scenario_no_new_NHS_observations
RJ1,Guy's and St Thomas' NHS Foundation Trust,Acute&Acute Community Trusts,0.25,0.35,0.35,2.5,11816,5.128245974433135,5.034633618845953,0.24854459368987927,0.24748737341529162,False,36,0.0,6.599661697787468e-05,0.0,1.3199323395574937e-05,validation,162,model_conditional_scenario_no_new_NHS_observations
RJ2,Lewisham and Greenwich NHS Trust,Acute&Acute Community Trusts,0.25,0.35,0.35,2.5,4770,5.01487492662177,4.977986031090975,0.25006565133037745,0.24748737341529164,False,36,6.420319597578138e-122,0.00022646392641885834,6.420319597578138e-122,4.529278528377167e-05,validation,115,model_conditional_scenario_no_new_NHS_observations
RJ6,Croydon Health Services NHS Trust,Acute&Acute Community Trusts,0.25,0.35,0.35,2.5,2037,5.027158642981511,4.9828680076746625,0.2533216737246823,0.24748737341529162,False,36,2.388621099984029e-31,0.0002219366916685635,2.388621099984029e-31,4.4387338333712704e-05,validation,116,model_conditional_scenario_no_new_NHS_observations
RJ7,St George's University Hospitals NHS Foundation Trust,Acute&Acute Community Trusts,0.25,0.35,0.35,2.5,4453,4.887730566714432,4.915785313062393,0.2502440933486912,0.24748737341529162,False,36,3.328844926423312e-23,0.0006422427629996485,3.328844926423312e-23,0.0001284485525999297,validation,44,model_conditional_scenario_no_new_NHS_observations
RJ8,Cornwall Partnership NHS Foundation Trust,"MH&LD, MH, LD&Community Trusts",0.25,0.35,0.35,2.5,3068,5.026328323604617,5.132481937176921,0.2514390253064711,0.24748737341529164,True,36,5.893454293879644e-20,0.0005416611791340149,5.893454293879644e-20,0.00010833223582680298,validation,62,model_conditional_scenario_no_new_NHS_observations
RJC,South Warwickshire University NHS Foundation Trust,Acute&Acute Community Trusts,0.25,0.35,0.35,2.5,2605,5.194167129545242,5.063647729713653,0.2521086951094673,0.24748737341529164,False,36,7.460295913607783e-126,3.77460904756018e-05,7.460295913607783e-126,7.54921809512036e-06,validation,174,model_conditional_scenario_no_new_NHS_observations
RJE,University Hospitals of North Midlands NHS Trust,Acute&Acute Community Trusts,0.25,0.35,0.35,2.5,5372,4.8790352090298,4.911415480060576,0.24978341125640194,0.24748737341529162,False,36,6.573557726848408e-26,0.0006808961100346245,6.573557726848408e-26,0.00013617922200692489,validation,37,model_conditional_scenario_no_new_NHS_observations
RJL,Northern Lincolnshire and Goole NHS Foundation Trust,Acute&Acute Community Trusts,0.25,0.35,0.35,2.5,3271,4.946698589583346,4.944592786039643,0.2512029607193151,0.24748737341529162,False,36,1.9365347550264174e-32,0.0004159756849170386,1.9365347550264174e-32,8.319513698340772e-05,validation,82,model_conditional_scenario_no_new_NHS_observations
RJN,East Cheshire NHS Trust,Acute&Acute Community Trusts,0.25,0.35,0.35,2.5,1321,4.924497900633165,4.934203673498369,0.25620695409603267,0.24748737341529164,False,36,3.561750530590929e-09,0.0005269073059902467,3.561750530590929e-09,0.00010538146119804933,validation,66,model_conditional_scenario_no_new_NHS_observations
RJR,Countess of Chester Hospital NHS Foundation Trust,Acute&Acute Community Trusts,0.25,0.35,0.35,2.5,2188,4.618213802992669,4.787639547433211,0.25294111764846616,0.24748737341529162,True,36,1.9080500726164673e-24,0.0003279153666038506,1.9080500726164673e-24,6.558307332077012e-05,validation,93,model_conditional_scenario_no_new_NHS_observations
RJZ,King's College Hospital NHS Foundation Trust,Acute&Acute Community Trusts,0.25,0.35,0.35,2.5,6353,4.844882315255672,4.894518924004699,0.24943583453618687,0.24748737341529162,False,36,9.232181363923912e-15,0.0008595861394868361,9.232181363923912e-15,0.0001719172278973672,validation,17,model_conditional_scenario_no_new_NHS_observations
RK5,Sherwood Forest Hospitals NHS Foundation Trust,Acute&Acute Community Trusts,0.25,0.35,0.35,2.5,3596,4.833012007832405,4.889323418253735,0.2508786242470722,0.24748737341529162,False,36,2.2225880476772346e-07,0.0009332560284525821,2.2225880476772346e-07,0.00018665120569051643,validation,11,model_conditional_scenario_no_new_NHS_observations
RK9,University Hospitals Plymouth NHS Trust,Acute&Acute Community Trusts,0.25,0.35,0.35,2.5,5422,4.868694596347482,4.906335316927493,0.24976272368508093,0.24748737341529162,False,36,2.5213070350744833e-21,0.0007321869083603676,2.5213070350744833e-21,0.00014643738167207352,validation,30,model_conditional_scenario_no_new_NHS_observations
RKB,University Hospitals Coventry and Warwickshire NHS Trust,Acute&Acute Community Trusts,0.25,0.35,0.35,2.5,6305,4.933915092043216,4.938332115468306,0.24945037449822421,0.24748737341529162,False,36,2.5376522441212423e-83,0.00044840417797796544,2.5376522441212423e-83,8.96808355955931e-05,validation,74,model_conditional_scenario_no_new_NHS_observations
RKE,Whittington Health NHS Trust,Acute&Acute Community Trusts,0.25,0.35,0.35,2.5,2483,5.241123918395662,5.08597559063013,0.252324705083305,0.2474873734152916,False,36,1.708931708062694e-142,2.163396001493013e-05,1.708931708062694e-142,4.326792002986025e-06,validation,182,model_conditional_scenario_no_new_NHS_observations
RKL,West London NHS Trust,"MH&LD, MH, LD&Community Trusts",0.25,0.35,0.35,2.5,4133,5.379938065556677,5.304194313508239,0.2504511583262472,0.2474873734152916,False,36,5.401712549080919e-168,0.00010725608234905087,5.401712549080919e-168,2.1451216469810174e-05,validation,148,model_conditional_scenario_no_new_NHS_observations
RL1,The Robert Jones and Agnes Hunt Orthopaedic Hospital NHS Foundation Trust,Acute Specialist Trusts,0.25,0.35,0.35,2.5,822,5.061806859756023,5.148464604512424,0.26079449857035336,0.24748737341529162,False,36,3.6298441235220086e-06,0.0006517414042744299,3.6298441235220086e-06,0.00013034828085488597,validation,42,model_conditional_scenario_no_new_NHS_observations
RL4,The Royal Wolverhampton NHS Trust,Acute&Acute Community Trusts,0.25,0.35,0.35,2.5,3372,4.727096750241856,4.838018777420039,0.251095714289059,0.24748737341529162,True,36,1.3359945548472924e-13,0.0007035688892529229,1.3359945548472924e-13,0.00014071377785058458,validation,32,model_conditional_scenario_no_new_NHS_observations
RLQ,Wye Valley NHS Trust,Acute&Acute Community Trusts,0.25,0.35,0.35,2.5,1976,5.012313124373934,4.97575054046902,0.25349090838691013,0.24748737341529164,False,36,5.770221032197642e-27,0.0002536698074901217,5.770221032197642e-27,5.073396149802434e-05,validation,111,model_conditional_scenario_no_new_NHS_observations
RLT,George Eliot Hospital NHS Trust,Acute&Acute Community Trusts,0.25,0.35,0.35,2.5,1634,5.055260492039282,4.995624911177255,0.2546569177720634,0.24748737341529162,False,36,5.906023429480897e-27,0.00017997638909186497,5.906023429480897e-27,3.599527781837299e-05,validation,129,model_conditional_scenario_no_new_NHS_observations
RLY,North Staffordshire Combined Healthcare NHS Trust,"MH&LD, MH, LD&Community Trusts",0.25,0.35,0.35,2.5,1295,5.506161264635511,5.359076049729742,0.256366421112875,0.24748737341529164,False,36,1.848291035446397e-41,3.801920120533804e-05,1.848291035446397e-41,7.603840241067607e-06,validation,172,model_conditional_scenario_no_new_NHS_observations
RM1,Norfolk and Norwich University Hospitals NHS Foundation Trust,Acute&Acute Community Trusts,0.25,0.35,0.35,2.5,4723,4.540971614751612,4.746038099212013,0.2500906352304304,0.24748737341529162,True,36,9.545102193568802e-178,0.00014094879940061223,9.545102193568802e-178,2.8189759880122445e-05,validation,138,model_conditional_scenario_no_new_NHS_observations
RMC,Bolton NHS Foundation Trust,Acute&Acute Community Trusts,0.25,0.35,0.35,2.5,2678,4.76416657366604,4.856663488242629,0.2519884291608319,0.24748737341529162,True,36,9.078122673034569e-07,0.0009158486605133336,9.078122673034569e-07,0.00018316973210266672,validation,13,model_conditional_scenario_no_new_NHS_observations
RMP,Tameside and Glossop Integrated Care NHS Foundation Trust,Acute&Acute Community Trusts,0.25,0.35,0.35,2.5,2236,4.938009896188618,4.940410670290367,0.252830335028875,0.24748737341529164,False,36,2.1445476020234388e-17,0.00045623883441270156,2.1445476020234388e-17,9.124776688254032e-05,validation,73,model_conditional_scenario_no_new_NHS_observations
RMY,Norfolk and Suffolk NHS Foundation Trust,"MH&LD, MH, LD&Community Trusts",0.25,0.35,0.35,2.5,3589,4.828751733855252,5.035957422079227,0.25088501215025527,0.24748737341529162,True,36,1.1698475525481735e-145,8.939952025645302e-05,1.1698475525481735e-145,1.7879904051290605e-05,validation,154,model_conditional_scenario_no_new_NHS_observations
RN3,Great Western Hospitals NHS Foundation Trust,Acute&Acute Community Trusts,0.25,0.35,0.35,2.5,3628,5.045833543992019,4.992810189243068,0.2508497256959045,0.24748737341529162,False,36,3.1479921564970616e-95,0.00017335683469540792,3.1479921564970616e-95,3.4671366939081585e-05,validation,132,model_conditional_scenario_no_new_NHS_observations
RN5,Hampshire Hospitals NHS Foundation Trust,Acute&Acute Community Trusts,0.25,0.35,0.35,2.5,4192,5.077659721310114,5.008530576312589,0.2504106736824285,0.24748737341529162,False,36,2.5827559571610447e-156,0.00012456903357825679,2.5827559571610447e-156,2.4913806715651356e-05,validation,144,model_conditional_scenario_no_new_NHS_observations
RN7,Dartford and Gravesham NHS Trust,Acute&Acute Community Trusts,0.25,0.35,0.35,2.5,1909,5.079731080231118,5.007692099338919,0.2536884771441684,0.24748737341529164,False,36,1.139263146754616e-39,0.00013859835713667508,1.139263146754616e-39,2.7719671427335016e-05,validation,139,model_conditional_scenario_no_new_NHS_observations
RNA,The Dudley Group NHS Foundation Trust,Acute&Acute Community Trusts,0.25,0.35,0.35,2.5,2397,4.679990273107688,4.816662118380387,0.25248952364767147,0.24748737341529164,True,36,8.62914706705998e-16,0.0005216719408703328,8.62914706705998e-16,0.00010433438817406657,validation,67,model_conditional_scenario_no_new_NHS_observations
RNK,Tavistock and Portman NHS Foundation Trust,"MH&LD, MH, LD&Community Trusts",0.25,0.35,0.35,2.5,392,5.270150977911881,5.247144435649522,0.27184697276735664,0.24748737341529162,False,36,9.270545110387734e-06,0.0004599421207612107,9.270545110387734e-06,9.198842415224214e-05,validation,72,model_conditional_scenario_no_new_NHS_observations
RNN,North Cumbria Integrated Care NHS Foundation Trust,Acute&Acute Community Trusts,0.25,0.35,0.35,2.5,3822,5.044767141702418,4.9923606565491605,0.2506845546099122,0.24748737341529162,False,36,8.054399095588191e-104,0.0001741937700554719,8.054399095588191e-104,3.483875401109438e-05,validation,131,model_conditional_scenario_no_new_NHS_observations
RNQ,Kettering General Hospital NHS Foundation Trust,Acute&Acute Community Trusts,0.25,0.35,0.35,2.5,2595,4.799163194662444,4.873600543920293,0.2521256722776703,0.2474873734152916,True,36,7.758430596939788e-05,0.0011351476598324827,7.758430596939788e-05,0.00022702953196649653,validation,1,model_conditional_scenario_no_new_NHS_observations
RNS,Northampton General Hospital NHS Trust,Acute&Acute Community Trusts,0.25,0.35,0.35,2.5,3144,4.835477210198987,4.890727825247909,0.25134721500885376,0.24748737341529164,False,36,3.596213826048755e-07,0.000920073080860016,3.596213826048755e-07,0.0001840146161720032,validation,12,model_conditional_scenario_no_new_NHS_observations
RNU,Oxford Health NHS Foundation Trust,"MH&LD, MH, LD&Community Trusts",0.25,0.35,0.35,2.5,4537,5.324667624556779,5.277322154640853,0.25019444691140486,0.24748737341529164,False,36,6.526510328300057e-134,0.00018464994595139702,6.526510328300057e-134,3.69299891902794e-05,validation,125,model_conditional_scenario_no_new_NHS_observations
RNZ,Salisbury NHS Foundation Trust,Acute&Acute Community Trusts,0.25,0.35,0.35,2.5,2465,4.993064704590668,4.966834893857135,0.25235829691347117,0.2474873734152916,False,36,1.747455889666066e-32,0.00029076978678409384,1.747455889666066e-32,5.815395735681877e-05,validation,98,model_conditional_scenario_no_new_NHS_observations
RP1,Northamptonshire Healthcare NHS Foundation Trust,"MH&LD, MH, LD&Community Trusts",0.25,0.35,0.35,2.5,3233,5.330652636147439,5.2798246706327765,0.2512449801141403,0.24748737341529164,False,36,7.143055778887188e-76,0.0001803219406671387,7.143055778887188e-76,3.606438813342774e-05,validation,128,model_conditional_scenario_no_new_NHS_observations
RP4,Great Ormond Street Hospital for Children NHS Foundation Trust,Acute Specialist Trusts,0.25,0.35,0.35,2.5,2877,4.970756513710058,5.098554035115627,0.25169026744058265,0.2474873734152916,True,36,2.3521923483671013e-16,0.0005829141572809034,2.3521923483671013e-16,0.00011658283145618068,validation,55,model_conditional_scenario_no_new_NHS_observations
RP5,Doncaster and Bassetlaw Teaching Hospitals NHS Foundation Trust,Acute&Acute Community Trusts,0.25,0.35,0.35,2.5,3870,5.031214344280041,4.985774393031852,0.25064616181566396,0.24748737341529162,False,36,1.683313838294732e-95,0.00019783694283812822,1.683313838294732e-95,3.956738856762564e-05,validation,122,model_conditional_scenario_no_new_NHS_observations
RP6,Moorfields Eye Hospital NHS Foundation Trust,Acute Specialist Trusts,0.25,0.35,0.35,2.5,1706,5.174454477307171,5.1973961493416985,0.2543752746806846,0.2474873734152916,False,36,6.320769330107326e-21,0.0002739173350435164,6.320769330107326e-21,5.478346700870328e-05,validation,101,model_conditional_scenario_no_new_NHS_observations
RP7,Lincolnshire Partnership NHS Foundation Trust,"MH&LD, MH, LD&Community Trusts",0.25,0.35,0.35,2.5,1782,5.217142612471477,5.224981390742506,0.25410103875676726,0.24748737341529162,False,36,1.8073850107933808e-12,0.0004945218317294415,1.8073850107933808e-12,9.89043663458883e-05,validation,69,model_conditional_scenario_no_new_NHS_observations
RPA,Medway NHS Foundation Trust,Acute&Acute Community Trusts,0.25,0.35,0.35,2.5,2186,4.849066146088023,4.897924322007246,0.2529458333851294,0.24748737341529162,False,36,4.840203396056225e-07,0.0008490214247603185,4.840203396056225e-07,0.0001698042849520637,validation,19,model_conditional_scenario_no_new_NHS_observations
RPC,Queen Victoria Hospital NHS Foundation Trust,Acute Specialist Trusts,0.25,0.35,0.35,2.5,690,5.135376427779011,5.181946538565396,0.26294677688136997,0.24748737341529162,False,36,2.0013646913250856e-07,0.000411242241340667,2.0013646913250856e-07,8.22484482681334e-05,validation,84,model_conditional_scenario_no_new_NHS_observations
RPG,Oxleas NHS Foundation Trust,"MH&LD, MH, LD&Community Trusts",0.25,0.35,0.35,2.5,2849,5.427548901304633,5.326401212782259,0.25172980918706317,0.2474873734152916,False,36,2.588189248023354e-112,6.843979622083877e-05,2.588189248023354e-112,1.3687959244167755e-05,validation,161,model_conditional_scenario_no_new_NHS_observations
RPY,The Royal Marsden NHS Foundation Trust,Acute Specialist Trusts,0.25,0.35,0.35,2.5,2440,5.217752957651964,5.21782247719082,0.25240573381702774,0.24748737341529162,False,36,3.313426587943292e-48,0.00017981104596557,3.313426587943292e-48,3.5962209193113995e-05,validation,130,model_conditional_scenario_no_new_NHS_observations
RQM,Chelsea and Westminster Hospital NHS Foundation Trust,Acute&Acute Community Trusts,0.25,0.35,0.35,2.5,3964,4.999520098219371,4.970351278330524,0.2505735856096892,0.24748737341529162,False,36,5.555366274696313e-76,0.00026360037250500374,5.555366274696313e-76,5.272007450100075e-05,validation,107,model_conditional_scenario_no_new_NHS_observations
RQW,The Princess Alexandra Hospital NHS Trust,Acute&Acute Community Trusts,0.25,0.35,0.35,2.5,2613,4.769280744617053,4.859202872277622,0.2520952026028803,0.2474873734152916,True,36,2.5286051505026705e-06,0.000947494283905885,2.5286051505026705e-06,0.000189498856781177,validation,9,model_conditional_scenario_no_new_NHS_observations
RQX,Homerton Healthcare NHS Foundation Trust,Acute&Acute Community Trusts,0.25,0.35,0.35,2.5,2172,4.839480198208864,4.893359260382551,0.2529790733051166,0.24748737341529164,False,36,2.0217357276927685e-06,0.000902084770100862,2.0217357276927685e-06,0.0001804169540201724,validation,15,model_conditional_scenario_no_new_NHS_observations
RQY,South West London and St George's Mental Health NHS Trust,"MH&LD, MH, LD&Community Trusts",0.25,0.35,0.35,2.5,2050,5.167341076444791,5.20121115903058,0.25328683347044145,0.2474873734152916,False,36,4.247504904797401e-09,0.0006957055862788853,4.247504904797401e-09,0.00013914111725577704,validation,35,model_conditional_scenario_no_new_NHS_observations
RR7,Gateshead Health NHS Foundation Trust,Acute&Acute Community Trusts,0.25,0.35,0.35,2.5,1751,4.814541301131064,4.882102153035213,0.25421021714829367,0.24748737341529164,False,36,4.535567042698659e-05,0.0010518696565042242,4.535567042698659e-05,0.00021037393130084485,validation,6,model_conditional_scenario_no_new_NHS_observations
RR8,Leeds Teaching Hospitals NHS Trust,Acute&Acute Community Trusts,0.25,0.35,0.35,2.5,10126,4.912010965675695,4.927463448028294,0.24871884773548245,0.24748737341529162,False,36,5.660104001041297e-141,0.0005276601482116873,5.660104001041297e-141,0.00010553202964233746,validation,64,model_conditional_scenario_no_new_NHS_observations
RRE,Midlands Partnership University NHS Foundation Trust,"MH&LD, MH, LD&Community Trusts",0.25,0.35,0.35,2.5,5528,5.492801377183516,5.360044738396738,0.24972007585657527,0.24748737341529162,False,36,0.0,2.79426849230864e-05,0.0,5.588536984617281e-06,validation,177,model_conditional_scenario_no_new_NHS_observations
RRF,"Wrightington, Wigan and Leigh Teaching Hospitals NHS Foundation Trust",Acute&Acute Community Trusts,0.25,0.35,0.35,2.5,3515,5.112599007635354,5.025207046980863,0.25095404328662413,0.24748737341529162,False,36,3.603255763348579e-141,8.853359590774957e-05,3.603255763348579e-141,1.7706719181549914e-05,validation,155,model_conditional_scenario_no_new_NHS_observations
RRJ,The Royal Orthopaedic Hospital NHS Foundation Trust,Acute Specialist Trusts,0.25,0.35,0.35,2.5,788,5.37574034569773,5.287764733673714,0.26128939868852136,0.24748737341529164,False,36,1.5526488160886858e-19,5.482868140199831e-05,1.5526488160886858e-19,1.0965736280399662e-05,validation,169,model_conditional_scenario_no_new_NHS_observations
RRK,University Hospitals Birmingham NHS Foundation Trust,Acute&Acute Community Trusts,0.25,0.35,0.35,2.5,9709,4.853940022827912,4.898736450919554,0.24877105419810505,0.24748737341529162,False,36,4.722737722074708e-34,0.0008061735416660177,4.722737722074708e-34,0.00016123470833320354,validation,23,model_conditional_scenario_no_new_NHS_observations
RRU,London Ambulance Service NHS Trust,Ambulance Trusts,0.25,0.35,0.35,2.5,5992,4.341156457540043,4.39064848534304,0.24955078056497287,0.24748737341529162,False,36,7.558167101164043e-79,0.00043981364634925455,7.558167101164043e-79,8.796272926985091e-05,validation,76,model_conditional_scenario_no_new_NHS_observations
RRV,University College London Hospitals NHS Foundation Trust,Acute&Acute Community Trusts,0.25,0.35,0.35,2.5,6309,5.123445921128075,5.031589160696984,0.24944915455145236,0.24748737341529162,False,36,0.0,7.30429436936727e-05,0.0,1.4608588738734538e-05,validation,160,model_conditional_scenario_no_new_NHS_observations
RT1,Cambridgeshire and Peterborough NHS Foundation Trust,"MH&LD, MH, LD&Community Trusts",0.25,0.35,0.35,2.5,2248,5.214530648904086,5.223652254644208,0.25280333913077657,0.24748737341529164,False,36,9.263931261837334e-16,0.0004956136287534895,9.263931261837334e-16,9.912272575069789e-05,validation,68,model_conditional_scenario_no_new_NHS_observations
RT2,Pennine Care NHS Foundation Trust,"MH&LD, MH, LD&Community Trusts",0.25,0.35,0.35,2.5,1953,5.084956316286448,5.162136513984347,0.25355729554519696,0.24748737341529162,True,36,9.906565745440998e-07,0.0008476496405804497,9.906565745440998e-07,0.00016952992811608995,validation,20,model_conditional_scenario_no_new_NHS_observations
RT5,Leicestershire Partnership NHS Trust,"MH&LD, MH, LD&Community Trusts",0.25,0.35,0.35,2.5,3905,5.302391085619033,5.266306806059598,0.2506187433408335,0.24748737341529164,False,36,1.128724638084546e-84,0.0002301165596106495,1.128724638084546e-84,4.60233119221299e-05,validation,114,model_conditional_scenario_no_new_NHS_observations
RTD,The Newcastle upon Tyne Hospitals NHS Foundation Trust,Acute&Acute Community Trusts,0.25,0.35,0.35,2.5,10294,4.908755725049063,4.92584933672132,0.24869899558719735,0.24748737341529162,False,36,2.9965042033476914e-137,0.0005409619860684961,2.9965042033476914e-137,0.00010819239721369923,validation,63,model_conditional_scenario_no_new_NHS_observations
RTE,Gloucestershire Hospitals NHS Foundation Trust,Acute&Acute Community Trusts,0.25,0.35,0.35,2.5,4305,4.890723767293038,4.91726790439512,0.250336144385989,0.2474873734152916,False,36,2.993276359605442e-23,0.0006290490744713723,2.993276359605442e-23,0.00012580981489427446,validation,46,model_conditional_scenario_no_new_NHS_observations
RTF,Northumbria Healthcare NHS Foundation Trust,Acute&Acute Community Trusts,0.25,0.35,0.35,2.5,6629,5.334685094112513,5.135675999268532,0.2493562390684488,0.24748737341529162,False,36,0.0,4.401824275826043e-06,0.0,8.803648551652085e-07,validation,188,model_conditional_scenario_no_new_NHS_observations
RTG,University Hospitals of Derby and Burton NHS Foundation Trust,Acute&Acute Community Trusts,0.25,0.35,0.35,2.5,8141,4.700766891568371,4.823185666035181,0.2490144882142084,0.24748737341529162,True,36,1.6219456998565623e-86,0.0005504692246690393,1.6219456998565623e-86,0.00011009384493380786,validation,60,model_conditional_scenario_no_new_NHS_observations
RTH,Oxford University Hospitals NHS Foundation Trust,Acute&Acute Community Trusts,0.25,0.35,0.35,2.5,6057,5.015744748237001,4.978571869312367,0.24952909329546633,0.24748737341529162,False,36,6.068633257829544e-192,0.00022136308036436667,6.068633257829544e-192,4.427261607287333e-05,validation,117,model_conditional_scenario_no_new_NHS_observations
RTK,Ashford and St Peter's Hospitals NHS Foundation Trust,Acute&Acute Community Trusts,0.25,0.35,0.35,2.5,2213,5.199553203410994,5.065419256114122,0.2528828511733664,0.24748737341529164,False,36,6.4190394114395785e-96,3.7313099330130106e-05,6.4190394114395785e-96,7.462619866026021e-06,validation,175,model_conditional_scenario_no_new_NHS_observations
RTP,Surrey and Sussex Healthcare NHS Trust,Acute&Acute Community Trusts,0.25,0.35,0.35,2.5,2802,5.102570717597517,5.019780383270636,0.2517978824523744,0.24748737341529162,False,36,8.562392408272233e-88,0.0001022191684042876,8.562392408272233e-88,2.044383368085752e-05,validation,150,model_conditional_scenario_no_new_NHS_observations
RTQ,Gloucestershire Health and Care NHS Foundation Trust,"MH&LD, MH, LD&Community Trusts",0.25,0.35,0.35,2.5,2630,5.342545827403389,5.285216107143222,0.25206679102920804,0.2474873734152916,False,36,1.0849819761287844e-57,0.000165528334787085,1.0849819761287844e-57,3.3105666957417004e-05,validation,135,model_conditional_scenario_no_new_NHS_observations
RTR,South Tees Hospitals NHS Foundation Trust,Acute&Acute Community Trusts,0.25,0.35,0.35,2.5,3006,4.694719841523346,4.822734526542882,0.25151722227769807,0.2474873734152916,True,36,3.797609919823023e-18,0.0005649119727600995,3.797609919823023e-18,0.0001129823945520199,validation,57,model_conditional_scenario_no_new_NHS_observations
RV3,Central and North West London NHS Foundation Trust,"MH&LD, MH, LD&Community Trusts",0.25,0.35,0.35,2.5,6209,5.267583792774409,5.249511688827214,0.24948011530367822,0.24748737341529162,False,36,1.1705559899825452e-141,0.0003053906212008425,1.1705559899825452e-141,6.10781242401685e-05,validation,97,model_conditional_scenario_no_new_NHS_observations
RV5,South London and Maudsley NHS Foundation Trust,"MH&LD, MH, LD&Community Trusts",0.25,0.35,0.35,2.5,3305,5.23372767857308,5.232845531365056,0.25116615315575447,0.24748737341529162,False,36,9.424439236092434e-33,0.00041766670596198486,9.424439236092434e-33,8.353334119239697e-05,validation,81,model_conditional_scenario_no_new_NHS_observations
RV9,Humber Teaching NHS Foundation Trust,"MH&LD, MH, LD&Community Trusts",0.25,0.35,0.35,2.5,2165,5.354682762801523,5.290588045057499,0.2529958455607516,0.2474873734152916,False,36,4.4816551865283425e-45,0.0001523667399454951,4.4816551865283425e-45,3.0473347989099018e-05,validation,136,model_conditional_scenario_no_new_NHS_observations
RVJ,North Bristol NHS Trust,Acute&Acute Community Trusts,0.25,0.35,0.35,2.5,6015,5.120418105545482,5.03003133912762,0.24954305413431613,0.24748737341529162,False,36,0.0,7.592010903108928e-05,0.0,1.5184021806217856e-05,validation,158,model_conditional_scenario_no_new_NHS_observations
RVN,Avon and Wiltshire Mental Health Partnership NHS Trust,"MH&LD, MH, LD&Community Trusts",0.25,0.35,0.35,2.5,2724,5.384531203179384,5.305519462861541,0.25191580849339,0.24748737341529162,False,36,1.1975111923431218e-80,0.00010886932841803217,1.1975111923431218e-80,2.1773865683606433e-05,validation,147,model_conditional_scenario_no_new_NHS_observations
RVR,Epsom and St Helier University Hospitals NHS Trust,Acute&Acute Community Trusts,0.25,0.35,0.35,2.5,3440,5.07888721270503,5.008785971124745,0.25102692977952246,0.24748737341529162,False,36,2.1975734902516884e-109,0.00012605533408854524,2.1975734902516884e-109,2.5211066817709046e-05,validation,143,model_conditional_scenario_no_new_NHS_observations
RVV,East Kent Hospitals University NHS Foundation Trust,Acute&Acute Community Trusts,0.25,0.35,0.35,2.5,5367,4.707337575724052,4.82716896377044,0.24978550072294353,0.24748737341529162,True,36,7.625832632997083e-37,0.0005908209768087392,7.625832632997083e-37,0.00011816419536174783,validation,53,model_conditional_scenario_no_new_NHS_observations
RVW,North Tees and Hartlepool NHS Foundation Trust,Acute&Acute Community Trusts,0.25,0.35,0.35,2.5,2111,5.071682008052067,5.00417066181861,0.2531287585923192,0.24748737341529162,False,36,1.6715865121762612e-44,0.00014656599862053482,1.6715865121762612e-44,2.9313199724106965e-05,validation,137,model_conditional_scenario_no_new_NHS_observations
RW4,Mersey Care NHS Foundation Trust,"MH&LD, MH, LD&Community Trusts",0.25,0.35,0.35,2.5,4491,5.397887120779217,5.313108360612179,0.25022141053694225,0.24748737341529162,False,36,1.8919458286794977e-220,8.771935133789921e-05,1.8919458286794977e-220,1.754387026757984e-05,validation,156,model_conditional_scenario_no_new_NHS_observations
RW5,Lancashire and South Cumbria NHS Foundation Trust,"MH&LD, MH, LD&Community Trusts",0.25,0.35,0.35,2.5,3543,4.99738963698073,5.11798625911066,0.2509275960113569,0.24748737341529162,True,36,4.0004080058754197e-35,0.00042764008078341253,4.0004080058754197e-35,8.55280161566825e-05,validation,77,model_conditional_scenario_no_new_NHS_observations
RWA,Hull University Teaching Hospitals NHS Trust,Acute&Acute Community Trusts,0.25,0.35,0.35,2.5,4704,4.844735547181597,4.894712130238702,0.2501008730826765,0.24748737341529164,False,36,6.142736643948397e-11,0.0008627376568532947,6.142736643948397e-11,0.00017254753137065893,validation,16,model_conditional_scenario_no_new_NHS_observations
RWD,United Lincolnshire Teaching Hospitals NHS Trust,Acute&Acute Community Trusts,0.25,0.35,0.35,2.5,5008,4.835903726669841,4.890322587192335,0.24994615861640934,0.24748737341529162,False,36,1.6494717795440845e-09,0.0009134799846926419,1.6494717795440845e-09,0.0001826959969385284,validation,14,model_conditional_scenario_no_new_NHS_observations
RWE,University Hospitals of Leicester NHS Trust,Acute&Acute Community Trusts,0.25,0.35,0.35,2.5,11467,5.088574677427709,5.014948950683706,0.24857641668879202,0.24748737341529162,False,36,0.0,0.00010298471196789766,0.0,2.059694239357953e-05,validation,149,model_conditional_scenario_no_new_NHS_observations
RWF,Maidstone and Tunbridge Wells NHS Trust,Acute&Acute Community Trusts,0.25,0.35,0.35,2.5,3394,5.028469974349294,4.9842873012957725,0.25107316974335847,0.24748737341529162,False,36,6.836527032075985e-74,0.00020554847394698312,6.836527032075985e-74,4.1109694789396625e-05,validation,119,model_conditional_scenario_no_new_NHS_observations
RWG,West Hertfordshire Teaching Hospitals NHS Trust,Acute&Acute Community Trusts,0.25,0.35,0.35,2.5,3482,5.007930886258658,4.974340905810692,0.25098574012765956,0.24748737341529162,False,36,3.3485474288180804e-65,0.0002471343693650444,3.3485474288180804e-65,4.942687387300888e-05,validation,112,model_conditional_scenario_no_new_NHS_observations
RWH,East and North Hertfordshire Teaching NHS Trust,Acute&Acute Community Trusts,0.25,0.35,0.35,2.5,2744,4.985845463685876,4.96345299510129,0.2518849601651747,0.24748737341529162,False,36,3.952998886067654e-36,0.0003058124766928145,3.952998886067654e-36,6.11624953385629e-05,validation,96,model_conditional_scenario_no_new_NHS_observations
RWJ,Stockport NHS Foundation Trust,Acute&Acute Community Trusts,0.25,0.35,0.35,2.5,3029,5.078547348871322,5.008363906841495,0.25148785524669703,0.24748737341529162,False,36,1.0686262641002242e-86,0.00012879519388029538,1.0686262641002242e-86,2.5759038776059077e-05,validation,142,model_conditional_scenario_no_new_NHS_observations
RWP,Worcestershire Acute Hospitals NHS Trust,Acute&Acute Community Trusts,0.25,0.35,0.35,2.5,3862,5.084149760111752,5.011558482518487,0.2506524964513332,0.24748737341529162,False,36,3.1571460650756823e-140,0.00011770152150679011,3.1571460650756823e-140,2.3540304301358022e-05,validation,145,model_conditional_scenario_no_new_NHS_observations
RWR,Hertfordshire Partnership University NHS Foundation Trust,"MH&LD, MH, LD&Community Trusts",0.25,0.35,0.35,2.5,2708,5.290545915746015,5.260217581774856,0.2519408005492138,0.24748737341529162,False,36,6.431176535384011e-41,0.00026451475368908974,6.431176535384011e-41,5.290295073781795e-05,validation,105,model_conditional_scenario_no_new_NHS_observations
RWV,Devon Partnership NHS Trust,"MH&LD, MH, LD&Community Trusts",0.25,0.35,0.35,2.5,1956,5.150848773367359,5.19344389597539,0.25354855319464803,0.2474873734152916,False,36,1.4113953061769583e-07,0.0007772466182707536,1.4113953061769583e-07,0.00015544932365415073,validation,25,model_conditional_scenario_no_new_NHS_observations
RWW,Warrington and Halton Teaching Hospitals NHS Foundation Trust,Acute&Acute Community Trusts,0.25,0.35,0.35,2.5,1812,5.022959859834748,4.980643477630368,0.25399870691453863,0.24748737341529164,False,36,1.4270145331172494e-25,0.00023460188967440492,1.4270145331172494e-25,4.692037793488099e-05,validation,113,model_conditional_scenario_no_new_NHS_observations
RWX,Berkshire Healthcare NHS Foundation Trust,"MH&LD, MH, LD&Community Trusts",0.25,0.35,0.35,2.5,3340,5.479052857231665,5.35187199503659,0.2511290171058272,0.24748737341529164,False,36,2.3649212687597158e-197,3.652625904811169e-05,2.3649212687597158e-197,7.305251809622338e-06,validation,176,model_conditional_scenario_no_new_NHS_observations
RWY,Calderdale and Huddersfield NHS Foundation Trust,Acute&Acute Community Trusts,0.25,0.35,0.35,2.5,3360,4.961405131725324,4.9517309150590005,0.25110813121609377,0.24748737341529164,False,36,1.4340719498169114e-39,0.0003688809807176442,1.4340719498169114e-39,7.377619614352885e-05,validation,87,model_conditional_scenario_no_new_NHS_observations
RX1,Nottingham University Hospitals NHS Trust,Acute&Acute Community Trusts,0.25,0.35,0.35,2.5,8970,4.792989492781167,4.868641528587271,0.24887532999676346,0.24748737341529162,True,36,1.745149649900422e-07,0.001041155739351899,1.745149649900422e-07,0.00020823114787037978,validation,7,model_conditional_scenario_no_new_NHS_observations
RX3,"Tees, Esk and Wear Valleys NHS Foundation Trust","MH&LD, MH, LD&Community Trusts",0.25,0.35,0.35,2.5,4229,5.232867226165322,5.232430914133593,0.2503858445242183,0.24748737341529162,False,36,2.972205949056217e-48,0.0004153780621861467,2.972205949056217e-48,8.307561243722933e-05,validation,83,model_conditional_scenario_no_new_NHS_observations
RX4,"Cumbria, Northumberland, Tyne and Wear NHS Foundation Trust","MH&LD, MH, LD&Community Trusts",0.25,0.35,0.35,2.5,4582,5.183384223459021,5.208229157904161,0.25016857917324364,0.24748737341529164,False,36,1.381144172762303e-27,0.0006055298381457059,1.381144172762303e-27,0.00012110596762914117,validation,48,model_conditional_scenario_no_new_NHS_observations
RX6,North East Ambulance Service NHS Foundation Trust,Ambulance Trusts,0.25,0.35,0.35,2.5,1842,4.819953405973823,4.619221107865614,0.25389949404204676,0.2474873734152916,False,36,9.173478791215333e-156,2.1777208862193033e-06,9.173478791215333e-156,4.3554417724386063e-07,validation,189,model_conditional_scenario_no_new_NHS_observations
RX7,North West Ambulance Service NHS Trust,Ambulance Trusts,0.25,0.35,0.35,2.5,4117,4.631999956273279,4.532915321440314,0.2504623312271136,0.24748737341529162,False,36,0.0,2.2050072913702054e-05,0.0,4.410014582740411e-06,validation,180,model_conditional_scenario_no_new_NHS_observations
RX8,Yorkshire Ambulance Service NHS Trust,Ambulance Trusts,0.25,0.35,0.35,2.5,4691,4.668542754845065,4.551077947320438,0.25010792445199714,0.24748737341529164,False,36,0.0,1.3212375674528273e-05,0.0,2.6424751349056547e-06,validation,184,model_conditional_scenario_no_new_NHS_observations
RX9,East Midlands Ambulance Service NHS Trust,Ambulance Trusts,0.25,0.35,0.35,2.5,2718,4.426384668562666,4.432666905664535,0.2519251475708191,0.24748737341529162,False,36,1.5765210088323915e-48,0.00022025809603257445,1.5765210088323915e-48,4.405161920651489e-05,validation,118,model_conditional_scenario_no_new_NHS_observations
RXA,Cheshire and Wirral Partnership NHS Foundation Trust,"MH&LD, MH, LD&Community Trusts",0.25,0.35,0.35,2.5,2249,5.283120533762209,5.256458552774487,0.25280110178265736,0.24748737341529162,False,36,8.177221917544321e-29,0.0002876853649985378,8.177221917544321e-29,5.753707299970756e-05,validation,99,model_conditional_scenario_no_new_NHS_observations
RXC,East Sussex Healthcare NHS Trust,Acute&Acute Community Trusts,0.25,0.35,0.35,2.5,4296,4.862101054215843,4.903289820971847,0.25034194077621996,0.24748737341529164,False,36,4.292694802638673e-14,0.0007689121927801518,4.292694802638673e-14,0.00015378243855603037,validation,27,model_conditional_scenario_no_new_NHS_observations
RXE,Rotherham Doncaster and South Humber NHS Foundation Trust,"MH&LD, MH, LD&Community Trusts",0.25,0.35,0.35,2.5,1989,5.137412598539744,5.1870218896650915,0.2534540237086014,0.24748737341529162,False,36,8.645687347312409e-07,0.0008468090399721419,8.645687347312409e-07,0.0001693618079944284,validation,21,model_conditional_scenario_no_new_NHS_observations
RXF,Mid Yorkshire Teaching NHS Trust,Acute&Acute Community Trusts,0.25,0.35,0.35,2.5,3671,4.906352721523762,4.924971978616665,0.2508116600930782,0.2474873734152916,False,36,1.777367502771465e-23,0.000563794895246665,1.777367502771465e-23,0.00011275897904933301,validation,58,model_conditional_scenario_no_new_NHS_observations
RXG,South West Yorkshire Partnership NHS Foundation Trust,"MH&LD, MH, LD&Community Trusts",0.25,0.35,0.35,2.5,2871,5.46329566174571,5.3436861579246875,0.25169867849161587,0.24748737341529162,False,36,1.6078984419408716e-137,4.5640878394902466e-05,1.6078984419408716e-137,9.128175678980492e-06,validation,171,model_conditional_scenario_no_new_NHS_observations
RXK,Sandwell and West Birmingham Hospitals NHS Trust,Acute&Acute Community Trusts,0.25,0.35,0.35,2.5,2964,4.881423056536682,4.91303504470993,0.2515719767589422,0.24748737341529162,False,36,7.431898579981394e-13,0.0006788487995021907,7.431898579981394e-13,0.00013576975990043814,validation,39,model_conditional_scenario_no_new_NHS_observations
RXM,Derbyshire Healthcare NHS Foundation Trust,"MH&LD, MH, LD&Community Trusts",0.25,0.35,0.35,2.5,2160,5.29347494412795,5.261358577979612,0.25300788861169404,0.24748737341529164,False,36,2.2396149657182454e-29,0.00026476554963173127,2.2396149657182454e-29,5.295310992634626e-05,validation,104,model_conditional_scenario_no_new_NHS_observations
RXN,Lancashire Teaching Hospitals NHS Foundation Trust,Acute&Acute Community Trusts,0.25,0.35,0.35,2.5,4261,4.936817949284272,4.939782038338214,0.2503647083195457,0.24748737341529164,False,36,4.347999432944365e-44,0.00044408252896478484,4.347999432944365e-44,8.881650579295697e-05,validation,75,model_conditional_scenario_no_new_NHS_observations
RXP,County Durham and Darlington NHS Foundation Trust,Acute&Acute Community Trusts,0.25,0.35,0.35,2.5,3096,4.798991510260922,4.873092329085059,0.25140469670111903,0.24748737341529162,True,36,5.763370998761398e-05,0.00112214820724283,5.763370998761398e-05,0.000224429641448566,validation,4,model_conditional_scenario_no_new_NHS_observations
RXQ,Buckinghamshire Healthcare NHS Trust,Acute&Acute Community Trusts,0.25,0.35,0.35,2.5,4557,5.262749347041431,5.09917421120402,0.25018288877877126,0.24748737341529164,False,36,0.0,1.359192877489889e-05,0.0,2.718385754979778e-06,validation,183,model_conditional_scenario_no_new_NHS_observations
RXV,Greater Manchester Mental Health NHS Foundation Trust,"MH&LD, MH, LD&Community Trusts",0.25,0.35,0.35,2.5,2847,5.07669374944278,5.157041376501181,0.2517326620894343,0.24748737341529164,True,36,1.4379059621565486e-09,0.0007768813392216479,1.4379059621565486e-09,0.0001553762678443296,validation,26,model_conditional_scenario_no_new_NHS_observations
RXW,The Shrewsbury and Telford Hospital NHS Trust,Acute&Acute Community Trusts,0.25,0.35,0.35,2.5,3797,4.889983833464849,4.916985883490844,0.2507049228503554,0.24748737341529164,False,36,2.1311972742846761e-19,0.0006344758738787667,2.1311972742846761e-19,0.00012689517477575333,validation,45,model_conditional_scenario_no_new_NHS_observations
RXX,Surrey and Borders Partnership NHS Foundation Trust,"MH&LD, MH, LD&Community Trusts",0.25,0.35,0.35,2.5,2006,5.152875156509391,5.194360317525049,0.2534064684035219,0.2474873734152916,False,36,7.870586357310486e-08,0.000766417673820502,7.870586357310486e-08,0.0001532835347641004,validation,28,model_conditional_scenario_no_new_NHS_observations
RXY,Kent and Medway NHS and Social Care Partnership Trust,"MH&LD, MH, LD&Community Trusts",0.25,0.35,0.35,2.5,1999,5.15532916409753,5.19553411116647,0.25342595787939637,0.24748737341529162,False,36,5.429750914695381e-08,0.0007542834155675581,5.429750914695381e-08,0.00015085668311351163,validation,29,model_conditional_scenario_no_new_NHS_observations
RY2,Bridgewater Community Healthcare NHS Foundation Trust,Community Trusts,0.25,0.35,0.35,2.5,819,4.787480268060491,5.014270197505515,0.2608367330992601,0.24748737341529162,True,36,1.3623435181448832e-08,0.00037367500410190264,1.3623435181448832e-08,7.473500082038053e-05,validation,86,model_conditional_scenario_no_new_NHS_observations
RY3,Norfolk Community Health and Care NHS Trust,Community Trusts,0.25,0.35,0.35,2.5,1677,5.162657590214402,5.180190200136903,0.25448600956671896,0.2474873734152916,False,36,1.1507075163678883e-16,0.00034848489319056684,1.1507075163678883e-16,6.969697863811337e-05,validation,90,model_conditional_scenario_no_new_NHS_observations
RY4,Hertfordshire Community NHS Trust,Community Trusts,0.25,0.35,0.35,2.5,1662,5.428005953039109,5.3051979400534135,0.2545446953296251,0.24748737341529162,False,36,2.4569253811023235e-69,2.5515965121020783e-05,2.4569253811023235e-69,5.103193024204157e-06,validation,178,model_conditional_scenario_no_new_NHS_observations
RY5,Lincolnshire Community Health Services NHS Trust,Community Trusts,0.25,0.35,0.35,2.5,1509,4.981026326870255,5.095225867197481,0.255204779758051,0.24748737341529162,True,36,7.80059472947758e-05,0.001088225658498961,7.80059472947758e-05,0.00021764513169979222,validation,5,model_conditional_scenario_no_new_NHS_observations
RY6,Leeds Community Healthcare NHS Trust,Community Trusts,0.25,0.35,0.35,2.5,1783,5.157750508980817,5.17781599349551,0.2540975758924522,0.24748737341529162,False,36,2.5632033959986743e-17,0.00036016544356918075,2.5632033959986743e-17,7.203308871383616e-05,validation,88,model_conditional_scenario_no_new_NHS_observations
RY7,Wirral Community Health and Care NHS Foundation Trust,Community Trusts,0.25,0.35,0.35,2.5,861,4.985023674415926,5.101589869093392,0.2602688224220921,0.24748737341529164,False,36,0.0001688422472413145,0.0011310245421715934,0.0001688422472413145,0.0002262049084343187,validation,2,model_conditional_scenario_no_new_NHS_observations
RY8,Derbyshire Community Health Services NHS Foundation Trust,Community Trusts,0.25,0.35,0.35,2.5,3150,5.261948301204113,5.227847025884635,0.2513401482001436,0.24748737341529162,False,36,3.322941904223998e-90,0.00013406123252743368,3.322941904223998e-90,2.681224650548674e-05,validation,141,model_conditional_scenario_no_new_NHS_observations
RYA,West Midlands Ambulance Service University NHS Foundation Trust,Ambulance Trusts,0.25,0.35,0.35,2.5,2987,4.18304018399615,4.31499477946746,0.2515418092078592,0.24748737341529164,True,36,4.717024714899943e-19,0.0005460246713095628,4.717024714899943e-19,0.00010920493426191256,validation,61,model_conditional_scenario_no_new_NHS_observations
RYC,East of England Ambulance Service NHS Trust,Ambulance Trusts,0.25,0.35,0.35,2.5,3978,4.296127630326422,4.3690994859231616,0.25056306076613527,0.24748737341529162,False,36,2.2898514048409493e-21,0.0006233788567756924,2.2898514048409493e-21,0.0001246757713551385,validation,47,model_conditional_scenario_no_new_NHS_observations
RYD,South East Coast Ambulance Service NHS Foundation Trust,Ambulance Trusts,0.25,0.35,0.35,2.5,3621,4.44372913058889,4.441048239744082,0.2508560050881726,0.2474873734152916,False,36,7.895265452419413e-91,0.00018314422775823002,7.895265452419413e-91,3.6628845551646e-05,validation,126,model_conditional_scenario_no_new_NHS_observations
RYE,South Central Ambulance Service NHS Foundation Trust,Ambulance Trusts,0.25,0.35,0.35,2.5,2091,4.199644467173298,4.324634566327145,0.253179628242717,0.2474873734152916,True,36,2.5891634373626306e-10,0.0006432672455050858,2.5891634373626306e-10,0.00012865344910101715,validation,43,model_conditional_scenario_no_new_NHS_observations
RYF,South Western Ambulance Service NHS Foundation Trust,Ambulance Trusts,0.25,0.35,0.35,2.5,3329,4.312599288113916,4.377427164508836,0.2511406073847545,0.24748737341529162,False,36,2.672898501452321e-21,0.0005541132971253451,2.672898501452321e-21,0.00011082265942506902,validation,59,model_conditional_scenario_no_new_NHS_observations
RYG,Coventry and Warwickshire Partnership NHS Trust,"MH&LD, MH, LD&Community Trusts",0.25,0.35,0.35,2.5,2023,5.141790707081871,5.189068898072057,0.2533596652557147,0.24748737341529164,False,36,4.104576349189142e-07,0.0008231729628144502,4.104576349189142e-07,0.00016463459256289004,validation,22,model_conditional_scenario_no_new_NHS_observations
RYJ,Imperial College Healthcare NHS Trust,Acute&Acute Community Trusts,0.25,0.35,0.35,2.5,8648,5.041157508859828,4.991309465025383,0.24892625892491982,0.24748737341529162,False,36,0.0,0.00017034861296424142,0.0,3.4069722592848284e-05,validation,134,model_conditional_scenario_no_new_NHS_observations
RYR,University Hospitals Sussex NHS Foundation Trust,Acute&Acute Community Trusts,0.25,0.35,0.35,2.5,8266,4.940444545937948,4.941540804993335,0.24899174541006813,0.24748737341529162,False,36,8.647082233949914e-150,0.0004224621122600559,8.647082233949914e-150,8.449242245201117e-05,validation,79,model_conditional_scenario_no_new_NHS_observations
RYV,Cambridgeshire Community Services NHS Trust,Community Trusts,0.25,0.35,0.35,2.5,1466,5.351619011670061,5.26865052363314,0.25541312736897903,0.24748737341529162,False,36,1.7126952097350042e-40,6.323837512320602e-05,1.7126952097350042e-40,1.2647675024641204e-05,validation,164,model_conditional_scenario_no_new_NHS_observations
RYW,Birmingham Community Healthcare NHS Foundation Trust,Community Trusts,0.25,0.35,0.35,2.5,3479,5.065094024883836,5.132319857328326,0.25098865042587465,0.24748737341529164,False,36,2.5734788410076727e-14,0.0006974083836616206,2.5734788410076727e-14,0.00013948167673232412,validation,34,model_conditional_scenario_no_new_NHS_observations
RYX,Central London Community Healthcare NHS Trust,Community Trusts,0.25,0.35,0.35,2.5,3243,5.293368715678552,5.243106835421928,0.25123383050379333,0.24748737341529164,False,36,2.239958720007483e-116,9.687232898930968e-05,2.239958720007483e-116,1.9374465797861936e-05,validation,152,model_conditional_scenario_no_new_NHS_observations
RYY,Kent Community Health NHS Foundation Trust,Community Trusts,0.25,0.35,0.35,2.5,3496,5.471020034607948,5.329518010027673,0.25097222246287243,0.24748737341529162,False,36,2.216e-320,1.1105955410573638e-05,2.216e-320,2.2211910821147277e-06,validation,186,model_conditional_scenario_no_new_NHS_observations
TAD,Bradford District Care NHS Foundation Trust,"MH&LD, MH, LD&Community Trusts",0.25,0.35,0.35,2.5,1689,5.329497592539193,5.277979197749568,0.2544397591737887,0.24748737341529164,False,36,4.2975524359247933e-26,0.00020130013013385146,4.2975524359247933e-26,4.0260026026770295e-05,validation,121,model_conditional_scenario_no_new_NHS_observations
TAH,Sheffield Health and Social Care NHS Foundation Trust,"MH&LD, MH, LD&Community Trusts",0.25,0.35,0.35,2.5,1684,5.083478674010145,5.161989791336887,0.2544589556628086,0.24748737341529162,True,36,2.5675554496569556e-06,0.000853343743557674,2.5675554496569556e-06,0.0001706687487115348,validation,18,model_conditional_scenario_no_new_NHS_observations
TAJ,Black Country Healthcare NHS Foundation Trust,"MH&LD, MH, LD&Community Trusts",0.25,0.35,0.35,2.5,2526,4.959776905243845,5.101180982060366,0.2522463031685908,0.24748737341529162,True,36,1.4458223457156945e-29,0.00033001079752911295,1.4458223457156945e-29,6.60021595058226e-05,validation,92,model_conditional_scenario_no_new_NHS_observations
R0A,Manchester University NHS Foundation Trust,Acute&Acute Community Trusts,0.25,0.7,0.35,2.5,10685,5.033296606876863,4.960678821857186,0.3131983923918991,0.31304951684997057,False,36,0.0,0.0011302552782079117,0.0,0.00022605105564158233,validation,122,model_conditional_scenario_no_new_NHS_observations
R0B,South Tyneside and Sunderland NHS Foundation Trust,Acute&Acute Community Trusts,0.25,0.7,0.35,2.5,4681,5.102526485582064,4.974317348476839,0.3133875921435809,0.31304951684997057,False,36,1.2853998205613782e-229,0.0009939095018569675,1.2853998205613782e-229,0.0001987819003713935,validation,151,model_conditional_scenario_no_new_NHS_observations
R0D,University Hospitals Dorset NHS Foundation Trust,Acute&Acute Community Trusts,0.25,0.7,0.35,2.5,5519,4.99703607359645,4.953415824220951,0.31333665929286725,0.31304951684997057,False,36,4.7806814675483766e-138,0.001210255969406714,4.7806814675483766e-138,0.00024205119388134277,validation,100,model_conditional_scenario_no_new_NHS_observations
R1A,Herefordshire and Worcestershire Health and Care NHS Trust,"MH&LD, MH, LD&Community Trusts",0.25,0.7,0.35,2.5,2399,5.188850693999996,5.223526309706069,0.3137034697269395,0.3130495168499705,False,36,1.4855458621431852e-13,0.0014339124630893963,1.4855458621431852e-13,0.0002867824926178793,validation,54,model_conditional_scenario_no_new_NHS_observations
R1D,Shropshire Community Health NHS Trust,Community Trusts,0.25,0.7,0.35,2.5,995,5.145010753504204,5.186059118239564,0.3145877018033269,0.31304951684997057,False,36,3.120471947571252e-09,0.0013011522924422307,3.120471947571252e-09,0.0002602304584884461,validation,82,model_conditional_scenario_no_new_NHS_observations
R1F1,Isle of Wight NHS Trust (acute sector),Acute&Acute Community Trusts,0.25,0.7,0.35,2.5,1420,4.706366986566817,4.896682083344533,0.314140969560858,0.31304951684997057,True,36,5.001665653085784e-08,0.0014635870917063328,5.001665653085784e-08,0.00029271741834126653,validation,42,model_conditional_scenario_no_new_NHS_observations
R1F2,Isle of Wight NHS Trust (ambulance sector),Ambulance Trusts,0.25,0.7,0.35,2.5,170,4.500436279582561,4.448497658078809,0.3205362157917191,0.31304951684997057,False,36,2.4808053228142194e-05,0.0010884919804474147,2.4808053228142194e-05,0.00021769839608948294,validation,134,model_conditional_scenario_no_new_NHS_observations
R1H,Barts Health NHS Trust,Acute&Acute Community Trusts,0.25,0.7,0.35,2.5,9566,4.912268004676804,4.936567904463311,0.31321572878332343,0.3130495168499705,False,36,5.423241857915981e-133,0.001406055461177304,5.423241857915981e-133,0.0002812110922354608,validation,65,model_conditional_scenario_no_new_NHS_observations
R1K,London North West University Healthcare NHS Trust,Acute&Acute Community Trusts,0.25,0.7,0.35,2.5,4285,5.034382577516363,4.960791852597626,0.31341852249088575,0.31304951684997057,False,36,1.3782617057745676e-119,0.0011310650448375277,1.3782617057745676e-119,0.00022621300896750554,validation,121,model_conditional_scenario_no_new_NHS_observations
R1L,Essex Partnership University NHS Foundation Trust,"MH&LD, MH, LD&Community Trusts",0.25,0.7,0.35,2.5,3632,5.268213995895022,5.239174092522103,0.3134840835287958,0.3130495168499705,False,36,4.6672639885403685e-56,0.0012461445241427663,4.6672639885403685e-56,0.0002492289048285533,validation,93,model_conditional_scenario_no_new_NHS_observations
RA2,Royal Surrey County Hospital NHS Foundation Trust,Acute&Acute Community Trusts,0.25,0.7,0.35,2.5,2383,5.157713239348739,4.984906715757013,0.313707782045544,0.31304951684997057,False,36,1.133931562950769e-89,0.0008980681847607098,1.133931562950769e-89,0.00017961363695214195,validation,165,model_conditional_scenario_no_new_NHS_observations
RA7,University Hospitals Bristol and Weston NHS Foundation Trust,Acute&Acute Community Trusts,0.25,0.7,0.35,2.5,8285,5.108738615013536,4.975673358741669,0.3132412941210456,0.31304951684997057,False,36,0.0,0.0009795812394503686,0.0,0.00019591624789007373,validation,155,model_conditional_scenario_no_new_NHS_observations
RAE,Bradford Teaching Hospitals NHS Foundation Trust,Acute&Acute Community Trusts,0.25,0.7,0.35,2.5,3212,5.09018474296827,4.971755117031832,0.31354015038601213,0.31304951684997057,False,36,8.098059591271605e-105,0.0010202428248662794,8.098059591271605e-105,0.0002040485649732559,validation,146,model_conditional_scenario_no_new_NHS_observations
RAJ,Mid and South Essex NHS Foundation Trust,Acute&Acute Community Trusts,0.25,0.7,0.35,2.5,6465,4.462888866214896,4.847268231220886,0.3132949227363694,0.31304951684997057,True,36,0.0,0.0009203097046185864,0.0,0.00018406194092371726,validation,164,model_conditional_scenario_no_new_NHS_observations
RAN,Royal National Orthopaedic Hospital NHS Trust,Acute Specialist Trusts,0.25,0.7,0.35,2.5,773,5.375492586648612,5.2478269011699075,0.31500599755221903,0.31304951684997057,False,36,1.1801156572306842e-18,0.0008381273303778393,1.1801156572306842e-18,0.00016762546607556786,validation,170,model_conditional_scenario_no_new_NHS_observations
RAS,The Hillingdon Hospitals NHS Foundation Trust,Acute&Acute Community Trusts,0.25,0.7,0.35,2.5,1970,5.002245530547993,4.95429552800825,0.3138428117128352,0.31304951684997057,False,36,3.5571573917567993e-25,0.0012051937805726985,3.5571573917567993e-25,0.0002410387561145397,validation,102,model_conditional_scenario_no_new_NHS_observations
RAT,North East London NHS Foundation Trust,"MH&LD, MH, LD&Community Trusts",0.25,0.7,0.35,2.5,3955,5.163350826992319,5.218422192998393,0.3134489779108627,0.31304951684997057,False,36,2.8485694217038154e-17,0.0014958537560640578,2.8485694217038154e-17,0.00029917075121281154,validation,33,model_conditional_scenario_no_new_NHS_observations
RBD,Dorset County Hospital NHS Foundation Trust,Acute&Acute Community Trusts,0.25,0.7,0.35,2.5,1616,5.009444890083157,4.95564820068778,0.31401204945887135,0.31304951684997057,False,36,4.440220983726745e-20,0.0011918819675076416,4.440220983726745e-20,0.00023837639350152831,validation,107,model_conditional_scenario_no_new_NHS_observations
RBK,Walsall Healthcare NHS Trust,Acute&Acute Community Trusts,0.25,0.7,0.35,2.5,2314,4.652547173256712,4.8856034962375485,0.31372704947251173,0.31304951684997057,True,36,2.471865191632706e-20,0.001324756961282424,2.471865191632706e-20,0.0002649513922564848,validation,81,model_conditional_scenario_no_new_NHS_observations
RBL,Wirral University Teaching Hospital NHS Foundation Trust,Acute&Acute Community Trusts,0.25,0.7,0.35,2.5,2794,4.71875466644158,4.898484079369528,0.3136124304621776,0.31304951684997057,True,36,9.096517203608895e-13,0.0014813458298350815,9.096517203608895e-13,0.0002962691659670163,validation,40,model_conditional_scenario_no_new_NHS_observations
RBQ,Liverpool Heart and Chest Hospital NHS Foundation Trust,Acute Specialist Trusts,0.25,0.7,0.35,2.5,1134,5.678241716776859,5.306758849586483,0.31440610186039863,0.31304951684997057,False,36,3.94390968282517e-83,0.00043565968098070496,3.94390968282517e-83,8.713193619614099e-05,validation,190,model_conditional_scenario_no_new_NHS_observations
RBS,Alder Hey Children's NHS Foundation Trust,Acute&Acute Community Trusts,0.25,0.7,0.35,2.5,2417,5.03379651104725,4.960544962425917,0.31369868541001106,0.31304951684997057,False,36,1.839382188035697e-43,0.0011362356683363255,1.839382188035697e-43,0.0002272471336672651,validation,120,model_conditional_scenario_no_new_NHS_observations
RBT,Mid Cheshire Hospitals NHS Foundation Trust,Acute&Acute Community Trusts,0.25,0.7,0.35,2.5,2321,5.159859070401051,4.985309447636012,0.3137250435492762,0.31304951684997057,False,36,1.8421376700964832e-86,0.0008946087923771967,1.8421376700964832e-86,0.00017892175847543935,validation,166,model_conditional_scenario_no_new_NHS_observations
RBV,The Christie NHS Foundation Trust,Acute Specialist Trusts,0.25,0.7,0.35,2.5,1947,5.371544749364454,5.247987234537283,0.3138519787851162,0.31304951684997057,False,36,6.909503210053196e-77,0.0008270880247766228,6.909503210053196e-77,0.00016541760495532456,validation,175,model_conditional_scenario_no_new_NHS_observations
RC9,Bedfordshire Hospitals NHS Foundation Trust,Acute&Acute Community Trusts,0.25,0.7,0.35,2.5,3542,4.996424718879917,4.953250851415356,0.31349499204565984,0.31304951684997057,False,36,1.4997254151503527e-61,0.0012135502899976662,1.4997254151503527e-61,0.00024271005799953322,validation,99,model_conditional_scenario_no_new_NHS_observations
RCB,York and Scarborough Teaching Hospitals NHS Foundation Trust,Acute&Acute Community Trusts,0.25,0.7,0.35,2.5,5839,4.89781742010006,4.933714193136667,0.31332103877618744,0.31304951684997057,False,36,2.463840073270878e-43,0.0014424088558006125,2.463840073270878e-43,0.0002884817711601225,validation,51,model_conditional_scenario_no_new_NHS_observations
RCD,Harrogate and District NHS Foundation Trust,Acute&Acute Community Trusts,0.25,0.7,0.35,2.5,3330,5.232869698503418,4.99995952590269,0.3135229880616525,0.31304951684997057,False,36,1.3089072135930063e-239,0.0007687679337187495,1.3089072135930063e-239,0.0001537535867437499,validation,180,model_conditional_scenario_no_new_NHS_observations
RCF,Airedale NHS Foundation Trust,Acute&Acute Community Trusts,0.25,0.7,0.35,2.5,1473,4.975561958614382,4.949023221824143,0.31410282093789393,0.31304951684997057,False,36,2.2204672770082634e-14,0.001266798164926629,2.2204672770082634e-14,0.0002533596329853258,validation,87,model_conditional_scenario_no_new_NHS_observations
RCU,Sheffield Children's NHS Foundation Trust,Acute&Acute Community Trusts,0.25,0.7,0.35,2.5,2212,5.172472246752322,4.98775004720984,0.3137576912658809,0.31304951684997057,False,36,1.8294751671621329e-84,0.0008732484760006718,1.8294751671621329e-84,0.00017464969520013436,validation,168,model_conditional_scenario_no_new_NHS_observations
RCX,The Queen Elizabeth Hospital King's Lynn NHS Foundation Trust,Acute&Acute Community Trusts,0.25,0.7,0.35,2.5,2188,4.693193387518781,4.893640713730196,0.3137653082233141,0.31304951684997057,True,36,6.096615052604624e-13,0.00142211612845648,6.096615052604624e-13,0.000284423225691296,validation,58,model_conditional_scenario_no_new_NHS_observations
RD1,Royal United Hospitals Bath NHS Foundation Trust,Acute&Acute Community Trusts,0.25,0.7,0.35,2.5,3322,4.870227174391674,4.928309666648874,0.3135241135774271,0.31304951684997057,False,36,7.295147483514036e-13,0.0015129066223438278,7.295147483514036e-13,0.00030258132446876556,validation,31,model_conditional_scenario_no_new_NHS_observations
RD8,Milton Keynes University Hospital NHS Foundation Trust,Acute&Acute Community Trusts,0.25,0.7,0.35,2.5,2646,5.007673109794047,4.955425465102583,0.3136434085137667,0.31304951684997057,False,36,2.1799638167138332e-41,0.0011909256506928221,2.1799638167138332e-41,0.00023818513013856442,validation,108,model_conditional_scenario_no_new_NHS_observations
RDE,East Suffolk and North Essex NHS Foundation Trust,Acute&Acute Community Trusts,0.25,0.7,0.35,2.5,6181,4.826152582960841,4.919471834377098,0.3133061199056143,0.31304951684997057,False,36,1.7182903951533254e-09,0.0016274971296776715,1.7182903951533254e-09,0.0003254994259355343,validation,8,model_conditional_scenario_no_new_NHS_observations
RDR,Sussex Community NHS Foundation Trust,Community Trusts,0.25,0.7,0.35,2.5,4042,5.455663526627008,5.247269705028458,0.3134404711753071,0.31304951684997057,False,36,0.0,0.0007083793399208191,0.0,0.00014167586798416383,validation,185,model_conditional_scenario_no_new_NHS_observations
RDU,Frimley Health NHS Foundation Trust,Acute&Acute Community Trusts,0.25,0.7,0.35,2.5,5683,5.214387091389177,4.996578332955439,0.31332843568848845,0.31304951684997057,False,36,0.0,0.0007946007125149627,0.0,0.00015892014250299254,validation,178,model_conditional_scenario_no_new_NHS_observations
RDY,Dorset Healthcare University NHS Foundation Trust,"MH&LD, MH, LD&Community Trusts",0.25,0.7,0.35,2.5,3551,5.32574192241569,5.250547117384002,0.313493876611311,0.31304951684997057,False,36,4.285785241249462e-88,0.00112209018822592,4.285785241249462e-88,0.000224418037645184,validation,124,model_conditional_scenario_no_new_NHS_observations
REF,Royal Cornwall Hospitals NHS Trust,Acute&Acute Community Trusts,0.25,0.7,0.35,2.5,3848,4.677182765495703,4.890082250166438,0.3134599618057037,0.31304951684997057,True,36,2.4216197131374308e-33,0.0013757252602221931,2.4216197131374308e-33,0.0002751450520444386,validation,68,model_conditional_scenario_no_new_NHS_observations
REM,Liverpool University Hospitals NHS Foundation Trust,Acute&Acute Community Trusts,0.25,0.7,0.35,2.5,4448,4.900798593715324,4.934324277519915,0.3134051305871897,0.31304951684997057,False,36,1.3910474079277502e-29,0.0014355960809092504,1.3910474079277502e-29,0.00028711921618185005,validation,53,model_conditional_scenario_no_new_NHS_observations
REN,The Clatterbridge Cancer Centre NHS Foundation Trust,Acute Specialist Trusts,0.25,0.7,0.35,2.5,1209,5.148985203133816,5.204556379991527,0.31432485992726655,0.31304951684997057,False,36,5.899388902866617e-12,0.0012603630666285026,5.899388902866617e-12,0.00025207261332570055,validation,88,model_conditional_scenario_no_new_NHS_observations
REP,Liverpool Women's NHS Foundation Trust,Acute Specialist Trusts,0.25,0.7,0.35,2.5,772,4.870614374479285,5.151919899384434,0.3150083971072306,0.31304951684997057,True,36,2.0752629602056492e-08,0.0012573922359431183,2.0752629602056492e-08,0.00025147844718862366,validation,91,model_conditional_scenario_no_new_NHS_observations
RET,The Walton Centre NHS Foundation Trust,Acute Specialist Trusts,0.25,0.7,0.35,2.5,578,5.26298595970273,5.226311557961424,0.3156200063228994,0.31304951684997057,False,36,1.0797737401681836e-09,0.001041077460677082,1.0797737401681836e-09,0.00020821549213541641,validation,144,model_conditional_scenario_no_new_NHS_observations
RF4,"Barking, Havering and Redbridge University Hospitals NHS Trust",Acute&Acute Community Trusts,0.25,0.7,0.35,2.5,4158,4.72425974416934,4.899364983114332,0.31342967689528417,0.31304951684997057,True,36,5.58796515673064e-19,0.0014908269240556478,5.58796515673064e-19,0.00029816538481112955,validation,34,model_conditional_scenario_no_new_NHS_observations
RFF,Barnsley Hospital NHS Foundation Trust,Acute&Acute Community Trusts,0.25,0.7,0.35,2.5,2219,5.136556181678653,4.9806991559335065,0.3137555000949722,0.31304951684997057,False,36,1.0335212125155373e-70,0.0009368051854364128,1.0335212125155373e-70,0.00018736103708728256,validation,161,model_conditional_scenario_no_new_NHS_observations
RFR,The Rotherham NHS Foundation Trust,Acute&Acute Community Trusts,0.25,0.7,0.35,2.5,3137,5.104376831626352,4.974548337005851,0.31355172060980646,0.31304951684997057,False,36,1.0816595417802573e-109,0.0009931297751420382,1.0816595417802573e-109,0.00019862595502840764,validation,152,model_conditional_scenario_no_new_NHS_observations
RFS,Chesterfield Royal Hospital NHS Foundation Trust,Acute&Acute Community Trusts,0.25,0.7,0.35,2.5,2972,5.003096039227562,4.9545438421574195,0.3135792010877168,0.31304951684997057,False,36,2.515971622853231e-48,0.0012000221778489038,2.515971622853231e-48,0.00024000443556978075,validation,104,model_conditional_scenario_no_new_NHS_observations
RGD,Leeds and York Partnership NHS Foundation Trust,"MH&LD, MH, LD&Community Trusts",0.25,0.7,0.35,2.5,1497,5.190906308393158,5.2240112298459245,0.31408640963342355,0.31304951684997057,False,36,4.640366651379713e-09,0.001431519120843829,4.640366651379713e-09,0.0002863038241687658,validation,55,model_conditional_scenario_no_new_NHS_observations
RGM,Royal Papworth Hospital NHS Foundation Trust,Acute Specialist Trusts,0.25,0.7,0.35,2.5,1177,5.188774029843231,5.212259258259267,0.3143583017672143,0.31304951684997057,False,36,2.1256371729424527e-14,0.0011752020782077877,2.1256371729424527e-14,0.00023504041564155752,validation,111,model_conditional_scenario_no_new_NHS_observations
RGN,North West Anglia NHS Foundation Trust,Acute&Acute Community Trusts,0.25,0.7,0.35,2.5,3216,4.459261605305287,4.847152363897817,0.3135395482640853,0.31304951684997057,True,36,1.1182026792177354e-143,0.0009213671709966541,1.1182026792177354e-143,0.00018427343419933083,validation,163,model_conditional_scenario_no_new_NHS_observations
RGP,James Paget University Hospitals NHS Foundation Trust,Acute&Acute Community Trusts,0.25,0.7,0.35,2.5,1657,4.760551985153012,4.907074272987955,0.3139888403467488,0.31304951684997057,True,36,3.894969616208038e-06,0.0015966950460216843,3.894969616208038e-06,0.00031933900920433686,validation,14,model_conditional_scenario_no_new_NHS_observations
RGR,West Suffolk NHS Foundation Trust,Acute&Acute Community Trusts,0.25,0.7,0.35,2.5,2435,4.74071370554987,4.9028969562847085,0.31369397058881726,0.31304951684997057,True,36,8.796959317215833e-09,0.001538870438047452,8.796959317215833e-09,0.0003077740876094904,validation,24,model_conditional_scenario_no_new_NHS_observations
RGT,Cambridge University Hospitals NHS Foundation Trust,Acute&Acute Community Trusts,0.25,0.7,0.35,2.5,6990,4.925261247972768,4.939160913719293,0.31327660460804624,0.3130495168499705,False,36,1.337553111948033e-91,0.0013750077898523325,1.337553111948033e-91,0.0002750015579704665,validation,69,model_conditional_scenario_no_new_NHS_observations
RHA,Nottinghamshire Healthcare NHS Foundation Trust,"MH&LD, MH, LD&Community Trusts",0.25,0.7,0.35,2.5,4456,4.874412494463094,5.1611434201850335,0.31340449829569017,0.31304951684997057,True,36,3.177616653674305e-161,0.0010696471947697593,3.177616653674305e-161,0.00021392943895395187,validation,136,model_conditional_scenario_no_new_NHS_observations
RHM,University Hospital Southampton NHS Foundation Trust,Acute&Acute Community Trusts,0.25,0.7,0.35,2.5,4801,4.898579234362294,4.933878603768629,0.3133792176634692,0.31304951684997057,False,36,4.095590471449179e-32,0.0014409064911101537,4.095590471449179e-32,0.0002881812982220307,validation,52,model_conditional_scenario_no_new_NHS_observations
RHQ,Sheffield Teaching Hospitals NHS Foundation Trust,Acute&Acute Community Trusts,0.25,0.7,0.35,2.5,10718,4.881592309708601,4.930453279949279,0.3131979358613043,0.31304951684997057,False,36,2.880588222011594e-90,0.0014823611322603593,2.880588222011594e-90,0.0002964722264520719,validation,39,model_conditional_scenario_no_new_NHS_observations
RHU,Portsmouth Hospitals University NHS Trust,Acute&Acute Community Trusts,0.25,0.7,0.35,2.5,3768,4.802865589846258,4.9149611475589605,0.31346857698827685,0.31304951684997057,False,36,1.8321809184092205e-05,0.001690765450246121,1.8321809184092205e-05,0.0003381530900492242,validation,2,model_conditional_scenario_no_new_NHS_observations
RHW,Royal Berkshire NHS Foundation Trust,Acute&Acute Community Trusts,0.25,0.7,0.35,2.5,4156,5.285013243534149,5.010425158598678,0.31342985795128336,0.31304951684997057,False,36,0.0,0.0006875430528458657,0.0,0.00013750861056917313,validation,186,model_conditional_scenario_no_new_NHS_observations
RJ1,Guy's and St Thomas' NHS Foundation Trust,Acute&Acute Community Trusts,0.25,0.7,0.35,2.5,11816,5.128245974433135,4.979609907622771,0.3131841944798695,0.31304951684997057,False,36,0.0,0.0009419359891815041,0.0,0.00018838719783630082,validation,160,model_conditional_scenario_no_new_NHS_observations
RJ2,Lewisham and Greenwich NHS Trust,Acute&Acute Community Trusts,0.25,0.7,0.35,2.5,4770,5.01487492662177,4.956940883477633,0.31338134106901894,0.31304951684997057,False,36,6.524234105100616e-124,0.0011719914152936107,6.524234105100616e-124,0.00023439828305872216,validation,112,model_conditional_scenario_no_new_NHS_observations
RJ6,Croydon Health Services NHS Trust,Acute&Acute Community Trusts,0.25,0.7,0.35,2.5,2037,5.027158642981511,4.959188079128477,0.31381726289902223,0.31304951684997057,False,36,1.4370002691261758e-31,0.0011517739527890042,1.4370002691261758e-31,0.00023035479055780083,validation,117,model_conditional_scenario_no_new_NHS_observations
RJ7,St George's University Hospitals NHS Foundation Trust,Acute&Acute Community Trusts,0.25,0.7,0.35,2.5,4453,4.887730566714432,4.931734326308327,0.3134047351413346,0.31304951684997057,False,36,4.013393850678375e-24,0.001468077407596129,4.013393850678375e-24,0.0002936154815192258,validation,41,model_conditional_scenario_no_new_NHS_observations
RJ8,Cornwall Partnership NHS Foundation Trust,"MH&LD, MH, LD&Community Trusts",0.25,0.7,0.35,2.5,3068,5.026328323604617,5.191417515487768,0.3135628578692788,0.31304951684997057,True,36,4.034642991096944e-20,0.0014111194328111066,4.034642991096944e-20,0.0002822238865622213,validation,62,model_conditional_scenario_no_new_NHS_observations
RJC,South Warwickshire University NHS Foundation Trust,Acute&Acute Community Trusts,0.25,0.7,0.35,2.5,2605,5.194167129545242,4.9921458067809406,0.31365260270769907,0.3130495168499705,False,36,2.5021149635024425e-126,0.0008343546243396075,2.5021149635024425e-126,0.0001668709248679215,validation,173,model_conditional_scenario_no_new_NHS_observations
RJE,University Hospitals of North Midlands NHS Trust,Acute&Acute Community Trusts,0.25,0.7,0.35,2.5,5372,4.8790352090298,4.929991442508379,0.31334445377011594,0.31304951684997057,False,36,3.825996177697274e-27,0.0014896369159683232,3.825996177697274e-27,0.00029792738319366465,validation,35,model_conditional_scenario_no_new_NHS_observations
RJL,Northern Lincolnshire and Goole NHS Foundation Trust,Acute&Acute Community Trusts,0.25,0.7,0.35,2.5,3271,4.946698589583346,4.943418161858681,0.3135314164678418,0.31304951684997057,False,36,4.473762703999939e-33,0.0013265186048876164,4.473762703999939e-33,0.0002653037209775233,validation,78,model_conditional_scenario_no_new_NHS_observations
RJN,East Cheshire NHS Trust,Acute&Acute Community Trusts,0.25,0.7,0.35,2.5,1321,4.924497900633165,4.939096675372727,0.3142201671073248,0.3130495168499705,False,36,2.1938528614327642e-09,0.0013846787058379457,2.1938528614327642e-09,0.0002769357411675891,validation,67,model_conditional_scenario_no_new_NHS_observations
RJR,Countess of Chester Hospital NHS Foundation Trust,Acute&Acute Community Trusts,0.25,0.7,0.35,2.5,2188,4.618213802992669,4.878919417139686,0.3137653082233141,0.31304951684997057,True,36,3.6240133519152086e-25,0.0012479332693398249,3.6240133519152086e-25,0.00024958665386796497,validation,92,model_conditional_scenario_no_new_NHS_observations
RJZ,King's College Hospital NHS Foundation Trust,Acute&Acute Community Trusts,0.25,0.7,0.35,2.5,6353,4.844882315255672,4.923189757361816,0.31329921977974556,0.31304951684997057,False,36,6.364856895139817e-16,0.0015776664060242701,6.364856895139817e-16,0.000315533281204854,validation,17,model_conditional_scenario_no_new_NHS_observations
RK5,Sherwood Forest Hospitals NHS Foundation Trust,Acute&Acute Community Trusts,0.25,0.7,0.35,2.5,3596,4.833012007832405,4.920936928975487,0.31348838219233494,0.31304951684997057,False,36,7.134408899389768e-08,0.0016095049470057838,7.134408899389768e-08,0.0003219009894011568,validation,10,model_conditional_scenario_no_new_NHS_observations
RK9,University Hospitals Plymouth NHS Trust,Acute&Acute Community Trusts,0.25,0.7,0.35,2.5,5422,4.868694596347482,4.927937894714712,0.3133417555338361,0.31304951684997057,False,36,1.7958046571245205e-22,0.0015159675939860854,1.7958046571245205e-22,0.0003031935187972171,validation,30,model_conditional_scenario_no_new_NHS_observations
RKB,University Hospitals Coventry and Warwickshire NHS Trust,Acute&Acute Community Trusts,0.25,0.7,0.35,2.5,6305,4.933915092043216,4.940882724650177,0.31330110778398795,0.31304951684997057,False,36,6.374416735614176e-86,0.0013545055661526501,6.374416735614176e-86,0.00027090111323053003,validation,72,model_conditional_scenario_no_new_NHS_observations
RKE,Whittington Health NHS Trust,Acute&Acute Community Trusts,0.25,0.7,0.35,2.5,2483,5.241123918395662,5.00134776497931,0.3136817261924919,0.31304951684997057,False,36,6.839825306647387e-143,0.0007589970020179787,6.839825306647387e-143,0.00015179940040359574,validation,182,model_conditional_scenario_no_new_NHS_observations
RKL,West London NHS Trust,"MH&LD, MH, LD&Community Trusts",0.25,0.7,0.35,2.5,4133,5.379938065556677,5.2613100510349415,0.31343195255913453,0.31304951684997057,False,36,6.159263331146584e-171,0.00101226295578953,6.159263331146584e-171,0.000202452591157906,validation,148,model_conditional_scenario_no_new_NHS_observations
RL1,The Robert Jones and Agnes Hunt Orthopaedic Hospital NHS Foundation Trust,Acute Specialist Trusts,0.25,0.7,0.35,2.5,822,5.061806859756023,5.188147376346094,0.3148952130822273,0.31304951684997057,False,36,2.9248762412873494e-06,0.001461754413321776,2.9248762412873494e-06,0.00029235088266435516,validation,44,model_conditional_scenario_no_new_NHS_observations
RL4,The Royal Wolverhampton NHS Trust,Acute&Acute Community Trusts,0.25,0.7,0.35,2.5,3372,4.727096750241856,4.900023367479641,0.31351716560943227,0.31304951684997057,True,36,4.794361174683146e-14,0.0015000766823474055,4.794361174683146e-14,0.0003000153364694811,validation,32,model_conditional_scenario_no_new_NHS_observations
RLQ,Wye Valley NHS Trust,Acute&Acute Community Trusts,0.25,0.7,0.35,2.5,1976,5.012313124373934,4.956269017422161,0.31384045464572197,0.31304951684997057,False,36,3.518494179340656e-27,0.0011835186039123498,3.518494179340656e-27,0.00023670372078246995,validation,110,model_conditional_scenario_no_new_NHS_observations
RLT,George Eliot Hospital NHS Trust,Acute&Acute Community Trusts,0.25,0.7,0.35,2.5,1634,5.055260492039282,4.964591549184381,0.31400172037538815,0.3130495168499705,False,36,4.540899145233534e-27,0.0010966285304062834,4.540899145233534e-27,0.0002193257060812567,validation,132,model_conditional_scenario_no_new_NHS_observations
RLY,North Staffordshire Combined Healthcare NHS Trust,"MH&LD, MH, LD&Community Trusts",0.25,0.7,0.35,2.5,1295,5.506161264635511,5.285168674924556,0.31424290908858854,0.31304951684997057,False,36,1.450460481123413e-41,0.0008042244728202649,1.450460481123413e-41,0.00016084489456405298,validation,177,model_conditional_scenario_no_new_NHS_observations
RM1,Norfolk and Norwich University Hospitals NHS Foundation Trust,Acute&Acute Community Trusts,0.25,0.7,0.35,2.5,4723,4.540971614751612,4.8629710909945025,0.3133846131095572,0.31304951684997057,True,36,1.3325349570466857e-177,0.0010729450578645444,1.3325349570466857e-177,0.00021458901157290887,validation,135,model_conditional_scenario_no_new_NHS_observations
RMC,Bolton NHS Foundation Trust,Acute&Acute Community Trusts,0.25,0.7,0.35,2.5,2678,4.76416657366604,4.907457614604685,0.3136364250512754,0.3130495168499705,True,36,3.1634117575482776e-07,0.0015984453945280946,3.1634117575482776e-07,0.0003196890789056189,validation,13,model_conditional_scenario_no_new_NHS_observations
RMP,Tameside and Glossop Integrated Care NHS Foundation Trust,Acute&Acute Community Trusts,0.25,0.7,0.35,2.5,2236,4.938009896188618,4.941706994982574,0.31375023471056224,0.3130495168499705,False,36,1.0430851320242639e-17,0.0013488741667332998,1.0430851320242639e-17,0.00026977483334666,validation,73,model_conditional_scenario_no_new_NHS_observations
RMY,Norfolk and Suffolk NHS Foundation Trust,"MH&LD, MH, LD&Community Trusts",0.25,0.7,0.35,2.5,3589,4.828751733855252,5.152269014420352,0.31348922793840833,0.31304951684997057,True,36,5.0574624248425735e-145,0.000982743943086423,5.0574624248425735e-145,0.00019654878861728462,validation,154,model_conditional_scenario_no_new_NHS_observations
RN3,Great Western Hospitals NHS Foundation Trust,Acute&Acute Community Trusts,0.25,0.7,0.35,2.5,3628,5.045833543992019,4.963025553933948,0.31348455699500793,0.31304951684997057,False,36,2.6207262419083794e-96,0.0011081972687340678,2.6207262419083794e-96,0.00022163945374681354,validation,131,model_conditional_scenario_no_new_NHS_observations
RN5,Hampshire Hospitals NHS Foundation Trust,Acute&Acute Community Trusts,0.25,0.7,0.35,2.5,4192,5.077659721310114,4.969360013491933,0.3134266251054653,0.3130495168499705,False,36,4.5873342710724686e-158,0.001042981591917105,4.5873342710724686e-158,0.00020859631838342102,validation,142,model_conditional_scenario_no_new_NHS_observations
RN7,Dartford and Gravesham NHS Trust,Acute&Acute Community Trusts,0.25,0.7,0.35,2.5,1909,5.079731080231118,4.969460656367418,0.3138675975960496,0.31304951684997057,False,36,7.997535829765236e-40,0.0010459229118518385,7.997535829765236e-40,0.0002091845823703677,validation,139,model_conditional_scenario_no_new_NHS_observations
RNA,The Dudley Group NHS Foundation Trust,Acute&Acute Community Trusts,0.25,0.7,0.35,2.5,2397,4.679990273107688,4.8909659847879245,0.31370400567436907,0.3130495168499705,True,36,2.1722101358825864e-16,0.0013887461260231214,2.1722101358825864e-16,0.00027774922520462425,validation,66,model_conditional_scenario_no_new_NHS_observations
RNK,Tavistock and Portman NHS Foundation Trust,"MH&LD, MH, LD&Community Trusts",0.25,0.7,0.35,2.5,392,5.270150977911881,5.238922664925612,0.3167182484278611,0.3130495168499705,False,36,6.118195156229083e-06,0.0012791313173710335,6.118195156229083e-06,0.0002558262634742067,validation,85,model_conditional_scenario_no_new_NHS_observations
RNN,North Cumbria Integrated Care NHS Foundation Trust,Acute&Acute Community Trusts,0.25,0.7,0.35,2.5,3822,5.044767141702418,4.962826061939035,0.31346272262431346,0.31304951684997057,False,36,4.637355315868566e-105,0.001110081156082991,4.637355315868566e-105,0.00022201623121659823,validation,129,model_conditional_scenario_no_new_NHS_observations
RNQ,Kettering General Hospital NHS Foundation Trust,Acute&Acute Community Trusts,0.25,0.7,0.35,2.5,2595,4.799163194662444,4.914365423703961,0.3136548885417104,0.31304951684997057,True,36,2.9359008863366886e-05,0.001692543808632526,2.9359008863366886e-05,0.00033850876172650523,validation,1,model_conditional_scenario_no_new_NHS_observations
RNS,Northampton General Hospital NHS Trust,Acute&Acute Community Trusts,0.25,0.7,0.35,2.5,3144,4.835477210198987,4.921458564858576,0.3135506176836485,0.31304951684997057,False,36,1.2915667876616318e-07,0.0016031108609585775,1.2915667876616318e-07,0.0003206221721917155,validation,11,model_conditional_scenario_no_new_NHS_observations
RNU,Oxford Health NHS Foundation Trust,"MH&LD, MH, LD&Community Trusts",0.25,0.7,0.35,2.5,4537,5.324667624556779,5.250380054658458,0.31339822073913,0.3130495168499705,False,36,5.660306922646761e-137,0.0011229781879445455,5.660306922646761e-137,0.0002245956375889091,validation,123,model_conditional_scenario_no_new_NHS_observations
RNZ,Salisbury NHS Foundation Trust,Acute&Acute Community Trusts,0.25,0.7,0.35,2.5,2465,4.993064704590668,4.952537095652808,0.3136862629249606,0.31304951684997057,False,36,7.60249675392157e-33,0.0012232670503523272,7.60249675392157e-33,0.00024465341007046544,validation,97,model_conditional_scenario_no_new_NHS_observations
RP1,Northamptonshire Healthcare NHS Foundation Trust,"MH&LD, MH, LD&Community Trusts",0.25,0.7,0.35,2.5,3233,5.330652636147439,5.2514963239294365,0.31353700564804965,0.31304951684997057,False,36,2.9181156829672766e-77,0.0011125262361744654,2.9181156829672766e-77,0.00022250524723489308,validation,128,model_conditional_scenario_no_new_NHS_observations
RP4,Great Ormond Street Hospital for Children NHS Foundation Trust,Acute Specialist Trusts,0.25,0.7,0.35,2.5,2877,4.970756513710058,5.169152011071145,0.31359643182347513,0.31304951684997057,True,36,2.1467442361884374e-15,0.001449436481831212,2.1467442361884374e-15,0.0002898872963662424,validation,48,model_conditional_scenario_no_new_NHS_observations
RP5,Doncaster and Bassetlaw Teaching Hospitals NHS Foundation Trust,Acute&Acute Community Trusts,0.25,0.7,0.35,2.5,3870,5.031214344280041,4.9601464416833325,0.313457654381965,0.31304951684997057,False,36,9.877620171681592e-97,0.001138266900154827,9.877620171681592e-97,0.00022765338003096538,validation,119,model_conditional_scenario_no_new_NHS_observations
RP6,Moorfields Eye Hospital NHS Foundation Trust,Acute Specialist Trusts,0.25,0.7,0.35,2.5,1706,5.174454477307171,5.209403168406273,0.31396252966388555,0.31304951684997057,False,36,7.60671282081558e-21,0.0012027575199870457,7.60671282081558e-21,0.00024055150399740914,validation,103,model_conditional_scenario_no_new_NHS_observations
RP7,Lincolnshire Partnership NHS Foundation Trust,"MH&LD, MH, LD&Community Trusts",0.25,0.7,0.35,2.5,1782,5.217142612471477,5.229106875862552,0.3139245158085812,0.31304951684997057,False,36,8.048850915305276e-13,0.0013677600779796778,8.048850915305276e-13,0.00027355201559593555,validation,71,model_conditional_scenario_no_new_NHS_observations
RPA,Medway NHS Foundation Trust,Acute&Acute Community Trusts,0.25,0.7,0.35,2.5,2186,4.849066146088023,4.924244673413108,0.3137659503725272,0.31304951684997057,False,36,2.1740219202580114e-07,0.001568173643113389,2.1740219202580114e-07,0.0003136347286226778,validation,18,model_conditional_scenario_no_new_NHS_observations
RPC,Queen Victoria Hospital NHS Foundation Trust,Acute Specialist Trusts,0.25,0.7,0.35,2.5,690,5.135376427779011,5.202306234553537,0.31522743038624346,0.31304951684997057,False,36,2.0509099804582727e-07,0.001294549068763329,2.0509099804582727e-07,0.0002589098137526658,validation,83,model_conditional_scenario_no_new_NHS_observations
RPG,Oxleas NHS Foundation Trust,"MH&LD, MH, LD&Community Trusts",0.25,0.7,0.35,2.5,2849,5.427548901304633,5.270569178180114,0.3136017263248647,0.31304951684997057,False,36,1.3433721089404687e-113,0.0009259794253378668,1.3433721089404687e-113,0.00018519588506757335,validation,162,model_conditional_scenario_no_new_NHS_observations
RPY,The Royal Marsden NHS Foundation Trust,Acute Specialist Trusts,0.25,0.7,0.35,2.5,2440,5.217752957651964,5.217860336119042,0.31369267304598897,0.31304951684997057,False,36,2.5202293547449137e-48,0.0011095836214182963,2.5202293547449137e-48,0.00022191672428365926,validation,130,model_conditional_scenario_no_new_NHS_observations
RQM,Chelsea and Westminster Hospital NHS Foundation Trust,Acute&Acute Community Trusts,0.25,0.7,0.35,2.5,3964,4.999520098219371,4.953876537854943,0.31344808077512465,0.31304951684997057,False,36,3.640990034848383e-77,0.0012061804523815253,3.640990034848383e-77,0.00024123609047630506,validation,101,model_conditional_scenario_no_new_NHS_observations
RQW,The Princess Alexandra Hospital NHS Trust,Acute&Acute Community Trusts,0.25,0.7,0.35,2.5,2613,4.769280744617053,4.908477840227054,0.3136507864318865,0.31304951684997057,True,36,8.888694237757668e-07,0.0016122371345974982,8.888694237757668e-07,0.00032244742691949965,validation,9,model_conditional_scenario_no_new_NHS_observations
RQX,Homerton Healthcare NHS Foundation Trust,Acute&Acute Community Trusts,0.25,0.7,0.35,2.5,2172,4.839480198208864,4.9223650168081665,0.3137704778816105,0.31304951684997057,False,36,9.006335414708754e-07,0.0015931113605039576,9.006335414708754e-07,0.0003186222721007915,validation,15,model_conditional_scenario_no_new_NHS_observations
RQY,South West London and St George's Mental Health NHS Trust,"MH&LD, MH, LD&Community Trusts",0.25,0.7,0.35,2.5,2050,5.167341076444791,5.219332473842531,0.313812495112645,0.31304951684997057,False,36,1.6638922942644703e-09,0.0014876915708745913,1.6638922942644703e-09,0.00029753831417491826,validation,36,model_conditional_scenario_no_new_NHS_observations
RR7,Gateshead Health NHS Foundation Trust,Acute&Acute Community Trusts,0.25,0.7,0.35,2.5,1751,4.814541301131064,4.917580246586783,0.31393963259960633,0.31304951684997057,False,36,2.0791339824167325e-05,0.0016592461836654536,2.0791339824167325e-05,0.0003318492367330907,validation,7,model_conditional_scenario_no_new_NHS_observations
RR8,Leeds Teaching Hospitals NHS Trust,Acute&Acute Community Trusts,0.25,0.7,0.35,2.5,10126,4.912010965675695,4.936515282876097,0.3132065759332441,0.31304951684997057,False,36,2.796904659525304e-147,0.0014066157427236954,2.796904659525304e-147,0.0002813231485447391,validation,64,model_conditional_scenario_no_new_NHS_observations
RRE,Midlands Partnership University NHS Foundation Trust,"MH&LD, MH, LD&Community Trusts",0.25,0.7,0.35,2.5,5528,5.492801377183516,5.283789741710983,0.3133361954420908,0.3130495168499705,False,36,0.0,0.0008081254037599089,0.0,0.00016162508075198177,validation,176,model_conditional_scenario_no_new_NHS_observations
RRF,"Wrightington, Wigan and Leigh Teaching Hospitals NHS Foundation Trust",Acute&Acute Community Trusts,0.25,0.7,0.35,2.5,3515,5.112599007635354,4.976218071022519,0.31349837220330373,0.31304951684997057,False,36,2.4813295037044376e-142,0.0009766406163297858,2.4813295037044376e-142,0.00019532812326595716,validation,157,model_conditional_scenario_no_new_NHS_observations
RRJ,The Royal Orthopaedic Hospital NHS Foundation Trust,Acute Specialist Trusts,0.25,0.7,0.35,2.5,788,5.37574034569773,5.24790262438803,0.3149706969528027,0.31304951684997057,False,36,3.8957887860905057e-19,0.0008371882818700906,3.8957887860905057e-19,0.00016743765637401812,validation,171,model_conditional_scenario_no_new_NHS_observations
RRK,University Hospitals Birmingham NHS Foundation Trust,Acute&Acute Community Trusts,0.25,0.7,0.35,2.5,9709,4.853940022827912,4.924950766420156,0.3132132915997249,0.31304951684997057,False,36,5.2428640838714636e-37,0.0015536257694033202,5.2428640838714636e-37,0.00031072515388066405,validation,22,model_conditional_scenario_no_new_NHS_observations
RRU,London Ambulance Service NHS Trust,Ambulance Trusts,0.25,0.7,0.35,2.5,5992,4.341156457540043,4.419171332451799,0.3133141555382086,0.3130495168499705,False,36,7.241168277250949e-84,0.0013426580777366577,7.241168277250949e-84,0.00026853161554733155,validation,75,model_conditional_scenario_no_new_NHS_observations
RRV,University College London Hospitals NHS Foundation Trust,Acute&Acute Community Trusts,0.25,0.7,0.35,2.5,6309,5.123445921128075,4.9785452243348,0.31330094936052066,0.31304951684997057,False,36,0.0,0.0009529002193891,0.0,0.00019058004387782,validation,159,model_conditional_scenario_no_new_NHS_observations
RT1,Cambridgeshire and Peterborough NHS Foundation Trust,"MH&LD, MH, LD&Community Trusts",0.25,0.7,0.35,2.5,2248,5.214530648904086,5.228580238701667,0.31374656500862513,0.3130495168499705,False,36,3.0584024253265373e-16,0.0013724291776836715,3.0584024253265373e-16,0.0002744858355367343,validation,70,model_conditional_scenario_no_new_NHS_observations
RT2,Pennine Care NHS Foundation Trust,"MH&LD, MH, LD&Community Trusts",0.25,0.7,0.35,2.5,1953,5.084956316286448,5.203205113656997,0.3138495670108826,0.3130495168499705,True,36,4.0391129325149155e-07,0.0015638321686586676,4.0391129325149155e-07,0.0003127664337317335,validation,19,model_conditional_scenario_no_new_NHS_observations
RT5,Leicestershire Partnership NHS Trust,"MH&LD, MH, LD&Community Trusts",0.25,0.7,0.35,2.5,3905,5.302391085619033,5.245944370122971,0.3134540364750348,0.31304951684997057,False,36,1.1801397902172517e-86,0.0011708825453256868,1.1801397902172517e-86,0.00023417650906513735,validation,113,model_conditional_scenario_no_new_NHS_observations
RTD,The Newcastle upon Tyne Hospitals NHS Foundation Trust,Acute&Acute Community Trusts,0.25,0.7,0.35,2.5,10294,4.908755725049063,4.935866406605624,0.3132040234526807,0.31304951684997057,False,36,1.3232450692144419e-143,0.0014145821363650503,1.3232450692144419e-143,0.0002829164272730101,validation,60,model_conditional_scenario_no_new_NHS_observations
RTE,Gloucestershire Hospitals NHS Foundation Trust,Acute&Acute Community Trusts,0.25,0.7,0.35,2.5,4305,4.890723767293038,4.93233073904716,0.3134168252750535,0.31304951684997057,False,36,3.964871430280701e-24,0.0014606686683817014,3.964871430280701e-24,0.00029213373367634025,validation,45,model_conditional_scenario_no_new_NHS_observations
RTF,Northumbria Healthcare NHS Foundation Trust,Acute&Acute Community Trusts,0.25,0.7,0.35,2.5,6629,5.334685094112513,5.020545674643828,0.313288890907607,0.31304951684997057,False,36,0.0,0.0006148640777569217,0.0,0.00012297281555138435,validation,188,model_conditional_scenario_no_new_NHS_observations
RTG,University Hospitals of Derby and Burton NHS Foundation Trust,Acute&Acute Community Trusts,0.25,0.7,0.35,2.5,8141,4.700766891568371,4.894483193994116,0.31324466835037595,0.31304951684997057,True,36,3.857244342996337e-85,0.001427625658914522,3.857244342996337e-85,0.0002855251317829044,validation,56,model_conditional_scenario_no_new_NHS_observations
RTH,Oxford University Hospitals NHS Foundation Trust,Acute&Acute Community Trusts,0.25,0.7,0.35,2.5,6057,5.015744748237001,4.957139563873738,0.313311335786577,0.31304951684997057,False,36,1.5400570287749525e-195,0.0011691948381393298,1.5400570287749525e-195,0.00023383896762786596,validation,114,model_conditional_scenario_no_new_NHS_observations
RTK,Ashford and St Peter's Hospitals NHS Foundation Trust,Acute&Acute Community Trusts,0.25,0.7,0.35,2.5,2213,5.199553203410994,4.993068521567502,0.313757377409086,0.3130495168499705,False,36,3.852804701334801e-96,0.0008274118516137533,3.852804701334801e-96,0.00016548237032275065,validation,174,model_conditional_scenario_no_new_NHS_observations
RTP,Surrey and Sussex Healthcare NHS Trust,Acute&Acute Community Trusts,0.25,0.7,0.35,2.5,2802,5.102570717597517,4.974143331799583,0.3136108477786122,0.31304951684997057,False,36,2.3474059311694304e-88,0.00099756668379353,2.3474059311694304e-88,0.00019951333675870598,validation,150,model_conditional_scenario_no_new_NHS_observations
RTQ,Gloucestershire Health and Care NHS Foundation Trust,"MH&LD, MH, LD&Community Trusts",0.25,0.7,0.35,2.5,2630,5.342545827403389,5.253783081115547,0.3136469629388106,0.31304951684997057,False,36,1.4869861176464174e-58,0.0010897881996264239,1.4869861176464174e-58,0.00021795763992528476,validation,133,model_conditional_scenario_no_new_NHS_observations
RTR,South Tees Hospitals NHS Foundation Trust,Acute&Acute Community Trusts,0.25,0.7,0.35,2.5,3006,4.694719841523346,4.8936966567452105,0.31357329517762056,0.31304951684997057,True,36,1.147631789958565e-18,0.0014209918020971232,1.147631789958565e-18,0.00028419836041942466,validation,59,model_conditional_scenario_no_new_NHS_observations
RV3,Central and North West London NHS Foundation Trust,"MH&LD, MH, LD&Community Trusts",0.25,0.7,0.35,2.5,6209,5.267583792774409,5.239082050136182,0.3133049707588103,0.31304951684997057,False,36,1.504028785457507e-146,0.0012455231369289431,1.504028785457507e-146,0.0002491046273857886,validation,94,model_conditional_scenario_no_new_NHS_observations
RV5,South London and Maudsley NHS Foundation Trust,"MH&LD, MH, LD&Community Trusts",0.25,0.7,0.35,2.5,3305,5.23372767857308,5.232353106840268,0.3135265231558463,0.31304951684997057,False,36,8.66227926828559e-34,0.0013253488391454932,8.66227926828559e-34,0.00026506976782909863,validation,80,model_conditional_scenario_no_new_NHS_observations
RV9,Humber Teaching NHS Foundation Trust,"MH&LD, MH, LD&Community Trusts",0.25,0.7,0.35,2.5,2165,5.354682762801523,5.256094334201002,0.3137727631629305,0.3130495168499705,False,36,1.2824664970368925e-45,0.0010672922867104638,1.2824664970368925e-45,0.00021345845734209277,validation,137,model_conditional_scenario_no_new_NHS_observations
RVJ,North Bristol NHS Trust,Acute&Acute Community Trusts,0.25,0.7,0.35,2.5,6015,5.120418105545482,4.977932456193937,0.31331315086291545,0.31304951684997057,False,36,0.0,0.0009587660118433564,0.0,0.00019175320236867126,validation,158,model_conditional_scenario_no_new_NHS_observations
RVN,Avon and Wiltshire Mental Health Partnership NHS Trust,"MH&LD, MH, LD&Community Trusts",0.25,0.7,0.35,2.5,2724,5.384531203179384,5.262067678173671,0.313626669272558,0.31304951684997057,False,36,1.0987659854544648e-81,0.00100659412365444,1.0987659854544648e-81,0.000201318824730888,validation,149,model_conditional_scenario_no_new_NHS_observations
RVR,Epsom and St Helier University Hospitals NHS Trust,Acute&Acute Community Trusts,0.25,0.7,0.35,2.5,3440,5.07888721270503,4.969546364864739,0.31350803646889436,0.31304951684997057,False,36,2.1489030706138487e-110,0.0010418481058756166,2.1489030706138487e-110,0.00020836962117512333,validation,143,model_conditional_scenario_no_new_NHS_observations
RVV,East Kent Hospitals University NHS Foundation Trust,Acute&Acute Community Trusts,0.25,0.7,0.35,2.5,5367,4.707337575724052,4.895911187362871,0.3133447263366832,0.31304951684997057,True,36,7.732941389669657e-37,0.001446369329975388,7.732941389669657e-37,0.0002892738659950776,validation,49,model_conditional_scenario_no_new_NHS_observations
RVW,North Tees and Hartlepool NHS Foundation Trust,Acute&Acute Community Trusts,0.25,0.7,0.35,2.5,2111,5.071682008052067,4.967935268682245,0.3137908916445697,0.31304951684997057,False,36,1.0079149645528625e-44,0.0010605648178698777,1.0079149645528625e-44,0.00021211296357397552,validation,138,model_conditional_scenario_no_new_NHS_observations
RW4,Mersey Care NHS Foundation Trust,"MH&LD, MH, LD&Community Trusts",0.25,0.7,0.35,2.5,4491,5.397887120779217,5.264890384868659,0.31340175825335603,0.31304951684997057,False,36,3.0036392043622763e-224,0.0009773875469429674,3.0036392043622763e-224,0.00019547750938859348,validation,156,model_conditional_scenario_no_new_NHS_observations
RW5,Lancashire and South Cumbria NHS Foundation Trust,"MH&LD, MH, LD&Community Trusts",0.25,0.7,0.35,2.5,3543,4.99738963698073,5.185624110064129,0.3134948678320468,0.31304951684997057,True,36,4.757577372117528e-35,0.0013404144294622044,4.757577372117528e-35,0.0002680828858924409,validation,76,model_conditional_scenario_no_new_NHS_observations
RWA,Hull University Teaching Hospitals NHS Trust,Acute&Acute Community Trusts,0.25,0.7,0.35,2.5,4704,4.844735547181597,4.9232040198731,0.31338595423867854,0.31304951684997057,False,36,1.1520685178192473e-11,0.0015783036202841163,1.1520685178192473e-11,0.00031566072405682323,validation,16,model_conditional_scenario_no_new_NHS_observations
RWD,United Lincolnshire Teaching Hospitals NHS Trust,Acute&Acute Community Trusts,0.25,0.7,0.35,2.5,5008,4.835903726669841,4.921441796519898,0.3133657068456579,0.31304951684997057,False,36,3.1085414734658786e-10,0.0016015723748603519,3.1085414734658786e-10,0.0003203144749720704,validation,12,model_conditional_scenario_no_new_NHS_observations
RWE,University Hospitals of Leicester NHS Trust,Acute&Acute Community Trusts,0.25,0.7,0.35,2.5,11467,5.088574677427709,4.971699913684986,0.3131882779722522,0.31304951684997057,False,36,0.0,0.001017655474130276,0.0,0.0002035310948260552,validation,147,model_conditional_scenario_no_new_NHS_observations
RWF,Maidstone and Tunbridge Wells NHS Trust,Acute&Acute Community Trusts,0.25,0.7,0.35,2.5,3394,5.028469974349294,4.959578459845556,0.31351417253856534,0.3130495168499705,False,36,9.412477222735507e-75,0.0011448311289156434,9.412477222735507e-75,0.00022896622578312867,validation,118,model_conditional_scenario_no_new_NHS_observations
RWG,West Hertfordshire Teaching Hospitals NHS Trust,Acute&Acute Community Trusts,0.25,0.7,0.35,2.5,3482,5.007930886258658,4.955523333845023,0.313502573819937,0.31304951684997057,False,36,4.4863298985042076e-66,0.0011885566475375374,4.4863298985042076e-66,0.00023771132950750748,validation,109,model_conditional_scenario_no_new_NHS_observations
RWH,East and North Hertfordshire Teaching NHS Trust,Acute&Acute Community Trusts,0.25,0.7,0.35,2.5,2744,4.985845463685876,4.951130876726216,0.3136225280646025,0.31304951684997057,False,36,1.3648973159844533e-36,0.0012384403860249994,1.3648973159844533e-36,0.0002476880772049999,validation,96,model_conditional_scenario_no_new_NHS_observations
RWJ,Stockport NHS Foundation Trust,Acute&Acute Community Trusts,0.25,0.7,0.35,2.5,3029,5.078547348871322,4.969436506740129,0.31356937412364877,0.3130495168499705,False,36,2.170149354357274e-87,0.0010434944337221299,2.170149354357274e-87,0.000208698886744426,validation,141,model_conditional_scenario_no_new_NHS_observations
RWP,Worcestershire Acute Hospitals NHS Trust,Acute&Acute Community Trusts,0.25,0.7,0.35,2.5,3862,5.084149760111752,4.9706224242016415,0.31345849043725676,0.31304951684997057,False,36,1.1947375316174466e-141,0.001030699971120484,1.1947375316174466e-141,0.0002061399942240968,validation,145,model_conditional_scenario_no_new_NHS_observations
RWR,Hertfordshire Partnership University NHS Foundation Trust,"MH&LD, MH, LD&Community Trusts",0.25,0.7,0.35,2.5,2708,5.290545915746015,5.2435471112697325,0.31363002558722136,0.31304951684997057,False,36,9.847247133445883e-42,0.0011986892391808454,9.847247133445883e-42,0.0002397378478361691,validation,105,model_conditional_scenario_no_new_NHS_observations
RWV,Devon Partnership NHS Trust,"MH&LD, MH, LD&Community Trusts",0.25,0.7,0.35,2.5,1956,5.150848773367359,5.216113322873864,0.31384836655200143,0.31304951684997057,False,36,5.775482287020726e-08,0.0015293769664832038,5.775482287020726e-08,0.00030587539329664075,validation,27,model_conditional_scenario_no_new_NHS_observations
RWW,Warrington and Halton Teaching Hospitals NHS Foundation Trust,Acute&Acute Community Trusts,0.25,0.7,0.35,2.5,1812,5.022959859834748,4.958326484171908,0.3139103676299689,0.3130495168499705,False,36,9.594939028532447e-26,0.0011618728696649492,9.594939028532447e-26,0.00023237457393298985,validation,115,model_conditional_scenario_no_new_NHS_observations
RWX,Berkshire Healthcare NHS Foundation Trust,"MH&LD, MH, LD&Community Trusts",0.25,0.7,0.35,2.5,3340,5.479052857231665,5.280825827566877,0.31352158865182894,0.31304951684997057,False,36,1.476954430453828e-199,0.0008346129262689739,1.476954430453828e-199,0.0001669225852537948,validation,172,model_conditional_scenario_no_new_NHS_observations
RWY,Calderdale and Huddersfield NHS Foundation Trust,Acute&Acute Community Trusts,0.25,0.7,0.35,2.5,3360,4.961405131725324,4.9463244326369935,0.31351881450325686,0.31304951684997057,False,36,2.8411576071616497e-40,0.0012923998695637394,2.8411576071616497e-40,0.0002584799739127479,validation,84,model_conditional_scenario_no_new_NHS_observations
RX1,Nottingham University Hospitals NHS Trust,Acute&Acute Community Trusts,0.25,0.7,0.35,2.5,8970,4.792989492781167,4.912821966718873,0.31322671938470886,0.31304951684997057,True,36,1.4827328879498791e-07,0.0016671736295536315,1.4827328879498791e-07,0.0003334347259107263,validation,6,model_conditional_scenario_no_new_NHS_observations
RX3,"Tees, Esk and Wear Valleys NHS Foundation Trust","MH&LD, MH, LD&Community Trusts",0.25,0.7,0.35,2.5,4229,5.232867226165322,5.2321835658575635,0.3134233592309972,0.31304951684997057,False,36,5.3785906776556e-50,0.001326382524925414,5.3785906776556e-50,0.0002652765049850828,validation,79,model_conditional_scenario_no_new_NHS_observations
RX4,"Cumbria, Northumberland, Tyne and Wear NHS Foundation Trust","MH&LD, MH, LD&Community Trusts",0.25,0.7,0.35,2.5,4582,5.183384223459021,5.22237447003535,0.3133948282119164,0.31304951684997057,False,36,4.2783954425925384e-29,0.0014453499933100948,4.2783954425925384e-29,0.00028906999866201895,validation,50,model_conditional_scenario_no_new_NHS_observations
RX6,North East Ambulance Service NHS Foundation Trust,Ambulance Trusts,0.25,0.7,0.35,2.5,1842,4.819953405973823,4.513145178256926,0.31389666970602115,0.31304951684997057,False,36,6.460667216148398e-156,0.0005217974366955675,6.460667216148398e-156,0.00010435948733911349,validation,189,model_conditional_scenario_no_new_NHS_observations
RX7,North West Ambulance Service NHS Trust,Ambulance Trusts,0.25,0.7,0.35,2.5,4117,4.631999956273279,4.476828409854785,0.31343342333693475,0.3130495168499705,False,36,0.0,0.0007713858057721018,0.0,0.00015427716115442035,validation,179,model_conditional_scenario_no_new_NHS_observations
RX8,Yorkshire Ambulance Service NHS Trust,Ambulance Trusts,0.25,0.7,0.35,2.5,4691,4.668542754845065,4.484120009370215,0.3133868780555831,0.31304951684997057,False,36,0.0,0.0007140678519800345,0.0,0.0001428135703960069,validation,184,model_conditional_scenario_no_new_NHS_observations
RX9,East Midlands Ambulance Service NHS Trust,Ambulance Trusts,0.25,0.7,0.35,2.5,2718,4.426384668562666,4.436121120512417,0.31362792333259304,0.31304951684997057,False,36,1.6502324246532528e-49,0.0011538265366358414,1.6502324246532528e-49,0.0002307653073271683,validation,116,model_conditional_scenario_no_new_NHS_observations
RXA,Cheshire and Wirral Partnership NHS Foundation Trust,"MH&LD, MH, LD&Community Trusts",0.25,0.7,0.35,2.5,2249,5.283120533762209,5.242053663401002,0.3137462609343748,0.31304951684997057,False,36,2.3818982164074566e-29,0.0012162829941699824,2.3818982164074566e-29,0.00024325659883399649,validation,98,model_conditional_scenario_no_new_NHS_observations
RXC,East Sussex Healthcare NHS Trust,Acute&Acute Community Trusts,0.25,0.7,0.35,2.5,4296,4.862101054215843,4.926660275731114,0.3134175870861292,0.31304951684997057,False,36,8.015215755753268e-15,0.001533239770776039,8.015215755753268e-15,0.0003066479541552078,validation,26,model_conditional_scenario_no_new_NHS_observations
RXE,Rotherham Doncaster and South Humber NHS Foundation Trust,"MH&LD, MH, LD&Community Trusts",0.25,0.7,0.35,2.5,1989,5.137412598539744,5.213474729293352,0.3138353954108336,0.3130495168499705,False,36,3.5094399617659973e-07,0.0015636971335645984,3.5094399617659973e-07,0.0003127394267129197,validation,20,model_conditional_scenario_no_new_NHS_observations
RXF,Mid Yorkshire Teaching NHS Trust,Acute&Acute Community Trusts,0.25,0.7,0.35,2.5,3671,4.906352721523762,4.935438805340351,0.3134795206746277,0.31304951684997057,False,36,3.528921168053002e-24,0.0014224681542175854,3.528921168053002e-24,0.0002844936308435171,validation,57,model_conditional_scenario_no_new_NHS_observations
RXG,South West Yorkshire Partnership NHS Foundation Trust,"MH&LD, MH, LD&Community Trusts",0.25,0.7,0.35,2.5,2871,5.46329566174571,5.277622487626893,0.3135975577950728,0.31304951684997057,False,36,6.189622071866835e-139,0.0008628475378886328,6.189622071866835e-139,0.00017256950757772656,validation,169,model_conditional_scenario_no_new_NHS_observations
RXK,Sandwell and West Birmingham Hospitals NHS Trust,Acute&Acute Community Trusts,0.25,0.7,0.35,2.5,2964,4.881423056536682,4.930539361554087,0.31358061012076643,0.31304951684997057,False,36,2.572797715838317e-13,0.0014848971765317796,2.572797715838317e-13,0.0002969794353063559,validation,38,model_conditional_scenario_no_new_NHS_observations
RXM,Derbyshire Healthcare NHS Foundation Trust,"MH&LD, MH, LD&Community Trusts",0.25,0.7,0.35,2.5,2160,5.29347494412795,5.24407877106983,0.3137744043968523,0.31304951684997057,False,36,7.08792415904199e-30,0.0011941765938859455,7.08792415904199e-30,0.00023883531877718912,validation,106,model_conditional_scenario_no_new_NHS_observations
RXN,Lancashire Teaching Hospitals NHS Foundation Trust,Acute&Acute Community Trusts,0.25,0.7,0.35,2.5,4261,4.936817949284272,4.941463102538566,0.3134205799689927,0.31304951684997057,False,36,3.4963188094984796e-45,0.0013486869456408317,3.4963188094984796e-45,0.00026973738912816636,validation,74,model_conditional_scenario_no_new_NHS_observations
RXP,County Durham and Darlington NHS Foundation Trust,Acute&Acute Community Trusts,0.25,0.7,0.35,2.5,3096,4.798991510260922,4.914260577431603,0.3135582793775013,0.31304951684997057,True,36,2.2433615976048692e-05,0.0016901703046172873,2.2433615976048692e-05,0.00033803406092345744,validation,3,model_conditional_scenario_no_new_NHS_observations
RXQ,Buckinghamshire Healthcare NHS Trust,Acute&Acute Community Trusts,0.25,0.7,0.35,2.5,4557,5.262749347041431,5.006069994389947,0.3133967047553939,0.31304951684997057,False,36,0.0,0.0007199568056335036,0.0,0.00014399136112670072,validation,183,model_conditional_scenario_no_new_NHS_observations
RXV,Greater Manchester Mental Health NHS Foundation Trust,"MH&LD, MH, LD&Community Trusts",0.25,0.7,0.35,2.5,2847,5.07669374944278,5.201389560923979,0.3136021084287757,0.31304951684997057,True,36,7.376640290913337e-10,0.001537723098251096,7.376640290913337e-10,0.0003075446196502192,validation,25,model_conditional_scenario_no_new_NHS_observations
RXW,The Shrewsbury and Telford Hospital NHS Trust,Acute&Acute Community Trusts,0.25,0.7,0.35,2.5,3797,4.889983833464849,4.932197227351595,0.31346541251111415,0.31304951684997057,False,36,4.297830902978754e-20,0.001462811162453659,4.297830902978754e-20,0.0002925622324907318,validation,43,model_conditional_scenario_no_new_NHS_observations
RXX,Surrey and Borders Partnership NHS Foundation Trust,"MH&LD, MH, LD&Community Trusts",0.25,0.7,0.35,2.5,2006,5.152875156509391,5.216502412028504,0.3138288763370072,0.31304951684997057,False,36,3.160978791151917e-08,0.0015241547791310364,3.160978791151917e-08,0.00030483095582620727,validation,28,model_conditional_scenario_no_new_NHS_observations
RXY,Kent and Medway NHS and Social Care Partnership Trust,"MH&LD, MH, LD&Community Trusts",0.25,0.7,0.35,2.5,1999,5.15532916409753,5.216984475845803,0.31383154751826126,0.31304951684997057,False,36,2.1845392777736613e-08,0.0015179550133259821,2.1845392777736613e-08,0.00030359100266519643,validation,29,model_conditional_scenario_no_new_NHS_observations
RY2,Bridgewater Community Healthcare NHS Foundation Trust,Community Trusts,0.25,0.7,0.35,2.5,819,4.787480268060491,5.1180294524368275,0.3149016339944186,0.31304951684997057,True,36,5.27830514930223e-09,0.0012416077753521061,5.27830514930223e-09,0.00024832155507042124,validation,95,model_conditional_scenario_no_new_NHS_observations
RY3,Norfolk Community Health and Care NHS Trust,Community Trusts,0.25,0.7,0.35,2.5,1677,5.162657590214402,5.18934564764693,0.3139779202645436,0.31304951684997057,False,36,3.679711275877056e-17,0.0012577242059515579,3.679711275877056e-17,0.00025154484119031156,validation,90,model_conditional_scenario_no_new_NHS_observations
RY4,Hertfordshire Community NHS Trust,Community Trusts,0.25,0.7,0.35,2.5,1662,5.428005953039109,5.241144634038721,0.31398608631343455,0.31304951684997057,False,36,5.049508028428292e-70,0.0007601313843522402,5.049508028428292e-70,0.00015202627687044805,validation,181,model_conditional_scenario_no_new_NHS_observations
RY5,Lincolnshire Community Health Services NHS Trust,Community Trusts,0.25,0.7,0.35,2.5,1509,4.981026326870255,5.153993174967055,0.3140783942749944,0.31304951684997057,True,36,4.290345318832164e-05,0.0016830468745656685,4.290345318832164e-05,0.0003366093749131337,validation,5,model_conditional_scenario_no_new_NHS_observations
RY6,Leeds Community Healthcare NHS Trust,Community Trusts,0.25,0.7,0.35,2.5,1783,5.157750508980817,5.188377035733397,0.3139240367141821,0.31304951684997057,False,36,7.068867167635728e-18,0.0012682617110085909,7.068867167635728e-18,0.0002536523422017182,validation,86,model_conditional_scenario_no_new_NHS_observations
RY7,Wirral Community Health and Care NHS Foundation Trust,Community Trusts,0.25,0.7,0.35,2.5,861,4.985023674415926,5.155569409618227,0.3148156178606751,0.31304951684997057,False,36,8.488918842423579e-05,0.0016900943944376768,8.488918842423579e-05,0.0003380188788875354,validation,4,model_conditional_scenario_no_new_NHS_observations
RY8,Derbyshire Community Health Services NHS Foundation Trust,Community Trusts,0.25,0.7,0.35,2.5,3150,5.261948301204113,5.208877016529431,0.3135496761669009,0.31304951684997057,False,36,3.60872570296838e-93,0.001045190636177081,3.60872570296838e-93,0.0002090381272354162,validation,140,model_conditional_scenario_no_new_NHS_observations
RYA,West Midlands Ambulance Service University NHS Foundation Trust,Ambulance Trusts,0.25,0.7,0.35,2.5,2987,4.18304018399615,4.3881051145748895,0.31357657920266746,0.31304951684997057,True,36,1.3059815499554374e-19,0.0014092729426848974,1.3059815499554374e-19,0.00028185458853697946,validation,63,model_conditional_scenario_no_new_NHS_observations
RYC,East of England Ambulance Service NHS Trust,Ambulance Trusts,0.25,0.7,0.35,2.5,3978,4.296127630326422,4.410323049740684,0.31344669321239654,0.31304951684997057,False,36,8.460032399276049e-23,0.001452080665609902,8.460032399276049e-23,0.0002904161331219804,validation,47,model_conditional_scenario_no_new_NHS_observations
RYD,South East Coast Ambulance Service NHS Foundation Trust,Ambulance Trusts,0.25,0.7,0.35,2.5,3621,4.44372913058889,4.439542499122448,0.3134853880481402,0.31304951684997057,False,36,3.3979666986329884e-93,0.0011162513421567244,3.3979666986329884e-93,0.00022325026843134487,validation,126,model_conditional_scenario_no_new_NHS_observations
RYE,South Central Ambulance Service NHS Foundation Trust,Ambulance Trusts,0.25,0.7,0.35,2.5,2091,4.199644467173298,4.391651878727643,0.31379783868581107,0.31304951684997057,True,36,6.758324800479942e-11,0.001455408037912757,6.758324800479942e-11,0.0002910816075825514,validation,46,model_conditional_scenario_no_new_NHS_observations
RYF,South Western Ambulance Service NHS Foundation Trust,Ambulance Trusts,0.25,0.7,0.35,2.5,3329,4.312599288113916,4.413633180090506,0.31352312845909563,0.31304951684997057,False,36,2.2527502878606385e-22,0.0014116780954832814,2.2527502878606385e-22,0.0002823356190966563,validation,61,model_conditional_scenario_no_new_NHS_observations
RYG,Coventry and Warwickshire Partnership NHS Trust,"MH&LD, MH, LD&Community Trusts",0.25,0.7,0.35,2.5,2023,5.141790707081871,5.21432676592395,0.31382246452848844,0.31304951684997057,False,36,1.645693209065439e-07,0.0015523969309343896,1.645693209065439e-07,0.00031047938618687795,validation,23,model_conditional_scenario_no_new_NHS_observations
RYJ,Imperial College Healthcare NHS Trust,Acute&Acute Community Trusts,0.25,0.7,0.35,2.5,8648,5.041157508859828,4.96222743587602,0.31323328443063997,0.31304951684997057,False,36,0.0,0.0011142603085161806,0.0,0.00022285206170323614,validation,127,model_conditional_scenario_no_new_NHS_observations
RYR,University Hospitals Sussex NHS Foundation Trust,Acute&Acute Community Trusts,0.25,0.7,0.35,2.5,8266,4.940444545937948,4.9421795581248,0.3132417326344347,0.31304951684997057,False,36,8.912924166686232e-155,0.0013384722560440799,8.912924166686232e-155,0.000267694451208816,validation,77,model_conditional_scenario_no_new_NHS_observations
RYV,Cambridgeshire Community Services NHS Trust,Community Trusts,0.25,0.7,0.35,2.5,1466,5.351619011670061,5.226136290479787,0.3141077058789592,0.31304951684997057,False,36,6.733185080618584e-41,0.0008872031650843451,6.733185080618584e-41,0.00017744063301686902,validation,167,model_conditional_scenario_no_new_NHS_observations
RYW,Birmingham Community Healthcare NHS Foundation Trust,Community Trusts,0.25,0.7,0.35,2.5,3479,5.065094024883836,5.169978524947229,0.3135029596889279,0.31304951684997057,False,36,1.0457671373111739e-15,0.0014865606639499285,1.0457671373111739e-15,0.0002973121327899857,validation,37,model_conditional_scenario_no_new_NHS_observations
RYX,Central London Community Healthcare NHS Trust,Community Trusts,0.25,0.7,0.35,2.5,3243,5.293368715678552,5.215087782418087,0.3135355222795327,0.31304951684997057,False,36,7.026414762128851e-120,0.000984216925733136,7.026414762128851e-120,0.0001968433851466272,validation,153,model_conditional_scenario_no_new_NHS_observations
RYY,Kent Community Health NHS Foundation Trust,Community Trusts,0.25,0.7,0.35,2.5,3496,5.471020034607948,5.250225358722969,0.3135007817470738,0.31304951684997057,False,36,0.0,0.0006868282732632906,0.0,0.00013736565465265812,validation,187,model_conditional_scenario_no_new_NHS_observations
TAD,Bradford District Care NHS Foundation Trust,"MH&LD, MH, LD&Community Trusts",0.25,0.7,0.35,2.5,1689,5.329497592539193,5.251051232466506,0.31397148924437185,0.31304951684997057,False,36,2.1322126553304102e-26,0.001121139239910093,2.1322126553304102e-26,0.0002242278479820186,validation,125,model_conditional_scenario_no_new_NHS_observations
TAH,Sheffield Health and Social Care NHS Foundation Trust,"MH&LD, MH, LD&Community Trusts",0.25,0.7,0.35,2.5,1684,5.083478674010145,5.203010481304192,0.31397415797723593,0.31304951684997057,True,36,1.00498667903305e-06,0.001562461580518008,1.00498667903305e-06,0.0003124923161036016,validation,21,model_conditional_scenario_no_new_NHS_observations
TAJ,Black Country Healthcare NHS Foundation Trust,"MH&LD, MH, LD&Community Trusts",0.25,0.7,0.35,2.5,2526,4.959776905243845,5.178432931474,0.31367114574523425,0.31304951684997057,True,36,8.047489571213269e-30,0.0012584035159339977,8.047489571213269e-30,0.00025168070318679954,validation,89,model_conditional_scenario_no_new_NHS_observations
