scenario,weighted,kappa,validation_kappa,audit_cost,budget,units,k,policy,ordinary_count_mean,validation_count_mean,mean_estimate,reference,state
unweighted_uniform,False,0.0,0.0,2,48,48,9,uniform,40.36,0.0,8.536612231289945,8.35949741315595,01
unweighted_uniform,False,0.0,0.0,2,48,48,9,uniform,40.06,0.0,8.564710931336977,8.635873229939312,02
unweighted_uniform,False,0.0,0.0,2,48,48,9,uniform,41.1,0.0,8.554395205952787,8.519881085098477,04
unweighted_uniform,False,0.0,0.0,2,48,48,9,uniform,40.08,0.0,8.535043753650877,8.29320987654321,05
unweighted_uniform,False,0.0,0.0,2,48,48,9,uniform,40.5,0.0,8.545401109102524,8.431945521937767,06
unweighted_uniform,False,0.0,0.0,2,48,48,9,uniform,40.6,0.0,8.551810533119143,8.508233957978423,08
unweighted_uniform,False,0.0,0.0,2,48,48,9,uniform,40.84,0.0,8.555478467505335,8.553915436577434,09
unweighted_uniform,False,0.0,0.0,2,48,48,9,uniform,40.58,0.0,8.571232428780307,8.68655574679671,10
unweighted_uniform,False,0.0,0.0,2,48,48,9,uniform,40.24,0.0,8.577321786079235,8.715625586193958,11
unweighted_uniform,False,0.0,0.0,2,48,48,9,uniform,39.94,0.0,8.557069544771092,8.560529336304098,12
unweighted_uniform,False,0.0,0.0,2,48,48,9,uniform,40.64,0.0,8.546723504632196,8.443810730882975,13
unweighted_uniform,False,0.0,0.0,2,48,48,9,uniform,38.86,0.0,8.562744314515593,8.658482845451683,15
unweighted_uniform,False,0.0,0.0,2,48,48,9,uniform,40.46,0.0,8.554003627495337,8.519994162288384,16
unweighted_uniform,False,0.0,0.0,2,48,48,9,uniform,39.62,0.0,8.567689835786304,8.66492682427592,17
unweighted_uniform,False,0.0,0.0,2,48,48,9,uniform,40.18,0.0,8.54923265809745,8.485706993363962,18
unweighted_uniform,False,0.0,0.0,2,48,48,9,uniform,40.48,0.0,8.560810990198162,8.577984966753396,19
unweighted_uniform,False,0.0,0.0,2,48,48,9,uniform,39.76,0.0,8.554593168417238,8.534743722050223,20
unweighted_uniform,False,0.0,0.0,2,48,48,9,uniform,39.4,0.0,8.536432984655109,8.30594265577447,22
unweighted_uniform,False,0.0,0.0,2,48,48,9,uniform,40.88,0.0,8.560407503822109,8.594057633792733,23
unweighted_uniform,False,0.0,0.0,2,48,48,9,uniform,38.88,0.0,8.564976475512655,8.630635650276268,24
unweighted_uniform,False,0.0,0.0,2,48,48,9,uniform,39.82,0.0,8.569157683691227,8.637808611816821,25
unweighted_uniform,False,0.0,0.0,2,48,48,9,uniform,39.92,0.0,8.554067815493392,8.529325204961111,26
unweighted_uniform,False,0.0,0.0,2,48,48,9,uniform,40.32,0.0,8.565761173465702,8.632127728901924,27
unweighted_uniform,False,0.0,0.0,2,48,48,9,uniform,40.52,0.0,8.569785371020473,8.698599093531108,28
unweighted_uniform,False,0.0,0.0,2,48,48,9,uniform,39.42,0.0,8.54205336623635,8.384601691143747,29
unweighted_uniform,False,0.0,0.0,2,48,48,9,uniform,40.42,0.0,8.558891279661841,8.572748028227481,30
unweighted_uniform,False,0.0,0.0,2,48,48,9,uniform,40.72,0.0,8.584211792498383,8.814423125346226,31
unweighted_uniform,False,0.0,0.0,2,48,48,9,uniform,40.06,0.0,8.53342414606149,8.271645021645021,32
unweighted_uniform,False,0.0,0.0,2,48,48,9,uniform,38.82,0.0,8.578459312886757,8.757779437391088,33
unweighted_uniform,False,0.0,0.0,2,48,48,9,uniform,39.62,0.0,8.567532628539709,8.648255191607793,34
unweighted_uniform,False,0.0,0.0,2,48,48,9,uniform,40.58,0.0,8.533429524687165,8.344547053649956,35
unweighted_uniform,False,0.0,0.0,2,48,48,9,uniform,40.66,0.0,8.555504048152711,8.55199342375668,36
unweighted_uniform,False,0.0,0.0,2,48,48,9,uniform,39.7,0.0,8.551195602538147,8.525340283811179,37
unweighted_uniform,False,0.0,0.0,2,48,48,9,uniform,39.7,0.0,8.593111118799555,8.852889474840696,38
unweighted_uniform,False,0.0,0.0,2,48,48,9,uniform,40.18,0.0,8.55311079840688,8.497960372960375,39
unweighted_uniform,False,0.0,0.0,2,48,48,9,uniform,40.5,0.0,8.546425333872007,8.43805003460892,40
unweighted_uniform,False,0.0,0.0,2,48,48,9,uniform,39.4,0.0,8.52361435954009,8.179193899782135,41
unweighted_uniform,False,0.0,0.0,2,48,48,9,uniform,39.4,0.0,8.573710190013,8.715135738192634,44
unweighted_uniform,False,0.0,0.0,2,48,48,9,uniform,39.1,0.0,8.568032002746763,8.683043063859284,45
unweighted_uniform,False,0.0,0.0,2,48,48,9,uniform,40.18,0.0,8.581825439891352,8.805004409171076,46
unweighted_uniform,False,0.0,0.0,2,48,48,9,uniform,38.78,0.0,8.55105221116469,8.50069498069498,48
unweighted_uniform,False,0.0,0.0,2,48,48,9,uniform,39.6,0.0,8.546637748447056,8.465273829827554,49
unweighted_uniform,False,0.0,0.0,2,48,48,9,uniform,40.56,0.0,8.558672691641538,8.580938833570412,50
unweighted_uniform,False,0.0,0.0,2,48,48,9,uniform,39.48,0.0,8.560424219637785,8.594168096054887,51
unweighted_uniform,False,0.0,0.0,2,48,48,9,uniform,40.18,0.0,8.543872889919433,8.444160681032189,53
unweighted_uniform,False,0.0,0.0,2,48,48,9,uniform,39.74,0.0,8.535614007152196,8.267142457318778,54
unweighted_uniform,False,0.0,0.0,2,48,48,9,uniform,40.0,0.0,8.551262401930304,8.5075743170438,55
unweighted_uniform,False,0.0,0.0,2,48,48,9,uniform,39.16,0.0,8.565693431450327,8.636943744752307,56
unweighted_uniform,False,0.0,0.0,2,48,48,9,uniform_blind,40.36,0.0,8.536612231289945,8.35949741315595,01
unweighted_uniform,False,0.0,0.0,2,48,48,9,uniform_blind,40.06,0.0,8.564710931336977,8.635873229939312,02
unweighted_uniform,False,0.0,0.0,2,48,48,9,uniform_blind,41.1,0.0,8.554395205952787,8.519881085098477,04
unweighted_uniform,False,0.0,0.0,2,48,48,9,uniform_blind,40.08,0.0,8.535043753650877,8.29320987654321,05
unweighted_uniform,False,0.0,0.0,2,48,48,9,uniform_blind,40.5,0.0,8.545401109102524,8.431945521937767,06
unweighted_uniform,False,0.0,0.0,2,48,48,9,uniform_blind,40.6,0.0,8.551810533119143,8.508233957978423,08
unweighted_uniform,False,0.0,0.0,2,48,48,9,uniform_blind,40.84,0.0,8.555478467505335,8.553915436577434,09
unweighted_uniform,False,0.0,0.0,2,48,48,9,uniform_blind,40.58,0.0,8.571232428780307,8.68655574679671,10
unweighted_uniform,False,0.0,0.0,2,48,48,9,uniform_blind,40.24,0.0,8.577321786079235,8.715625586193958,11
unweighted_uniform,False,0.0,0.0,2,48,48,9,uniform_blind,39.94,0.0,8.557069544771092,8.560529336304098,12
unweighted_uniform,False,0.0,0.0,2,48,48,9,uniform_blind,40.64,0.0,8.546723504632196,8.443810730882975,13
unweighted_uniform,False,0.0,0.0,2,48,48,9,uniform_blind,38.86,0.0,8.562744314515593,8.658482845451683,15
unweighted_uniform,False,0.0,0.0,2,48,48,9,uniform_blind,40.46,0.0,8.554003627495337,8.519994162288384,16
unweighted_uniform,False,0.0,0.0,2,48,48,9,uniform_blind,39.62,0.0,8.567689835786304,8.66492682427592,17
unweighted_uniform,False,0.0,0.0,2,48,48,9,uniform_blind,40.18,0.0,8.54923265809745,8.485706993363962,18
unweighted_uniform,False,0.0,0.0,2,48,48,9,uniform_blind,40.48,0.0,8.560810990198162,8.577984966753396,19
unweighted_uniform,False,0.0,0.0,2,48,48,9,uniform_blind,39.76,0.0,8.554593168417238,8.534743722050223,20
unweighted_uniform,False,0.0,0.0,2,48,48,9,uniform_blind,39.4,0.0,8.536432984655109,8.30594265577447,22
unweighted_uniform,False,0.0,0.0,2,48,48,9,uniform_blind,40.88,0.0,8.560407503822109,8.594057633792733,23
unweighted_uniform,False,0.0,0.0,2,48,48,9,uniform_blind,38.88,0.0,8.564976475512655,8.630635650276268,24
unweighted_uniform,False,0.0,0.0,2,48,48,9,uniform_blind,39.82,0.0,8.569157683691227,8.637808611816821,25
unweighted_uniform,False,0.0,0.0,2,48,48,9,uniform_blind,39.92,0.0,8.554067815493392,8.529325204961111,26
unweighted_uniform,False,0.0,0.0,2,48,48,9,uniform_blind,40.32,0.0,8.565761173465702,8.632127728901924,27
unweighted_uniform,False,0.0,0.0,2,48,48,9,uniform_blind,40.52,0.0,8.569785371020473,8.698599093531108,28
unweighted_uniform,False,0.0,0.0,2,48,48,9,uniform_blind,39.42,0.0,8.54205336623635,8.384601691143747,29
unweighted_uniform,False,0.0,0.0,2,48,48,9,uniform_blind,40.42,0.0,8.558891279661841,8.572748028227481,30
unweighted_uniform,False,0.0,0.0,2,48,48,9,uniform_blind,40.72,0.0,8.584211792498383,8.814423125346226,31
unweighted_uniform,False,0.0,0.0,2,48,48,9,uniform_blind,40.06,0.0,8.53342414606149,8.271645021645021,32
unweighted_uniform,False,0.0,0.0,2,48,48,9,uniform_blind,38.82,0.0,8.578459312886757,8.757779437391088,33
unweighted_uniform,False,0.0,0.0,2,48,48,9,uniform_blind,39.62,0.0,8.567532628539709,8.648255191607793,34
unweighted_uniform,False,0.0,0.0,2,48,48,9,uniform_blind,40.58,0.0,8.533429524687165,8.344547053649956,35
unweighted_uniform,False,0.0,0.0,2,48,48,9,uniform_blind,40.66,0.0,8.555504048152711,8.55199342375668,36
unweighted_uniform,False,0.0,0.0,2,48,48,9,uniform_blind,39.7,0.0,8.551195602538147,8.525340283811179,37
unweighted_uniform,False,0.0,0.0,2,48,48,9,uniform_blind,39.7,0.0,8.593111118799555,8.852889474840696,38
unweighted_uniform,False,0.0,0.0,2,48,48,9,uniform_blind,40.18,0.0,8.55311079840688,8.497960372960375,39
unweighted_uniform,False,0.0,0.0,2,48,48,9,uniform_blind,40.5,0.0,8.546425333872007,8.43805003460892,40
unweighted_uniform,False,0.0,0.0,2,48,48,9,uniform_blind,39.4,0.0,8.52361435954009,8.179193899782135,41
unweighted_uniform,False,0.0,0.0,2,48,48,9,uniform_blind,39.4,0.0,8.573710190013,8.715135738192634,44
unweighted_uniform,False,0.0,0.0,2,48,48,9,uniform_blind,39.1,0.0,8.568032002746765,8.683043063859284,45
unweighted_uniform,False,0.0,0.0,2,48,48,9,uniform_blind,40.18,0.0,8.581825439891352,8.805004409171076,46
unweighted_uniform,False,0.0,0.0,2,48,48,9,uniform_blind,38.78,0.0,8.55105221116469,8.50069498069498,48
unweighted_uniform,False,0.0,0.0,2,48,48,9,uniform_blind,39.6,0.0,8.546637748447056,8.465273829827554,49
unweighted_uniform,False,0.0,0.0,2,48,48,9,uniform_blind,40.56,0.0,8.558672691641538,8.580938833570412,50
unweighted_uniform,False,0.0,0.0,2,48,48,9,uniform_blind,39.48,0.0,8.560424219637785,8.594168096054887,51
unweighted_uniform,False,0.0,0.0,2,48,48,9,uniform_blind,40.18,0.0,8.543872889919433,8.444160681032189,53
unweighted_uniform,False,0.0,0.0,2,48,48,9,uniform_blind,39.74,0.0,8.535614007152196,8.267142457318778,54
unweighted_uniform,False,0.0,0.0,2,48,48,9,uniform_blind,40.0,0.0,8.551262401930304,8.5075743170438,55
unweighted_uniform,False,0.0,0.0,2,48,48,9,uniform_blind,39.16,0.0,8.565693431450327,8.636943744752307,56
unweighted_uniform,False,0.0,0.0,2,48,48,9,uncertainty,40.0,0.0,8.537717641105793,8.35949741315595,01
unweighted_uniform,False,0.0,0.0,2,48,48,9,uncertainty,40.0,0.0,8.565488611570942,8.635873229939312,02
unweighted_uniform,False,0.0,0.0,2,48,48,9,uncertainty,40.0,0.0,8.555786203136613,8.519881085098477,04
unweighted_uniform,False,0.0,0.0,2,48,48,9,uncertainty,40.0,0.0,8.533727855773229,8.29320987654321,05
unweighted_uniform,False,0.0,0.0,2,48,48,9,uncertainty,40.0,0.0,8.546219952569318,8.431945521937767,06
unweighted_uniform,False,0.0,0.0,2,48,48,9,uncertainty,40.0,0.0,8.55266728576082,8.508233957978423,08
unweighted_uniform,False,0.0,0.0,2,48,48,9,uncertainty,40.0,0.0,8.555983271103848,8.553915436577434,09
unweighted_uniform,False,0.0,0.0,2,48,48,9,uncertainty,40.0,0.0,8.570905504002859,8.68655574679671,10
unweighted_uniform,False,0.0,0.0,2,48,48,9,uncertainty,40.0,0.0,8.578569280589605,8.715625586193958,11
unweighted_uniform,False,0.0,0.0,2,48,48,9,uncertainty,40.0,0.0,8.556997623328545,8.560529336304098,12
unweighted_uniform,False,0.0,0.0,2,48,48,9,uncertainty,40.0,0.0,8.546444101671979,8.443810730882975,13
unweighted_uniform,False,0.0,0.0,2,48,48,9,uncertainty,40.0,0.0,8.563716583971335,8.658482845451683,15
unweighted_uniform,False,0.0,0.0,2,48,48,9,uncertainty,40.0,0.0,8.5535155304471,8.519994162288384,16
unweighted_uniform,False,0.0,0.0,2,48,48,9,uncertainty,40.0,0.0,8.568904502613536,8.66492682427592,17
unweighted_uniform,False,0.0,0.0,2,48,48,9,uncertainty,40.0,0.0,8.549473414068636,8.485706993363962,18
unweighted_uniform,False,0.0,0.0,2,48,48,9,uncertainty,40.0,0.0,8.560448983978928,8.577984966753396,19
unweighted_uniform,False,0.0,0.0,2,48,48,9,uncertainty,40.0,0.0,8.555046846145567,8.534743722050223,20
unweighted_uniform,False,0.0,0.0,2,48,48,9,uncertainty,40.0,0.0,8.53671600586484,8.30594265577447,22
unweighted_uniform,False,0.0,0.0,2,48,48,9,uncertainty,40.0,0.0,8.560852085254174,8.594057633792733,23
unweighted_uniform,False,0.0,0.0,2,48,48,9,uncertainty,40.0,0.0,8.565767389434024,8.630635650276268,24
unweighted_uniform,False,0.0,0.0,2,48,48,9,uncertainty,40.0,0.0,8.56781458413134,8.637808611816821,25
unweighted_uniform,False,0.0,0.0,2,48,48,9,uncertainty,40.0,0.0,8.55479796541733,8.529325204961111,26
unweighted_uniform,False,0.0,0.0,2,48,48,9,uncertainty,40.0,0.0,8.565482460898798,8.632127728901924,27
unweighted_uniform,False,0.0,0.0,2,48,48,9,uncertainty,40.0,0.0,8.569091543840488,8.698599093531108,28
unweighted_uniform,False,0.0,0.0,2,48,48,9,uncertainty,40.0,0.0,8.541033774088232,8.384601691143747,29
unweighted_uniform,False,0.0,0.0,2,48,48,9,uncertainty,40.0,0.0,8.559120394420203,8.572748028227481,30
unweighted_uniform,False,0.0,0.0,2,48,48,9,uncertainty,40.0,0.0,8.58409377835786,8.814423125346226,31
unweighted_uniform,False,0.0,0.0,2,48,48,9,uncertainty,40.0,0.0,8.532278435749847,8.271645021645021,32
unweighted_uniform,False,0.0,0.0,2,48,48,9,uncertainty,40.0,0.0,8.579040568189884,8.757779437391088,33
unweighted_uniform,False,0.0,0.0,2,48,48,9,uncertainty,40.0,0.0,8.568572400784618,8.648255191607793,34
unweighted_uniform,False,0.0,0.0,2,48,48,9,uncertainty,40.0,0.0,8.533513852137963,8.344547053649956,35
unweighted_uniform,False,0.0,0.0,2,48,48,9,uncertainty,40.0,0.0,8.555285907593785,8.55199342375668,36
unweighted_uniform,False,0.0,0.0,2,48,48,9,uncertainty,40.0,0.0,8.551296260922989,8.525340283811179,37
unweighted_uniform,False,0.0,0.0,2,48,48,9,uncertainty,40.0,0.0,8.59432497448386,8.852889474840696,38
unweighted_uniform,False,0.0,0.0,2,48,48,9,uncertainty,40.0,0.0,8.552114619857399,8.497960372960375,39
unweighted_uniform,False,0.0,0.0,2,48,48,9,uncertainty,40.0,0.0,8.546255294490962,8.43805003460892,40
unweighted_uniform,False,0.0,0.0,2,48,48,9,uncertainty,40.0,0.0,8.5229687198196,8.179193899782135,41
unweighted_uniform,False,0.0,0.0,2,48,48,9,uncertainty,40.0,0.0,8.574122720079794,8.715135738192634,44
unweighted_uniform,False,0.0,0.0,2,48,48,9,uncertainty,40.0,0.0,8.569287221847004,8.683043063859284,45
unweighted_uniform,False,0.0,0.0,2,48,48,9,uncertainty,40.0,0.0,8.5823700518931,8.805004409171076,46
unweighted_uniform,False,0.0,0.0,2,48,48,9,uncertainty,40.0,0.0,8.550590709160456,8.50069498069498,48
unweighted_uniform,False,0.0,0.0,2,48,48,9,uncertainty,40.0,0.0,8.545668886346284,8.465273829827554,49
unweighted_uniform,False,0.0,0.0,2,48,48,9,uncertainty,40.0,0.0,8.55815409535911,8.580938833570412,50
unweighted_uniform,False,0.0,0.0,2,48,48,9,uncertainty,40.0,0.0,8.559911994460588,8.594168096054887,51
unweighted_uniform,False,0.0,0.0,2,48,48,9,uncertainty,40.0,0.0,8.54318585104828,8.444160681032189,53
unweighted_uniform,False,0.0,0.0,2,48,48,9,uncertainty,40.0,0.0,8.535581868351645,8.267142457318778,54
unweighted_uniform,False,0.0,0.0,2,48,48,9,uncertainty,40.0,0.0,8.550741050731968,8.5075743170438,55
unweighted_uniform,False,0.0,0.0,2,48,48,9,uncertainty,40.0,0.0,8.56614931661203,8.636943744752307,56
unweighted_uniform,False,0.0,0.0,2,48,48,9,boundary,44.6,0.0,8.53746182954263,8.35949741315595,01
unweighted_uniform,False,0.0,0.0,2,48,48,9,boundary,35.14,0.0,8.564636561362233,8.635873229939312,02
unweighted_uniform,False,0.0,0.0,2,48,48,9,boundary,41.22,0.0,8.55559090295179,8.519881085098477,04
unweighted_uniform,False,0.0,0.0,2,48,48,9,boundary,50.06,0.0,8.529974907278984,8.29320987654321,05
unweighted_uniform,False,0.0,0.0,2,48,48,9,boundary,42.64,0.0,8.547774710863159,8.431945521937767,06
unweighted_uniform,False,0.0,0.0,2,48,48,9,boundary,41.24,0.0,8.55376632271466,8.508233957978423,08
unweighted_uniform,False,0.0,0.0,2,48,48,9,boundary,39.16,0.0,8.557132366967759,8.553915436577434,09
unweighted_uniform,False,0.0,0.0,2,48,48,9,boundary,34.38,0.0,8.568981987618287,8.68655574679671,10
unweighted_uniform,False,0.0,0.0,2,48,48,9,boundary,29.16,0.0,8.573633860424303,8.715625586193958,11
unweighted_uniform,False,0.0,0.0,2,48,48,9,boundary,42.94,0.0,8.558215265283271,8.560529336304098,12
unweighted_uniform,False,0.0,0.0,2,48,48,9,boundary,42.86,0.0,8.546553564456374,8.443810730882975,13
unweighted_uniform,False,0.0,0.0,2,48,48,9,boundary,38.94,0.0,8.565155157497873,8.658482845451683,15
unweighted_uniform,False,0.0,0.0,2,48,48,9,boundary,42.76,0.0,8.553632596764935,8.519994162288384,16
unweighted_uniform,False,0.0,0.0,2,48,48,9,boundary,34.38,0.0,8.56749461580499,8.66492682427592,17
unweighted_uniform,False,0.0,0.0,2,48,48,9,boundary,42.56,0.0,8.55083946219042,8.485706993363962,18
unweighted_uniform,False,0.0,0.0,2,48,48,9,boundary,40.78,0.0,8.559790442740283,8.577984966753396,19
unweighted_uniform,False,0.0,0.0,2,48,48,9,boundary,40.6,0.0,8.55581513380367,8.534743722050223,20
unweighted_uniform,False,0.0,0.0,2,48,48,9,boundary,51.02,0.0,8.533619767042754,8.30594265577447,22
unweighted_uniform,False,0.0,0.0,2,48,48,9,boundary,38.74,0.0,8.559872008487309,8.594057633792733,23
unweighted_uniform,False,0.0,0.0,2,48,48,9,boundary,36.06,0.0,8.564978300552378,8.630635650276268,24
unweighted_uniform,False,0.0,0.0,2,48,48,9,boundary,34.9,0.0,8.566900956876092,8.637808611816821,25
unweighted_uniform,False,0.0,0.0,2,48,48,9,boundary,42.4,0.0,8.555248473591194,8.529325204961111,26
unweighted_uniform,False,0.0,0.0,2,48,48,9,boundary,34.78,0.0,8.565641980152577,8.632127728901924,27
unweighted_uniform,False,0.0,0.0,2,48,48,9,boundary,34.98,0.0,8.569273450034842,8.698599093531108,28
unweighted_uniform,False,0.0,0.0,2,48,48,9,boundary,49.78,0.0,8.54002696203041,8.384601691143747,29
unweighted_uniform,False,0.0,0.0,2,48,48,9,boundary,39.06,0.0,8.561565266381491,8.572748028227481,30
unweighted_uniform,False,0.0,0.0,2,48,48,9,boundary,29.82,0.0,8.579103021397934,8.814423125346226,31
unweighted_uniform,False,0.0,0.0,2,48,48,9,boundary,54.14,0.0,8.526308777861193,8.271645021645021,32
unweighted_uniform,False,0.0,0.0,2,48,48,9,boundary,30.9,0.0,8.575584755729276,8.757779437391088,33
unweighted_uniform,False,0.0,0.0,2,48,48,9,boundary,33.52,0.0,8.56763681853129,8.648255191607793,34
unweighted_uniform,False,0.0,0.0,2,48,48,9,boundary,42.88,0.0,8.532898248397448,8.344547053649956,35
unweighted_uniform,False,0.0,0.0,2,48,48,9,boundary,37.92,0.0,8.557730704242626,8.55199342375668,36
unweighted_uniform,False,0.0,0.0,2,48,48,9,boundary,41.64,0.0,8.552699771544146,8.525340283811179,37
unweighted_uniform,False,0.0,0.0,2,48,48,9,boundary,27.56,0.0,8.583646408570566,8.852889474840696,38
unweighted_uniform,False,0.0,0.0,2,48,48,9,boundary,41.26,0.0,8.554107312956127,8.497960372960375,39
unweighted_uniform,False,0.0,0.0,2,48,48,9,boundary,44.04,0.0,8.547912170328516,8.43805003460892,40
unweighted_uniform,False,0.0,0.0,2,48,48,9,boundary,52.76,0.0,8.514499040938244,8.179193899782135,41
unweighted_uniform,False,0.0,0.0,2,48,48,9,boundary,32.68,0.0,8.572693158320421,8.715135738192634,44
unweighted_uniform,False,0.0,0.0,2,48,48,9,boundary,34.66,0.0,8.56859512933244,8.683043063859284,45
unweighted_uniform,False,0.0,0.0,2,48,48,9,boundary,31.06,0.0,8.577265071191748,8.805004409171076,46
unweighted_uniform,False,0.0,0.0,2,48,48,9,boundary,41.36,0.0,8.553548634922226,8.50069498069498,48
unweighted_uniform,False,0.0,0.0,2,48,48,9,boundary,45.28,0.0,8.546440394154056,8.465273829827554,49
unweighted_uniform,False,0.0,0.0,2,48,48,9,boundary,36.48,0.0,8.55929571943164,8.580938833570412,50
unweighted_uniform,False,0.0,0.0,2,48,48,9,boundary,37.76,0.0,8.561211086614458,8.594168096054887,51
unweighted_uniform,False,0.0,0.0,2,48,48,9,boundary,42.8,0.0,8.5444004000509,8.444160681032189,53
unweighted_uniform,False,0.0,0.0,2,48,48,9,boundary,60.28,0.0,8.528391564606425,8.267142457318778,54
unweighted_uniform,False,0.0,0.0,2,48,48,9,boundary,41.78,0.0,8.553140655917558,8.5075743170438,55
unweighted_uniform,False,0.0,0.0,2,48,48,9,boundary,34.28,0.0,8.566652740467886,8.636943744752307,56
unweighted_uniform,False,0.0,0.0,2,48,48,9,bias_blind_kg,43.98,0.0,8.537961721879475,8.35949741315595,01
unweighted_uniform,False,0.0,0.0,2,48,48,9,bias_blind_kg,37.5,0.0,8.565430217727252,8.635873229939312,02
unweighted_uniform,False,0.0,0.0,2,48,48,9,bias_blind_kg,42.88,0.0,8.555397826379297,8.519881085098477,04
unweighted_uniform,False,0.0,0.0,2,48,48,9,bias_blind_kg,43.48,0.0,8.532885796288465,8.29320987654321,05
unweighted_uniform,False,0.0,0.0,2,48,48,9,bias_blind_kg,43.2,0.0,8.547686092078507,8.431945521937767,06
unweighted_uniform,False,0.0,0.0,2,48,48,9,bias_blind_kg,43.6,0.0,8.553140626501275,8.508233957978423,08
unweighted_uniform,False,0.0,0.0,2,48,48,9,bias_blind_kg,40.74,0.0,8.557813466238175,8.553915436577434,09
unweighted_uniform,False,0.0,0.0,2,48,48,9,bias_blind_kg,35.26,0.0,8.56982322591766,8.68655574679671,10
unweighted_uniform,False,0.0,0.0,2,48,48,9,bias_blind_kg,35.02,0.0,8.57678895862818,8.715625586193958,11
unweighted_uniform,False,0.0,0.0,2,48,48,9,bias_blind_kg,39.14,0.0,8.557828405040233,8.560529336304098,12
unweighted_uniform,False,0.0,0.0,2,48,48,9,bias_blind_kg,43.6,0.0,8.546724498606535,8.443810730882975,13
unweighted_uniform,False,0.0,0.0,2,48,48,9,bias_blind_kg,40.64,0.0,8.565960450194162,8.658482845451683,15
unweighted_uniform,False,0.0,0.0,2,48,48,9,bias_blind_kg,40.8,0.0,8.554615365889955,8.519994162288384,16
unweighted_uniform,False,0.0,0.0,2,48,48,9,bias_blind_kg,34.66,0.0,8.568272899588118,8.66492682427592,17
unweighted_uniform,False,0.0,0.0,2,48,48,9,bias_blind_kg,42.12,0.0,8.55160989151341,8.485706993363962,18
unweighted_uniform,False,0.0,0.0,2,48,48,9,bias_blind_kg,40.16,0.0,8.559074463070589,8.577984966753396,19
unweighted_uniform,False,0.0,0.0,2,48,48,9,bias_blind_kg,40.74,0.0,8.554596555435793,8.534743722050223,20
unweighted_uniform,False,0.0,0.0,2,48,48,9,bias_blind_kg,43.9,0.0,8.535769910482195,8.30594265577447,22
unweighted_uniform,False,0.0,0.0,2,48,48,9,bias_blind_kg,39.32,0.0,8.560150066156245,8.594057633792733,23
unweighted_uniform,False,0.0,0.0,2,48,48,9,bias_blind_kg,39.58,0.0,8.565929657252672,8.630635650276268,24
unweighted_uniform,False,0.0,0.0,2,48,48,9,bias_blind_kg,37.14,0.0,8.567767442233693,8.637808611816821,25
unweighted_uniform,False,0.0,0.0,2,48,48,9,bias_blind_kg,41.16,0.0,8.555602309204827,8.529325204961111,26
unweighted_uniform,False,0.0,0.0,2,48,48,9,bias_blind_kg,39.24,0.0,8.566607819410438,8.632127728901924,27
unweighted_uniform,False,0.0,0.0,2,48,48,9,bias_blind_kg,33.4,0.0,8.568458508824982,8.698599093531108,28
unweighted_uniform,False,0.0,0.0,2,48,48,9,bias_blind_kg,43.52,0.0,8.541972084864708,8.384601691143747,29
unweighted_uniform,False,0.0,0.0,2,48,48,9,bias_blind_kg,39.04,0.0,8.561222794346333,8.572748028227481,30
unweighted_uniform,False,0.0,0.0,2,48,48,9,bias_blind_kg,32.54,0.0,8.580694398744486,8.814423125346226,31
unweighted_uniform,False,0.0,0.0,2,48,48,9,bias_blind_kg,46.42,0.0,8.529396299245896,8.271645021645021,32
unweighted_uniform,False,0.0,0.0,2,48,48,9,bias_blind_kg,32.68,0.0,8.576716971853365,8.757779437391088,33
unweighted_uniform,False,0.0,0.0,2,48,48,9,bias_blind_kg,36.2,0.0,8.56862680373424,8.648255191607793,34
unweighted_uniform,False,0.0,0.0,2,48,48,9,bias_blind_kg,45.12,0.0,8.531089577141197,8.344547053649956,35
unweighted_uniform,False,0.0,0.0,2,48,48,9,bias_blind_kg,41.44,0.0,8.557481402537663,8.55199342375668,36
unweighted_uniform,False,0.0,0.0,2,48,48,9,bias_blind_kg,41.12,0.0,8.552327029408552,8.525340283811179,37
unweighted_uniform,False,0.0,0.0,2,48,48,9,bias_blind_kg,30.54,0.0,8.586692987031444,8.852889474840696,38
unweighted_uniform,False,0.0,0.0,2,48,48,9,bias_blind_kg,41.54,0.0,8.553197352083188,8.497960372960375,39
unweighted_uniform,False,0.0,0.0,2,48,48,9,bias_blind_kg,41.6,0.0,8.548848911284185,8.43805003460892,40
unweighted_uniform,False,0.0,0.0,2,48,48,9,bias_blind_kg,49.52,0.0,8.517122797618248,8.179193899782135,41
unweighted_uniform,False,0.0,0.0,2,48,48,9,bias_blind_kg,35.84,0.0,8.574188057743402,8.715135738192634,44
unweighted_uniform,False,0.0,0.0,2,48,48,9,bias_blind_kg,35.56,0.0,8.569554112505566,8.683043063859284,45
unweighted_uniform,False,0.0,0.0,2,48,48,9,bias_blind_kg,32.6,0.0,8.577879199919934,8.805004409171076,46
unweighted_uniform,False,0.0,0.0,2,48,48,9,bias_blind_kg,42.02,0.0,8.553992170944573,8.50069498069498,48
unweighted_uniform,False,0.0,0.0,2,48,48,9,bias_blind_kg,45.24,0.0,8.546713045347593,8.465273829827554,49
unweighted_uniform,False,0.0,0.0,2,48,48,9,bias_blind_kg,41.06,0.0,8.559713856838437,8.580938833570412,50
unweighted_uniform,False,0.0,0.0,2,48,48,9,bias_blind_kg,39.4,0.0,8.561408928060624,8.594168096054887,51
unweighted_uniform,False,0.0,0.0,2,48,48,9,bias_blind_kg,46.22,0.0,8.544320441456483,8.444160681032189,53
unweighted_uniform,False,0.0,0.0,2,48,48,9,bias_blind_kg,40.34,0.0,8.53644718216547,8.267142457318778,54
unweighted_uniform,False,0.0,0.0,2,48,48,9,bias_blind_kg,42.64,0.0,8.553448969629827,8.5075743170438,55
unweighted_uniform,False,0.0,0.0,2,48,48,9,bias_blind_kg,36.54,0.0,8.567407555434022,8.636943744752307,56
unweighted_uniform,False,0.0,0.0,2,48,48,9,ordinary_kg,43.98,0.0,8.537961721879475,8.35949741315595,01
unweighted_uniform,False,0.0,0.0,2,48,48,9,ordinary_kg,37.5,0.0,8.565430217727252,8.635873229939312,02
unweighted_uniform,False,0.0,0.0,2,48,48,9,ordinary_kg,42.88,0.0,8.555397826379297,8.519881085098477,04
unweighted_uniform,False,0.0,0.0,2,48,48,9,ordinary_kg,43.48,0.0,8.532885796288465,8.29320987654321,05
unweighted_uniform,False,0.0,0.0,2,48,48,9,ordinary_kg,43.2,0.0,8.547686092078507,8.431945521937767,06
unweighted_uniform,False,0.0,0.0,2,48,48,9,ordinary_kg,43.6,0.0,8.553140626501275,8.508233957978423,08
unweighted_uniform,False,0.0,0.0,2,48,48,9,ordinary_kg,40.74,0.0,8.557813466238175,8.553915436577434,09
unweighted_uniform,False,0.0,0.0,2,48,48,9,ordinary_kg,35.26,0.0,8.56982322591766,8.68655574679671,10
unweighted_uniform,False,0.0,0.0,2,48,48,9,ordinary_kg,35.02,0.0,8.57678895862818,8.715625586193958,11
unweighted_uniform,False,0.0,0.0,2,48,48,9,ordinary_kg,39.14,0.0,8.557828405040233,8.560529336304098,12
unweighted_uniform,False,0.0,0.0,2,48,48,9,ordinary_kg,43.6,0.0,8.546724498606535,8.443810730882975,13
unweighted_uniform,False,0.0,0.0,2,48,48,9,ordinary_kg,40.64,0.0,8.565960450194162,8.658482845451683,15
unweighted_uniform,False,0.0,0.0,2,48,48,9,ordinary_kg,40.8,0.0,8.554615365889955,8.519994162288384,16
unweighted_uniform,False,0.0,0.0,2,48,48,9,ordinary_kg,34.66,0.0,8.568272899588118,8.66492682427592,17
unweighted_uniform,False,0.0,0.0,2,48,48,9,ordinary_kg,42.12,0.0,8.55160989151341,8.485706993363962,18
unweighted_uniform,False,0.0,0.0,2,48,48,9,ordinary_kg,40.16,0.0,8.559074463070589,8.577984966753396,19
unweighted_uniform,False,0.0,0.0,2,48,48,9,ordinary_kg,40.74,0.0,8.554596555435793,8.534743722050223,20
unweighted_uniform,False,0.0,0.0,2,48,48,9,ordinary_kg,43.9,0.0,8.535769910482195,8.30594265577447,22
unweighted_uniform,False,0.0,0.0,2,48,48,9,ordinary_kg,39.32,0.0,8.560150066156245,8.594057633792733,23
unweighted_uniform,False,0.0,0.0,2,48,48,9,ordinary_kg,39.58,0.0,8.565929657252672,8.630635650276268,24
unweighted_uniform,False,0.0,0.0,2,48,48,9,ordinary_kg,37.14,0.0,8.567767442233693,8.637808611816821,25
unweighted_uniform,False,0.0,0.0,2,48,48,9,ordinary_kg,41.16,0.0,8.555602309204827,8.529325204961111,26
unweighted_uniform,False,0.0,0.0,2,48,48,9,ordinary_kg,39.24,0.0,8.566607819410438,8.632127728901924,27
unweighted_uniform,False,0.0,0.0,2,48,48,9,ordinary_kg,33.4,0.0,8.568458508824982,8.698599093531108,28
unweighted_uniform,False,0.0,0.0,2,48,48,9,ordinary_kg,43.52,0.0,8.541972084864708,8.384601691143747,29
unweighted_uniform,False,0.0,0.0,2,48,48,9,ordinary_kg,39.04,0.0,8.561222794346333,8.572748028227481,30
unweighted_uniform,False,0.0,0.0,2,48,48,9,ordinary_kg,32.54,0.0,8.580694398744486,8.814423125346226,31
unweighted_uniform,False,0.0,0.0,2,48,48,9,ordinary_kg,46.42,0.0,8.529396299245896,8.271645021645021,32
unweighted_uniform,False,0.0,0.0,2,48,48,9,ordinary_kg,32.68,0.0,8.576716971853365,8.757779437391088,33
unweighted_uniform,False,0.0,0.0,2,48,48,9,ordinary_kg,36.2,0.0,8.568626803734238,8.648255191607793,34
unweighted_uniform,False,0.0,0.0,2,48,48,9,ordinary_kg,45.12,0.0,8.531089577141197,8.344547053649956,35
unweighted_uniform,False,0.0,0.0,2,48,48,9,ordinary_kg,41.44,0.0,8.557481402537663,8.55199342375668,36
unweighted_uniform,False,0.0,0.0,2,48,48,9,ordinary_kg,41.12,0.0,8.552327029408552,8.525340283811179,37
unweighted_uniform,False,0.0,0.0,2,48,48,9,ordinary_kg,30.54,0.0,8.586692987031444,8.852889474840696,38
unweighted_uniform,False,0.0,0.0,2,48,48,9,ordinary_kg,41.54,0.0,8.553197352083188,8.497960372960375,39
unweighted_uniform,False,0.0,0.0,2,48,48,9,ordinary_kg,41.6,0.0,8.548848911284185,8.43805003460892,40
unweighted_uniform,False,0.0,0.0,2,48,48,9,ordinary_kg,49.52,0.0,8.517122797618248,8.179193899782135,41
unweighted_uniform,False,0.0,0.0,2,48,48,9,ordinary_kg,35.84,0.0,8.574188057743402,8.715135738192634,44
unweighted_uniform,False,0.0,0.0,2,48,48,9,ordinary_kg,35.56,0.0,8.569554112505566,8.683043063859284,45
unweighted_uniform,False,0.0,0.0,2,48,48,9,ordinary_kg,32.6,0.0,8.577879199919934,8.805004409171076,46
unweighted_uniform,False,0.0,0.0,2,48,48,9,ordinary_kg,42.02,0.0,8.553992170944571,8.50069498069498,48
unweighted_uniform,False,0.0,0.0,2,48,48,9,ordinary_kg,45.24,0.0,8.546713045347593,8.465273829827554,49
unweighted_uniform,False,0.0,0.0,2,48,48,9,ordinary_kg,41.06,0.0,8.559713856838437,8.580938833570412,50
unweighted_uniform,False,0.0,0.0,2,48,48,9,ordinary_kg,39.4,0.0,8.561408928060624,8.594168096054887,51
unweighted_uniform,False,0.0,0.0,2,48,48,9,ordinary_kg,46.22,0.0,8.544320441456483,8.444160681032189,53
unweighted_uniform,False,0.0,0.0,2,48,48,9,ordinary_kg,40.34,0.0,8.53644718216547,8.267142457318778,54
unweighted_uniform,False,0.0,0.0,2,48,48,9,ordinary_kg,42.64,0.0,8.553448969629827,8.5075743170438,55
unweighted_uniform,False,0.0,0.0,2,48,48,9,ordinary_kg,36.54,0.0,8.567407555434022,8.636943744752307,56
unweighted_uniform,False,0.0,0.0,2,48,48,9,two_channel_uniform,27.32,6.76,8.541427817899981,8.35949741315595,01
unweighted_uniform,False,0.0,0.0,2,48,48,9,two_channel_uniform,26.94,6.74,8.563489187233321,8.635873229939312,02
unweighted_uniform,False,0.0,0.0,2,48,48,9,two_channel_uniform,27.06,6.2,8.555372729119583,8.519881085098477,04
unweighted_uniform,False,0.0,0.0,2,48,48,9,two_channel_uniform,27.04,7.1,8.53847323620889,8.29320987654321,05
unweighted_uniform,False,0.0,0.0,2,48,48,9,two_channel_uniform,27.08,6.38,8.54714683686606,8.431945521937767,06
unweighted_uniform,False,0.0,0.0,2,48,48,9,two_channel_uniform,26.82,7.24,8.552886448675295,8.508233957978423,08
unweighted_uniform,False,0.0,0.0,2,48,48,9,two_channel_uniform,27.72,6.2,8.556362807603355,8.553915436577434,09
unweighted_uniform,False,0.0,0.0,2,48,48,9,two_channel_uniform,27.06,6.18,8.568357006803023,8.68655574679671,10
unweighted_uniform,False,0.0,0.0,2,48,48,9,two_channel_uniform,27.04,6.7,8.575378791822706,8.715625586193958,11
unweighted_uniform,False,0.0,0.0,2,48,48,9,two_channel_uniform,26.82,6.66,8.557815908127415,8.560529336304098,12
unweighted_uniform,False,0.0,0.0,2,48,48,9,two_channel_uniform,27.24,5.94,8.547877131087047,8.443810730882975,13
unweighted_uniform,False,0.0,0.0,2,48,48,9,two_channel_uniform,26.42,6.4,8.561597202281943,8.658482845451683,15
unweighted_uniform,False,0.0,0.0,2,48,48,9,two_channel_uniform,26.74,6.6,8.554237493565891,8.519994162288384,16
unweighted_uniform,False,0.0,0.0,2,48,48,9,two_channel_uniform,26.28,6.86,8.566451337888445,8.66492682427592,17
unweighted_uniform,False,0.0,0.0,2,48,48,9,two_channel_uniform,26.88,5.82,8.551095409129168,8.485706993363962,18
unweighted_uniform,False,0.0,0.0,2,48,48,9,two_channel_uniform,26.86,6.3,8.557745903085442,8.577984966753396,19
unweighted_uniform,False,0.0,0.0,2,48,48,9,two_channel_uniform,26.84,7.02,8.554358700565489,8.534743722050223,20
unweighted_uniform,False,0.0,0.0,2,48,48,9,two_channel_uniform,26.44,6.82,8.537947272056506,8.30594265577447,22
unweighted_uniform,False,0.0,0.0,2,48,48,9,two_channel_uniform,26.48,6.66,8.559443483859246,8.594057633792733,23
unweighted_uniform,False,0.0,0.0,2,48,48,9,two_channel_uniform,26.36,6.58,8.564250671457916,8.630635650276268,24
unweighted_uniform,False,0.0,0.0,2,48,48,9,two_channel_uniform,27.26,6.4,8.566562325226368,8.637808611816821,25
unweighted_uniform,False,0.0,0.0,2,48,48,9,two_channel_uniform,26.98,6.56,8.554337622919926,8.529325204961111,26
unweighted_uniform,False,0.0,0.0,2,48,48,9,two_channel_uniform,26.56,6.86,8.56427622257894,8.632127728901924,27
unweighted_uniform,False,0.0,0.0,2,48,48,9,two_channel_uniform,27.24,6.48,8.566383017243082,8.698599093531108,28
unweighted_uniform,False,0.0,0.0,2,48,48,9,two_channel_uniform,26.34,6.3,8.543927303980634,8.384601691143747,29
unweighted_uniform,False,0.0,0.0,2,48,48,9,two_channel_uniform,27.0,6.3,8.558162721718643,8.572748028227481,30
unweighted_uniform,False,0.0,0.0,2,48,48,9,two_channel_uniform,26.96,6.42,8.579558407318727,8.814423125346226,31
unweighted_uniform,False,0.0,0.0,2,48,48,9,two_channel_uniform,26.84,7.46,8.53626688492667,8.271645021645021,32
unweighted_uniform,False,0.0,0.0,2,48,48,9,two_channel_uniform,26.16,6.78,8.575000623571217,8.757779437391088,33
unweighted_uniform,False,0.0,0.0,2,48,48,9,two_channel_uniform,26.88,6.68,8.566039808263945,8.648255191607793,34
unweighted_uniform,False,0.0,0.0,2,48,48,9,two_channel_uniform,27.6,7.14,8.535736713106134,8.344547053649956,35
unweighted_uniform,False,0.0,0.0,2,48,48,9,two_channel_uniform,26.58,6.26,8.554821185911864,8.55199342375668,36
unweighted_uniform,False,0.0,0.0,2,48,48,9,two_channel_uniform,26.58,6.78,8.5529962742097,8.525340283811179,37
unweighted_uniform,False,0.0,0.0,2,48,48,9,two_channel_uniform,27.28,6.6,8.587443155728065,8.852889474840696,38
unweighted_uniform,False,0.0,0.0,2,48,48,9,two_channel_uniform,27.56,6.28,8.552862087076418,8.497960372960375,39
unweighted_uniform,False,0.0,0.0,2,48,48,9,two_channel_uniform,26.82,6.72,8.547357925564102,8.43805003460892,40
unweighted_uniform,False,0.0,0.0,2,48,48,9,two_channel_uniform,26.74,6.08,8.52844188326043,8.179193899782135,41
unweighted_uniform,False,0.0,0.0,2,48,48,9,two_channel_uniform,26.8,7.08,8.57125600887239,8.715135738192634,44
unweighted_uniform,False,0.0,0.0,2,48,48,9,two_channel_uniform,26.62,6.66,8.566361647875478,8.683043063859284,45
unweighted_uniform,False,0.0,0.0,2,48,48,9,two_channel_uniform,27.12,6.52,8.578729502097044,8.805004409171076,46
unweighted_uniform,False,0.0,0.0,2,48,48,9,two_channel_uniform,26.4,6.54,8.55277539378476,8.50069498069498,48
unweighted_uniform,False,0.0,0.0,2,48,48,9,two_channel_uniform,26.58,6.46,8.547497766124359,8.465273829827554,49
unweighted_uniform,False,0.0,0.0,2,48,48,9,two_channel_uniform,26.9,6.84,8.557914854788603,8.580938833570412,50
unweighted_uniform,False,0.0,0.0,2,48,48,9,two_channel_uniform,26.74,6.24,8.56055964789136,8.594168096054887,51
unweighted_uniform,False,0.0,0.0,2,48,48,9,two_channel_uniform,26.88,6.5,8.545976523524423,8.444160681032189,53
unweighted_uniform,False,0.0,0.0,2,48,48,9,two_channel_uniform,26.68,6.92,8.539326844416882,8.267142457318778,54
unweighted_uniform,False,0.0,0.0,2,48,48,9,two_channel_uniform,26.8,6.54,8.552210416129663,8.5075743170438,55
unweighted_uniform,False,0.0,0.0,2,48,48,9,two_channel_uniform,26.42,6.06,8.565712486332577,8.636943744752307,56
unweighted_uniform,False,0.0,0.0,2,48,48,9,balanced_mix,30.26,4.52,8.540608640332339,8.35949741315595,01
unweighted_uniform,False,0.0,0.0,2,48,48,9,balanced_mix,29.56,5.5,8.562260678453914,8.635873229939312,02
unweighted_uniform,False,0.0,0.0,2,48,48,9,balanced_mix,30.24,4.6,8.556174021609412,8.519881085098477,04
unweighted_uniform,False,0.0,0.0,2,48,48,9,balanced_mix,29.9,5.42,8.537918881302858,8.29320987654321,05
unweighted_uniform,False,0.0,0.0,2,48,48,9,balanced_mix,29.74,4.64,8.547128883638011,8.431945521937767,06
unweighted_uniform,False,0.0,0.0,2,48,48,9,balanced_mix,29.26,4.9,8.554090996535487,8.508233957978423,08
unweighted_uniform,False,0.0,0.0,2,48,48,9,balanced_mix,29.94,5.06,8.554987494917388,8.553915436577434,09
unweighted_uniform,False,0.0,0.0,2,48,48,9,balanced_mix,30.68,5.36,8.56914236230138,8.68655574679671,10
unweighted_uniform,False,0.0,0.0,2,48,48,9,balanced_mix,30.16,4.64,8.576320903605124,8.715625586193958,11
unweighted_uniform,False,0.0,0.0,2,48,48,9,balanced_mix,30.1,5.1,8.556919131391696,8.560529336304098,12
unweighted_uniform,False,0.0,0.0,2,48,48,9,balanced_mix,30.2,4.8,8.548062229027103,8.443810730882975,13
unweighted_uniform,False,0.0,0.0,2,48,48,9,balanced_mix,29.68,5.04,8.561998980616865,8.658482845451683,15
unweighted_uniform,False,0.0,0.0,2,48,48,9,balanced_mix,30.12,4.92,8.554663233088991,8.519994162288384,16
unweighted_uniform,False,0.0,0.0,2,48,48,9,balanced_mix,30.28,5.46,8.56752044770374,8.66492682427592,17
unweighted_uniform,False,0.0,0.0,2,48,48,9,balanced_mix,29.94,5.0,8.550695961993016,8.485706993363962,18
unweighted_uniform,False,0.0,0.0,2,48,48,9,balanced_mix,29.82,5.08,8.558610567848703,8.577984966753396,19
unweighted_uniform,False,0.0,0.0,2,48,48,9,balanced_mix,29.92,5.24,8.555140943871091,8.534743722050223,20
unweighted_uniform,False,0.0,0.0,2,48,48,9,balanced_mix,30.24,4.64,8.53880391738191,8.30594265577447,22
unweighted_uniform,False,0.0,0.0,2,48,48,9,balanced_mix,30.82,4.52,8.559715575556373,8.594057633792733,23
unweighted_uniform,False,0.0,0.0,2,48,48,9,balanced_mix,29.82,5.24,8.564054902092957,8.630635650276268,24
unweighted_uniform,False,0.0,0.0,2,48,48,9,balanced_mix,29.66,4.62,8.567055182220686,8.637808611816821,25
unweighted_uniform,False,0.0,0.0,2,48,48,9,balanced_mix,29.18,4.7,8.554540416725246,8.529325204961111,26
unweighted_uniform,False,0.0,0.0,2,48,48,9,balanced_mix,30.48,4.64,8.563393452008542,8.632127728901924,27
unweighted_uniform,False,0.0,0.0,2,48,48,9,balanced_mix,30.26,4.74,8.566840762473865,8.698599093531108,28
unweighted_uniform,False,0.0,0.0,2,48,48,9,balanced_mix,29.74,5.16,8.542990922540596,8.384601691143747,29
unweighted_uniform,False,0.0,0.0,2,48,48,9,balanced_mix,29.28,5.08,8.559189260846175,8.572748028227481,30
unweighted_uniform,False,0.0,0.0,2,48,48,9,balanced_mix,29.96,4.38,8.58054412459834,8.814423125346226,31
unweighted_uniform,False,0.0,0.0,2,48,48,9,balanced_mix,30.02,5.08,8.535290230664915,8.271645021645021,32
unweighted_uniform,False,0.0,0.0,2,48,48,9,balanced_mix,30.08,4.84,8.576644220887097,8.757779437391088,33
unweighted_uniform,False,0.0,0.0,2,48,48,9,balanced_mix,29.04,5.04,8.566895762314893,8.648255191607793,34
unweighted_uniform,False,0.0,0.0,2,48,48,9,balanced_mix,30.98,5.66,8.535977951891432,8.344547053649956,35
unweighted_uniform,False,0.0,0.0,2,48,48,9,balanced_mix,30.36,4.66,8.555067059480894,8.55199342375668,36
unweighted_uniform,False,0.0,0.0,2,48,48,9,balanced_mix,29.98,5.1,8.552459431293597,8.525340283811179,37
unweighted_uniform,False,0.0,0.0,2,48,48,9,balanced_mix,30.48,5.24,8.589402125478973,8.852889474840696,38
unweighted_uniform,False,0.0,0.0,2,48,48,9,balanced_mix,30.84,5.48,8.552597321939698,8.497960372960375,39
unweighted_uniform,False,0.0,0.0,2,48,48,9,balanced_mix,30.52,5.02,8.548411240783246,8.43805003460892,40
unweighted_uniform,False,0.0,0.0,2,48,48,9,balanced_mix,29.94,5.14,8.526948345634787,8.179193899782135,41
unweighted_uniform,False,0.0,0.0,2,48,48,9,balanced_mix,29.48,4.54,8.570944829504473,8.715135738192634,44
unweighted_uniform,False,0.0,0.0,2,48,48,9,balanced_mix,31.02,5.04,8.567875306326892,8.683043063859284,45
unweighted_uniform,False,0.0,0.0,2,48,48,9,balanced_mix,30.1,4.9,8.580382306483093,8.805004409171076,46
unweighted_uniform,False,0.0,0.0,2,48,48,9,balanced_mix,29.5,5.02,8.551733515805685,8.50069498069498,48
unweighted_uniform,False,0.0,0.0,2,48,48,9,balanced_mix,30.16,4.98,8.54634611804606,8.465273829827554,49
unweighted_uniform,False,0.0,0.0,2,48,48,9,balanced_mix,29.86,4.76,8.558307188577313,8.580938833570412,50
unweighted_uniform,False,0.0,0.0,2,48,48,9,balanced_mix,29.92,5.3,8.558290042494564,8.594168096054887,51
unweighted_uniform,False,0.0,0.0,2,48,48,9,balanced_mix,29.36,5.2,8.546396535754857,8.444160681032189,53
unweighted_uniform,False,0.0,0.0,2,48,48,9,balanced_mix,30.14,5.52,8.538970705374853,8.267142457318778,54
unweighted_uniform,False,0.0,0.0,2,48,48,9,balanced_mix,30.84,4.46,8.552292379367405,8.5075743170438,55
unweighted_uniform,False,0.0,0.0,2,48,48,9,balanced_mix,30.38,4.9,8.56542650341571,8.636943744752307,56
unweighted_uniform,False,0.0,0.0,2,48,48,9,validation_only,20.0,10.86,8.543149526928955,8.35949741315595,01
unweighted_uniform,False,0.0,0.0,2,48,48,9,validation_only,20.0,9.72,8.562362107803143,8.635873229939312,02
unweighted_uniform,False,0.0,0.0,2,48,48,9,validation_only,20.0,9.78,8.554670555402344,8.519881085098477,04
unweighted_uniform,False,0.0,0.0,2,48,48,9,validation_only,20.0,10.0,8.54152441247163,8.29320987654321,05
unweighted_uniform,False,0.0,0.0,2,48,48,9,validation_only,20.0,10.22,8.547408393665359,8.431945521937767,06
unweighted_uniform,False,0.0,0.0,2,48,48,9,validation_only,20.0,10.92,8.553391958529,8.508233957978423,08
unweighted_uniform,False,0.0,0.0,2,48,48,9,validation_only,20.0,9.92,8.556732846020273,8.553915436577434,09
unweighted_uniform,False,0.0,0.0,2,48,48,9,validation_only,20.0,9.86,8.568167716317355,8.68655574679671,10
unweighted_uniform,False,0.0,0.0,2,48,48,9,validation_only,20.0,9.96,8.574099091185584,8.715625586193958,11
unweighted_uniform,False,0.0,0.0,2,48,48,9,validation_only,20.0,9.46,8.557825787357888,8.560529336304098,12
unweighted_uniform,False,0.0,0.0,2,48,48,9,validation_only,20.0,9.16,8.549196695049089,8.443810730882975,13
unweighted_uniform,False,0.0,0.0,2,48,48,9,validation_only,20.0,10.04,8.561566670654464,8.658482845451683,15
unweighted_uniform,False,0.0,0.0,2,48,48,9,validation_only,20.0,9.46,8.554114166704588,8.519994162288384,16
unweighted_uniform,False,0.0,0.0,2,48,48,9,validation_only,20.0,10.18,8.564643799086582,8.66492682427592,17
unweighted_uniform,False,0.0,0.0,2,48,48,9,validation_only,20.0,9.58,8.552383736443188,8.485706993363962,18
unweighted_uniform,False,0.0,0.0,2,48,48,9,validation_only,20.0,9.72,8.558560864599164,8.577984966753396,19
unweighted_uniform,False,0.0,0.0,2,48,48,9,validation_only,20.0,10.52,8.554607279179109,8.534743722050223,20
unweighted_uniform,False,0.0,0.0,2,48,48,9,validation_only,20.0,10.12,8.540269699196267,8.30594265577447,22
unweighted_uniform,False,0.0,0.0,2,48,48,9,validation_only,20.0,10.46,8.55920161667002,8.594057633792733,23
unweighted_uniform,False,0.0,0.0,2,48,48,9,validation_only,20.0,9.9,8.563612008189873,8.630635650276268,24
unweighted_uniform,False,0.0,0.0,2,48,48,9,validation_only,20.0,10.02,8.566135502898849,8.637808611816821,25
unweighted_uniform,False,0.0,0.0,2,48,48,9,validation_only,20.0,10.02,8.554564791090192,8.529325204961111,26
unweighted_uniform,False,0.0,0.0,2,48,48,9,validation_only,20.0,10.06,8.562675578703788,8.632127728901924,27
unweighted_uniform,False,0.0,0.0,2,48,48,9,validation_only,20.0,9.54,8.566141801521962,8.698599093531108,28
unweighted_uniform,False,0.0,0.0,2,48,48,9,validation_only,20.0,10.7,8.544254516178025,8.384601691143747,29
unweighted_uniform,False,0.0,0.0,2,48,48,9,validation_only,20.0,9.54,8.558354910015947,8.572748028227481,30
unweighted_uniform,False,0.0,0.0,2,48,48,9,validation_only,20.0,9.68,8.577082035825239,8.814423125346226,31
unweighted_uniform,False,0.0,0.0,2,48,48,9,validation_only,20.0,10.66,8.537387122503413,8.271645021645021,32
unweighted_uniform,False,0.0,0.0,2,48,48,9,validation_only,20.0,9.56,8.573577691400864,8.757779437391088,33
unweighted_uniform,False,0.0,0.0,2,48,48,9,validation_only,20.0,10.4,8.56558082269227,8.648255191607793,34
unweighted_uniform,False,0.0,0.0,2,48,48,9,validation_only,20.0,10.14,8.53861435326378,8.344547053649956,35
unweighted_uniform,False,0.0,0.0,2,48,48,9,validation_only,20.0,9.72,8.55607602555313,8.55199342375668,36
unweighted_uniform,False,0.0,0.0,2,48,48,9,validation_only,20.0,10.54,8.553640010861013,8.525340283811179,37
unweighted_uniform,False,0.0,0.0,2,48,48,9,validation_only,20.0,10.5,8.58461664648935,8.852889474840696,38
unweighted_uniform,False,0.0,0.0,2,48,48,9,validation_only,20.0,9.6,8.552597839184438,8.497960372960375,39
unweighted_uniform,False,0.0,0.0,2,48,48,9,validation_only,20.0,9.34,8.548690639051449,8.43805003460892,40
unweighted_uniform,False,0.0,0.0,2,48,48,9,validation_only,20.0,9.96,8.529854778196503,8.179193899782135,41
unweighted_uniform,False,0.0,0.0,2,48,48,9,validation_only,20.0,10.58,8.570569500786915,8.715135738192634,44
unweighted_uniform,False,0.0,0.0,2,48,48,9,validation_only,20.0,10.02,8.56586399458423,8.683043063859284,45
unweighted_uniform,False,0.0,0.0,2,48,48,9,validation_only,20.0,9.86,8.575271297686886,8.805004409171076,46
unweighted_uniform,False,0.0,0.0,2,48,48,9,validation_only,20.0,9.78,8.553314224545076,8.50069498069498,48
unweighted_uniform,False,0.0,0.0,2,48,48,9,validation_only,20.0,9.74,8.547600641184236,8.465273829827554,49
unweighted_uniform,False,0.0,0.0,2,48,48,9,validation_only,20.0,9.88,8.557531203337687,8.580938833570412,50
unweighted_uniform,False,0.0,0.0,2,48,48,9,validation_only,20.0,9.68,8.558466593064292,8.594168096054887,51
unweighted_uniform,False,0.0,0.0,2,48,48,9,validation_only,20.0,10.34,8.54732269506698,8.444160681032189,53
unweighted_uniform,False,0.0,0.0,2,48,48,9,validation_only,20.0,10.3,8.541867805747128,8.267142457318778,54
unweighted_uniform,False,0.0,0.0,2,48,48,9,validation_only,20.0,9.98,8.551965934595744,8.5075743170438,55
unweighted_uniform,False,0.0,0.0,2,48,48,9,validation_only,20.0,10.02,8.565155078603315,8.636943744752307,56
unweighted_uniform,False,0.0,0.0,2,48,48,9,two_channel_kg,43.98,0.0,8.537961721879475,8.35949741315595,01
unweighted_uniform,False,0.0,0.0,2,48,48,9,two_channel_kg,37.5,0.0,8.565430217727252,8.635873229939312,02
unweighted_uniform,False,0.0,0.0,2,48,48,9,two_channel_kg,42.88,0.0,8.555397826379297,8.519881085098477,04
unweighted_uniform,False,0.0,0.0,2,48,48,9,two_channel_kg,43.48,0.0,8.532885796288465,8.29320987654321,05
unweighted_uniform,False,0.0,0.0,2,48,48,9,two_channel_kg,43.2,0.0,8.547686092078507,8.431945521937767,06
unweighted_uniform,False,0.0,0.0,2,48,48,9,two_channel_kg,43.6,0.0,8.553140626501275,8.508233957978423,08
unweighted_uniform,False,0.0,0.0,2,48,48,9,two_channel_kg,40.74,0.0,8.557813466238175,8.553915436577434,09
unweighted_uniform,False,0.0,0.0,2,48,48,9,two_channel_kg,35.26,0.0,8.56982322591766,8.68655574679671,10
unweighted_uniform,False,0.0,0.0,2,48,48,9,two_channel_kg,35.02,0.0,8.57678895862818,8.715625586193958,11
unweighted_uniform,False,0.0,0.0,2,48,48,9,two_channel_kg,39.14,0.0,8.557828405040233,8.560529336304098,12
unweighted_uniform,False,0.0,0.0,2,48,48,9,two_channel_kg,43.6,0.0,8.546724498606535,8.443810730882975,13
unweighted_uniform,False,0.0,0.0,2,48,48,9,two_channel_kg,40.64,0.0,8.565960450194162,8.658482845451683,15
unweighted_uniform,False,0.0,0.0,2,48,48,9,two_channel_kg,40.8,0.0,8.554615365889955,8.519994162288384,16
unweighted_uniform,False,0.0,0.0,2,48,48,9,two_channel_kg,34.66,0.0,8.568272899588118,8.66492682427592,17
unweighted_uniform,False,0.0,0.0,2,48,48,9,two_channel_kg,42.12,0.0,8.55160989151341,8.485706993363962,18
unweighted_uniform,False,0.0,0.0,2,48,48,9,two_channel_kg,40.16,0.0,8.559074463070589,8.577984966753396,19
unweighted_uniform,False,0.0,0.0,2,48,48,9,two_channel_kg,40.74,0.0,8.554596555435793,8.534743722050223,20
unweighted_uniform,False,0.0,0.0,2,48,48,9,two_channel_kg,43.9,0.0,8.535769910482195,8.30594265577447,22
unweighted_uniform,False,0.0,0.0,2,48,48,9,two_channel_kg,39.32,0.0,8.560150066156245,8.594057633792733,23
unweighted_uniform,False,0.0,0.0,2,48,48,9,two_channel_kg,39.58,0.0,8.565929657252672,8.630635650276268,24
unweighted_uniform,False,0.0,0.0,2,48,48,9,two_channel_kg,37.14,0.0,8.567767442233693,8.637808611816821,25
unweighted_uniform,False,0.0,0.0,2,48,48,9,two_channel_kg,41.16,0.0,8.555602309204827,8.529325204961111,26
unweighted_uniform,False,0.0,0.0,2,48,48,9,two_channel_kg,39.24,0.0,8.566607819410438,8.632127728901924,27
unweighted_uniform,False,0.0,0.0,2,48,48,9,two_channel_kg,33.4,0.0,8.568458508824982,8.698599093531108,28
unweighted_uniform,False,0.0,0.0,2,48,48,9,two_channel_kg,43.52,0.0,8.541972084864708,8.384601691143747,29
unweighted_uniform,False,0.0,0.0,2,48,48,9,two_channel_kg,39.04,0.0,8.561222794346333,8.572748028227481,30
unweighted_uniform,False,0.0,0.0,2,48,48,9,two_channel_kg,32.54,0.0,8.580694398744486,8.814423125346226,31
unweighted_uniform,False,0.0,0.0,2,48,48,9,two_channel_kg,46.42,0.0,8.529396299245896,8.271645021645021,32
unweighted_uniform,False,0.0,0.0,2,48,48,9,two_channel_kg,32.68,0.0,8.576716971853365,8.757779437391088,33
unweighted_uniform,False,0.0,0.0,2,48,48,9,two_channel_kg,36.2,0.0,8.568626803734238,8.648255191607793,34
unweighted_uniform,False,0.0,0.0,2,48,48,9,two_channel_kg,45.12,0.0,8.531089577141197,8.344547053649956,35
unweighted_uniform,False,0.0,0.0,2,48,48,9,two_channel_kg,41.44,0.0,8.557481402537663,8.55199342375668,36
unweighted_uniform,False,0.0,0.0,2,48,48,9,two_channel_kg,41.12,0.0,8.552327029408552,8.525340283811179,37
unweighted_uniform,False,0.0,0.0,2,48,48,9,two_channel_kg,30.54,0.0,8.586692987031444,8.852889474840696,38
unweighted_uniform,False,0.0,0.0,2,48,48,9,two_channel_kg,41.54,0.0,8.553197352083188,8.497960372960375,39
unweighted_uniform,False,0.0,0.0,2,48,48,9,two_channel_kg,41.6,0.0,8.548848911284185,8.43805003460892,40
unweighted_uniform,False,0.0,0.0,2,48,48,9,two_channel_kg,49.52,0.0,8.517122797618248,8.179193899782135,41
unweighted_uniform,False,0.0,0.0,2,48,48,9,two_channel_kg,35.84,0.0,8.574188057743402,8.715135738192634,44
unweighted_uniform,False,0.0,0.0,2,48,48,9,two_channel_kg,35.56,0.0,8.569554112505566,8.683043063859284,45
unweighted_uniform,False,0.0,0.0,2,48,48,9,two_channel_kg,32.6,0.0,8.577879199919934,8.805004409171076,46
unweighted_uniform,False,0.0,0.0,2,48,48,9,two_channel_kg,42.02,0.0,8.553992170944571,8.50069498069498,48
unweighted_uniform,False,0.0,0.0,2,48,48,9,two_channel_kg,45.24,0.0,8.546713045347593,8.465273829827554,49
unweighted_uniform,False,0.0,0.0,2,48,48,9,two_channel_kg,41.06,0.0,8.559713856838437,8.580938833570412,50
unweighted_uniform,False,0.0,0.0,2,48,48,9,two_channel_kg,39.4,0.0,8.561408928060624,8.594168096054887,51
unweighted_uniform,False,0.0,0.0,2,48,48,9,two_channel_kg,46.22,0.0,8.544320441456483,8.444160681032189,53
unweighted_uniform,False,0.0,0.0,2,48,48,9,two_channel_kg,40.34,0.0,8.53644718216547,8.267142457318778,54
unweighted_uniform,False,0.0,0.0,2,48,48,9,two_channel_kg,42.64,0.0,8.553448969629827,8.5075743170438,55
unweighted_uniform,False,0.0,0.0,2,48,48,9,two_channel_kg,36.54,0.0,8.567407555434022,8.636943744752307,56
unweighted_uniform,False,0.0,0.0,2,144,48,9,uniform,80.38,0.0,8.52057107119171,8.35949741315595,01
unweighted_uniform,False,0.0,0.0,2,144,48,9,uniform,80.36,0.0,8.571969769721141,8.635873229939312,02
unweighted_uniform,False,0.0,0.0,2,144,48,9,uniform,81.4,0.0,8.551295069283345,8.519881085098477,04
unweighted_uniform,False,0.0,0.0,2,144,48,9,uniform,80.86,0.0,8.515710804871816,8.29320987654321,05
unweighted_uniform,False,0.0,0.0,2,144,48,9,uniform,81.8,0.0,8.536890831329401,8.431945521937767,06
unweighted_uniform,False,0.0,0.0,2,144,48,9,uniform,82.66,0.0,8.548837582660179,8.508233957978423,08
unweighted_uniform,False,0.0,0.0,2,144,48,9,uniform,80.28,0.0,8.554895185036534,8.553915436577434,09
unweighted_uniform,False,0.0,0.0,2,144,48,9,uniform,79.98,0.0,8.5801461930042,8.68655574679671,10
unweighted_uniform,False,0.0,0.0,2,144,48,9,uniform,79.68,0.0,8.59212415295171,8.715625586193958,11
unweighted_uniform,False,0.0,0.0,2,144,48,9,uniform,80.94,0.0,8.557853614910636,8.560529336304098,12
unweighted_uniform,False,0.0,0.0,2,144,48,9,uniform,78.38,0.0,8.537758090654341,8.443810730882975,13
unweighted_uniform,False,0.0,0.0,2,144,48,9,uniform,78.7,0.0,8.571648370752008,8.658482845451683,15
unweighted_uniform,False,0.0,0.0,2,144,48,9,uniform,80.42,0.0,8.549711078105014,8.519994162288384,16
unweighted_uniform,False,0.0,0.0,2,144,48,9,uniform,79.5,0.0,8.576568153718258,8.66492682427592,17
unweighted_uniform,False,0.0,0.0,2,144,48,9,uniform,82.02,0.0,8.5456576505923,8.485706993363962,18
unweighted_uniform,False,0.0,0.0,2,144,48,9,uniform,80.06,0.0,8.561849640077474,8.577984966753396,19
unweighted_uniform,False,0.0,0.0,2,144,48,9,uniform,78.4,0.0,8.554885503126744,8.534743722050223,20
unweighted_uniform,False,0.0,0.0,2,144,48,9,uniform,79.38,0.0,8.51767575874134,8.30594265577447,22
unweighted_uniform,False,0.0,0.0,2,144,48,9,uniform,80.7,0.0,8.562885323716777,8.594057633792733,23
unweighted_uniform,False,0.0,0.0,2,144,48,9,uniform,79.68,0.0,8.571267764043743,8.630635650276268,24
unweighted_uniform,False,0.0,0.0,2,144,48,9,uniform,79.32,0.0,8.57425670369608,8.637808611816821,25
unweighted_uniform,False,0.0,0.0,2,144,48,9,uniform,81.44,0.0,8.551324968504144,8.529325204961111,26
unweighted_uniform,False,0.0,0.0,2,144,48,9,uniform,79.6,0.0,8.571793451954845,8.632127728901924,27
unweighted_uniform,False,0.0,0.0,2,144,48,9,uniform,81.1,0.0,8.580557231065974,8.698599093531108,28
unweighted_uniform,False,0.0,0.0,2,144,48,9,uniform,78.56,0.0,8.527725171324494,8.384601691143747,29
unweighted_uniform,False,0.0,0.0,2,144,48,9,uniform,80.16,0.0,8.56100348301579,8.572748028227481,30
unweighted_uniform,False,0.0,0.0,2,144,48,9,uniform,81.78,0.0,8.60862401466629,8.814423125346226,31
unweighted_uniform,False,0.0,0.0,2,144,48,9,uniform,80.88,0.0,8.51279885455241,8.271645021645021,32
unweighted_uniform,False,0.0,0.0,2,144,48,9,uniform,79.06,0.0,8.596054344024381,8.757779437391088,33
unweighted_uniform,False,0.0,0.0,2,144,48,9,uniform,77.66,0.0,8.574770751261555,8.648255191607793,34
unweighted_uniform,False,0.0,0.0,2,144,48,9,uniform,79.32,0.0,8.51673300363453,8.344547053649956,35
unweighted_uniform,False,0.0,0.0,2,144,48,9,uniform,80.8,0.0,8.555877135029302,8.55199342375668,36
unweighted_uniform,False,0.0,0.0,2,144,48,9,uniform,80.96,0.0,8.54887584325319,8.525340283811179,37
unweighted_uniform,False,0.0,0.0,2,144,48,9,uniform,80.26,0.0,8.621129759089328,8.852889474840696,38
unweighted_uniform,False,0.0,0.0,2,144,48,9,uniform,79.24,0.0,8.547806851693029,8.497960372960375,39
unweighted_uniform,False,0.0,0.0,2,144,48,9,uniform,81.28,0.0,8.53794498233576,8.43805003460892,40
unweighted_uniform,False,0.0,0.0,2,144,48,9,uniform,80.0,0.0,8.495919007171372,8.179193899782135,41
unweighted_uniform,False,0.0,0.0,2,144,48,9,uniform,79.76,0.0,8.588759582777934,8.715135738192634,44
unweighted_uniform,False,0.0,0.0,2,144,48,9,uniform,78.24,0.0,8.577906669735588,8.683043063859284,45
unweighted_uniform,False,0.0,0.0,2,144,48,9,uniform,80.72,0.0,8.602264843633195,8.805004409171076,46
unweighted_uniform,False,0.0,0.0,2,144,48,9,uniform,78.12,0.0,8.546326535445154,8.50069498069498,48
unweighted_uniform,False,0.0,0.0,2,144,48,9,uniform,78.78,0.0,8.539244585541699,8.465273829827554,49
unweighted_uniform,False,0.0,0.0,2,144,48,9,uniform,82.06,0.0,8.55977517110813,8.580938833570412,50
unweighted_uniform,False,0.0,0.0,2,144,48,9,uniform,79.08,0.0,8.563879016623451,8.594168096054887,51
unweighted_uniform,False,0.0,0.0,2,144,48,9,uniform,78.4,0.0,8.534691395819115,8.444160681032189,53
unweighted_uniform,False,0.0,0.0,2,144,48,9,uniform,80.12,0.0,8.518207118916486,8.267142457318778,54
unweighted_uniform,False,0.0,0.0,2,144,48,9,uniform,78.72,0.0,8.547801293712741,8.5075743170438,55
unweighted_uniform,False,0.0,0.0,2,144,48,9,uniform,79.0,0.0,8.571912025276724,8.636943744752307,56
unweighted_uniform,False,0.0,0.0,2,144,48,9,uniform_blind,80.38,0.0,8.52057107119171,8.35949741315595,01
unweighted_uniform,False,0.0,0.0,2,144,48,9,uniform_blind,80.36,0.0,8.571969769721141,8.635873229939312,02
unweighted_uniform,False,0.0,0.0,2,144,48,9,uniform_blind,81.4,0.0,8.551295069283345,8.519881085098477,04
unweighted_uniform,False,0.0,0.0,2,144,48,9,uniform_blind,80.86,0.0,8.515710804871816,8.29320987654321,05
unweighted_uniform,False,0.0,0.0,2,144,48,9,uniform_blind,81.8,0.0,8.536890831329401,8.431945521937767,06
unweighted_uniform,False,0.0,0.0,2,144,48,9,uniform_blind,82.66,0.0,8.548837582660179,8.508233957978423,08
unweighted_uniform,False,0.0,0.0,2,144,48,9,uniform_blind,80.28,0.0,8.554895185036532,8.553915436577434,09
unweighted_uniform,False,0.0,0.0,2,144,48,9,uniform_blind,79.98,0.0,8.5801461930042,8.68655574679671,10
unweighted_uniform,False,0.0,0.0,2,144,48,9,uniform_blind,79.68,0.0,8.59212415295171,8.715625586193958,11
unweighted_uniform,False,0.0,0.0,2,144,48,9,uniform_blind,80.94,0.0,8.557853614910636,8.560529336304098,12
unweighted_uniform,False,0.0,0.0,2,144,48,9,uniform_blind,78.38,0.0,8.537758090654341,8.443810730882975,13
unweighted_uniform,False,0.0,0.0,2,144,48,9,uniform_blind,78.7,0.0,8.571648370752008,8.658482845451683,15
unweighted_uniform,False,0.0,0.0,2,144,48,9,uniform_blind,80.42,0.0,8.549711078105014,8.519994162288384,16
unweighted_uniform,False,0.0,0.0,2,144,48,9,uniform_blind,79.5,0.0,8.576568153718258,8.66492682427592,17
unweighted_uniform,False,0.0,0.0,2,144,48,9,uniform_blind,82.02,0.0,8.5456576505923,8.485706993363962,18
unweighted_uniform,False,0.0,0.0,2,144,48,9,uniform_blind,80.06,0.0,8.561849640077476,8.577984966753396,19
unweighted_uniform,False,0.0,0.0,2,144,48,9,uniform_blind,78.4,0.0,8.554885503126744,8.534743722050223,20
unweighted_uniform,False,0.0,0.0,2,144,48,9,uniform_blind,79.38,0.0,8.51767575874134,8.30594265577447,22
unweighted_uniform,False,0.0,0.0,2,144,48,9,uniform_blind,80.7,0.0,8.562885323716777,8.594057633792733,23
unweighted_uniform,False,0.0,0.0,2,144,48,9,uniform_blind,79.68,0.0,8.571267764043743,8.630635650276268,24
unweighted_uniform,False,0.0,0.0,2,144,48,9,uniform_blind,79.32,0.0,8.57425670369608,8.637808611816821,25
unweighted_uniform,False,0.0,0.0,2,144,48,9,uniform_blind,81.44,0.0,8.551324968504144,8.529325204961111,26
unweighted_uniform,False,0.0,0.0,2,144,48,9,uniform_blind,79.6,0.0,8.571793451954845,8.632127728901924,27
unweighted_uniform,False,0.0,0.0,2,144,48,9,uniform_blind,81.1,0.0,8.580557231065974,8.698599093531108,28
unweighted_uniform,False,0.0,0.0,2,144,48,9,uniform_blind,78.56,0.0,8.527725171324494,8.384601691143747,29
unweighted_uniform,False,0.0,0.0,2,144,48,9,uniform_blind,80.16,0.0,8.56100348301579,8.572748028227481,30
unweighted_uniform,False,0.0,0.0,2,144,48,9,uniform_blind,81.78,0.0,8.60862401466629,8.814423125346226,31
unweighted_uniform,False,0.0,0.0,2,144,48,9,uniform_blind,80.88,0.0,8.51279885455241,8.271645021645021,32
unweighted_uniform,False,0.0,0.0,2,144,48,9,uniform_blind,79.06,0.0,8.596054344024381,8.757779437391088,33
unweighted_uniform,False,0.0,0.0,2,144,48,9,uniform_blind,77.66,0.0,8.574770751261555,8.648255191607793,34
unweighted_uniform,False,0.0,0.0,2,144,48,9,uniform_blind,79.32,0.0,8.51673300363453,8.344547053649956,35
unweighted_uniform,False,0.0,0.0,2,144,48,9,uniform_blind,80.8,0.0,8.555877135029302,8.55199342375668,36
unweighted_uniform,False,0.0,0.0,2,144,48,9,uniform_blind,80.96,0.0,8.54887584325319,8.525340283811179,37
unweighted_uniform,False,0.0,0.0,2,144,48,9,uniform_blind,80.26,0.0,8.621129759089328,8.852889474840696,38
unweighted_uniform,False,0.0,0.0,2,144,48,9,uniform_blind,79.24,0.0,8.547806851693029,8.497960372960375,39
unweighted_uniform,False,0.0,0.0,2,144,48,9,uniform_blind,81.28,0.0,8.53794498233576,8.43805003460892,40
unweighted_uniform,False,0.0,0.0,2,144,48,9,uniform_blind,80.0,0.0,8.495919007171372,8.179193899782135,41
unweighted_uniform,False,0.0,0.0,2,144,48,9,uniform_blind,79.76,0.0,8.588759582777934,8.715135738192634,44
unweighted_uniform,False,0.0,0.0,2,144,48,9,uniform_blind,78.24,0.0,8.577906669735588,8.683043063859284,45
unweighted_uniform,False,0.0,0.0,2,144,48,9,uniform_blind,80.72,0.0,8.602264843633197,8.805004409171076,46
unweighted_uniform,False,0.0,0.0,2,144,48,9,uniform_blind,78.12,0.0,8.546326535445154,8.50069498069498,48
unweighted_uniform,False,0.0,0.0,2,144,48,9,uniform_blind,78.78,0.0,8.539244585541699,8.465273829827554,49
unweighted_uniform,False,0.0,0.0,2,144,48,9,uniform_blind,82.06,0.0,8.55977517110813,8.580938833570412,50
unweighted_uniform,False,0.0,0.0,2,144,48,9,uniform_blind,79.08,0.0,8.563879016623451,8.594168096054887,51
unweighted_uniform,False,0.0,0.0,2,144,48,9,uniform_blind,78.4,0.0,8.534691395819115,8.444160681032189,53
unweighted_uniform,False,0.0,0.0,2,144,48,9,uniform_blind,80.12,0.0,8.518207118916486,8.267142457318778,54
unweighted_uniform,False,0.0,0.0,2,144,48,9,uniform_blind,78.72,0.0,8.547801293712741,8.5075743170438,55
unweighted_uniform,False,0.0,0.0,2,144,48,9,uniform_blind,79.0,0.0,8.571912025276724,8.636943744752307,56
unweighted_uniform,False,0.0,0.0,2,144,48,9,uncertainty,80.0,0.0,8.52002175390471,8.35949741315595,01
unweighted_uniform,False,0.0,0.0,2,144,48,9,uncertainty,80.0,0.0,8.57203009618984,8.635873229939312,02
unweighted_uniform,False,0.0,0.0,2,144,48,9,uncertainty,80.0,0.0,8.551100571067101,8.519881085098477,04
unweighted_uniform,False,0.0,0.0,2,144,48,9,uncertainty,80.0,0.0,8.514619408409315,8.29320987654321,05
unweighted_uniform,False,0.0,0.0,2,144,48,9,uncertainty,80.0,0.0,8.538100917538209,8.431945521937767,06
unweighted_uniform,False,0.0,0.0,2,144,48,9,uncertainty,80.0,0.0,8.548221988585567,8.508233957978423,08
unweighted_uniform,False,0.0,0.0,2,144,48,9,uncertainty,80.0,0.0,8.554992565075763,8.553915436577434,09
unweighted_uniform,False,0.0,0.0,2,144,48,9,uncertainty,80.0,0.0,8.580514535524634,8.68655574679671,10
unweighted_uniform,False,0.0,0.0,2,144,48,9,uncertainty,60.0,0.0,8.586540180014653,8.715625586193958,11
unweighted_uniform,False,0.0,0.0,2,144,48,9,uncertainty,80.0,0.0,8.5579891965721,8.560529336304098,12
unweighted_uniform,False,0.0,0.0,2,144,48,9,uncertainty,80.0,0.0,8.53735021510718,8.443810730882975,13
unweighted_uniform,False,0.0,0.0,2,144,48,9,uncertainty,80.0,0.0,8.57254073274557,8.658482845451683,15
unweighted_uniform,False,0.0,0.0,2,144,48,9,uncertainty,80.0,0.0,8.549245073246555,8.519994162288384,16
unweighted_uniform,False,0.0,0.0,2,144,48,9,uncertainty,80.0,0.0,8.57783436201856,8.66492682427592,17
unweighted_uniform,False,0.0,0.0,2,144,48,9,uncertainty,80.0,0.0,8.543787446705865,8.485706993363962,18
unweighted_uniform,False,0.0,0.0,2,144,48,9,uncertainty,80.0,0.0,8.562223647327446,8.577984966753396,19
unweighted_uniform,False,0.0,0.0,2,144,48,9,uncertainty,80.0,0.0,8.553994321665176,8.534743722050223,20
unweighted_uniform,False,0.0,0.0,2,144,48,9,uncertainty,100.0,0.0,8.512689609504934,8.30594265577447,22
unweighted_uniform,False,0.0,0.0,2,144,48,9,uncertainty,80.0,0.0,8.562428821501618,8.594057633792733,23
unweighted_uniform,False,0.0,0.0,2,144,48,9,uncertainty,80.0,0.0,8.571807807231863,8.630635650276268,24
unweighted_uniform,False,0.0,0.0,2,144,48,9,uncertainty,80.0,0.0,8.576350601570281,8.637808611816821,25
unweighted_uniform,False,0.0,0.0,2,144,48,9,uncertainty,80.0,0.0,8.550762699887352,8.529325204961111,26
unweighted_uniform,False,0.0,0.0,2,144,48,9,uncertainty,60.0,0.0,8.568985855355574,8.632127728901924,27
unweighted_uniform,False,0.0,0.0,2,144,48,9,uncertainty,80.0,0.0,8.581842656364017,8.698599093531108,28
unweighted_uniform,False,0.0,0.0,2,144,48,9,uncertainty,100.0,0.0,8.522694037505495,8.384601691143747,29
unweighted_uniform,False,0.0,0.0,2,144,48,9,uncertainty,80.0,0.0,8.561540403590207,8.572748028227481,30
unweighted_uniform,False,0.0,0.0,2,144,48,9,uncertainty,60.0,0.0,8.597405018005212,8.814423125346226,31
unweighted_uniform,False,0.0,0.0,2,144,48,9,uncertainty,100.0,0.0,8.502179982491606,8.271645021645021,32
unweighted_uniform,False,0.0,0.0,2,144,48,9,uncertainty,80.0,0.0,8.598960524049994,8.757779437391088,33
unweighted_uniform,False,0.0,0.0,2,144,48,9,uncertainty,80.0,0.0,8.57671965243873,8.648255191607793,34
unweighted_uniform,False,0.0,0.0,2,144,48,9,uncertainty,80.0,0.0,8.516957054530428,8.344547053649956,35
unweighted_uniform,False,0.0,0.0,2,144,48,9,uncertainty,80.0,0.0,8.557107921687097,8.55199342375668,36
unweighted_uniform,False,0.0,0.0,2,144,48,9,uncertainty,80.0,0.0,8.547742673371257,8.525340283811179,37
unweighted_uniform,False,0.0,0.0,2,144,48,9,uncertainty,60.0,0.0,8.610012084204133,8.852889474840696,38
unweighted_uniform,False,0.0,0.0,2,144,48,9,uncertainty,80.0,0.0,8.547833809460277,8.497960372960375,39
unweighted_uniform,False,0.0,0.0,2,144,48,9,uncertainty,80.0,0.0,8.537210503632549,8.43805003460892,40
unweighted_uniform,False,0.0,0.0,2,144,48,9,uncertainty,80.0,0.0,8.494574947232504,8.179193899782135,41
unweighted_uniform,False,0.0,0.0,2,144,48,9,uncertainty,80.0,0.0,8.589572562251247,8.715135738192634,44
unweighted_uniform,False,0.0,0.0,2,144,48,9,uncertainty,80.0,0.0,8.578325582358296,8.683043063859284,45
unweighted_uniform,False,0.0,0.0,2,144,48,9,uncertainty,80.0,0.0,8.603838702667359,8.805004409171076,46
unweighted_uniform,False,0.0,0.0,2,144,48,9,uncertainty,80.0,0.0,8.546225422163927,8.50069498069498,48
unweighted_uniform,False,0.0,0.0,2,144,48,9,uncertainty,80.0,0.0,8.538772164514462,8.465273829827554,49
unweighted_uniform,False,0.0,0.0,2,144,48,9,uncertainty,80.0,0.0,8.559169775492293,8.580938833570412,50
unweighted_uniform,False,0.0,0.0,2,144,48,9,uncertainty,80.0,0.0,8.564020133320636,8.594168096054887,51
unweighted_uniform,False,0.0,0.0,2,144,48,9,uncertainty,80.0,0.0,8.533470753987949,8.444160681032189,53
unweighted_uniform,False,0.0,0.0,2,144,48,9,uncertainty,100.0,0.0,8.509967508310853,8.267142457318778,54
unweighted_uniform,False,0.0,0.0,2,144,48,9,uncertainty,80.0,0.0,8.5485660273933,8.5075743170438,55
unweighted_uniform,False,0.0,0.0,2,144,48,9,uncertainty,80.0,0.0,8.574031929461391,8.636943744752307,56
unweighted_uniform,False,0.0,0.0,2,144,48,9,boundary,99.52,0.0,8.518527730742528,8.35949741315595,01
unweighted_uniform,False,0.0,0.0,2,144,48,9,boundary,64.58,0.0,8.572144124450642,8.635873229939312,02
unweighted_uniform,False,0.0,0.0,2,144,48,9,boundary,81.44,0.0,8.554396381448964,8.519881085098477,04
unweighted_uniform,False,0.0,0.0,2,144,48,9,boundary,114.58,0.0,8.504741671808736,8.29320987654321,05
unweighted_uniform,False,0.0,0.0,2,144,48,9,boundary,95.0,0.0,8.541133072306073,8.431945521937767,06
unweighted_uniform,False,0.0,0.0,2,144,48,9,boundary,83.4,0.0,8.552249395860422,8.508233957978423,08
unweighted_uniform,False,0.0,0.0,2,144,48,9,boundary,76.88,0.0,8.561309052210621,8.553915436577434,09
unweighted_uniform,False,0.0,0.0,2,144,48,9,boundary,59.86,0.0,8.577825826648143,8.68655574679671,10
unweighted_uniform,False,0.0,0.0,2,144,48,9,boundary,45.92,0.0,8.580509486433977,8.715625586193958,11
unweighted_uniform,False,0.0,0.0,2,144,48,9,boundary,88.5,0.0,8.561622850035077,8.560529336304098,12
unweighted_uniform,False,0.0,0.0,2,144,48,9,boundary,91.64,0.0,8.539380181215078,8.443810730882975,13
unweighted_uniform,False,0.0,0.0,2,144,48,9,boundary,68.36,0.0,8.57325454070896,8.658482845451683,15
unweighted_uniform,False,0.0,0.0,2,144,48,9,boundary,88.72,0.0,8.554548047568893,8.519994162288384,16
unweighted_uniform,False,0.0,0.0,2,144,48,9,boundary,61.9,0.0,8.576994091120257,8.66492682427592,17
unweighted_uniform,False,0.0,0.0,2,144,48,9,boundary,93.1,0.0,8.547593617371211,8.485706993363962,18
unweighted_uniform,False,0.0,0.0,2,144,48,9,boundary,80.44,0.0,8.565136014580958,8.577984966753396,19
unweighted_uniform,False,0.0,0.0,2,144,48,9,boundary,81.98,0.0,8.55744534642141,8.534743722050223,20
unweighted_uniform,False,0.0,0.0,2,144,48,9,boundary,120.44,0.0,8.509278880592472,8.30594265577447,22
unweighted_uniform,False,0.0,0.0,2,144,48,9,boundary,76.5,0.0,8.566185261955692,8.594057633792733,23
unweighted_uniform,False,0.0,0.0,2,144,48,9,boundary,63.82,0.0,8.572033702379132,8.630635650276268,24
unweighted_uniform,False,0.0,0.0,2,144,48,9,boundary,60.32,0.0,8.57625723458378,8.637808611816821,25
unweighted_uniform,False,0.0,0.0,2,144,48,9,boundary,85.98,0.0,8.557583256876704,8.529325204961111,26
unweighted_uniform,False,0.0,0.0,2,144,48,9,boundary,61.92,0.0,8.572999619956114,8.632127728901924,27
unweighted_uniform,False,0.0,0.0,2,144,48,9,boundary,61.82,0.0,8.57875801109171,8.698599093531108,28
unweighted_uniform,False,0.0,0.0,2,144,48,9,boundary,114.2,0.0,8.52489001802348,8.384601691143747,29
unweighted_uniform,False,0.0,0.0,2,144,48,9,boundary,76.52,0.0,8.56512067232647,8.572748028227481,30
unweighted_uniform,False,0.0,0.0,2,144,48,9,boundary,43.26,0.0,8.58770627406029,8.814423125346226,31
unweighted_uniform,False,0.0,0.0,2,144,48,9,boundary,126.1,0.0,8.496549793018335,8.271645021645021,32
unweighted_uniform,False,0.0,0.0,2,144,48,9,boundary,46.64,0.0,8.584478395967276,8.757779437391088,33
unweighted_uniform,False,0.0,0.0,2,144,48,9,boundary,58.26,0.0,8.574742759324062,8.648255191607793,34
unweighted_uniform,False,0.0,0.0,2,144,48,9,boundary,90.1,0.0,8.517134674222453,8.344547053649956,35
unweighted_uniform,False,0.0,0.0,2,144,48,9,boundary,74.24,0.0,8.559372421782736,8.55199342375668,36
unweighted_uniform,False,0.0,0.0,2,144,48,9,boundary,88.92,0.0,8.553846627432035,8.525340283811179,37
unweighted_uniform,False,0.0,0.0,2,144,48,9,boundary,37.68,0.0,8.593862473594548,8.852889474840696,38
unweighted_uniform,False,0.0,0.0,2,144,48,9,boundary,82.68,0.0,8.551359391115675,8.497960372960375,39
unweighted_uniform,False,0.0,0.0,2,144,48,9,boundary,101.44,0.0,8.538760532765268,8.43805003460892,40
unweighted_uniform,False,0.0,0.0,2,144,48,9,boundary,116.94,0.0,8.47631012571113,8.179193899782135,41
unweighted_uniform,False,0.0,0.0,2,144,48,9,boundary,52.8,0.0,8.581161526618205,8.715135738192634,44
unweighted_uniform,False,0.0,0.0,2,144,48,9,boundary,60.4,0.0,8.57642142685848,8.683043063859284,45
unweighted_uniform,False,0.0,0.0,2,144,48,9,boundary,46.4,0.0,8.58805222092515,8.805004409171076,46
unweighted_uniform,False,0.0,0.0,2,144,48,9,boundary,89.98,0.0,8.55186597250194,8.50069498069498,48
unweighted_uniform,False,0.0,0.0,2,144,48,9,boundary,97.06,0.0,8.540368080778858,8.465273829827554,49
unweighted_uniform,False,0.0,0.0,2,144,48,9,boundary,71.74,0.0,8.562166016302985,8.580938833570412,50
unweighted_uniform,False,0.0,0.0,2,144,48,9,boundary,70.5,0.0,8.56753382032734,8.594168096054887,51
unweighted_uniform,False,0.0,0.0,2,144,48,9,boundary,92.62,0.0,8.538319048782265,8.444160681032189,53
unweighted_uniform,False,0.0,0.0,2,144,48,9,boundary,149.42,0.0,8.497325798774881,8.267142457318778,54
unweighted_uniform,False,0.0,0.0,2,144,48,9,boundary,84.88,0.0,8.551671659586933,8.5075743170438,55
unweighted_uniform,False,0.0,0.0,2,144,48,9,boundary,60.6,0.0,8.574083108264807,8.636943744752307,56
unweighted_uniform,False,0.0,0.0,2,144,48,9,bias_blind_kg,96.7,0.0,8.519594646277953,8.35949741315595,01
unweighted_uniform,False,0.0,0.0,2,144,48,9,bias_blind_kg,71.6,0.0,8.57331207033911,8.635873229939312,02
unweighted_uniform,False,0.0,0.0,2,144,48,9,bias_blind_kg,84.84,0.0,8.5546850252754,8.519881085098477,04
unweighted_uniform,False,0.0,0.0,2,144,48,9,bias_blind_kg,95.08,0.0,8.513228423381973,8.29320987654321,05
unweighted_uniform,False,0.0,0.0,2,144,48,9,bias_blind_kg,97.14,0.0,8.540907133510885,8.431945521937767,06
unweighted_uniform,False,0.0,0.0,2,144,48,9,bias_blind_kg,90.02,0.0,8.552533578185162,8.508233957978423,08
unweighted_uniform,False,0.0,0.0,2,144,48,9,bias_blind_kg,81.08,0.0,8.561165899483877,8.553915436577434,09
unweighted_uniform,False,0.0,0.0,2,144,48,9,bias_blind_kg,60.72,0.0,8.577168678688023,8.68655574679671,10
unweighted_uniform,False,0.0,0.0,2,144,48,9,bias_blind_kg,60.34,0.0,8.58772079421768,8.715625586193958,11
unweighted_uniform,False,0.0,0.0,2,144,48,9,bias_blind_kg,77.44,0.0,8.560051464979079,8.560529336304098,12
unweighted_uniform,False,0.0,0.0,2,144,48,9,bias_blind_kg,93.04,0.0,8.540484278283062,8.443810730882975,13
unweighted_uniform,False,0.0,0.0,2,144,48,9,bias_blind_kg,71.42,0.0,8.573713050738283,8.658482845451683,15
unweighted_uniform,False,0.0,0.0,2,144,48,9,bias_blind_kg,85.94,0.0,8.554534518820955,8.519994162288384,16
unweighted_uniform,False,0.0,0.0,2,144,48,9,bias_blind_kg,63.74,0.0,8.576972920375002,8.66492682427592,17
unweighted_uniform,False,0.0,0.0,2,144,48,9,bias_blind_kg,90.74,0.0,8.549928989067064,8.485706993363962,18
unweighted_uniform,False,0.0,0.0,2,144,48,9,bias_blind_kg,82.12,0.0,8.564444279001078,8.577984966753396,19
unweighted_uniform,False,0.0,0.0,2,144,48,9,bias_blind_kg,84.44,0.0,8.557749735905327,8.534743722050223,20
unweighted_uniform,False,0.0,0.0,2,144,48,9,bias_blind_kg,101.92,0.0,8.515495662478513,8.30594265577447,22
unweighted_uniform,False,0.0,0.0,2,144,48,9,bias_blind_kg,76.84,0.0,8.565829481236019,8.594057633792733,23
unweighted_uniform,False,0.0,0.0,2,144,48,9,bias_blind_kg,69.18,0.0,8.573852752684973,8.630635650276268,24
unweighted_uniform,False,0.0,0.0,2,144,48,9,bias_blind_kg,67.04,0.0,8.57640706384221,8.637808611816821,25
unweighted_uniform,False,0.0,0.0,2,144,48,9,bias_blind_kg,86.02,0.0,8.557421261621823,8.529325204961111,26
unweighted_uniform,False,0.0,0.0,2,144,48,9,bias_blind_kg,72.8,0.0,8.57552619765551,8.632127728901924,27
unweighted_uniform,False,0.0,0.0,2,144,48,9,bias_blind_kg,54.68,0.0,8.576816598347607,8.698599093531108,28
unweighted_uniform,False,0.0,0.0,2,144,48,9,bias_blind_kg,99.1,0.0,8.528215436133566,8.384601691143747,29
unweighted_uniform,False,0.0,0.0,2,144,48,9,bias_blind_kg,75.28,0.0,8.56541791601995,8.572748028227481,30
unweighted_uniform,False,0.0,0.0,2,144,48,9,bias_blind_kg,48.6,0.0,8.591047211682826,8.814423125346226,31
unweighted_uniform,False,0.0,0.0,2,144,48,9,bias_blind_kg,103.52,0.0,8.507372048899796,8.271645021645021,32
unweighted_uniform,False,0.0,0.0,2,144,48,9,bias_blind_kg,49.86,0.0,8.586752389485664,8.757779437391088,33
unweighted_uniform,False,0.0,0.0,2,144,48,9,bias_blind_kg,67.04,0.0,8.57755465243296,8.648255191607793,34
unweighted_uniform,False,0.0,0.0,2,144,48,9,bias_blind_kg,94.72,0.0,8.515759576538045,8.344547053649956,35
unweighted_uniform,False,0.0,0.0,2,144,48,9,bias_blind_kg,84.06,0.0,8.559343261825344,8.55199342375668,36
unweighted_uniform,False,0.0,0.0,2,144,48,9,bias_blind_kg,89.1,0.0,8.555008847701856,8.525340283811179,37
unweighted_uniform,False,0.0,0.0,2,144,48,9,bias_blind_kg,43.34,0.0,8.59896093292281,8.852889474840696,38
unweighted_uniform,False,0.0,0.0,2,144,48,9,bias_blind_kg,85.66,0.0,8.552269557182811,8.497960372960375,39
unweighted_uniform,False,0.0,0.0,2,144,48,9,bias_blind_kg,96.1,0.0,8.540524804684472,8.43805003460892,40
unweighted_uniform,False,0.0,0.0,2,144,48,9,bias_blind_kg,105.58,0.0,8.482692437903944,8.179193899782135,41
unweighted_uniform,False,0.0,0.0,2,144,48,9,bias_blind_kg,59.5,0.0,8.583220031028421,8.715135738192634,44
unweighted_uniform,False,0.0,0.0,2,144,48,9,bias_blind_kg,62.88,0.0,8.576809286573157,8.683043063859284,45
unweighted_uniform,False,0.0,0.0,2,144,48,9,bias_blind_kg,49.38,0.0,8.588902930744979,8.805004409171076,46
unweighted_uniform,False,0.0,0.0,2,144,48,9,bias_blind_kg,88.26,0.0,8.552368516815665,8.50069498069498,48
unweighted_uniform,False,0.0,0.0,2,144,48,9,bias_blind_kg,98.38,0.0,8.54046519925644,8.465273829827554,49
unweighted_uniform,False,0.0,0.0,2,144,48,9,bias_blind_kg,82.26,0.0,8.563271082219968,8.580938833570412,50
unweighted_uniform,False,0.0,0.0,2,144,48,9,bias_blind_kg,79.68,0.0,8.567756793779786,8.594168096054887,51
unweighted_uniform,False,0.0,0.0,2,144,48,9,bias_blind_kg,103.52,0.0,8.53630851373108,8.444160681032189,53
unweighted_uniform,False,0.0,0.0,2,144,48,9,bias_blind_kg,101.78,0.0,8.513175915134202,8.267142457318778,54
unweighted_uniform,False,0.0,0.0,2,144,48,9,bias_blind_kg,90.42,0.0,8.551777263625885,8.5075743170438,55
unweighted_uniform,False,0.0,0.0,2,144,48,9,bias_blind_kg,67.1,0.0,8.574654770322997,8.636943744752307,56
unweighted_uniform,False,0.0,0.0,2,144,48,9,ordinary_kg,96.7,0.0,8.519594646277953,8.35949741315595,01
unweighted_uniform,False,0.0,0.0,2,144,48,9,ordinary_kg,71.6,0.0,8.57331207033911,8.635873229939312,02
unweighted_uniform,False,0.0,0.0,2,144,48,9,ordinary_kg,84.84,0.0,8.5546850252754,8.519881085098477,04
unweighted_uniform,False,0.0,0.0,2,144,48,9,ordinary_kg,95.08,0.0,8.513228423381973,8.29320987654321,05
unweighted_uniform,False,0.0,0.0,2,144,48,9,ordinary_kg,97.14,0.0,8.540907133510885,8.431945521937767,06
unweighted_uniform,False,0.0,0.0,2,144,48,9,ordinary_kg,90.02,0.0,8.552533578185162,8.508233957978423,08
unweighted_uniform,False,0.0,0.0,2,144,48,9,ordinary_kg,81.08,0.0,8.561165899483877,8.553915436577434,09
unweighted_uniform,False,0.0,0.0,2,144,48,9,ordinary_kg,60.72,0.0,8.577168678688023,8.68655574679671,10
unweighted_uniform,False,0.0,0.0,2,144,48,9,ordinary_kg,60.34,0.0,8.58772079421768,8.715625586193958,11
unweighted_uniform,False,0.0,0.0,2,144,48,9,ordinary_kg,77.44,0.0,8.560051464979079,8.560529336304098,12
unweighted_uniform,False,0.0,0.0,2,144,48,9,ordinary_kg,93.04,0.0,8.540484278283062,8.443810730882975,13
unweighted_uniform,False,0.0,0.0,2,144,48,9,ordinary_kg,71.42,0.0,8.573713050738283,8.658482845451683,15
unweighted_uniform,False,0.0,0.0,2,144,48,9,ordinary_kg,85.94,0.0,8.554534518820955,8.519994162288384,16
unweighted_uniform,False,0.0,0.0,2,144,48,9,ordinary_kg,63.74,0.0,8.576972920375002,8.66492682427592,17
unweighted_uniform,False,0.0,0.0,2,144,48,9,ordinary_kg,90.74,0.0,8.549928989067066,8.485706993363962,18
unweighted_uniform,False,0.0,0.0,2,144,48,9,ordinary_kg,82.12,0.0,8.564444279001078,8.577984966753396,19
unweighted_uniform,False,0.0,0.0,2,144,48,9,ordinary_kg,84.44,0.0,8.557749735905327,8.534743722050223,20
unweighted_uniform,False,0.0,0.0,2,144,48,9,ordinary_kg,101.92,0.0,8.515495662478513,8.30594265577447,22
unweighted_uniform,False,0.0,0.0,2,144,48,9,ordinary_kg,76.84,0.0,8.565829481236019,8.594057633792733,23
unweighted_uniform,False,0.0,0.0,2,144,48,9,ordinary_kg,69.18,0.0,8.573852752684973,8.630635650276268,24
unweighted_uniform,False,0.0,0.0,2,144,48,9,ordinary_kg,67.04,0.0,8.57640706384221,8.637808611816821,25
unweighted_uniform,False,0.0,0.0,2,144,48,9,ordinary_kg,86.02,0.0,8.557421261621823,8.529325204961111,26
unweighted_uniform,False,0.0,0.0,2,144,48,9,ordinary_kg,72.8,0.0,8.57552619765551,8.632127728901924,27
unweighted_uniform,False,0.0,0.0,2,144,48,9,ordinary_kg,54.68,0.0,8.576816598347607,8.698599093531108,28
unweighted_uniform,False,0.0,0.0,2,144,48,9,ordinary_kg,99.1,0.0,8.528215436133566,8.384601691143747,29
unweighted_uniform,False,0.0,0.0,2,144,48,9,ordinary_kg,75.28,0.0,8.56541791601995,8.572748028227481,30
unweighted_uniform,False,0.0,0.0,2,144,48,9,ordinary_kg,48.6,0.0,8.591047211682826,8.814423125346226,31
unweighted_uniform,False,0.0,0.0,2,144,48,9,ordinary_kg,103.52,0.0,8.507372048899796,8.271645021645021,32
unweighted_uniform,False,0.0,0.0,2,144,48,9,ordinary_kg,49.86,0.0,8.586752389485664,8.757779437391088,33
unweighted_uniform,False,0.0,0.0,2,144,48,9,ordinary_kg,67.04,0.0,8.57755465243296,8.648255191607793,34
unweighted_uniform,False,0.0,0.0,2,144,48,9,ordinary_kg,94.72,0.0,8.515759576538045,8.344547053649956,35
unweighted_uniform,False,0.0,0.0,2,144,48,9,ordinary_kg,84.06,0.0,8.559343261825344,8.55199342375668,36
unweighted_uniform,False,0.0,0.0,2,144,48,9,ordinary_kg,89.1,0.0,8.555008847701856,8.525340283811179,37
unweighted_uniform,False,0.0,0.0,2,144,48,9,ordinary_kg,43.34,0.0,8.59896093292281,8.852889474840696,38
unweighted_uniform,False,0.0,0.0,2,144,48,9,ordinary_kg,85.66,0.0,8.552269557182811,8.497960372960375,39
unweighted_uniform,False,0.0,0.0,2,144,48,9,ordinary_kg,96.1,0.0,8.540524804684472,8.43805003460892,40
unweighted_uniform,False,0.0,0.0,2,144,48,9,ordinary_kg,105.58,0.0,8.482692437903944,8.179193899782135,41
unweighted_uniform,False,0.0,0.0,2,144,48,9,ordinary_kg,59.5,0.0,8.583220031028421,8.715135738192634,44
unweighted_uniform,False,0.0,0.0,2,144,48,9,ordinary_kg,62.88,0.0,8.576809286573157,8.683043063859284,45
unweighted_uniform,False,0.0,0.0,2,144,48,9,ordinary_kg,49.38,0.0,8.588902930744979,8.805004409171076,46
unweighted_uniform,False,0.0,0.0,2,144,48,9,ordinary_kg,88.26,0.0,8.552368516815664,8.50069498069498,48
unweighted_uniform,False,0.0,0.0,2,144,48,9,ordinary_kg,98.38,0.0,8.54046519925644,8.465273829827554,49
unweighted_uniform,False,0.0,0.0,2,144,48,9,ordinary_kg,82.26,0.0,8.563271082219968,8.580938833570412,50
unweighted_uniform,False,0.0,0.0,2,144,48,9,ordinary_kg,79.68,0.0,8.567756793779786,8.594168096054887,51
unweighted_uniform,False,0.0,0.0,2,144,48,9,ordinary_kg,103.52,0.0,8.536308513731083,8.444160681032189,53
unweighted_uniform,False,0.0,0.0,2,144,48,9,ordinary_kg,101.78,0.0,8.513175915134202,8.267142457318778,54
unweighted_uniform,False,0.0,0.0,2,144,48,9,ordinary_kg,90.42,0.0,8.551777263625885,8.5075743170438,55
unweighted_uniform,False,0.0,0.0,2,144,48,9,ordinary_kg,67.1,0.0,8.574654770322997,8.636943744752307,56
unweighted_uniform,False,0.0,0.0,2,144,48,9,two_channel_uniform,39.92,21.08,8.531320990068503,8.35949741315595,01
unweighted_uniform,False,0.0,0.0,2,144,48,9,two_channel_uniform,40.38,19.9,8.56863708652769,8.635873229939312,02
unweighted_uniform,False,0.0,0.0,2,144,48,9,two_channel_uniform,41.42,19.38,8.553221560547081,8.519881085098477,04
unweighted_uniform,False,0.0,0.0,2,144,48,9,two_channel_uniform,40.02,20.1,8.52555676838739,8.29320987654321,05
unweighted_uniform,False,0.0,0.0,2,144,48,9,two_channel_uniform,40.9,21.16,8.54093039690129,8.431945521937767,06
unweighted_uniform,False,0.0,0.0,2,144,48,9,two_channel_uniform,40.9,20.6,8.549960110831403,8.508233957978423,08
unweighted_uniform,False,0.0,0.0,2,144,48,9,two_channel_uniform,40.88,20.34,8.55447298521734,8.553915436577434,09
unweighted_uniform,False,0.0,0.0,2,144,48,9,two_channel_uniform,40.42,20.02,8.575161879725725,8.68655574679671,10
unweighted_uniform,False,0.0,0.0,2,144,48,9,two_channel_uniform,40.22,20.28,8.58587009721927,8.715625586193958,11
unweighted_uniform,False,0.0,0.0,2,144,48,9,two_channel_uniform,39.86,20.1,8.55713161841827,8.560529336304098,12
unweighted_uniform,False,0.0,0.0,2,144,48,9,two_channel_uniform,39.72,19.06,8.541628844630475,8.443810730882975,13
unweighted_uniform,False,0.0,0.0,2,144,48,9,two_channel_uniform,40.04,20.32,8.567358312591153,8.658482845451683,15
unweighted_uniform,False,0.0,0.0,2,144,48,9,two_channel_uniform,40.64,19.62,8.551180307982413,8.519994162288384,16
unweighted_uniform,False,0.0,0.0,2,144,48,9,two_channel_uniform,39.22,20.52,8.574432400794528,8.66492682427592,17
unweighted_uniform,False,0.0,0.0,2,144,48,9,two_channel_uniform,40.82,18.24,8.547322322663767,8.485706993363962,18
unweighted_uniform,False,0.0,0.0,2,144,48,9,two_channel_uniform,40.82,19.32,8.560623474138351,8.577984966753396,19
unweighted_uniform,False,0.0,0.0,2,144,48,9,two_channel_uniform,39.3,20.1,8.55419972192425,8.534743722050223,20
unweighted_uniform,False,0.0,0.0,2,144,48,9,two_channel_uniform,39.48,20.6,8.526840720413576,8.30594265577447,22
unweighted_uniform,False,0.0,0.0,2,144,48,9,two_channel_uniform,40.5,20.3,8.56130134224681,8.594057633792733,23
unweighted_uniform,False,0.0,0.0,2,144,48,9,two_channel_uniform,39.68,20.38,8.567240348232843,8.630635650276268,24
unweighted_uniform,False,0.0,0.0,2,144,48,9,two_channel_uniform,39.7,20.26,8.571571334553111,8.637808611816821,25
unweighted_uniform,False,0.0,0.0,2,144,48,9,two_channel_uniform,40.78,19.9,8.553197548989614,8.529325204961111,26
unweighted_uniform,False,0.0,0.0,2,144,48,9,two_channel_uniform,39.94,20.04,8.567798967531088,8.632127728901924,27
unweighted_uniform,False,0.0,0.0,2,144,48,9,two_channel_uniform,40.64,20.88,8.57529419964401,8.698599093531108,28
unweighted_uniform,False,0.0,0.0,2,144,48,9,two_channel_uniform,39.62,20.22,8.53585018873671,8.384601691143747,29
unweighted_uniform,False,0.0,0.0,2,144,48,9,two_channel_uniform,40.36,19.3,8.55952012903207,8.572748028227481,30
unweighted_uniform,False,0.0,0.0,2,144,48,9,two_channel_uniform,39.76,20.04,8.595424081656406,8.814423125346226,31
unweighted_uniform,False,0.0,0.0,2,144,48,9,two_channel_uniform,40.66,20.3,8.524178965208717,8.271645021645021,32
unweighted_uniform,False,0.0,0.0,2,144,48,9,two_channel_uniform,39.04,19.8,8.586920984147614,8.757779437391088,33
unweighted_uniform,False,0.0,0.0,2,144,48,9,two_channel_uniform,39.16,20.06,8.57064880897776,8.648255191607793,34
unweighted_uniform,False,0.0,0.0,2,144,48,9,two_channel_uniform,40.26,18.86,8.523048569376481,8.344547053649956,35
unweighted_uniform,False,0.0,0.0,2,144,48,9,two_channel_uniform,40.04,18.78,8.553715569335033,8.55199342375668,36
unweighted_uniform,False,0.0,0.0,2,144,48,9,two_channel_uniform,40.04,20.2,8.551818008566565,8.525340283811179,37
unweighted_uniform,False,0.0,0.0,2,144,48,9,two_channel_uniform,40.42,19.12,8.607412728315696,8.852889474840696,38
unweighted_uniform,False,0.0,0.0,2,144,48,9,two_channel_uniform,41.54,19.72,8.548864126236923,8.497960372960375,39
unweighted_uniform,False,0.0,0.0,2,144,48,9,two_channel_uniform,40.86,19.76,8.53881341453915,8.43805003460892,40
unweighted_uniform,False,0.0,0.0,2,144,48,9,two_channel_uniform,40.44,19.04,8.507773572293038,8.179193899782135,41
unweighted_uniform,False,0.0,0.0,2,144,48,9,two_channel_uniform,40.86,20.8,8.580579693265907,8.715135738192634,44
unweighted_uniform,False,0.0,0.0,2,144,48,9,two_channel_uniform,38.7,21.08,8.573886729158316,8.683043063859284,45
unweighted_uniform,False,0.0,0.0,2,144,48,9,two_channel_uniform,40.28,19.42,8.591793117936758,8.805004409171076,46
unweighted_uniform,False,0.0,0.0,2,144,48,9,two_channel_uniform,39.9,20.02,8.549958908514505,8.50069498069498,48
unweighted_uniform,False,0.0,0.0,2,144,48,9,two_channel_uniform,39.08,19.62,8.540590713929817,8.465273829827554,49
unweighted_uniform,False,0.0,0.0,2,144,48,9,two_channel_uniform,40.7,20.02,8.55862324887473,8.580938833570412,50
unweighted_uniform,False,0.0,0.0,2,144,48,9,two_channel_uniform,39.68,19.62,8.56108190897271,8.594168096054887,51
unweighted_uniform,False,0.0,0.0,2,144,48,9,two_channel_uniform,39.42,20.06,8.539300880134476,8.444160681032189,53
unweighted_uniform,False,0.0,0.0,2,144,48,9,two_channel_uniform,39.76,20.5,8.52725237622402,8.267142457318778,54
unweighted_uniform,False,0.0,0.0,2,144,48,9,two_channel_uniform,39.82,18.78,8.54955761239856,8.5075743170438,55
unweighted_uniform,False,0.0,0.0,2,144,48,9,two_channel_uniform,39.32,19.42,8.571167329284487,8.636943744752307,56
unweighted_uniform,False,0.0,0.0,2,144,48,9,balanced_mix,49.52,13.6,8.527930210693608,8.35949741315595,01
unweighted_uniform,False,0.0,0.0,2,144,48,9,balanced_mix,48.88,14.6,8.568666011567013,8.635873229939312,02
unweighted_uniform,False,0.0,0.0,2,144,48,9,balanced_mix,50.62,14.98,8.553747069156799,8.519881085098477,04
unweighted_uniform,False,0.0,0.0,2,144,48,9,balanced_mix,50.36,14.98,8.522552777404067,8.29320987654321,05
unweighted_uniform,False,0.0,0.0,2,144,48,9,balanced_mix,49.88,15.02,8.538695369593054,8.431945521937767,06
unweighted_uniform,False,0.0,0.0,2,144,48,9,balanced_mix,49.12,14.68,8.550082031853773,8.508233957978423,08
unweighted_uniform,False,0.0,0.0,2,144,48,9,balanced_mix,50.08,14.88,8.556762221924663,8.553915436577434,09
unweighted_uniform,False,0.0,0.0,2,144,48,9,balanced_mix,50.9,15.1,8.577372103255446,8.68655574679671,10
unweighted_uniform,False,0.0,0.0,2,144,48,9,balanced_mix,49.2,14.48,8.587974263124845,8.715625586193958,11
unweighted_uniform,False,0.0,0.0,2,144,48,9,balanced_mix,50.02,15.28,8.557501533672111,8.560529336304098,12
unweighted_uniform,False,0.0,0.0,2,144,48,9,balanced_mix,49.72,15.18,8.542846625901166,8.443810730882975,13
unweighted_uniform,False,0.0,0.0,2,144,48,9,balanced_mix,49.78,15.8,8.568197179857544,8.658482845451683,15
unweighted_uniform,False,0.0,0.0,2,144,48,9,balanced_mix,49.92,14.64,8.55159644641776,8.519994162288384,16
unweighted_uniform,False,0.0,0.0,2,144,48,9,balanced_mix,51.1,15.66,8.573969255955083,8.66492682427592,17
unweighted_uniform,False,0.0,0.0,2,144,48,9,balanced_mix,48.96,14.08,8.546660338764534,8.485706993363962,18
unweighted_uniform,False,0.0,0.0,2,144,48,9,balanced_mix,50.22,15.36,8.561162063703602,8.577984966753396,19
unweighted_uniform,False,0.0,0.0,2,144,48,9,balanced_mix,48.36,15.46,8.554082138755717,8.534743722050223,20
unweighted_uniform,False,0.0,0.0,2,144,48,9,balanced_mix,49.82,14.6,8.526911133597787,8.30594265577447,22
unweighted_uniform,False,0.0,0.0,2,144,48,9,balanced_mix,50.48,14.92,8.561780154106431,8.594057633792733,23
unweighted_uniform,False,0.0,0.0,2,144,48,9,balanced_mix,49.1,15.84,8.56880868311105,8.630635650276268,24
unweighted_uniform,False,0.0,0.0,2,144,48,9,balanced_mix,48.98,13.94,8.572900075345089,8.637808611816821,25
unweighted_uniform,False,0.0,0.0,2,144,48,9,balanced_mix,51.32,14.22,8.554254838280627,8.529325204961111,26
unweighted_uniform,False,0.0,0.0,2,144,48,9,balanced_mix,50.42,14.5,8.56869096596458,8.632127728901924,27
unweighted_uniform,False,0.0,0.0,2,144,48,9,balanced_mix,50.72,14.68,8.574711321287959,8.698599093531108,28
unweighted_uniform,False,0.0,0.0,2,144,48,9,balanced_mix,49.88,14.76,8.532790134462662,8.384601691143747,29
unweighted_uniform,False,0.0,0.0,2,144,48,9,balanced_mix,50.9,14.62,8.56084458714052,8.572748028227481,30
unweighted_uniform,False,0.0,0.0,2,144,48,9,balanced_mix,50.22,14.96,8.599373609648255,8.814423125346226,31
unweighted_uniform,False,0.0,0.0,2,144,48,9,balanced_mix,50.14,15.14,8.520887653944635,8.271645021645021,32
unweighted_uniform,False,0.0,0.0,2,144,48,9,balanced_mix,50.18,15.18,8.589935076015776,8.757779437391088,33
unweighted_uniform,False,0.0,0.0,2,144,48,9,balanced_mix,49.62,15.14,8.57379060111837,8.648255191607793,34
unweighted_uniform,False,0.0,0.0,2,144,48,9,balanced_mix,51.26,15.42,8.52282066904254,8.344547053649956,35
unweighted_uniform,False,0.0,0.0,2,144,48,9,balanced_mix,50.86,14.28,8.555880157927495,8.55199342375668,36
unweighted_uniform,False,0.0,0.0,2,144,48,9,balanced_mix,50.66,15.12,8.55084390163044,8.525340283811179,37
unweighted_uniform,False,0.0,0.0,2,144,48,9,balanced_mix,50.34,15.76,8.60916204251744,8.852889474840696,38
unweighted_uniform,False,0.0,0.0,2,144,48,9,balanced_mix,50.58,16.3,8.548998321475398,8.497960372960375,39
unweighted_uniform,False,0.0,0.0,2,144,48,9,balanced_mix,50.68,14.42,8.540587889714642,8.43805003460892,40
unweighted_uniform,False,0.0,0.0,2,144,48,9,balanced_mix,49.68,14.66,8.5043461388232,8.179193899782135,41
unweighted_uniform,False,0.0,0.0,2,144,48,9,balanced_mix,49.12,14.4,8.581665005056223,8.715135738192634,44
unweighted_uniform,False,0.0,0.0,2,144,48,9,balanced_mix,50.82,15.64,8.57686207352309,8.683043063859284,45
unweighted_uniform,False,0.0,0.0,2,144,48,9,balanced_mix,51.0,15.32,8.59521194553739,8.805004409171076,46
unweighted_uniform,False,0.0,0.0,2,144,48,9,balanced_mix,50.16,15.58,8.54822669226131,8.50069498069498,48
unweighted_uniform,False,0.0,0.0,2,144,48,9,balanced_mix,49.6,15.1,8.540218030871612,8.465273829827554,49
unweighted_uniform,False,0.0,0.0,2,144,48,9,balanced_mix,51.2,14.62,8.556883799453033,8.580938833570412,50
unweighted_uniform,False,0.0,0.0,2,144,48,9,balanced_mix,49.82,14.48,8.56163739412132,8.594168096054887,51
unweighted_uniform,False,0.0,0.0,2,144,48,9,balanced_mix,49.46,15.2,8.538171248029562,8.444160681032189,53
unweighted_uniform,False,0.0,0.0,2,144,48,9,balanced_mix,48.82,16.0,8.526650807539726,8.267142457318778,54
unweighted_uniform,False,0.0,0.0,2,144,48,9,balanced_mix,50.3,14.46,8.549901150948601,8.5075743170438,55
unweighted_uniform,False,0.0,0.0,2,144,48,9,balanced_mix,52.06,14.54,8.569962842856311,8.636943744752307,56
unweighted_uniform,False,0.0,0.0,2,144,48,9,validation_only,20.0,32.1,8.53431854694098,8.35949741315595,01
unweighted_uniform,False,0.0,0.0,2,144,48,9,validation_only,20.0,29.34,8.566517229660894,8.635873229939312,02
unweighted_uniform,False,0.0,0.0,2,144,48,9,validation_only,20.0,29.0,8.55319237026761,8.519881085098477,04
unweighted_uniform,False,0.0,0.0,2,144,48,9,validation_only,20.0,30.76,8.532390395040139,8.29320987654321,05
unweighted_uniform,False,0.0,0.0,2,144,48,9,validation_only,20.0,30.36,8.541927726707673,8.431945521937767,06
unweighted_uniform,False,0.0,0.0,2,144,48,9,validation_only,20.0,30.52,8.551101340225188,8.508233957978423,08
unweighted_uniform,False,0.0,0.0,2,144,48,9,validation_only,20.0,30.44,8.556173872293117,8.553915436577434,09
unweighted_uniform,False,0.0,0.0,2,144,48,9,validation_only,20.0,29.9,8.5728463454212,8.68655574679671,10
unweighted_uniform,False,0.0,0.0,2,144,48,9,validation_only,20.0,30.74,8.582156488064367,8.715625586193958,11
unweighted_uniform,False,0.0,0.0,2,144,48,9,validation_only,20.0,29.9,8.556601284539264,8.560529336304098,12
unweighted_uniform,False,0.0,0.0,2,144,48,9,validation_only,20.0,29.28,8.545267582280859,8.443810730882975,13
unweighted_uniform,False,0.0,0.0,2,144,48,9,validation_only,20.0,30.82,8.566898044279178,8.658482845451683,15
unweighted_uniform,False,0.0,0.0,2,144,48,9,validation_only,20.0,29.46,8.551323474501228,8.519994162288384,16
unweighted_uniform,False,0.0,0.0,2,144,48,9,validation_only,20.0,30.12,8.570213188970031,8.66492682427592,17
unweighted_uniform,False,0.0,0.0,2,144,48,9,validation_only,20.0,27.72,8.550097542899294,8.485706993363962,18
unweighted_uniform,False,0.0,0.0,2,144,48,9,validation_only,20.0,28.76,8.558353085016899,8.577984966753396,19
unweighted_uniform,False,0.0,0.0,2,144,48,9,validation_only,20.0,30.56,8.553763146262929,8.534743722050223,20
unweighted_uniform,False,0.0,0.0,2,144,48,9,validation_only,20.0,30.4,8.530297625296852,8.30594265577447,22
unweighted_uniform,False,0.0,0.0,2,144,48,9,validation_only,20.0,31.66,8.560736856092184,8.594057633792733,23
unweighted_uniform,False,0.0,0.0,2,144,48,9,validation_only,20.0,30.64,8.565116441632668,8.630635650276268,24
unweighted_uniform,False,0.0,0.0,2,144,48,9,validation_only,20.0,30.36,8.568922089684962,8.637808611816821,25
unweighted_uniform,False,0.0,0.0,2,144,48,9,validation_only,20.0,29.82,8.554453878593566,8.529325204961111,26
unweighted_uniform,False,0.0,0.0,2,144,48,9,validation_only,20.0,30.58,8.565557589103861,8.632127728901924,27
unweighted_uniform,False,0.0,0.0,2,144,48,9,validation_only,20.0,29.76,8.571933725024595,8.698599093531108,28
unweighted_uniform,False,0.0,0.0,2,144,48,9,validation_only,20.0,30.32,8.537480947746943,8.384601691143747,29
unweighted_uniform,False,0.0,0.0,2,144,48,9,validation_only,20.0,28.46,8.558901022600185,8.572748028227481,30
unweighted_uniform,False,0.0,0.0,2,144,48,9,validation_only,20.0,30.82,8.59097862473365,8.814423125346226,31
unweighted_uniform,False,0.0,0.0,2,144,48,9,validation_only,20.0,31.02,8.528632480899404,8.271645021645021,32
unweighted_uniform,False,0.0,0.0,2,144,48,9,validation_only,20.0,29.2,8.583084561092042,8.757779437391088,33
unweighted_uniform,False,0.0,0.0,2,144,48,9,validation_only,20.0,30.48,8.569925246618535,8.648255191607793,34
unweighted_uniform,False,0.0,0.0,2,144,48,9,validation_only,20.0,29.18,8.52848577966898,8.344547053649956,35
unweighted_uniform,False,0.0,0.0,2,144,48,9,validation_only,20.0,28.22,8.555042162569622,8.55199342375668,36
unweighted_uniform,False,0.0,0.0,2,144,48,9,validation_only,20.0,30.6,8.554046176870411,8.525340283811179,37
unweighted_uniform,False,0.0,0.0,2,144,48,9,validation_only,20.0,30.02,8.598249616940505,8.852889474840696,38
unweighted_uniform,False,0.0,0.0,2,144,48,9,validation_only,20.0,29.76,8.548850839243988,8.497960372960375,39
unweighted_uniform,False,0.0,0.0,2,144,48,9,validation_only,20.0,28.56,8.5422415451142,8.43805003460892,40
unweighted_uniform,False,0.0,0.0,2,144,48,9,validation_only,20.0,29.68,8.513845752959938,8.179193899782135,41
unweighted_uniform,False,0.0,0.0,2,144,48,9,validation_only,20.0,31.04,8.5782656364313,8.715135738192634,44
unweighted_uniform,False,0.0,0.0,2,144,48,9,validation_only,20.0,31.24,8.57137370462931,8.683043063859284,45
unweighted_uniform,False,0.0,0.0,2,144,48,9,validation_only,20.0,29.74,8.586664320927092,8.805004409171076,46
unweighted_uniform,False,0.0,0.0,2,144,48,9,validation_only,20.0,30.04,8.55048447880492,8.50069498069498,48
unweighted_uniform,False,0.0,0.0,2,144,48,9,validation_only,20.0,30.22,8.543244812264355,8.465273829827554,49
unweighted_uniform,False,0.0,0.0,2,144,48,9,validation_only,20.0,29.56,8.558678145388484,8.580938833570412,50
unweighted_uniform,False,0.0,0.0,2,144,48,9,validation_only,20.0,29.26,8.55910442838161,8.594168096054887,51
unweighted_uniform,False,0.0,0.0,2,144,48,9,validation_only,20.0,30.18,8.54168692249279,8.444160681032189,53
unweighted_uniform,False,0.0,0.0,2,144,48,9,validation_only,20.0,30.8,8.532481332430526,8.267142457318778,54
unweighted_uniform,False,0.0,0.0,2,144,48,9,validation_only,20.0,29.44,8.5500862383016,8.5075743170438,55
unweighted_uniform,False,0.0,0.0,2,144,48,9,validation_only,20.0,29.16,8.568766239874956,8.636943744752307,56
unweighted_uniform,False,0.0,0.0,2,144,48,9,two_channel_kg,96.7,0.0,8.519594646277953,8.35949741315595,01
unweighted_uniform,False,0.0,0.0,2,144,48,9,two_channel_kg,71.6,0.0,8.57331207033911,8.635873229939312,02
unweighted_uniform,False,0.0,0.0,2,144,48,9,two_channel_kg,84.84,0.0,8.5546850252754,8.519881085098477,04
unweighted_uniform,False,0.0,0.0,2,144,48,9,two_channel_kg,95.08,0.0,8.513228423381973,8.29320987654321,05
unweighted_uniform,False,0.0,0.0,2,144,48,9,two_channel_kg,97.14,0.0,8.540907133510885,8.431945521937767,06
unweighted_uniform,False,0.0,0.0,2,144,48,9,two_channel_kg,90.02,0.0,8.552533578185162,8.508233957978423,08
unweighted_uniform,False,0.0,0.0,2,144,48,9,two_channel_kg,81.08,0.0,8.561165899483877,8.553915436577434,09
unweighted_uniform,False,0.0,0.0,2,144,48,9,two_channel_kg,60.72,0.0,8.577168678688023,8.68655574679671,10
unweighted_uniform,False,0.0,0.0,2,144,48,9,two_channel_kg,60.34,0.0,8.58772079421768,8.715625586193958,11
unweighted_uniform,False,0.0,0.0,2,144,48,9,two_channel_kg,77.44,0.0,8.560051464979079,8.560529336304098,12
unweighted_uniform,False,0.0,0.0,2,144,48,9,two_channel_kg,93.04,0.0,8.540484278283062,8.443810730882975,13
unweighted_uniform,False,0.0,0.0,2,144,48,9,two_channel_kg,71.42,0.0,8.573713050738283,8.658482845451683,15
unweighted_uniform,False,0.0,0.0,2,144,48,9,two_channel_kg,85.94,0.0,8.554534518820955,8.519994162288384,16
unweighted_uniform,False,0.0,0.0,2,144,48,9,two_channel_kg,63.74,0.0,8.576972920375002,8.66492682427592,17
unweighted_uniform,False,0.0,0.0,2,144,48,9,two_channel_kg,90.74,0.0,8.549928989067066,8.485706993363962,18
unweighted_uniform,False,0.0,0.0,2,144,48,9,two_channel_kg,82.12,0.0,8.564444279001078,8.577984966753396,19
unweighted_uniform,False,0.0,0.0,2,144,48,9,two_channel_kg,84.44,0.0,8.557749735905327,8.534743722050223,20
unweighted_uniform,False,0.0,0.0,2,144,48,9,two_channel_kg,101.92,0.0,8.515495662478513,8.30594265577447,22
unweighted_uniform,False,0.0,0.0,2,144,48,9,two_channel_kg,76.84,0.0,8.565829481236019,8.594057633792733,23
unweighted_uniform,False,0.0,0.0,2,144,48,9,two_channel_kg,69.18,0.0,8.573852752684973,8.630635650276268,24
unweighted_uniform,False,0.0,0.0,2,144,48,9,two_channel_kg,67.04,0.0,8.57640706384221,8.637808611816821,25
unweighted_uniform,False,0.0,0.0,2,144,48,9,two_channel_kg,86.02,0.0,8.557421261621823,8.529325204961111,26
unweighted_uniform,False,0.0,0.0,2,144,48,9,two_channel_kg,72.8,0.0,8.57552619765551,8.632127728901924,27
unweighted_uniform,False,0.0,0.0,2,144,48,9,two_channel_kg,54.68,0.0,8.576816598347607,8.698599093531108,28
unweighted_uniform,False,0.0,0.0,2,144,48,9,two_channel_kg,99.1,0.0,8.528215436133566,8.384601691143747,29
unweighted_uniform,False,0.0,0.0,2,144,48,9,two_channel_kg,75.28,0.0,8.56541791601995,8.572748028227481,30
unweighted_uniform,False,0.0,0.0,2,144,48,9,two_channel_kg,48.6,0.0,8.591047211682826,8.814423125346226,31
unweighted_uniform,False,0.0,0.0,2,144,48,9,two_channel_kg,103.52,0.0,8.507372048899796,8.271645021645021,32
unweighted_uniform,False,0.0,0.0,2,144,48,9,two_channel_kg,49.86,0.0,8.586752389485664,8.757779437391088,33
unweighted_uniform,False,0.0,0.0,2,144,48,9,two_channel_kg,67.04,0.0,8.57755465243296,8.648255191607793,34
unweighted_uniform,False,0.0,0.0,2,144,48,9,two_channel_kg,94.72,0.0,8.515759576538045,8.344547053649956,35
unweighted_uniform,False,0.0,0.0,2,144,48,9,two_channel_kg,84.06,0.0,8.559343261825344,8.55199342375668,36
unweighted_uniform,False,0.0,0.0,2,144,48,9,two_channel_kg,89.1,0.0,8.555008847701856,8.525340283811179,37
unweighted_uniform,False,0.0,0.0,2,144,48,9,two_channel_kg,43.34,0.0,8.59896093292281,8.852889474840696,38
unweighted_uniform,False,0.0,0.0,2,144,48,9,two_channel_kg,85.66,0.0,8.552269557182811,8.497960372960375,39
unweighted_uniform,False,0.0,0.0,2,144,48,9,two_channel_kg,96.1,0.0,8.540524804684472,8.43805003460892,40
unweighted_uniform,False,0.0,0.0,2,144,48,9,two_channel_kg,105.58,0.0,8.482692437903944,8.179193899782135,41
unweighted_uniform,False,0.0,0.0,2,144,48,9,two_channel_kg,59.5,0.0,8.583220031028421,8.715135738192634,44
unweighted_uniform,False,0.0,0.0,2,144,48,9,two_channel_kg,62.88,0.0,8.576809286573157,8.683043063859284,45
unweighted_uniform,False,0.0,0.0,2,144,48,9,two_channel_kg,49.38,0.0,8.588902930744979,8.805004409171076,46
unweighted_uniform,False,0.0,0.0,2,144,48,9,two_channel_kg,88.26,0.0,8.552368516815664,8.50069498069498,48
unweighted_uniform,False,0.0,0.0,2,144,48,9,two_channel_kg,98.38,0.0,8.54046519925644,8.465273829827554,49
unweighted_uniform,False,0.0,0.0,2,144,48,9,two_channel_kg,82.26,0.0,8.563271082219968,8.580938833570412,50
unweighted_uniform,False,0.0,0.0,2,144,48,9,two_channel_kg,79.68,0.0,8.567756793779786,8.594168096054887,51
unweighted_uniform,False,0.0,0.0,2,144,48,9,two_channel_kg,103.52,0.0,8.536308513731083,8.444160681032189,53
unweighted_uniform,False,0.0,0.0,2,144,48,9,two_channel_kg,101.78,0.0,8.513175915134202,8.267142457318778,54
unweighted_uniform,False,0.0,0.0,2,144,48,9,two_channel_kg,90.42,0.0,8.551777263625885,8.5075743170438,55
unweighted_uniform,False,0.0,0.0,2,144,48,9,two_channel_kg,67.1,0.0,8.574654770322997,8.636943744752307,56
unweighted_uniform,False,0.0,0.0,5,48,48,9,uniform,40.36,0.0,8.536612231289945,8.35949741315595,01
unweighted_uniform,False,0.0,0.0,5,48,48,9,uniform,40.06,0.0,8.564710931336977,8.635873229939312,02
unweighted_uniform,False,0.0,0.0,5,48,48,9,uniform,41.1,0.0,8.554395205952787,8.519881085098477,04
unweighted_uniform,False,0.0,0.0,5,48,48,9,uniform,40.08,0.0,8.535043753650877,8.29320987654321,05
unweighted_uniform,False,0.0,0.0,5,48,48,9,uniform,40.5,0.0,8.545401109102524,8.431945521937767,06
unweighted_uniform,False,0.0,0.0,5,48,48,9,uniform,40.6,0.0,8.551810533119143,8.508233957978423,08
unweighted_uniform,False,0.0,0.0,5,48,48,9,uniform,40.84,0.0,8.555478467505335,8.553915436577434,09
unweighted_uniform,False,0.0,0.0,5,48,48,9,uniform,40.58,0.0,8.571232428780307,8.68655574679671,10
unweighted_uniform,False,0.0,0.0,5,48,48,9,uniform,40.24,0.0,8.577321786079235,8.715625586193958,11
unweighted_uniform,False,0.0,0.0,5,48,48,9,uniform,39.94,0.0,8.557069544771092,8.560529336304098,12
unweighted_uniform,False,0.0,0.0,5,48,48,9,uniform,40.64,0.0,8.546723504632196,8.443810730882975,13
unweighted_uniform,False,0.0,0.0,5,48,48,9,uniform,38.86,0.0,8.562744314515593,8.658482845451683,15
unweighted_uniform,False,0.0,0.0,5,48,48,9,uniform,40.46,0.0,8.554003627495337,8.519994162288384,16
unweighted_uniform,False,0.0,0.0,5,48,48,9,uniform,39.62,0.0,8.567689835786304,8.66492682427592,17
unweighted_uniform,False,0.0,0.0,5,48,48,9,uniform,40.18,0.0,8.54923265809745,8.485706993363962,18
unweighted_uniform,False,0.0,0.0,5,48,48,9,uniform,40.48,0.0,8.560810990198162,8.577984966753396,19
unweighted_uniform,False,0.0,0.0,5,48,48,9,uniform,39.76,0.0,8.554593168417238,8.534743722050223,20
unweighted_uniform,False,0.0,0.0,5,48,48,9,uniform,39.4,0.0,8.536432984655109,8.30594265577447,22
unweighted_uniform,False,0.0,0.0,5,48,48,9,uniform,40.88,0.0,8.560407503822109,8.594057633792733,23
unweighted_uniform,False,0.0,0.0,5,48,48,9,uniform,38.88,0.0,8.564976475512655,8.630635650276268,24
unweighted_uniform,False,0.0,0.0,5,48,48,9,uniform,39.82,0.0,8.569157683691227,8.637808611816821,25
unweighted_uniform,False,0.0,0.0,5,48,48,9,uniform,39.92,0.0,8.554067815493392,8.529325204961111,26
unweighted_uniform,False,0.0,0.0,5,48,48,9,uniform,40.32,0.0,8.565761173465702,8.632127728901924,27
unweighted_uniform,False,0.0,0.0,5,48,48,9,uniform,40.52,0.0,8.569785371020473,8.698599093531108,28
unweighted_uniform,False,0.0,0.0,5,48,48,9,uniform,39.42,0.0,8.54205336623635,8.384601691143747,29
unweighted_uniform,False,0.0,0.0,5,48,48,9,uniform,40.42,0.0,8.558891279661841,8.572748028227481,30
unweighted_uniform,False,0.0,0.0,5,48,48,9,uniform,40.72,0.0,8.584211792498383,8.814423125346226,31
unweighted_uniform,False,0.0,0.0,5,48,48,9,uniform,40.06,0.0,8.53342414606149,8.271645021645021,32
unweighted_uniform,False,0.0,0.0,5,48,48,9,uniform,38.82,0.0,8.578459312886757,8.757779437391088,33
unweighted_uniform,False,0.0,0.0,5,48,48,9,uniform,39.62,0.0,8.567532628539709,8.648255191607793,34
unweighted_uniform,False,0.0,0.0,5,48,48,9,uniform,40.58,0.0,8.533429524687165,8.344547053649956,35
unweighted_uniform,False,0.0,0.0,5,48,48,9,uniform,40.66,0.0,8.555504048152711,8.55199342375668,36
unweighted_uniform,False,0.0,0.0,5,48,48,9,uniform,39.7,0.0,8.551195602538147,8.525340283811179,37
unweighted_uniform,False,0.0,0.0,5,48,48,9,uniform,39.7,0.0,8.593111118799555,8.852889474840696,38
unweighted_uniform,False,0.0,0.0,5,48,48,9,uniform,40.18,0.0,8.55311079840688,8.497960372960375,39
unweighted_uniform,False,0.0,0.0,5,48,48,9,uniform,40.5,0.0,8.546425333872007,8.43805003460892,40
unweighted_uniform,False,0.0,0.0,5,48,48,9,uniform,39.4,0.0,8.52361435954009,8.179193899782135,41
unweighted_uniform,False,0.0,0.0,5,48,48,9,uniform,39.4,0.0,8.573710190013,8.715135738192634,44
unweighted_uniform,False,0.0,0.0,5,48,48,9,uniform,39.1,0.0,8.568032002746763,8.683043063859284,45
unweighted_uniform,False,0.0,0.0,5,48,48,9,uniform,40.18,0.0,8.581825439891352,8.805004409171076,46
unweighted_uniform,False,0.0,0.0,5,48,48,9,uniform,38.78,0.0,8.55105221116469,8.50069498069498,48
unweighted_uniform,False,0.0,0.0,5,48,48,9,uniform,39.6,0.0,8.546637748447056,8.465273829827554,49
unweighted_uniform,False,0.0,0.0,5,48,48,9,uniform,40.56,0.0,8.558672691641538,8.580938833570412,50
unweighted_uniform,False,0.0,0.0,5,48,48,9,uniform,39.48,0.0,8.560424219637785,8.594168096054887,51
unweighted_uniform,False,0.0,0.0,5,48,48,9,uniform,40.18,0.0,8.543872889919433,8.444160681032189,53
unweighted_uniform,False,0.0,0.0,5,48,48,9,uniform,39.74,0.0,8.535614007152196,8.267142457318778,54
unweighted_uniform,False,0.0,0.0,5,48,48,9,uniform,40.0,0.0,8.551262401930304,8.5075743170438,55
unweighted_uniform,False,0.0,0.0,5,48,48,9,uniform,39.16,0.0,8.565693431450327,8.636943744752307,56
unweighted_uniform,False,0.0,0.0,5,48,48,9,uniform_blind,40.36,0.0,8.536612231289945,8.35949741315595,01
unweighted_uniform,False,0.0,0.0,5,48,48,9,uniform_blind,40.06,0.0,8.564710931336977,8.635873229939312,02
unweighted_uniform,False,0.0,0.0,5,48,48,9,uniform_blind,41.1,0.0,8.554395205952787,8.519881085098477,04
unweighted_uniform,False,0.0,0.0,5,48,48,9,uniform_blind,40.08,0.0,8.535043753650877,8.29320987654321,05
unweighted_uniform,False,0.0,0.0,5,48,48,9,uniform_blind,40.5,0.0,8.545401109102524,8.431945521937767,06
unweighted_uniform,False,0.0,0.0,5,48,48,9,uniform_blind,40.6,0.0,8.551810533119143,8.508233957978423,08
unweighted_uniform,False,0.0,0.0,5,48,48,9,uniform_blind,40.84,0.0,8.555478467505335,8.553915436577434,09
unweighted_uniform,False,0.0,0.0,5,48,48,9,uniform_blind,40.58,0.0,8.571232428780307,8.68655574679671,10
unweighted_uniform,False,0.0,0.0,5,48,48,9,uniform_blind,40.24,0.0,8.577321786079235,8.715625586193958,11
unweighted_uniform,False,0.0,0.0,5,48,48,9,uniform_blind,39.94,0.0,8.557069544771092,8.560529336304098,12
unweighted_uniform,False,0.0,0.0,5,48,48,9,uniform_blind,40.64,0.0,8.546723504632196,8.443810730882975,13
unweighted_uniform,False,0.0,0.0,5,48,48,9,uniform_blind,38.86,0.0,8.562744314515593,8.658482845451683,15
unweighted_uniform,False,0.0,0.0,5,48,48,9,uniform_blind,40.46,0.0,8.554003627495337,8.519994162288384,16
unweighted_uniform,False,0.0,0.0,5,48,48,9,uniform_blind,39.62,0.0,8.567689835786304,8.66492682427592,17
unweighted_uniform,False,0.0,0.0,5,48,48,9,uniform_blind,40.18,0.0,8.54923265809745,8.485706993363962,18
unweighted_uniform,False,0.0,0.0,5,48,48,9,uniform_blind,40.48,0.0,8.560810990198162,8.577984966753396,19
unweighted_uniform,False,0.0,0.0,5,48,48,9,uniform_blind,39.76,0.0,8.554593168417238,8.534743722050223,20
unweighted_uniform,False,0.0,0.0,5,48,48,9,uniform_blind,39.4,0.0,8.536432984655109,8.30594265577447,22
unweighted_uniform,False,0.0,0.0,5,48,48,9,uniform_blind,40.88,0.0,8.560407503822109,8.594057633792733,23
unweighted_uniform,False,0.0,0.0,5,48,48,9,uniform_blind,38.88,0.0,8.564976475512655,8.630635650276268,24
unweighted_uniform,False,0.0,0.0,5,48,48,9,uniform_blind,39.82,0.0,8.569157683691227,8.637808611816821,25
unweighted_uniform,False,0.0,0.0,5,48,48,9,uniform_blind,39.92,0.0,8.554067815493392,8.529325204961111,26
unweighted_uniform,False,0.0,0.0,5,48,48,9,uniform_blind,40.32,0.0,8.565761173465702,8.632127728901924,27
unweighted_uniform,False,0.0,0.0,5,48,48,9,uniform_blind,40.52,0.0,8.569785371020473,8.698599093531108,28
unweighted_uniform,False,0.0,0.0,5,48,48,9,uniform_blind,39.42,0.0,8.54205336623635,8.384601691143747,29
unweighted_uniform,False,0.0,0.0,5,48,48,9,uniform_blind,40.42,0.0,8.558891279661841,8.572748028227481,30
unweighted_uniform,False,0.0,0.0,5,48,48,9,uniform_blind,40.72,0.0,8.584211792498383,8.814423125346226,31
unweighted_uniform,False,0.0,0.0,5,48,48,9,uniform_blind,40.06,0.0,8.53342414606149,8.271645021645021,32
unweighted_uniform,False,0.0,0.0,5,48,48,9,uniform_blind,38.82,0.0,8.578459312886757,8.757779437391088,33
unweighted_uniform,False,0.0,0.0,5,48,48,9,uniform_blind,39.62,0.0,8.567532628539709,8.648255191607793,34
unweighted_uniform,False,0.0,0.0,5,48,48,9,uniform_blind,40.58,0.0,8.533429524687165,8.344547053649956,35
unweighted_uniform,False,0.0,0.0,5,48,48,9,uniform_blind,40.66,0.0,8.555504048152711,8.55199342375668,36
unweighted_uniform,False,0.0,0.0,5,48,48,9,uniform_blind,39.7,0.0,8.551195602538147,8.525340283811179,37
unweighted_uniform,False,0.0,0.0,5,48,48,9,uniform_blind,39.7,0.0,8.593111118799555,8.852889474840696,38
unweighted_uniform,False,0.0,0.0,5,48,48,9,uniform_blind,40.18,0.0,8.55311079840688,8.497960372960375,39
unweighted_uniform,False,0.0,0.0,5,48,48,9,uniform_blind,40.5,0.0,8.546425333872007,8.43805003460892,40
unweighted_uniform,False,0.0,0.0,5,48,48,9,uniform_blind,39.4,0.0,8.52361435954009,8.179193899782135,41
unweighted_uniform,False,0.0,0.0,5,48,48,9,uniform_blind,39.4,0.0,8.573710190013,8.715135738192634,44
unweighted_uniform,False,0.0,0.0,5,48,48,9,uniform_blind,39.1,0.0,8.568032002746765,8.683043063859284,45
unweighted_uniform,False,0.0,0.0,5,48,48,9,uniform_blind,40.18,0.0,8.581825439891352,8.805004409171076,46
unweighted_uniform,False,0.0,0.0,5,48,48,9,uniform_blind,38.78,0.0,8.55105221116469,8.50069498069498,48
unweighted_uniform,False,0.0,0.0,5,48,48,9,uniform_blind,39.6,0.0,8.546637748447056,8.465273829827554,49
unweighted_uniform,False,0.0,0.0,5,48,48,9,uniform_blind,40.56,0.0,8.558672691641538,8.580938833570412,50
unweighted_uniform,False,0.0,0.0,5,48,48,9,uniform_blind,39.48,0.0,8.560424219637785,8.594168096054887,51
unweighted_uniform,False,0.0,0.0,5,48,48,9,uniform_blind,40.18,0.0,8.543872889919433,8.444160681032189,53
unweighted_uniform,False,0.0,0.0,5,48,48,9,uniform_blind,39.74,0.0,8.535614007152196,8.267142457318778,54
unweighted_uniform,False,0.0,0.0,5,48,48,9,uniform_blind,40.0,0.0,8.551262401930304,8.5075743170438,55
unweighted_uniform,False,0.0,0.0,5,48,48,9,uniform_blind,39.16,0.0,8.565693431450327,8.636943744752307,56
unweighted_uniform,False,0.0,0.0,5,48,48,9,uncertainty,40.0,0.0,8.537717641105793,8.35949741315595,01
unweighted_uniform,False,0.0,0.0,5,48,48,9,uncertainty,40.0,0.0,8.565488611570942,8.635873229939312,02
unweighted_uniform,False,0.0,0.0,5,48,48,9,uncertainty,40.0,0.0,8.555786203136613,8.519881085098477,04
unweighted_uniform,False,0.0,0.0,5,48,48,9,uncertainty,40.0,0.0,8.533727855773229,8.29320987654321,05
unweighted_uniform,False,0.0,0.0,5,48,48,9,uncertainty,40.0,0.0,8.546219952569318,8.431945521937767,06
unweighted_uniform,False,0.0,0.0,5,48,48,9,uncertainty,40.0,0.0,8.55266728576082,8.508233957978423,08
unweighted_uniform,False,0.0,0.0,5,48,48,9,uncertainty,40.0,0.0,8.555983271103848,8.553915436577434,09
unweighted_uniform,False,0.0,0.0,5,48,48,9,uncertainty,40.0,0.0,8.570905504002859,8.68655574679671,10
unweighted_uniform,False,0.0,0.0,5,48,48,9,uncertainty,40.0,0.0,8.578569280589605,8.715625586193958,11
unweighted_uniform,False,0.0,0.0,5,48,48,9,uncertainty,40.0,0.0,8.556997623328545,8.560529336304098,12
unweighted_uniform,False,0.0,0.0,5,48,48,9,uncertainty,40.0,0.0,8.546444101671979,8.443810730882975,13
unweighted_uniform,False,0.0,0.0,5,48,48,9,uncertainty,40.0,0.0,8.563716583971335,8.658482845451683,15
unweighted_uniform,False,0.0,0.0,5,48,48,9,uncertainty,40.0,0.0,8.5535155304471,8.519994162288384,16
unweighted_uniform,False,0.0,0.0,5,48,48,9,uncertainty,40.0,0.0,8.568904502613536,8.66492682427592,17
unweighted_uniform,False,0.0,0.0,5,48,48,9,uncertainty,40.0,0.0,8.549473414068636,8.485706993363962,18
unweighted_uniform,False,0.0,0.0,5,48,48,9,uncertainty,40.0,0.0,8.560448983978928,8.577984966753396,19
unweighted_uniform,False,0.0,0.0,5,48,48,9,uncertainty,40.0,0.0,8.555046846145567,8.534743722050223,20
unweighted_uniform,False,0.0,0.0,5,48,48,9,uncertainty,40.0,0.0,8.53671600586484,8.30594265577447,22
unweighted_uniform,False,0.0,0.0,5,48,48,9,uncertainty,40.0,0.0,8.560852085254174,8.594057633792733,23
unweighted_uniform,False,0.0,0.0,5,48,48,9,uncertainty,40.0,0.0,8.565767389434024,8.630635650276268,24
unweighted_uniform,False,0.0,0.0,5,48,48,9,uncertainty,40.0,0.0,8.56781458413134,8.637808611816821,25
unweighted_uniform,False,0.0,0.0,5,48,48,9,uncertainty,40.0,0.0,8.55479796541733,8.529325204961111,26
unweighted_uniform,False,0.0,0.0,5,48,48,9,uncertainty,40.0,0.0,8.565482460898798,8.632127728901924,27
unweighted_uniform,False,0.0,0.0,5,48,48,9,uncertainty,40.0,0.0,8.569091543840488,8.698599093531108,28
unweighted_uniform,False,0.0,0.0,5,48,48,9,uncertainty,40.0,0.0,8.541033774088232,8.384601691143747,29
unweighted_uniform,False,0.0,0.0,5,48,48,9,uncertainty,40.0,0.0,8.559120394420203,8.572748028227481,30
unweighted_uniform,False,0.0,0.0,5,48,48,9,uncertainty,40.0,0.0,8.58409377835786,8.814423125346226,31
unweighted_uniform,False,0.0,0.0,5,48,48,9,uncertainty,40.0,0.0,8.532278435749847,8.271645021645021,32
unweighted_uniform,False,0.0,0.0,5,48,48,9,uncertainty,40.0,0.0,8.579040568189884,8.757779437391088,33
unweighted_uniform,False,0.0,0.0,5,48,48,9,uncertainty,40.0,0.0,8.568572400784618,8.648255191607793,34
unweighted_uniform,False,0.0,0.0,5,48,48,9,uncertainty,40.0,0.0,8.533513852137963,8.344547053649956,35
unweighted_uniform,False,0.0,0.0,5,48,48,9,uncertainty,40.0,0.0,8.555285907593785,8.55199342375668,36
unweighted_uniform,False,0.0,0.0,5,48,48,9,uncertainty,40.0,0.0,8.551296260922989,8.525340283811179,37
unweighted_uniform,False,0.0,0.0,5,48,48,9,uncertainty,40.0,0.0,8.59432497448386,8.852889474840696,38
unweighted_uniform,False,0.0,0.0,5,48,48,9,uncertainty,40.0,0.0,8.552114619857399,8.497960372960375,39
unweighted_uniform,False,0.0,0.0,5,48,48,9,uncertainty,40.0,0.0,8.546255294490962,8.43805003460892,40
unweighted_uniform,False,0.0,0.0,5,48,48,9,uncertainty,40.0,0.0,8.5229687198196,8.179193899782135,41
unweighted_uniform,False,0.0,0.0,5,48,48,9,uncertainty,40.0,0.0,8.574122720079794,8.715135738192634,44
unweighted_uniform,False,0.0,0.0,5,48,48,9,uncertainty,40.0,0.0,8.569287221847004,8.683043063859284,45
unweighted_uniform,False,0.0,0.0,5,48,48,9,uncertainty,40.0,0.0,8.5823700518931,8.805004409171076,46
unweighted_uniform,False,0.0,0.0,5,48,48,9,uncertainty,40.0,0.0,8.550590709160456,8.50069498069498,48
unweighted_uniform,False,0.0,0.0,5,48,48,9,uncertainty,40.0,0.0,8.545668886346284,8.465273829827554,49
unweighted_uniform,False,0.0,0.0,5,48,48,9,uncertainty,40.0,0.0,8.55815409535911,8.580938833570412,50
unweighted_uniform,False,0.0,0.0,5,48,48,9,uncertainty,40.0,0.0,8.559911994460588,8.594168096054887,51
unweighted_uniform,False,0.0,0.0,5,48,48,9,uncertainty,40.0,0.0,8.54318585104828,8.444160681032189,53
unweighted_uniform,False,0.0,0.0,5,48,48,9,uncertainty,40.0,0.0,8.535581868351645,8.267142457318778,54
unweighted_uniform,False,0.0,0.0,5,48,48,9,uncertainty,40.0,0.0,8.550741050731968,8.5075743170438,55
unweighted_uniform,False,0.0,0.0,5,48,48,9,uncertainty,40.0,0.0,8.56614931661203,8.636943744752307,56
unweighted_uniform,False,0.0,0.0,5,48,48,9,boundary,44.6,0.0,8.53746182954263,8.35949741315595,01
unweighted_uniform,False,0.0,0.0,5,48,48,9,boundary,35.14,0.0,8.564636561362233,8.635873229939312,02
unweighted_uniform,False,0.0,0.0,5,48,48,9,boundary,41.22,0.0,8.55559090295179,8.519881085098477,04
unweighted_uniform,False,0.0,0.0,5,48,48,9,boundary,50.06,0.0,8.529974907278984,8.29320987654321,05
unweighted_uniform,False,0.0,0.0,5,48,48,9,boundary,42.64,0.0,8.547774710863159,8.431945521937767,06
unweighted_uniform,False,0.0,0.0,5,48,48,9,boundary,41.24,0.0,8.55376632271466,8.508233957978423,08
unweighted_uniform,False,0.0,0.0,5,48,48,9,boundary,39.16,0.0,8.557132366967759,8.553915436577434,09
unweighted_uniform,False,0.0,0.0,5,48,48,9,boundary,34.38,0.0,8.568981987618287,8.68655574679671,10
unweighted_uniform,False,0.0,0.0,5,48,48,9,boundary,29.16,0.0,8.573633860424303,8.715625586193958,11
unweighted_uniform,False,0.0,0.0,5,48,48,9,boundary,42.94,0.0,8.558215265283271,8.560529336304098,12
unweighted_uniform,False,0.0,0.0,5,48,48,9,boundary,42.86,0.0,8.546553564456374,8.443810730882975,13
unweighted_uniform,False,0.0,0.0,5,48,48,9,boundary,38.94,0.0,8.565155157497873,8.658482845451683,15
unweighted_uniform,False,0.0,0.0,5,48,48,9,boundary,42.76,0.0,8.553632596764935,8.519994162288384,16
unweighted_uniform,False,0.0,0.0,5,48,48,9,boundary,34.38,0.0,8.56749461580499,8.66492682427592,17
unweighted_uniform,False,0.0,0.0,5,48,48,9,boundary,42.56,0.0,8.55083946219042,8.485706993363962,18
unweighted_uniform,False,0.0,0.0,5,48,48,9,boundary,40.78,0.0,8.559790442740283,8.577984966753396,19
unweighted_uniform,False,0.0,0.0,5,48,48,9,boundary,40.6,0.0,8.55581513380367,8.534743722050223,20
unweighted_uniform,False,0.0,0.0,5,48,48,9,boundary,51.02,0.0,8.533619767042754,8.30594265577447,22
unweighted_uniform,False,0.0,0.0,5,48,48,9,boundary,38.74,0.0,8.559872008487309,8.594057633792733,23
unweighted_uniform,False,0.0,0.0,5,48,48,9,boundary,36.06,0.0,8.564978300552378,8.630635650276268,24
unweighted_uniform,False,0.0,0.0,5,48,48,9,boundary,34.9,0.0,8.566900956876092,8.637808611816821,25
unweighted_uniform,False,0.0,0.0,5,48,48,9,boundary,42.4,0.0,8.555248473591194,8.529325204961111,26
unweighted_uniform,False,0.0,0.0,5,48,48,9,boundary,34.78,0.0,8.565641980152577,8.632127728901924,27
unweighted_uniform,False,0.0,0.0,5,48,48,9,boundary,34.98,0.0,8.569273450034842,8.698599093531108,28
unweighted_uniform,False,0.0,0.0,5,48,48,9,boundary,49.78,0.0,8.54002696203041,8.384601691143747,29
unweighted_uniform,False,0.0,0.0,5,48,48,9,boundary,39.06,0.0,8.561565266381491,8.572748028227481,30
unweighted_uniform,False,0.0,0.0,5,48,48,9,boundary,29.82,0.0,8.579103021397934,8.814423125346226,31
unweighted_uniform,False,0.0,0.0,5,48,48,9,boundary,54.14,0.0,8.526308777861193,8.271645021645021,32
unweighted_uniform,False,0.0,0.0,5,48,48,9,boundary,30.9,0.0,8.575584755729276,8.757779437391088,33
unweighted_uniform,False,0.0,0.0,5,48,48,9,boundary,33.52,0.0,8.56763681853129,8.648255191607793,34
unweighted_uniform,False,0.0,0.0,5,48,48,9,boundary,42.88,0.0,8.532898248397448,8.344547053649956,35
unweighted_uniform,False,0.0,0.0,5,48,48,9,boundary,37.92,0.0,8.557730704242626,8.55199342375668,36
unweighted_uniform,False,0.0,0.0,5,48,48,9,boundary,41.64,0.0,8.552699771544146,8.525340283811179,37
unweighted_uniform,False,0.0,0.0,5,48,48,9,boundary,27.56,0.0,8.583646408570566,8.852889474840696,38
unweighted_uniform,False,0.0,0.0,5,48,48,9,boundary,41.26,0.0,8.554107312956127,8.497960372960375,39
unweighted_uniform,False,0.0,0.0,5,48,48,9,boundary,44.04,0.0,8.547912170328516,8.43805003460892,40
unweighted_uniform,False,0.0,0.0,5,48,48,9,boundary,52.76,0.0,8.514499040938244,8.179193899782135,41
unweighted_uniform,False,0.0,0.0,5,48,48,9,boundary,32.68,0.0,8.572693158320421,8.715135738192634,44
unweighted_uniform,False,0.0,0.0,5,48,48,9,boundary,34.66,0.0,8.56859512933244,8.683043063859284,45
unweighted_uniform,False,0.0,0.0,5,48,48,9,boundary,31.06,0.0,8.577265071191748,8.805004409171076,46
unweighted_uniform,False,0.0,0.0,5,48,48,9,boundary,41.36,0.0,8.553548634922226,8.50069498069498,48
unweighted_uniform,False,0.0,0.0,5,48,48,9,boundary,45.28,0.0,8.546440394154056,8.465273829827554,49
unweighted_uniform,False,0.0,0.0,5,48,48,9,boundary,36.48,0.0,8.55929571943164,8.580938833570412,50
unweighted_uniform,False,0.0,0.0,5,48,48,9,boundary,37.76,0.0,8.561211086614458,8.594168096054887,51
unweighted_uniform,False,0.0,0.0,5,48,48,9,boundary,42.8,0.0,8.5444004000509,8.444160681032189,53
unweighted_uniform,False,0.0,0.0,5,48,48,9,boundary,60.28,0.0,8.528391564606425,8.267142457318778,54
unweighted_uniform,False,0.0,0.0,5,48,48,9,boundary,41.78,0.0,8.553140655917558,8.5075743170438,55
unweighted_uniform,False,0.0,0.0,5,48,48,9,boundary,34.28,0.0,8.566652740467886,8.636943744752307,56
unweighted_uniform,False,0.0,0.0,5,48,48,9,bias_blind_kg,43.98,0.0,8.537961721879475,8.35949741315595,01
unweighted_uniform,False,0.0,0.0,5,48,48,9,bias_blind_kg,37.5,0.0,8.565430217727252,8.635873229939312,02
unweighted_uniform,False,0.0,0.0,5,48,48,9,bias_blind_kg,42.88,0.0,8.555397826379297,8.519881085098477,04
unweighted_uniform,False,0.0,0.0,5,48,48,9,bias_blind_kg,43.48,0.0,8.532885796288465,8.29320987654321,05
unweighted_uniform,False,0.0,0.0,5,48,48,9,bias_blind_kg,43.2,0.0,8.547686092078507,8.431945521937767,06
unweighted_uniform,False,0.0,0.0,5,48,48,9,bias_blind_kg,43.6,0.0,8.553140626501275,8.508233957978423,08
unweighted_uniform,False,0.0,0.0,5,48,48,9,bias_blind_kg,40.74,0.0,8.557813466238175,8.553915436577434,09
unweighted_uniform,False,0.0,0.0,5,48,48,9,bias_blind_kg,35.26,0.0,8.56982322591766,8.68655574679671,10
unweighted_uniform,False,0.0,0.0,5,48,48,9,bias_blind_kg,35.02,0.0,8.57678895862818,8.715625586193958,11
unweighted_uniform,False,0.0,0.0,5,48,48,9,bias_blind_kg,39.14,0.0,8.557828405040233,8.560529336304098,12
unweighted_uniform,False,0.0,0.0,5,48,48,9,bias_blind_kg,43.6,0.0,8.546724498606535,8.443810730882975,13
unweighted_uniform,False,0.0,0.0,5,48,48,9,bias_blind_kg,40.64,0.0,8.565960450194162,8.658482845451683,15
unweighted_uniform,False,0.0,0.0,5,48,48,9,bias_blind_kg,40.8,0.0,8.554615365889955,8.519994162288384,16
unweighted_uniform,False,0.0,0.0,5,48,48,9,bias_blind_kg,34.66,0.0,8.568272899588118,8.66492682427592,17
unweighted_uniform,False,0.0,0.0,5,48,48,9,bias_blind_kg,42.12,0.0,8.55160989151341,8.485706993363962,18
unweighted_uniform,False,0.0,0.0,5,48,48,9,bias_blind_kg,40.16,0.0,8.559074463070589,8.577984966753396,19
unweighted_uniform,False,0.0,0.0,5,48,48,9,bias_blind_kg,40.74,0.0,8.554596555435793,8.534743722050223,20
unweighted_uniform,False,0.0,0.0,5,48,48,9,bias_blind_kg,43.9,0.0,8.535769910482195,8.30594265577447,22
unweighted_uniform,False,0.0,0.0,5,48,48,9,bias_blind_kg,39.32,0.0,8.560150066156245,8.594057633792733,23
unweighted_uniform,False,0.0,0.0,5,48,48,9,bias_blind_kg,39.58,0.0,8.565929657252672,8.630635650276268,24
unweighted_uniform,False,0.0,0.0,5,48,48,9,bias_blind_kg,37.14,0.0,8.567767442233693,8.637808611816821,25
unweighted_uniform,False,0.0,0.0,5,48,48,9,bias_blind_kg,41.16,0.0,8.555602309204827,8.529325204961111,26
unweighted_uniform,False,0.0,0.0,5,48,48,9,bias_blind_kg,39.24,0.0,8.566607819410438,8.632127728901924,27
unweighted_uniform,False,0.0,0.0,5,48,48,9,bias_blind_kg,33.4,0.0,8.568458508824982,8.698599093531108,28
unweighted_uniform,False,0.0,0.0,5,48,48,9,bias_blind_kg,43.52,0.0,8.541972084864708,8.384601691143747,29
unweighted_uniform,False,0.0,0.0,5,48,48,9,bias_blind_kg,39.04,0.0,8.561222794346333,8.572748028227481,30
unweighted_uniform,False,0.0,0.0,5,48,48,9,bias_blind_kg,32.54,0.0,8.580694398744486,8.814423125346226,31
unweighted_uniform,False,0.0,0.0,5,48,48,9,bias_blind_kg,46.42,0.0,8.529396299245896,8.271645021645021,32
unweighted_uniform,False,0.0,0.0,5,48,48,9,bias_blind_kg,32.68,0.0,8.576716971853365,8.757779437391088,33
unweighted_uniform,False,0.0,0.0,5,48,48,9,bias_blind_kg,36.2,0.0,8.56862680373424,8.648255191607793,34
unweighted_uniform,False,0.0,0.0,5,48,48,9,bias_blind_kg,45.12,0.0,8.531089577141197,8.344547053649956,35
unweighted_uniform,False,0.0,0.0,5,48,48,9,bias_blind_kg,41.44,0.0,8.557481402537663,8.55199342375668,36
unweighted_uniform,False,0.0,0.0,5,48,48,9,bias_blind_kg,41.12,0.0,8.552327029408552,8.525340283811179,37
unweighted_uniform,False,0.0,0.0,5,48,48,9,bias_blind_kg,30.54,0.0,8.586692987031444,8.852889474840696,38
unweighted_uniform,False,0.0,0.0,5,48,48,9,bias_blind_kg,41.54,0.0,8.553197352083188,8.497960372960375,39
unweighted_uniform,False,0.0,0.0,5,48,48,9,bias_blind_kg,41.6,0.0,8.548848911284185,8.43805003460892,40
unweighted_uniform,False,0.0,0.0,5,48,48,9,bias_blind_kg,49.52,0.0,8.517122797618248,8.179193899782135,41
unweighted_uniform,False,0.0,0.0,5,48,48,9,bias_blind_kg,35.84,0.0,8.574188057743402,8.715135738192634,44
unweighted_uniform,False,0.0,0.0,5,48,48,9,bias_blind_kg,35.56,0.0,8.569554112505566,8.683043063859284,45
unweighted_uniform,False,0.0,0.0,5,48,48,9,bias_blind_kg,32.6,0.0,8.577879199919934,8.805004409171076,46
unweighted_uniform,False,0.0,0.0,5,48,48,9,bias_blind_kg,42.02,0.0,8.553992170944573,8.50069498069498,48
unweighted_uniform,False,0.0,0.0,5,48,48,9,bias_blind_kg,45.24,0.0,8.546713045347593,8.465273829827554,49
unweighted_uniform,False,0.0,0.0,5,48,48,9,bias_blind_kg,41.06,0.0,8.559713856838437,8.580938833570412,50
unweighted_uniform,False,0.0,0.0,5,48,48,9,bias_blind_kg,39.4,0.0,8.561408928060624,8.594168096054887,51
unweighted_uniform,False,0.0,0.0,5,48,48,9,bias_blind_kg,46.22,0.0,8.544320441456483,8.444160681032189,53
unweighted_uniform,False,0.0,0.0,5,48,48,9,bias_blind_kg,40.34,0.0,8.53644718216547,8.267142457318778,54
unweighted_uniform,False,0.0,0.0,5,48,48,9,bias_blind_kg,42.64,0.0,8.553448969629827,8.5075743170438,55
unweighted_uniform,False,0.0,0.0,5,48,48,9,bias_blind_kg,36.54,0.0,8.567407555434022,8.636943744752307,56
unweighted_uniform,False,0.0,0.0,5,48,48,9,ordinary_kg,43.98,0.0,8.537961721879475,8.35949741315595,01
unweighted_uniform,False,0.0,0.0,5,48,48,9,ordinary_kg,37.5,0.0,8.565430217727252,8.635873229939312,02
unweighted_uniform,False,0.0,0.0,5,48,48,9,ordinary_kg,42.88,0.0,8.555397826379297,8.519881085098477,04
unweighted_uniform,False,0.0,0.0,5,48,48,9,ordinary_kg,43.48,0.0,8.532885796288465,8.29320987654321,05
unweighted_uniform,False,0.0,0.0,5,48,48,9,ordinary_kg,43.2,0.0,8.547686092078507,8.431945521937767,06
unweighted_uniform,False,0.0,0.0,5,48,48,9,ordinary_kg,43.6,0.0,8.553140626501275,8.508233957978423,08
unweighted_uniform,False,0.0,0.0,5,48,48,9,ordinary_kg,40.74,0.0,8.557813466238175,8.553915436577434,09
unweighted_uniform,False,0.0,0.0,5,48,48,9,ordinary_kg,35.26,0.0,8.56982322591766,8.68655574679671,10
unweighted_uniform,False,0.0,0.0,5,48,48,9,ordinary_kg,35.02,0.0,8.57678895862818,8.715625586193958,11
unweighted_uniform,False,0.0,0.0,5,48,48,9,ordinary_kg,39.14,0.0,8.557828405040233,8.560529336304098,12
unweighted_uniform,False,0.0,0.0,5,48,48,9,ordinary_kg,43.6,0.0,8.546724498606535,8.443810730882975,13
unweighted_uniform,False,0.0,0.0,5,48,48,9,ordinary_kg,40.64,0.0,8.565960450194162,8.658482845451683,15
unweighted_uniform,False,0.0,0.0,5,48,48,9,ordinary_kg,40.8,0.0,8.554615365889955,8.519994162288384,16
unweighted_uniform,False,0.0,0.0,5,48,48,9,ordinary_kg,34.66,0.0,8.568272899588118,8.66492682427592,17
unweighted_uniform,False,0.0,0.0,5,48,48,9,ordinary_kg,42.12,0.0,8.55160989151341,8.485706993363962,18
unweighted_uniform,False,0.0,0.0,5,48,48,9,ordinary_kg,40.16,0.0,8.559074463070589,8.577984966753396,19
unweighted_uniform,False,0.0,0.0,5,48,48,9,ordinary_kg,40.74,0.0,8.554596555435793,8.534743722050223,20
unweighted_uniform,False,0.0,0.0,5,48,48,9,ordinary_kg,43.9,0.0,8.535769910482195,8.30594265577447,22
unweighted_uniform,False,0.0,0.0,5,48,48,9,ordinary_kg,39.32,0.0,8.560150066156245,8.594057633792733,23
unweighted_uniform,False,0.0,0.0,5,48,48,9,ordinary_kg,39.58,0.0,8.565929657252672,8.630635650276268,24
unweighted_uniform,False,0.0,0.0,5,48,48,9,ordinary_kg,37.14,0.0,8.567767442233693,8.637808611816821,25
unweighted_uniform,False,0.0,0.0,5,48,48,9,ordinary_kg,41.16,0.0,8.555602309204827,8.529325204961111,26
unweighted_uniform,False,0.0,0.0,5,48,48,9,ordinary_kg,39.24,0.0,8.566607819410438,8.632127728901924,27
unweighted_uniform,False,0.0,0.0,5,48,48,9,ordinary_kg,33.4,0.0,8.568458508824982,8.698599093531108,28
unweighted_uniform,False,0.0,0.0,5,48,48,9,ordinary_kg,43.52,0.0,8.541972084864708,8.384601691143747,29
unweighted_uniform,False,0.0,0.0,5,48,48,9,ordinary_kg,39.04,0.0,8.561222794346333,8.572748028227481,30
unweighted_uniform,False,0.0,0.0,5,48,48,9,ordinary_kg,32.54,0.0,8.580694398744486,8.814423125346226,31
unweighted_uniform,False,0.0,0.0,5,48,48,9,ordinary_kg,46.42,0.0,8.529396299245896,8.271645021645021,32
unweighted_uniform,False,0.0,0.0,5,48,48,9,ordinary_kg,32.68,0.0,8.576716971853365,8.757779437391088,33
unweighted_uniform,False,0.0,0.0,5,48,48,9,ordinary_kg,36.2,0.0,8.568626803734238,8.648255191607793,34
unweighted_uniform,False,0.0,0.0,5,48,48,9,ordinary_kg,45.12,0.0,8.531089577141197,8.344547053649956,35
unweighted_uniform,False,0.0,0.0,5,48,48,9,ordinary_kg,41.44,0.0,8.557481402537663,8.55199342375668,36
unweighted_uniform,False,0.0,0.0,5,48,48,9,ordinary_kg,41.12,0.0,8.552327029408552,8.525340283811179,37
unweighted_uniform,False,0.0,0.0,5,48,48,9,ordinary_kg,30.54,0.0,8.586692987031444,8.852889474840696,38
unweighted_uniform,False,0.0,0.0,5,48,48,9,ordinary_kg,41.54,0.0,8.553197352083188,8.497960372960375,39
unweighted_uniform,False,0.0,0.0,5,48,48,9,ordinary_kg,41.6,0.0,8.548848911284185,8.43805003460892,40
unweighted_uniform,False,0.0,0.0,5,48,48,9,ordinary_kg,49.52,0.0,8.517122797618248,8.179193899782135,41
unweighted_uniform,False,0.0,0.0,5,48,48,9,ordinary_kg,35.84,0.0,8.574188057743402,8.715135738192634,44
unweighted_uniform,False,0.0,0.0,5,48,48,9,ordinary_kg,35.56,0.0,8.569554112505566,8.683043063859284,45
unweighted_uniform,False,0.0,0.0,5,48,48,9,ordinary_kg,32.6,0.0,8.577879199919934,8.805004409171076,46
unweighted_uniform,False,0.0,0.0,5,48,48,9,ordinary_kg,42.02,0.0,8.553992170944571,8.50069498069498,48
unweighted_uniform,False,0.0,0.0,5,48,48,9,ordinary_kg,45.24,0.0,8.546713045347593,8.465273829827554,49
unweighted_uniform,False,0.0,0.0,5,48,48,9,ordinary_kg,41.06,0.0,8.559713856838437,8.580938833570412,50
unweighted_uniform,False,0.0,0.0,5,48,48,9,ordinary_kg,39.4,0.0,8.561408928060624,8.594168096054887,51
unweighted_uniform,False,0.0,0.0,5,48,48,9,ordinary_kg,46.22,0.0,8.544320441456483,8.444160681032189,53
unweighted_uniform,False,0.0,0.0,5,48,48,9,ordinary_kg,40.34,0.0,8.53644718216547,8.267142457318778,54
unweighted_uniform,False,0.0,0.0,5,48,48,9,ordinary_kg,42.64,0.0,8.553448969629827,8.5075743170438,55
unweighted_uniform,False,0.0,0.0,5,48,48,9,ordinary_kg,36.54,0.0,8.567407555434022,8.636943744752307,56
unweighted_uniform,False,0.0,0.0,5,48,48,9,two_channel_uniform,24.46,3.48,8.543873326646526,8.35949741315595,01
unweighted_uniform,False,0.0,0.0,5,48,48,9,two_channel_uniform,24.26,3.38,8.561916564064205,8.635873229939312,02
unweighted_uniform,False,0.0,0.0,5,48,48,9,two_channel_uniform,24.22,2.62,8.555299368799682,8.519881085098477,04
unweighted_uniform,False,0.0,0.0,5,48,48,9,two_channel_uniform,24.22,2.9,8.542748890182521,8.29320987654321,05
unweighted_uniform,False,0.0,0.0,5,48,48,9,two_channel_uniform,24.3,2.98,8.54818683804544,8.431945521937767,06
unweighted_uniform,False,0.0,0.0,5,48,48,9,two_channel_uniform,24.04,3.7,8.55321416985021,8.508233957978423,08
unweighted_uniform,False,0.0,0.0,5,48,48,9,two_channel_uniform,24.24,2.82,8.556144155448605,8.553915436577434,09
unweighted_uniform,False,0.0,0.0,5,48,48,9,two_channel_uniform,24.56,2.98,8.566690524814726,8.68655574679671,10
unweighted_uniform,False,0.0,0.0,5,48,48,9,two_channel_uniform,24.38,3.12,8.572149995455776,8.715625586193958,11
unweighted_uniform,False,0.0,0.0,5,48,48,9,two_channel_uniform,23.88,3.12,8.557195637033503,8.560529336304098,12
unweighted_uniform,False,0.0,0.0,5,48,48,9,two_channel_uniform,24.22,2.72,8.549078810048334,8.443810730882975,13
unweighted_uniform,False,0.0,0.0,5,48,48,9,two_channel_uniform,23.82,3.06,8.560271108544475,8.658482845451683,15
unweighted_uniform,False,0.0,0.0,5,48,48,9,two_channel_uniform,23.94,3.28,8.554638398505372,8.519994162288384,16
unweighted_uniform,False,0.0,0.0,5,48,48,9,two_channel_uniform,23.8,2.98,8.564231831269819,8.66492682427592,17
unweighted_uniform,False,0.0,0.0,5,48,48,9,two_channel_uniform,24.1,2.6,8.552597506082035,8.485706993363962,18
unweighted_uniform,False,0.0,0.0,5,48,48,9,two_channel_uniform,23.8,3.3,8.5581163993911,8.577984966753396,19
unweighted_uniform,False,0.0,0.0,5,48,48,9,two_channel_uniform,24.08,3.44,8.554893880486201,8.534743722050223,20
unweighted_uniform,False,0.0,0.0,5,48,48,9,two_channel_uniform,24.16,3.24,8.542068266651023,8.30594265577447,22
unweighted_uniform,False,0.0,0.0,5,48,48,9,two_channel_uniform,23.86,3.34,8.558857109699186,8.594057633792733,23
unweighted_uniform,False,0.0,0.0,5,48,48,9,two_channel_uniform,24.08,3.14,8.562157845491562,8.630635650276268,24
unweighted_uniform,False,0.0,0.0,5,48,48,9,two_channel_uniform,23.98,3.18,8.565093423036153,8.637808611816821,25
unweighted_uniform,False,0.0,0.0,5,48,48,9,two_channel_uniform,24.28,3.58,8.554829212923844,8.529325204961111,26
unweighted_uniform,False,0.0,0.0,5,48,48,9,two_channel_uniform,23.88,3.22,8.562965788925395,8.632127728901924,27
unweighted_uniform,False,0.0,0.0,5,48,48,9,two_channel_uniform,24.6,3.2,8.56497888874311,8.698599093531108,28
unweighted_uniform,False,0.0,0.0,5,48,48,9,two_channel_uniform,24.0,3.18,8.546298241684758,8.384601691143747,29
unweighted_uniform,False,0.0,0.0,5,48,48,9,two_channel_uniform,23.96,3.02,8.557640908010178,8.572748028227481,30
unweighted_uniform,False,0.0,0.0,5,48,48,9,two_channel_uniform,24.06,3.32,8.576264533074069,8.814423125346226,31
unweighted_uniform,False,0.0,0.0,5,48,48,9,two_channel_uniform,24.22,3.54,8.539802716331739,8.271645021645021,32
unweighted_uniform,False,0.0,0.0,5,48,48,9,two_channel_uniform,24.08,3.2,8.572841051802454,8.757779437391088,33
unweighted_uniform,False,0.0,0.0,5,48,48,9,two_channel_uniform,24.38,3.12,8.565149738719509,8.648255191607793,34
unweighted_uniform,False,0.0,0.0,5,48,48,9,two_channel_uniform,24.42,3.76,8.540351898716484,8.344547053649956,35
unweighted_uniform,False,0.0,0.0,5,48,48,9,two_channel_uniform,24.02,3.3,8.555467439918885,8.55199342375668,36
unweighted_uniform,False,0.0,0.0,5,48,48,9,two_channel_uniform,24.0,3.72,8.553518800246174,8.525340283811179,37
unweighted_uniform,False,0.0,0.0,5,48,48,9,two_channel_uniform,24.08,3.46,8.581793053892635,8.852889474840696,38
unweighted_uniform,False,0.0,0.0,5,48,48,9,two_channel_uniform,23.98,3.2,8.55317124229508,8.497960372960375,39
unweighted_uniform,False,0.0,0.0,5,48,48,9,two_channel_uniform,23.88,3.28,8.550200571365924,8.43805003460892,40
unweighted_uniform,False,0.0,0.0,5,48,48,9,two_channel_uniform,23.9,2.9,8.53282898985606,8.179193899782135,41
unweighted_uniform,False,0.0,0.0,5,48,48,9,two_channel_uniform,23.9,3.44,8.568750269012947,8.715135738192634,44
unweighted_uniform,False,0.0,0.0,5,48,48,9,two_channel_uniform,23.84,3.24,8.564458208468714,8.683043063859284,45
unweighted_uniform,False,0.0,0.0,5,48,48,9,two_channel_uniform,24.24,3.14,8.574235161407591,8.805004409171076,46
unweighted_uniform,False,0.0,0.0,5,48,48,9,two_channel_uniform,23.7,3.06,8.553204002433548,8.50069498069498,48
unweighted_uniform,False,0.0,0.0,5,48,48,9,two_channel_uniform,24.04,3.12,8.548525349457865,8.465273829827554,49
unweighted_uniform,False,0.0,0.0,5,48,48,9,two_channel_uniform,24.16,2.96,8.557840583786497,8.580938833570412,50
unweighted_uniform,False,0.0,0.0,5,48,48,9,two_channel_uniform,24.2,3.08,8.559548753648855,8.594168096054887,51
unweighted_uniform,False,0.0,0.0,5,48,48,9,two_channel_uniform,24.38,3.0,8.547845503407657,8.444160681032189,53
unweighted_uniform,False,0.0,0.0,5,48,48,9,two_channel_uniform,24.18,3.08,8.542365920893078,8.267142457318778,54
unweighted_uniform,False,0.0,0.0,5,48,48,9,two_channel_uniform,24.04,3.14,8.553074811146562,8.5075743170438,55
unweighted_uniform,False,0.0,0.0,5,48,48,9,two_channel_uniform,23.68,3.06,8.564587434252031,8.636943744752307,56
unweighted_uniform,False,0.0,0.0,5,48,48,9,balanced_mix,30.74,1.74,8.541710321066072,8.35949741315595,01
unweighted_uniform,False,0.0,0.0,5,48,48,9,balanced_mix,30.68,1.96,8.563047629636129,8.635873229939312,02
unweighted_uniform,False,0.0,0.0,5,48,48,9,balanced_mix,31.04,1.72,8.555695672743253,8.519881085098477,04
unweighted_uniform,False,0.0,0.0,5,48,48,9,balanced_mix,30.72,1.74,8.539524342651614,8.29320987654321,05
unweighted_uniform,False,0.0,0.0,5,48,48,9,balanced_mix,30.12,1.74,8.54735927925445,8.431945521937767,06
unweighted_uniform,False,0.0,0.0,5,48,48,9,balanced_mix,30.52,1.8,8.554330856532804,8.508233957978423,08
unweighted_uniform,False,0.0,0.0,5,48,48,9,balanced_mix,30.34,1.82,8.55471635729733,8.553915436577434,09
unweighted_uniform,False,0.0,0.0,5,48,48,9,balanced_mix,30.78,2.2,8.56905344658348,8.68655574679671,10
unweighted_uniform,False,0.0,0.0,5,48,48,9,balanced_mix,30.38,1.96,8.573584473115938,8.715625586193958,11
unweighted_uniform,False,0.0,0.0,5,48,48,9,balanced_mix,30.46,1.7,8.557148279744018,8.560529336304098,12
unweighted_uniform,False,0.0,0.0,5,48,48,9,balanced_mix,30.74,1.94,8.54857276211967,8.443810730882975,13
unweighted_uniform,False,0.0,0.0,5,48,48,9,balanced_mix,30.54,1.86,8.561838196334996,8.658482845451683,15
unweighted_uniform,False,0.0,0.0,5,48,48,9,balanced_mix,30.38,1.8,8.553002549543688,8.519994162288384,16
unweighted_uniform,False,0.0,0.0,5,48,48,9,balanced_mix,31.0,2.0,8.566164909054201,8.66492682427592,17
unweighted_uniform,False,0.0,0.0,5,48,48,9,balanced_mix,30.14,1.7,8.551443056241222,8.485706993363962,18
unweighted_uniform,False,0.0,0.0,5,48,48,9,balanced_mix,30.76,1.9,8.558033686499769,8.577984966753396,19
unweighted_uniform,False,0.0,0.0,5,48,48,9,balanced_mix,30.34,1.78,8.555323642453551,8.534743722050223,20
unweighted_uniform,False,0.0,0.0,5,48,48,9,balanced_mix,30.56,2.12,8.54007730524943,8.30594265577447,22
unweighted_uniform,False,0.0,0.0,5,48,48,9,balanced_mix,31.02,2.12,8.559901314121296,8.594057633792733,23
unweighted_uniform,False,0.0,0.0,5,48,48,9,balanced_mix,30.22,2.12,8.564133424479376,8.630635650276268,24
unweighted_uniform,False,0.0,0.0,5,48,48,9,balanced_mix,29.56,1.82,8.565636378560294,8.637808611816821,25
unweighted_uniform,False,0.0,0.0,5,48,48,9,balanced_mix,30.02,1.62,8.555000216557378,8.529325204961111,26
unweighted_uniform,False,0.0,0.0,5,48,48,9,balanced_mix,32.18,1.74,8.563123578318393,8.632127728901924,27
unweighted_uniform,False,0.0,0.0,5,48,48,9,balanced_mix,30.88,1.82,8.56762700744668,8.698599093531108,28
unweighted_uniform,False,0.0,0.0,5,48,48,9,balanced_mix,30.38,1.82,8.544371064336366,8.384601691143747,29
unweighted_uniform,False,0.0,0.0,5,48,48,9,balanced_mix,30.22,2.1,8.558853811709936,8.572748028227481,30
unweighted_uniform,False,0.0,0.0,5,48,48,9,balanced_mix,31.02,1.92,8.579894880456049,8.814423125346226,31
unweighted_uniform,False,0.0,0.0,5,48,48,9,balanced_mix,30.32,2.06,8.536681898205108,8.271645021645021,32
unweighted_uniform,False,0.0,0.0,5,48,48,9,balanced_mix,30.42,2.24,8.574489289877553,8.757779437391088,33
unweighted_uniform,False,0.0,0.0,5,48,48,9,balanced_mix,30.58,2.14,8.567044165085607,8.648255191607793,34
unweighted_uniform,False,0.0,0.0,5,48,48,9,balanced_mix,30.52,1.9,8.53785567564872,8.344547053649956,35
unweighted_uniform,False,0.0,0.0,5,48,48,9,balanced_mix,30.7,2.24,8.555499502351177,8.55199342375668,36
unweighted_uniform,False,0.0,0.0,5,48,48,9,balanced_mix,30.38,1.88,8.553076744372387,8.525340283811179,37
unweighted_uniform,False,0.0,0.0,5,48,48,9,balanced_mix,31.2,1.9,8.587012348531502,8.852889474840696,38
unweighted_uniform,False,0.0,0.0,5,48,48,9,balanced_mix,31.34,1.96,8.55439097371064,8.497960372960375,39
unweighted_uniform,False,0.0,0.0,5,48,48,9,balanced_mix,31.48,1.8,8.549102994622228,8.43805003460892,40
unweighted_uniform,False,0.0,0.0,5,48,48,9,balanced_mix,30.8,2.04,8.529622668361771,8.179193899782135,41
unweighted_uniform,False,0.0,0.0,5,48,48,9,balanced_mix,29.9,1.56,8.571126296806339,8.715135738192634,44
unweighted_uniform,False,0.0,0.0,5,48,48,9,balanced_mix,31.66,1.62,8.567260231699235,8.683043063859284,45
unweighted_uniform,False,0.0,0.0,5,48,48,9,balanced_mix,30.64,1.98,8.5778361443263,8.805004409171076,46
unweighted_uniform,False,0.0,0.0,5,48,48,9,balanced_mix,29.5,2.12,8.5528754612157,8.50069498069498,48
unweighted_uniform,False,0.0,0.0,5,48,48,9,balanced_mix,30.36,1.62,8.54632430707892,8.465273829827554,49
unweighted_uniform,False,0.0,0.0,5,48,48,9,balanced_mix,30.78,1.34,8.559086511963553,8.580938833570412,50
unweighted_uniform,False,0.0,0.0,5,48,48,9,balanced_mix,30.1,1.9,8.559708548529512,8.594168096054887,51
unweighted_uniform,False,0.0,0.0,5,48,48,9,balanced_mix,30.54,2.0,8.545573728610815,8.444160681032189,53
unweighted_uniform,False,0.0,0.0,5,48,48,9,balanced_mix,30.22,1.96,8.540130681864651,8.267142457318778,54
unweighted_uniform,False,0.0,0.0,5,48,48,9,balanced_mix,30.82,1.74,8.551696336487767,8.5075743170438,55
unweighted_uniform,False,0.0,0.0,5,48,48,9,balanced_mix,30.5,1.74,8.565467269880994,8.636943744752307,56
unweighted_uniform,False,0.0,0.0,5,48,48,9,validation_only,20.0,4.44,8.54582490845165,8.35949741315595,01
unweighted_uniform,False,0.0,0.0,5,48,48,9,validation_only,20.0,3.7,8.56144997668713,8.635873229939312,02
unweighted_uniform,False,0.0,0.0,5,48,48,9,validation_only,20.0,3.12,8.555364437717177,8.519881085098477,04
unweighted_uniform,False,0.0,0.0,5,48,48,9,validation_only,20.0,3.12,8.54549900935626,8.29320987654321,05
unweighted_uniform,False,0.0,0.0,5,48,48,9,validation_only,20.0,3.98,8.549252076025413,8.431945521937767,06
unweighted_uniform,False,0.0,0.0,5,48,48,9,validation_only,20.0,4.48,8.554114597488315,8.508233957978423,08
unweighted_uniform,False,0.0,0.0,5,48,48,9,validation_only,20.0,3.8,8.556211231716915,8.553915436577434,09
unweighted_uniform,False,0.0,0.0,5,48,48,9,validation_only,20.0,3.64,8.56537262006302,8.68655574679671,10
unweighted_uniform,False,0.0,0.0,5,48,48,9,validation_only,20.0,3.84,8.570234433112697,8.715625586193958,11
unweighted_uniform,False,0.0,0.0,5,48,48,9,validation_only,20.0,3.44,8.55748791692931,8.560529336304098,12
unweighted_uniform,False,0.0,0.0,5,48,48,9,validation_only,20.0,3.44,8.550229448358033,8.443810730882975,13
unweighted_uniform,False,0.0,0.0,5,48,48,9,validation_only,20.0,4.12,8.560255480015725,8.658482845451683,15
unweighted_uniform,False,0.0,0.0,5,48,48,9,validation_only,20.0,3.56,8.55444991728167,8.519994162288384,16
unweighted_uniform,False,0.0,0.0,5,48,48,9,validation_only,20.0,3.68,8.563705680896506,8.66492682427592,17
unweighted_uniform,False,0.0,0.0,5,48,48,9,validation_only,20.0,3.64,8.553271221258841,8.485706993363962,18
unweighted_uniform,False,0.0,0.0,5,48,48,9,validation_only,20.0,3.58,8.557980763829367,8.577984966753396,19
unweighted_uniform,False,0.0,0.0,5,48,48,9,validation_only,20.0,3.78,8.555543236890047,8.534743722050223,20
unweighted_uniform,False,0.0,0.0,5,48,48,9,validation_only,20.0,3.74,8.544047907212615,8.30594265577447,22
unweighted_uniform,False,0.0,0.0,5,48,48,9,validation_only,20.0,4.1,8.559109463438674,8.594057633792733,23
unweighted_uniform,False,0.0,0.0,5,48,48,9,validation_only,20.0,4.18,8.562203757842546,8.630635650276268,24
unweighted_uniform,False,0.0,0.0,5,48,48,9,validation_only,20.0,3.6,8.564196841388277,8.637808611816821,25
unweighted_uniform,False,0.0,0.0,5,48,48,9,validation_only,20.0,3.84,8.555149325929436,8.529325204961111,26
unweighted_uniform,False,0.0,0.0,5,48,48,9,validation_only,20.0,4.04,8.561137016694778,8.632127728901924,27
unweighted_uniform,False,0.0,0.0,5,48,48,9,validation_only,20.0,3.46,8.564139078431438,8.698599093531108,28
unweighted_uniform,False,0.0,0.0,5,48,48,9,validation_only,20.0,4.44,8.546328195219857,8.384601691143747,29
unweighted_uniform,False,0.0,0.0,5,48,48,9,validation_only,20.0,3.52,8.558586453353614,8.572748028227481,30
unweighted_uniform,False,0.0,0.0,5,48,48,9,validation_only,20.0,3.5,8.574297274728389,8.814423125346226,31
unweighted_uniform,False,0.0,0.0,5,48,48,9,validation_only,20.0,3.98,8.541499534709127,8.271645021645021,32
unweighted_uniform,False,0.0,0.0,5,48,48,9,validation_only,20.0,3.72,8.570847732351336,8.757779437391088,33
unweighted_uniform,False,0.0,0.0,5,48,48,9,validation_only,20.0,4.02,8.564662201432396,8.648255191607793,34
unweighted_uniform,False,0.0,0.0,5,48,48,9,validation_only,20.0,4.16,8.54219271110124,8.344547053649956,35
unweighted_uniform,False,0.0,0.0,5,48,48,9,validation_only,20.0,3.96,8.55644195522075,8.55199342375668,36
unweighted_uniform,False,0.0,0.0,5,48,48,9,validation_only,20.0,4.14,8.553598584125101,8.525340283811179,37
unweighted_uniform,False,0.0,0.0,5,48,48,9,validation_only,20.0,3.9,8.578722581894407,8.852889474840696,38
unweighted_uniform,False,0.0,0.0,5,48,48,9,validation_only,20.0,3.3,8.553672252500991,8.497960372960375,39
unweighted_uniform,False,0.0,0.0,5,48,48,9,validation_only,20.0,3.56,8.551346627984017,8.43805003460892,40
unweighted_uniform,False,0.0,0.0,5,48,48,9,validation_only,20.0,3.58,8.535120404712714,8.179193899782135,41
unweighted_uniform,False,0.0,0.0,5,48,48,9,validation_only,20.0,4.1,8.568853525975104,8.715135738192634,44
unweighted_uniform,False,0.0,0.0,5,48,48,9,validation_only,20.0,3.76,8.564333701496054,8.683043063859284,45
unweighted_uniform,False,0.0,0.0,5,48,48,9,validation_only,20.0,3.9,8.571735904941539,8.805004409171076,46
unweighted_uniform,False,0.0,0.0,5,48,48,9,validation_only,20.0,3.6,8.554272200751756,8.50069498069498,48
unweighted_uniform,False,0.0,0.0,5,48,48,9,validation_only,20.0,3.5,8.549639611065794,8.465273829827554,49
unweighted_uniform,False,0.0,0.0,5,48,48,9,validation_only,20.0,3.06,8.558188526631652,8.580938833570412,50
unweighted_uniform,False,0.0,0.0,5,48,48,9,validation_only,20.0,3.38,8.558927903608032,8.594168096054887,51
unweighted_uniform,False,0.0,0.0,5,48,48,9,validation_only,20.0,3.58,8.549919321440868,8.444160681032189,53
unweighted_uniform,False,0.0,0.0,5,48,48,9,validation_only,20.0,3.96,8.544516222373797,8.267142457318778,54
unweighted_uniform,False,0.0,0.0,5,48,48,9,validation_only,20.0,3.48,8.553163412111157,8.5075743170438,55
unweighted_uniform,False,0.0,0.0,5,48,48,9,validation_only,20.0,3.58,8.564739357694108,8.636943744752307,56
unweighted_uniform,False,0.0,0.0,5,48,48,9,two_channel_kg,43.98,0.0,8.537961721879475,8.35949741315595,01
unweighted_uniform,False,0.0,0.0,5,48,48,9,two_channel_kg,37.5,0.0,8.565430217727252,8.635873229939312,02
unweighted_uniform,False,0.0,0.0,5,48,48,9,two_channel_kg,42.88,0.0,8.555397826379297,8.519881085098477,04
unweighted_uniform,False,0.0,0.0,5,48,48,9,two_channel_kg,43.48,0.0,8.532885796288465,8.29320987654321,05
unweighted_uniform,False,0.0,0.0,5,48,48,9,two_channel_kg,43.2,0.0,8.547686092078507,8.431945521937767,06
unweighted_uniform,False,0.0,0.0,5,48,48,9,two_channel_kg,43.6,0.0,8.553140626501275,8.508233957978423,08
unweighted_uniform,False,0.0,0.0,5,48,48,9,two_channel_kg,40.74,0.0,8.557813466238175,8.553915436577434,09
unweighted_uniform,False,0.0,0.0,5,48,48,9,two_channel_kg,35.26,0.0,8.56982322591766,8.68655574679671,10
unweighted_uniform,False,0.0,0.0,5,48,48,9,two_channel_kg,35.02,0.0,8.57678895862818,8.715625586193958,11
unweighted_uniform,False,0.0,0.0,5,48,48,9,two_channel_kg,39.14,0.0,8.557828405040233,8.560529336304098,12
unweighted_uniform,False,0.0,0.0,5,48,48,9,two_channel_kg,43.6,0.0,8.546724498606535,8.443810730882975,13
unweighted_uniform,False,0.0,0.0,5,48,48,9,two_channel_kg,40.64,0.0,8.565960450194162,8.658482845451683,15
unweighted_uniform,False,0.0,0.0,5,48,48,9,two_channel_kg,40.8,0.0,8.554615365889955,8.519994162288384,16
unweighted_uniform,False,0.0,0.0,5,48,48,9,two_channel_kg,34.66,0.0,8.568272899588118,8.66492682427592,17
unweighted_uniform,False,0.0,0.0,5,48,48,9,two_channel_kg,42.12,0.0,8.55160989151341,8.485706993363962,18
unweighted_uniform,False,0.0,0.0,5,48,48,9,two_channel_kg,40.16,0.0,8.559074463070589,8.577984966753396,19
unweighted_uniform,False,0.0,0.0,5,48,48,9,two_channel_kg,40.74,0.0,8.554596555435793,8.534743722050223,20
unweighted_uniform,False,0.0,0.0,5,48,48,9,two_channel_kg,43.9,0.0,8.535769910482195,8.30594265577447,22
unweighted_uniform,False,0.0,0.0,5,48,48,9,two_channel_kg,39.32,0.0,8.560150066156245,8.594057633792733,23
unweighted_uniform,False,0.0,0.0,5,48,48,9,two_channel_kg,39.58,0.0,8.565929657252672,8.630635650276268,24
unweighted_uniform,False,0.0,0.0,5,48,48,9,two_channel_kg,37.14,0.0,8.567767442233693,8.637808611816821,25
unweighted_uniform,False,0.0,0.0,5,48,48,9,two_channel_kg,41.16,0.0,8.555602309204827,8.529325204961111,26
unweighted_uniform,False,0.0,0.0,5,48,48,9,two_channel_kg,39.24,0.0,8.566607819410438,8.632127728901924,27
unweighted_uniform,False,0.0,0.0,5,48,48,9,two_channel_kg,33.4,0.0,8.568458508824982,8.698599093531108,28
unweighted_uniform,False,0.0,0.0,5,48,48,9,two_channel_kg,43.52,0.0,8.541972084864708,8.384601691143747,29
unweighted_uniform,False,0.0,0.0,5,48,48,9,two_channel_kg,39.04,0.0,8.561222794346333,8.572748028227481,30
unweighted_uniform,False,0.0,0.0,5,48,48,9,two_channel_kg,32.54,0.0,8.580694398744486,8.814423125346226,31
unweighted_uniform,False,0.0,0.0,5,48,48,9,two_channel_kg,46.42,0.0,8.529396299245896,8.271645021645021,32
unweighted_uniform,False,0.0,0.0,5,48,48,9,two_channel_kg,32.68,0.0,8.576716971853365,8.757779437391088,33
unweighted_uniform,False,0.0,0.0,5,48,48,9,two_channel_kg,36.2,0.0,8.568626803734238,8.648255191607793,34
unweighted_uniform,False,0.0,0.0,5,48,48,9,two_channel_kg,45.12,0.0,8.531089577141197,8.344547053649956,35
unweighted_uniform,False,0.0,0.0,5,48,48,9,two_channel_kg,41.44,0.0,8.557481402537663,8.55199342375668,36
unweighted_uniform,False,0.0,0.0,5,48,48,9,two_channel_kg,41.12,0.0,8.552327029408552,8.525340283811179,37
unweighted_uniform,False,0.0,0.0,5,48,48,9,two_channel_kg,30.54,0.0,8.586692987031444,8.852889474840696,38
unweighted_uniform,False,0.0,0.0,5,48,48,9,two_channel_kg,41.54,0.0,8.553197352083188,8.497960372960375,39
unweighted_uniform,False,0.0,0.0,5,48,48,9,two_channel_kg,41.6,0.0,8.548848911284185,8.43805003460892,40
unweighted_uniform,False,0.0,0.0,5,48,48,9,two_channel_kg,49.52,0.0,8.517122797618248,8.179193899782135,41
unweighted_uniform,False,0.0,0.0,5,48,48,9,two_channel_kg,35.84,0.0,8.574188057743402,8.715135738192634,44
unweighted_uniform,False,0.0,0.0,5,48,48,9,two_channel_kg,35.56,0.0,8.569554112505566,8.683043063859284,45
unweighted_uniform,False,0.0,0.0,5,48,48,9,two_channel_kg,32.6,0.0,8.577879199919934,8.805004409171076,46
unweighted_uniform,False,0.0,0.0,5,48,48,9,two_channel_kg,42.02,0.0,8.553992170944571,8.50069498069498,48
unweighted_uniform,False,0.0,0.0,5,48,48,9,two_channel_kg,45.24,0.0,8.546713045347593,8.465273829827554,49
unweighted_uniform,False,0.0,0.0,5,48,48,9,two_channel_kg,41.06,0.0,8.559713856838437,8.580938833570412,50
unweighted_uniform,False,0.0,0.0,5,48,48,9,two_channel_kg,39.4,0.0,8.561408928060624,8.594168096054887,51
unweighted_uniform,False,0.0,0.0,5,48,48,9,two_channel_kg,46.22,0.0,8.544320441456483,8.444160681032189,53
unweighted_uniform,False,0.0,0.0,5,48,48,9,two_channel_kg,40.34,0.0,8.53644718216547,8.267142457318778,54
unweighted_uniform,False,0.0,0.0,5,48,48,9,two_channel_kg,42.64,0.0,8.553448969629827,8.5075743170438,55
unweighted_uniform,False,0.0,0.0,5,48,48,9,two_channel_kg,36.54,0.0,8.567407555434022,8.636943744752307,56
unweighted_uniform,False,0.0,0.0,5,144,48,9,uniform,80.38,0.0,8.52057107119171,8.35949741315595,01
unweighted_uniform,False,0.0,0.0,5,144,48,9,uniform,80.36,0.0,8.571969769721141,8.635873229939312,02
unweighted_uniform,False,0.0,0.0,5,144,48,9,uniform,81.4,0.0,8.551295069283345,8.519881085098477,04
unweighted_uniform,False,0.0,0.0,5,144,48,9,uniform,80.86,0.0,8.515710804871816,8.29320987654321,05
unweighted_uniform,False,0.0,0.0,5,144,48,9,uniform,81.8,0.0,8.536890831329401,8.431945521937767,06
unweighted_uniform,False,0.0,0.0,5,144,48,9,uniform,82.66,0.0,8.548837582660179,8.508233957978423,08
unweighted_uniform,False,0.0,0.0,5,144,48,9,uniform,80.28,0.0,8.554895185036534,8.553915436577434,09
unweighted_uniform,False,0.0,0.0,5,144,48,9,uniform,79.98,0.0,8.5801461930042,8.68655574679671,10
unweighted_uniform,False,0.0,0.0,5,144,48,9,uniform,79.68,0.0,8.59212415295171,8.715625586193958,11
unweighted_uniform,False,0.0,0.0,5,144,48,9,uniform,80.94,0.0,8.557853614910636,8.560529336304098,12
unweighted_uniform,False,0.0,0.0,5,144,48,9,uniform,78.38,0.0,8.537758090654341,8.443810730882975,13
unweighted_uniform,False,0.0,0.0,5,144,48,9,uniform,78.7,0.0,8.571648370752008,8.658482845451683,15
unweighted_uniform,False,0.0,0.0,5,144,48,9,uniform,80.42,0.0,8.549711078105014,8.519994162288384,16
unweighted_uniform,False,0.0,0.0,5,144,48,9,uniform,79.5,0.0,8.576568153718258,8.66492682427592,17
unweighted_uniform,False,0.0,0.0,5,144,48,9,uniform,82.02,0.0,8.5456576505923,8.485706993363962,18
unweighted_uniform,False,0.0,0.0,5,144,48,9,uniform,80.06,0.0,8.561849640077474,8.577984966753396,19
unweighted_uniform,False,0.0,0.0,5,144,48,9,uniform,78.4,0.0,8.554885503126744,8.534743722050223,20
unweighted_uniform,False,0.0,0.0,5,144,48,9,uniform,79.38,0.0,8.51767575874134,8.30594265577447,22
unweighted_uniform,False,0.0,0.0,5,144,48,9,uniform,80.7,0.0,8.562885323716777,8.594057633792733,23
unweighted_uniform,False,0.0,0.0,5,144,48,9,uniform,79.68,0.0,8.571267764043743,8.630635650276268,24
unweighted_uniform,False,0.0,0.0,5,144,48,9,uniform,79.32,0.0,8.57425670369608,8.637808611816821,25
unweighted_uniform,False,0.0,0.0,5,144,48,9,uniform,81.44,0.0,8.551324968504144,8.529325204961111,26
unweighted_uniform,False,0.0,0.0,5,144,48,9,uniform,79.6,0.0,8.571793451954845,8.632127728901924,27
unweighted_uniform,False,0.0,0.0,5,144,48,9,uniform,81.1,0.0,8.580557231065974,8.698599093531108,28
unweighted_uniform,False,0.0,0.0,5,144,48,9,uniform,78.56,0.0,8.527725171324494,8.384601691143747,29
unweighted_uniform,False,0.0,0.0,5,144,48,9,uniform,80.16,0.0,8.56100348301579,8.572748028227481,30
unweighted_uniform,False,0.0,0.0,5,144,48,9,uniform,81.78,0.0,8.60862401466629,8.814423125346226,31
unweighted_uniform,False,0.0,0.0,5,144,48,9,uniform,80.88,0.0,8.51279885455241,8.271645021645021,32
unweighted_uniform,False,0.0,0.0,5,144,48,9,uniform,79.06,0.0,8.596054344024381,8.757779437391088,33
unweighted_uniform,False,0.0,0.0,5,144,48,9,uniform,77.66,0.0,8.574770751261555,8.648255191607793,34
unweighted_uniform,False,0.0,0.0,5,144,48,9,uniform,79.32,0.0,8.51673300363453,8.344547053649956,35
unweighted_uniform,False,0.0,0.0,5,144,48,9,uniform,80.8,0.0,8.555877135029302,8.55199342375668,36
unweighted_uniform,False,0.0,0.0,5,144,48,9,uniform,80.96,0.0,8.54887584325319,8.525340283811179,37
unweighted_uniform,False,0.0,0.0,5,144,48,9,uniform,80.26,0.0,8.621129759089328,8.852889474840696,38
unweighted_uniform,False,0.0,0.0,5,144,48,9,uniform,79.24,0.0,8.547806851693029,8.497960372960375,39
unweighted_uniform,False,0.0,0.0,5,144,48,9,uniform,81.28,0.0,8.53794498233576,8.43805003460892,40
unweighted_uniform,False,0.0,0.0,5,144,48,9,uniform,80.0,0.0,8.495919007171372,8.179193899782135,41
unweighted_uniform,False,0.0,0.0,5,144,48,9,uniform,79.76,0.0,8.588759582777934,8.715135738192634,44
unweighted_uniform,False,0.0,0.0,5,144,48,9,uniform,78.24,0.0,8.577906669735588,8.683043063859284,45
unweighted_uniform,False,0.0,0.0,5,144,48,9,uniform,80.72,0.0,8.602264843633195,8.805004409171076,46
unweighted_uniform,False,0.0,0.0,5,144,48,9,uniform,78.12,0.0,8.546326535445154,8.50069498069498,48
unweighted_uniform,False,0.0,0.0,5,144,48,9,uniform,78.78,0.0,8.539244585541699,8.465273829827554,49
unweighted_uniform,False,0.0,0.0,5,144,48,9,uniform,82.06,0.0,8.55977517110813,8.580938833570412,50
unweighted_uniform,False,0.0,0.0,5,144,48,9,uniform,79.08,0.0,8.563879016623451,8.594168096054887,51
unweighted_uniform,False,0.0,0.0,5,144,48,9,uniform,78.4,0.0,8.534691395819115,8.444160681032189,53
unweighted_uniform,False,0.0,0.0,5,144,48,9,uniform,80.12,0.0,8.518207118916486,8.267142457318778,54
unweighted_uniform,False,0.0,0.0,5,144,48,9,uniform,78.72,0.0,8.547801293712741,8.5075743170438,55
unweighted_uniform,False,0.0,0.0,5,144,48,9,uniform,79.0,0.0,8.571912025276724,8.636943744752307,56
unweighted_uniform,False,0.0,0.0,5,144,48,9,uniform_blind,80.38,0.0,8.52057107119171,8.35949741315595,01
unweighted_uniform,False,0.0,0.0,5,144,48,9,uniform_blind,80.36,0.0,8.571969769721141,8.635873229939312,02
unweighted_uniform,False,0.0,0.0,5,144,48,9,uniform_blind,81.4,0.0,8.551295069283345,8.519881085098477,04
unweighted_uniform,False,0.0,0.0,5,144,48,9,uniform_blind,80.86,0.0,8.515710804871816,8.29320987654321,05
unweighted_uniform,False,0.0,0.0,5,144,48,9,uniform_blind,81.8,0.0,8.536890831329401,8.431945521937767,06
unweighted_uniform,False,0.0,0.0,5,144,48,9,uniform_blind,82.66,0.0,8.548837582660179,8.508233957978423,08
unweighted_uniform,False,0.0,0.0,5,144,48,9,uniform_blind,80.28,0.0,8.554895185036532,8.553915436577434,09
unweighted_uniform,False,0.0,0.0,5,144,48,9,uniform_blind,79.98,0.0,8.5801461930042,8.68655574679671,10
unweighted_uniform,False,0.0,0.0,5,144,48,9,uniform_blind,79.68,0.0,8.59212415295171,8.715625586193958,11
unweighted_uniform,False,0.0,0.0,5,144,48,9,uniform_blind,80.94,0.0,8.557853614910636,8.560529336304098,12
unweighted_uniform,False,0.0,0.0,5,144,48,9,uniform_blind,78.38,0.0,8.537758090654341,8.443810730882975,13
unweighted_uniform,False,0.0,0.0,5,144,48,9,uniform_blind,78.7,0.0,8.571648370752008,8.658482845451683,15
unweighted_uniform,False,0.0,0.0,5,144,48,9,uniform_blind,80.42,0.0,8.549711078105014,8.519994162288384,16
unweighted_uniform,False,0.0,0.0,5,144,48,9,uniform_blind,79.5,0.0,8.576568153718258,8.66492682427592,17
unweighted_uniform,False,0.0,0.0,5,144,48,9,uniform_blind,82.02,0.0,8.5456576505923,8.485706993363962,18
unweighted_uniform,False,0.0,0.0,5,144,48,9,uniform_blind,80.06,0.0,8.561849640077476,8.577984966753396,19
unweighted_uniform,False,0.0,0.0,5,144,48,9,uniform_blind,78.4,0.0,8.554885503126744,8.534743722050223,20
unweighted_uniform,False,0.0,0.0,5,144,48,9,uniform_blind,79.38,0.0,8.51767575874134,8.30594265577447,22
unweighted_uniform,False,0.0,0.0,5,144,48,9,uniform_blind,80.7,0.0,8.562885323716777,8.594057633792733,23
unweighted_uniform,False,0.0,0.0,5,144,48,9,uniform_blind,79.68,0.0,8.571267764043743,8.630635650276268,24
unweighted_uniform,False,0.0,0.0,5,144,48,9,uniform_blind,79.32,0.0,8.57425670369608,8.637808611816821,25
unweighted_uniform,False,0.0,0.0,5,144,48,9,uniform_blind,81.44,0.0,8.551324968504144,8.529325204961111,26
unweighted_uniform,False,0.0,0.0,5,144,48,9,uniform_blind,79.6,0.0,8.571793451954845,8.632127728901924,27
unweighted_uniform,False,0.0,0.0,5,144,48,9,uniform_blind,81.1,0.0,8.580557231065974,8.698599093531108,28
unweighted_uniform,False,0.0,0.0,5,144,48,9,uniform_blind,78.56,0.0,8.527725171324494,8.384601691143747,29
unweighted_uniform,False,0.0,0.0,5,144,48,9,uniform_blind,80.16,0.0,8.56100348301579,8.572748028227481,30
unweighted_uniform,False,0.0,0.0,5,144,48,9,uniform_blind,81.78,0.0,8.60862401466629,8.814423125346226,31
unweighted_uniform,False,0.0,0.0,5,144,48,9,uniform_blind,80.88,0.0,8.51279885455241,8.271645021645021,32
unweighted_uniform,False,0.0,0.0,5,144,48,9,uniform_blind,79.06,0.0,8.596054344024381,8.757779437391088,33
unweighted_uniform,False,0.0,0.0,5,144,48,9,uniform_blind,77.66,0.0,8.574770751261555,8.648255191607793,34
unweighted_uniform,False,0.0,0.0,5,144,48,9,uniform_blind,79.32,0.0,8.51673300363453,8.344547053649956,35
unweighted_uniform,False,0.0,0.0,5,144,48,9,uniform_blind,80.8,0.0,8.555877135029302,8.55199342375668,36
unweighted_uniform,False,0.0,0.0,5,144,48,9,uniform_blind,80.96,0.0,8.54887584325319,8.525340283811179,37
unweighted_uniform,False,0.0,0.0,5,144,48,9,uniform_blind,80.26,0.0,8.621129759089328,8.852889474840696,38
unweighted_uniform,False,0.0,0.0,5,144,48,9,uniform_blind,79.24,0.0,8.547806851693029,8.497960372960375,39
unweighted_uniform,False,0.0,0.0,5,144,48,9,uniform_blind,81.28,0.0,8.53794498233576,8.43805003460892,40
unweighted_uniform,False,0.0,0.0,5,144,48,9,uniform_blind,80.0,0.0,8.495919007171372,8.179193899782135,41
unweighted_uniform,False,0.0,0.0,5,144,48,9,uniform_blind,79.76,0.0,8.588759582777934,8.715135738192634,44
unweighted_uniform,False,0.0,0.0,5,144,48,9,uniform_blind,78.24,0.0,8.577906669735588,8.683043063859284,45
unweighted_uniform,False,0.0,0.0,5,144,48,9,uniform_blind,80.72,0.0,8.602264843633197,8.805004409171076,46
unweighted_uniform,False,0.0,0.0,5,144,48,9,uniform_blind,78.12,0.0,8.546326535445154,8.50069498069498,48
unweighted_uniform,False,0.0,0.0,5,144,48,9,uniform_blind,78.78,0.0,8.539244585541699,8.465273829827554,49
unweighted_uniform,False,0.0,0.0,5,144,48,9,uniform_blind,82.06,0.0,8.55977517110813,8.580938833570412,50
unweighted_uniform,False,0.0,0.0,5,144,48,9,uniform_blind,79.08,0.0,8.563879016623451,8.594168096054887,51
unweighted_uniform,False,0.0,0.0,5,144,48,9,uniform_blind,78.4,0.0,8.534691395819115,8.444160681032189,53
unweighted_uniform,False,0.0,0.0,5,144,48,9,uniform_blind,80.12,0.0,8.518207118916486,8.267142457318778,54
unweighted_uniform,False,0.0,0.0,5,144,48,9,uniform_blind,78.72,0.0,8.547801293712741,8.5075743170438,55
unweighted_uniform,False,0.0,0.0,5,144,48,9,uniform_blind,79.0,0.0,8.571912025276724,8.636943744752307,56
unweighted_uniform,False,0.0,0.0,5,144,48,9,uncertainty,80.0,0.0,8.52002175390471,8.35949741315595,01
unweighted_uniform,False,0.0,0.0,5,144,48,9,uncertainty,80.0,0.0,8.57203009618984,8.635873229939312,02
unweighted_uniform,False,0.0,0.0,5,144,48,9,uncertainty,80.0,0.0,8.551100571067101,8.519881085098477,04
unweighted_uniform,False,0.0,0.0,5,144,48,9,uncertainty,80.0,0.0,8.514619408409315,8.29320987654321,05
unweighted_uniform,False,0.0,0.0,5,144,48,9,uncertainty,80.0,0.0,8.538100917538209,8.431945521937767,06
unweighted_uniform,False,0.0,0.0,5,144,48,9,uncertainty,80.0,0.0,8.548221988585567,8.508233957978423,08
unweighted_uniform,False,0.0,0.0,5,144,48,9,uncertainty,80.0,0.0,8.554992565075763,8.553915436577434,09
unweighted_uniform,False,0.0,0.0,5,144,48,9,uncertainty,80.0,0.0,8.580514535524634,8.68655574679671,10
unweighted_uniform,False,0.0,0.0,5,144,48,9,uncertainty,60.0,0.0,8.586540180014653,8.715625586193958,11
unweighted_uniform,False,0.0,0.0,5,144,48,9,uncertainty,80.0,0.0,8.5579891965721,8.560529336304098,12
unweighted_uniform,False,0.0,0.0,5,144,48,9,uncertainty,80.0,0.0,8.53735021510718,8.443810730882975,13
unweighted_uniform,False,0.0,0.0,5,144,48,9,uncertainty,80.0,0.0,8.57254073274557,8.658482845451683,15
unweighted_uniform,False,0.0,0.0,5,144,48,9,uncertainty,80.0,0.0,8.549245073246555,8.519994162288384,16
unweighted_uniform,False,0.0,0.0,5,144,48,9,uncertainty,80.0,0.0,8.57783436201856,8.66492682427592,17
unweighted_uniform,False,0.0,0.0,5,144,48,9,uncertainty,80.0,0.0,8.543787446705865,8.485706993363962,18
unweighted_uniform,False,0.0,0.0,5,144,48,9,uncertainty,80.0,0.0,8.562223647327446,8.577984966753396,19
unweighted_uniform,False,0.0,0.0,5,144,48,9,uncertainty,80.0,0.0,8.553994321665176,8.534743722050223,20
unweighted_uniform,False,0.0,0.0,5,144,48,9,uncertainty,100.0,0.0,8.512689609504934,8.30594265577447,22
unweighted_uniform,False,0.0,0.0,5,144,48,9,uncertainty,80.0,0.0,8.562428821501618,8.594057633792733,23
unweighted_uniform,False,0.0,0.0,5,144,48,9,uncertainty,80.0,0.0,8.571807807231863,8.630635650276268,24
unweighted_uniform,False,0.0,0.0,5,144,48,9,uncertainty,80.0,0.0,8.576350601570281,8.637808611816821,25
unweighted_uniform,False,0.0,0.0,5,144,48,9,uncertainty,80.0,0.0,8.550762699887352,8.529325204961111,26
unweighted_uniform,False,0.0,0.0,5,144,48,9,uncertainty,60.0,0.0,8.568985855355574,8.632127728901924,27
unweighted_uniform,False,0.0,0.0,5,144,48,9,uncertainty,80.0,0.0,8.581842656364017,8.698599093531108,28
unweighted_uniform,False,0.0,0.0,5,144,48,9,uncertainty,100.0,0.0,8.522694037505495,8.384601691143747,29
unweighted_uniform,False,0.0,0.0,5,144,48,9,uncertainty,80.0,0.0,8.561540403590207,8.572748028227481,30
unweighted_uniform,False,0.0,0.0,5,144,48,9,uncertainty,60.0,0.0,8.597405018005212,8.814423125346226,31
unweighted_uniform,False,0.0,0.0,5,144,48,9,uncertainty,100.0,0.0,8.502179982491606,8.271645021645021,32
unweighted_uniform,False,0.0,0.0,5,144,48,9,uncertainty,80.0,0.0,8.598960524049994,8.757779437391088,33
unweighted_uniform,False,0.0,0.0,5,144,48,9,uncertainty,80.0,0.0,8.57671965243873,8.648255191607793,34
unweighted_uniform,False,0.0,0.0,5,144,48,9,uncertainty,80.0,0.0,8.516957054530428,8.344547053649956,35
unweighted_uniform,False,0.0,0.0,5,144,48,9,uncertainty,80.0,0.0,8.557107921687097,8.55199342375668,36
unweighted_uniform,False,0.0,0.0,5,144,48,9,uncertainty,80.0,0.0,8.547742673371257,8.525340283811179,37
unweighted_uniform,False,0.0,0.0,5,144,48,9,uncertainty,60.0,0.0,8.610012084204133,8.852889474840696,38
unweighted_uniform,False,0.0,0.0,5,144,48,9,uncertainty,80.0,0.0,8.547833809460277,8.497960372960375,39
unweighted_uniform,False,0.0,0.0,5,144,48,9,uncertainty,80.0,0.0,8.537210503632549,8.43805003460892,40
unweighted_uniform,False,0.0,0.0,5,144,48,9,uncertainty,80.0,0.0,8.494574947232504,8.179193899782135,41
unweighted_uniform,False,0.0,0.0,5,144,48,9,uncertainty,80.0,0.0,8.589572562251247,8.715135738192634,44
unweighted_uniform,False,0.0,0.0,5,144,48,9,uncertainty,80.0,0.0,8.578325582358296,8.683043063859284,45
unweighted_uniform,False,0.0,0.0,5,144,48,9,uncertainty,80.0,0.0,8.603838702667359,8.805004409171076,46
unweighted_uniform,False,0.0,0.0,5,144,48,9,uncertainty,80.0,0.0,8.546225422163927,8.50069498069498,48
unweighted_uniform,False,0.0,0.0,5,144,48,9,uncertainty,80.0,0.0,8.538772164514462,8.465273829827554,49
unweighted_uniform,False,0.0,0.0,5,144,48,9,uncertainty,80.0,0.0,8.559169775492293,8.580938833570412,50
unweighted_uniform,False,0.0,0.0,5,144,48,9,uncertainty,80.0,0.0,8.564020133320636,8.594168096054887,51
unweighted_uniform,False,0.0,0.0,5,144,48,9,uncertainty,80.0,0.0,8.533470753987949,8.444160681032189,53
unweighted_uniform,False,0.0,0.0,5,144,48,9,uncertainty,100.0,0.0,8.509967508310853,8.267142457318778,54
unweighted_uniform,False,0.0,0.0,5,144,48,9,uncertainty,80.0,0.0,8.5485660273933,8.5075743170438,55
unweighted_uniform,False,0.0,0.0,5,144,48,9,uncertainty,80.0,0.0,8.574031929461391,8.636943744752307,56
unweighted_uniform,False,0.0,0.0,5,144,48,9,boundary,99.52,0.0,8.518527730742528,8.35949741315595,01
unweighted_uniform,False,0.0,0.0,5,144,48,9,boundary,64.58,0.0,8.572144124450642,8.635873229939312,02
unweighted_uniform,False,0.0,0.0,5,144,48,9,boundary,81.44,0.0,8.554396381448964,8.519881085098477,04
unweighted_uniform,False,0.0,0.0,5,144,48,9,boundary,114.58,0.0,8.504741671808736,8.29320987654321,05
unweighted_uniform,False,0.0,0.0,5,144,48,9,boundary,95.0,0.0,8.541133072306073,8.431945521937767,06
unweighted_uniform,False,0.0,0.0,5,144,48,9,boundary,83.4,0.0,8.552249395860422,8.508233957978423,08
unweighted_uniform,False,0.0,0.0,5,144,48,9,boundary,76.88,0.0,8.561309052210621,8.553915436577434,09
unweighted_uniform,False,0.0,0.0,5,144,48,9,boundary,59.86,0.0,8.577825826648143,8.68655574679671,10
unweighted_uniform,False,0.0,0.0,5,144,48,9,boundary,45.92,0.0,8.580509486433977,8.715625586193958,11
unweighted_uniform,False,0.0,0.0,5,144,48,9,boundary,88.5,0.0,8.561622850035077,8.560529336304098,12
unweighted_uniform,False,0.0,0.0,5,144,48,9,boundary,91.64,0.0,8.539380181215078,8.443810730882975,13
unweighted_uniform,False,0.0,0.0,5,144,48,9,boundary,68.36,0.0,8.57325454070896,8.658482845451683,15
unweighted_uniform,False,0.0,0.0,5,144,48,9,boundary,88.72,0.0,8.554548047568893,8.519994162288384,16
unweighted_uniform,False,0.0,0.0,5,144,48,9,boundary,61.9,0.0,8.576994091120257,8.66492682427592,17
unweighted_uniform,False,0.0,0.0,5,144,48,9,boundary,93.1,0.0,8.547593617371211,8.485706993363962,18
unweighted_uniform,False,0.0,0.0,5,144,48,9,boundary,80.44,0.0,8.565136014580958,8.577984966753396,19
unweighted_uniform,False,0.0,0.0,5,144,48,9,boundary,81.98,0.0,8.55744534642141,8.534743722050223,20
unweighted_uniform,False,0.0,0.0,5,144,48,9,boundary,120.44,0.0,8.509278880592472,8.30594265577447,22
unweighted_uniform,False,0.0,0.0,5,144,48,9,boundary,76.5,0.0,8.566185261955692,8.594057633792733,23
unweighted_uniform,False,0.0,0.0,5,144,48,9,boundary,63.82,0.0,8.572033702379132,8.630635650276268,24
unweighted_uniform,False,0.0,0.0,5,144,48,9,boundary,60.32,0.0,8.57625723458378,8.637808611816821,25
unweighted_uniform,False,0.0,0.0,5,144,48,9,boundary,85.98,0.0,8.557583256876704,8.529325204961111,26
unweighted_uniform,False,0.0,0.0,5,144,48,9,boundary,61.92,0.0,8.572999619956114,8.632127728901924,27
unweighted_uniform,False,0.0,0.0,5,144,48,9,boundary,61.82,0.0,8.57875801109171,8.698599093531108,28
unweighted_uniform,False,0.0,0.0,5,144,48,9,boundary,114.2,0.0,8.52489001802348,8.384601691143747,29
unweighted_uniform,False,0.0,0.0,5,144,48,9,boundary,76.52,0.0,8.56512067232647,8.572748028227481,30
unweighted_uniform,False,0.0,0.0,5,144,48,9,boundary,43.26,0.0,8.58770627406029,8.814423125346226,31
unweighted_uniform,False,0.0,0.0,5,144,48,9,boundary,126.1,0.0,8.496549793018335,8.271645021645021,32
unweighted_uniform,False,0.0,0.0,5,144,48,9,boundary,46.64,0.0,8.584478395967276,8.757779437391088,33
unweighted_uniform,False,0.0,0.0,5,144,48,9,boundary,58.26,0.0,8.574742759324062,8.648255191607793,34
unweighted_uniform,False,0.0,0.0,5,144,48,9,boundary,90.1,0.0,8.517134674222453,8.344547053649956,35
unweighted_uniform,False,0.0,0.0,5,144,48,9,boundary,74.24,0.0,8.559372421782736,8.55199342375668,36
unweighted_uniform,False,0.0,0.0,5,144,48,9,boundary,88.92,0.0,8.553846627432035,8.525340283811179,37
unweighted_uniform,False,0.0,0.0,5,144,48,9,boundary,37.68,0.0,8.593862473594548,8.852889474840696,38
unweighted_uniform,False,0.0,0.0,5,144,48,9,boundary,82.68,0.0,8.551359391115675,8.497960372960375,39
unweighted_uniform,False,0.0,0.0,5,144,48,9,boundary,101.44,0.0,8.538760532765268,8.43805003460892,40
unweighted_uniform,False,0.0,0.0,5,144,48,9,boundary,116.94,0.0,8.47631012571113,8.179193899782135,41
unweighted_uniform,False,0.0,0.0,5,144,48,9,boundary,52.8,0.0,8.581161526618205,8.715135738192634,44
unweighted_uniform,False,0.0,0.0,5,144,48,9,boundary,60.4,0.0,8.57642142685848,8.683043063859284,45
unweighted_uniform,False,0.0,0.0,5,144,48,9,boundary,46.4,0.0,8.58805222092515,8.805004409171076,46
unweighted_uniform,False,0.0,0.0,5,144,48,9,boundary,89.98,0.0,8.55186597250194,8.50069498069498,48
unweighted_uniform,False,0.0,0.0,5,144,48,9,boundary,97.06,0.0,8.540368080778858,8.465273829827554,49
unweighted_uniform,False,0.0,0.0,5,144,48,9,boundary,71.74,0.0,8.562166016302985,8.580938833570412,50
unweighted_uniform,False,0.0,0.0,5,144,48,9,boundary,70.5,0.0,8.56753382032734,8.594168096054887,51
unweighted_uniform,False,0.0,0.0,5,144,48,9,boundary,92.62,0.0,8.538319048782265,8.444160681032189,53
unweighted_uniform,False,0.0,0.0,5,144,48,9,boundary,149.42,0.0,8.497325798774881,8.267142457318778,54
unweighted_uniform,False,0.0,0.0,5,144,48,9,boundary,84.88,0.0,8.551671659586933,8.5075743170438,55
unweighted_uniform,False,0.0,0.0,5,144,48,9,boundary,60.6,0.0,8.574083108264807,8.636943744752307,56
unweighted_uniform,False,0.0,0.0,5,144,48,9,bias_blind_kg,96.7,0.0,8.519594646277953,8.35949741315595,01
unweighted_uniform,False,0.0,0.0,5,144,48,9,bias_blind_kg,71.6,0.0,8.57331207033911,8.635873229939312,02
unweighted_uniform,False,0.0,0.0,5,144,48,9,bias_blind_kg,84.84,0.0,8.5546850252754,8.519881085098477,04
unweighted_uniform,False,0.0,0.0,5,144,48,9,bias_blind_kg,95.08,0.0,8.513228423381973,8.29320987654321,05
unweighted_uniform,False,0.0,0.0,5,144,48,9,bias_blind_kg,97.14,0.0,8.540907133510885,8.431945521937767,06
unweighted_uniform,False,0.0,0.0,5,144,48,9,bias_blind_kg,90.02,0.0,8.552533578185162,8.508233957978423,08
unweighted_uniform,False,0.0,0.0,5,144,48,9,bias_blind_kg,81.08,0.0,8.561165899483877,8.553915436577434,09
unweighted_uniform,False,0.0,0.0,5,144,48,9,bias_blind_kg,60.72,0.0,8.577168678688023,8.68655574679671,10
unweighted_uniform,False,0.0,0.0,5,144,48,9,bias_blind_kg,60.34,0.0,8.58772079421768,8.715625586193958,11
unweighted_uniform,False,0.0,0.0,5,144,48,9,bias_blind_kg,77.44,0.0,8.560051464979079,8.560529336304098,12
unweighted_uniform,False,0.0,0.0,5,144,48,9,bias_blind_kg,93.04,0.0,8.540484278283062,8.443810730882975,13
unweighted_uniform,False,0.0,0.0,5,144,48,9,bias_blind_kg,71.42,0.0,8.573713050738283,8.658482845451683,15
unweighted_uniform,False,0.0,0.0,5,144,48,9,bias_blind_kg,85.94,0.0,8.554534518820955,8.519994162288384,16
unweighted_uniform,False,0.0,0.0,5,144,48,9,bias_blind_kg,63.74,0.0,8.576972920375002,8.66492682427592,17
unweighted_uniform,False,0.0,0.0,5,144,48,9,bias_blind_kg,90.74,0.0,8.549928989067064,8.485706993363962,18
unweighted_uniform,False,0.0,0.0,5,144,48,9,bias_blind_kg,82.12,0.0,8.564444279001078,8.577984966753396,19
unweighted_uniform,False,0.0,0.0,5,144,48,9,bias_blind_kg,84.44,0.0,8.557749735905327,8.534743722050223,20
unweighted_uniform,False,0.0,0.0,5,144,48,9,bias_blind_kg,101.92,0.0,8.515495662478513,8.30594265577447,22
unweighted_uniform,False,0.0,0.0,5,144,48,9,bias_blind_kg,76.84,0.0,8.565829481236019,8.594057633792733,23
unweighted_uniform,False,0.0,0.0,5,144,48,9,bias_blind_kg,69.18,0.0,8.573852752684973,8.630635650276268,24
unweighted_uniform,False,0.0,0.0,5,144,48,9,bias_blind_kg,67.04,0.0,8.57640706384221,8.637808611816821,25
unweighted_uniform,False,0.0,0.0,5,144,48,9,bias_blind_kg,86.02,0.0,8.557421261621823,8.529325204961111,26
unweighted_uniform,False,0.0,0.0,5,144,48,9,bias_blind_kg,72.8,0.0,8.57552619765551,8.632127728901924,27
unweighted_uniform,False,0.0,0.0,5,144,48,9,bias_blind_kg,54.68,0.0,8.576816598347607,8.698599093531108,28
unweighted_uniform,False,0.0,0.0,5,144,48,9,bias_blind_kg,99.1,0.0,8.528215436133566,8.384601691143747,29
unweighted_uniform,False,0.0,0.0,5,144,48,9,bias_blind_kg,75.28,0.0,8.56541791601995,8.572748028227481,30
unweighted_uniform,False,0.0,0.0,5,144,48,9,bias_blind_kg,48.6,0.0,8.591047211682826,8.814423125346226,31
unweighted_uniform,False,0.0,0.0,5,144,48,9,bias_blind_kg,103.52,0.0,8.507372048899796,8.271645021645021,32
unweighted_uniform,False,0.0,0.0,5,144,48,9,bias_blind_kg,49.86,0.0,8.586752389485664,8.757779437391088,33
unweighted_uniform,False,0.0,0.0,5,144,48,9,bias_blind_kg,67.04,0.0,8.57755465243296,8.648255191607793,34
unweighted_uniform,False,0.0,0.0,5,144,48,9,bias_blind_kg,94.72,0.0,8.515759576538045,8.344547053649956,35
unweighted_uniform,False,0.0,0.0,5,144,48,9,bias_blind_kg,84.06,0.0,8.559343261825344,8.55199342375668,36
unweighted_uniform,False,0.0,0.0,5,144,48,9,bias_blind_kg,89.1,0.0,8.555008847701856,8.525340283811179,37
unweighted_uniform,False,0.0,0.0,5,144,48,9,bias_blind_kg,43.34,0.0,8.59896093292281,8.852889474840696,38
unweighted_uniform,False,0.0,0.0,5,144,48,9,bias_blind_kg,85.66,0.0,8.552269557182811,8.497960372960375,39
unweighted_uniform,False,0.0,0.0,5,144,48,9,bias_blind_kg,96.1,0.0,8.540524804684472,8.43805003460892,40
unweighted_uniform,False,0.0,0.0,5,144,48,9,bias_blind_kg,105.58,0.0,8.482692437903944,8.179193899782135,41
unweighted_uniform,False,0.0,0.0,5,144,48,9,bias_blind_kg,59.5,0.0,8.583220031028421,8.715135738192634,44
unweighted_uniform,False,0.0,0.0,5,144,48,9,bias_blind_kg,62.88,0.0,8.576809286573157,8.683043063859284,45
unweighted_uniform,False,0.0,0.0,5,144,48,9,bias_blind_kg,49.38,0.0,8.588902930744979,8.805004409171076,46
unweighted_uniform,False,0.0,0.0,5,144,48,9,bias_blind_kg,88.26,0.0,8.552368516815665,8.50069498069498,48
unweighted_uniform,False,0.0,0.0,5,144,48,9,bias_blind_kg,98.38,0.0,8.54046519925644,8.465273829827554,49
unweighted_uniform,False,0.0,0.0,5,144,48,9,bias_blind_kg,82.26,0.0,8.563271082219968,8.580938833570412,50
unweighted_uniform,False,0.0,0.0,5,144,48,9,bias_blind_kg,79.68,0.0,8.567756793779786,8.594168096054887,51
unweighted_uniform,False,0.0,0.0,5,144,48,9,bias_blind_kg,103.52,0.0,8.53630851373108,8.444160681032189,53
unweighted_uniform,False,0.0,0.0,5,144,48,9,bias_blind_kg,101.78,0.0,8.513175915134202,8.267142457318778,54
unweighted_uniform,False,0.0,0.0,5,144,48,9,bias_blind_kg,90.42,0.0,8.551777263625885,8.5075743170438,55
unweighted_uniform,False,0.0,0.0,5,144,48,9,bias_blind_kg,67.1,0.0,8.574654770322997,8.636943744752307,56
unweighted_uniform,False,0.0,0.0,5,144,48,9,ordinary_kg,96.7,0.0,8.519594646277953,8.35949741315595,01
unweighted_uniform,False,0.0,0.0,5,144,48,9,ordinary_kg,71.6,0.0,8.57331207033911,8.635873229939312,02
unweighted_uniform,False,0.0,0.0,5,144,48,9,ordinary_kg,84.84,0.0,8.5546850252754,8.519881085098477,04
unweighted_uniform,False,0.0,0.0,5,144,48,9,ordinary_kg,95.08,0.0,8.513228423381973,8.29320987654321,05
unweighted_uniform,False,0.0,0.0,5,144,48,9,ordinary_kg,97.14,0.0,8.540907133510885,8.431945521937767,06
unweighted_uniform,False,0.0,0.0,5,144,48,9,ordinary_kg,90.02,0.0,8.552533578185162,8.508233957978423,08
unweighted_uniform,False,0.0,0.0,5,144,48,9,ordinary_kg,81.08,0.0,8.561165899483877,8.553915436577434,09
unweighted_uniform,False,0.0,0.0,5,144,48,9,ordinary_kg,60.72,0.0,8.577168678688023,8.68655574679671,10
unweighted_uniform,False,0.0,0.0,5,144,48,9,ordinary_kg,60.34,0.0,8.58772079421768,8.715625586193958,11
unweighted_uniform,False,0.0,0.0,5,144,48,9,ordinary_kg,77.44,0.0,8.560051464979079,8.560529336304098,12
unweighted_uniform,False,0.0,0.0,5,144,48,9,ordinary_kg,93.04,0.0,8.540484278283062,8.443810730882975,13
unweighted_uniform,False,0.0,0.0,5,144,48,9,ordinary_kg,71.42,0.0,8.573713050738283,8.658482845451683,15
unweighted_uniform,False,0.0,0.0,5,144,48,9,ordinary_kg,85.94,0.0,8.554534518820955,8.519994162288384,16
unweighted_uniform,False,0.0,0.0,5,144,48,9,ordinary_kg,63.74,0.0,8.576972920375002,8.66492682427592,17
unweighted_uniform,False,0.0,0.0,5,144,48,9,ordinary_kg,90.74,0.0,8.549928989067066,8.485706993363962,18
unweighted_uniform,False,0.0,0.0,5,144,48,9,ordinary_kg,82.12,0.0,8.564444279001078,8.577984966753396,19
unweighted_uniform,False,0.0,0.0,5,144,48,9,ordinary_kg,84.44,0.0,8.557749735905327,8.534743722050223,20
unweighted_uniform,False,0.0,0.0,5,144,48,9,ordinary_kg,101.92,0.0,8.515495662478513,8.30594265577447,22
unweighted_uniform,False,0.0,0.0,5,144,48,9,ordinary_kg,76.84,0.0,8.565829481236019,8.594057633792733,23
unweighted_uniform,False,0.0,0.0,5,144,48,9,ordinary_kg,69.18,0.0,8.573852752684973,8.630635650276268,24
unweighted_uniform,False,0.0,0.0,5,144,48,9,ordinary_kg,67.04,0.0,8.57640706384221,8.637808611816821,25
unweighted_uniform,False,0.0,0.0,5,144,48,9,ordinary_kg,86.02,0.0,8.557421261621823,8.529325204961111,26
unweighted_uniform,False,0.0,0.0,5,144,48,9,ordinary_kg,72.8,0.0,8.57552619765551,8.632127728901924,27
unweighted_uniform,False,0.0,0.0,5,144,48,9,ordinary_kg,54.68,0.0,8.576816598347607,8.698599093531108,28
unweighted_uniform,False,0.0,0.0,5,144,48,9,ordinary_kg,99.1,0.0,8.528215436133566,8.384601691143747,29
unweighted_uniform,False,0.0,0.0,5,144,48,9,ordinary_kg,75.28,0.0,8.56541791601995,8.572748028227481,30
unweighted_uniform,False,0.0,0.0,5,144,48,9,ordinary_kg,48.6,0.0,8.591047211682826,8.814423125346226,31
unweighted_uniform,False,0.0,0.0,5,144,48,9,ordinary_kg,103.52,0.0,8.507372048899796,8.271645021645021,32
unweighted_uniform,False,0.0,0.0,5,144,48,9,ordinary_kg,49.86,0.0,8.586752389485664,8.757779437391088,33
unweighted_uniform,False,0.0,0.0,5,144,48,9,ordinary_kg,67.04,0.0,8.57755465243296,8.648255191607793,34
unweighted_uniform,False,0.0,0.0,5,144,48,9,ordinary_kg,94.72,0.0,8.515759576538045,8.344547053649956,35
unweighted_uniform,False,0.0,0.0,5,144,48,9,ordinary_kg,84.06,0.0,8.559343261825344,8.55199342375668,36
unweighted_uniform,False,0.0,0.0,5,144,48,9,ordinary_kg,89.1,0.0,8.555008847701856,8.525340283811179,37
unweighted_uniform,False,0.0,0.0,5,144,48,9,ordinary_kg,43.34,0.0,8.59896093292281,8.852889474840696,38
unweighted_uniform,False,0.0,0.0,5,144,48,9,ordinary_kg,85.66,0.0,8.552269557182811,8.497960372960375,39
unweighted_uniform,False,0.0,0.0,5,144,48,9,ordinary_kg,96.1,0.0,8.540524804684472,8.43805003460892,40
unweighted_uniform,False,0.0,0.0,5,144,48,9,ordinary_kg,105.58,0.0,8.482692437903944,8.179193899782135,41
unweighted_uniform,False,0.0,0.0,5,144,48,9,ordinary_kg,59.5,0.0,8.583220031028421,8.715135738192634,44
unweighted_uniform,False,0.0,0.0,5,144,48,9,ordinary_kg,62.88,0.0,8.576809286573157,8.683043063859284,45
unweighted_uniform,False,0.0,0.0,5,144,48,9,ordinary_kg,49.38,0.0,8.588902930744979,8.805004409171076,46
unweighted_uniform,False,0.0,0.0,5,144,48,9,ordinary_kg,88.26,0.0,8.552368516815664,8.50069498069498,48
unweighted_uniform,False,0.0,0.0,5,144,48,9,ordinary_kg,98.38,0.0,8.54046519925644,8.465273829827554,49
unweighted_uniform,False,0.0,0.0,5,144,48,9,ordinary_kg,82.26,0.0,8.563271082219968,8.580938833570412,50
unweighted_uniform,False,0.0,0.0,5,144,48,9,ordinary_kg,79.68,0.0,8.567756793779786,8.594168096054887,51
unweighted_uniform,False,0.0,0.0,5,144,48,9,ordinary_kg,103.52,0.0,8.536308513731083,8.444160681032189,53
unweighted_uniform,False,0.0,0.0,5,144,48,9,ordinary_kg,101.78,0.0,8.513175915134202,8.267142457318778,54
unweighted_uniform,False,0.0,0.0,5,144,48,9,ordinary_kg,90.42,0.0,8.551777263625885,8.5075743170438,55
unweighted_uniform,False,0.0,0.0,5,144,48,9,ordinary_kg,67.1,0.0,8.574654770322997,8.636943744752307,56
unweighted_uniform,False,0.0,0.0,5,144,48,9,two_channel_uniform,31.42,10.0,8.538632698189831,8.35949741315595,01
unweighted_uniform,False,0.0,0.0,5,144,48,9,two_channel_uniform,31.04,10.14,8.565458073181592,8.635873229939312,02
unweighted_uniform,False,0.0,0.0,5,144,48,9,two_channel_uniform,31.6,9.18,8.554717079617083,8.519881085098477,04
unweighted_uniform,False,0.0,0.0,5,144,48,9,two_channel_uniform,30.78,10.24,8.534340137336315,8.29320987654321,05
unweighted_uniform,False,0.0,0.0,5,144,48,9,two_channel_uniform,31.2,9.74,8.545894826416513,8.431945521937767,06
unweighted_uniform,False,0.0,0.0,5,144,48,9,two_channel_uniform,30.9,10.36,8.552118239197343,8.508233957978423,08
unweighted_uniform,False,0.0,0.0,5,144,48,9,two_channel_uniform,31.56,9.56,8.556345820479441,8.553915436577434,09
unweighted_uniform,False,0.0,0.0,5,144,48,9,two_channel_uniform,31.08,9.66,8.570250359857424,8.68655574679671,10
unweighted_uniform,False,0.0,0.0,5,144,48,9,two_channel_uniform,31.34,10.34,8.57772919381033,8.715625586193958,11
unweighted_uniform,False,0.0,0.0,5,144,48,9,two_channel_uniform,30.58,9.8,8.557545735821984,8.560529336304098,12
unweighted_uniform,False,0.0,0.0,5,144,48,9,two_channel_uniform,30.96,8.92,8.546730871195166,8.443810730882975,13
unweighted_uniform,False,0.0,0.0,5,144,48,9,two_channel_uniform,30.34,9.98,8.563637063205283,8.658482845451683,15
unweighted_uniform,False,0.0,0.0,5,144,48,9,two_channel_uniform,30.94,9.82,8.554534604237906,8.519994162288384,16
unweighted_uniform,False,0.0,0.0,5,144,48,9,two_channel_uniform,29.64,10.26,8.568121592024522,8.66492682427592,17
unweighted_uniform,False,0.0,0.0,5,144,48,9,two_channel_uniform,30.82,8.7,8.550233923870616,8.485706993363962,18
unweighted_uniform,False,0.0,0.0,5,144,48,9,two_channel_uniform,31.16,9.3,8.558373192610315,8.577984966753396,19
unweighted_uniform,False,0.0,0.0,5,144,48,9,two_channel_uniform,30.98,9.94,8.553998834609345,8.534743722050223,20
unweighted_uniform,False,0.0,0.0,5,144,48,9,two_channel_uniform,30.44,10.44,8.534501347025476,8.30594265577447,22
unweighted_uniform,False,0.0,0.0,5,144,48,9,two_channel_uniform,30.82,9.84,8.560095607509195,8.594057633792733,23
unweighted_uniform,False,0.0,0.0,5,144,48,9,two_channel_uniform,30.12,9.96,8.564507054709058,8.630635650276268,24
unweighted_uniform,False,0.0,0.0,5,144,48,9,two_channel_uniform,30.92,10.08,8.567814839778784,8.637808611816821,25
unweighted_uniform,False,0.0,0.0,5,144,48,9,two_channel_uniform,31.04,9.82,8.554066927151691,8.529325204961111,26
unweighted_uniform,False,0.0,0.0,5,144,48,9,two_channel_uniform,30.66,10.18,8.565378981127825,8.632127728901924,27
unweighted_uniform,False,0.0,0.0,5,144,48,9,two_channel_uniform,31.4,9.94,8.568663057787301,8.698599093531108,28
unweighted_uniform,False,0.0,0.0,5,144,48,9,two_channel_uniform,30.06,9.66,8.541483542707736,8.384601691143747,29
unweighted_uniform,False,0.0,0.0,5,144,48,9,two_channel_uniform,31.22,9.7,8.558389115372078,8.572748028227481,30
unweighted_uniform,False,0.0,0.0,5,144,48,9,two_channel_uniform,30.76,9.22,8.58303989722217,8.814423125346226,31
unweighted_uniform,False,0.0,0.0,5,144,48,9,two_channel_uniform,30.54,10.32,8.533222023565013,8.271645021645021,32
unweighted_uniform,False,0.0,0.0,5,144,48,9,two_channel_uniform,29.84,9.98,8.578818372848268,8.757779437391088,33
unweighted_uniform,False,0.0,0.0,5,144,48,9,two_channel_uniform,30.32,10.26,8.567360207059144,8.648255191607793,34
unweighted_uniform,False,0.0,0.0,5,144,48,9,two_channel_uniform,31.16,10.12,8.532593934152612,8.344547053649956,35
unweighted_uniform,False,0.0,0.0,5,144,48,9,two_channel_uniform,31.24,9.16,8.55413167385926,8.55199342375668,36
unweighted_uniform,False,0.0,0.0,5,144,48,9,two_channel_uniform,30.68,10.26,8.552261982545987,8.525340283811179,37
unweighted_uniform,False,0.0,0.0,5,144,48,9,two_channel_uniform,31.3,9.5,8.59349961591679,8.852889474840696,38
unweighted_uniform,False,0.0,0.0,5,144,48,9,two_channel_uniform,31.72,9.9,8.551535875296548,8.497960372960375,39
unweighted_uniform,False,0.0,0.0,5,144,48,9,two_channel_uniform,31.12,9.96,8.545780732031593,8.43805003460892,40
unweighted_uniform,False,0.0,0.0,5,144,48,9,two_channel_uniform,30.98,9.16,8.522739483509268,8.179193899782135,41
unweighted_uniform,False,0.0,0.0,5,144,48,9,two_channel_uniform,30.74,10.34,8.573677338297413,8.715135738192634,44
unweighted_uniform,False,0.0,0.0,5,144,48,9,two_channel_uniform,30.28,10.02,8.569041203167794,8.683043063859284,45
unweighted_uniform,False,0.0,0.0,5,144,48,9,two_channel_uniform,30.96,9.62,8.582043310097168,8.805004409171076,46
unweighted_uniform,False,0.0,0.0,5,144,48,9,two_channel_uniform,30.34,9.84,8.55185018457876,8.50069498069498,48
unweighted_uniform,False,0.0,0.0,5,144,48,9,two_channel_uniform,30.12,9.7,8.54543794856649,8.465273829827554,49
unweighted_uniform,False,0.0,0.0,5,144,48,9,two_channel_uniform,31.08,10.14,8.557410847117339,8.580938833570412,50
unweighted_uniform,False,0.0,0.0,5,144,48,9,two_channel_uniform,30.94,9.8,8.561693504886552,8.594168096054887,51
unweighted_uniform,False,0.0,0.0,5,144,48,9,two_channel_uniform,30.94,9.96,8.543447667214105,8.444160681032189,53
unweighted_uniform,False,0.0,0.0,5,144,48,9,two_channel_uniform,30.46,10.06,8.535662185254381,8.267142457318778,54
unweighted_uniform,False,0.0,0.0,5,144,48,9,two_channel_uniform,30.9,10.08,8.551706137383636,8.5075743170438,55
unweighted_uniform,False,0.0,0.0,5,144,48,9,two_channel_uniform,30.16,9.12,8.567840886518196,8.636943744752307,56
unweighted_uniform,False,0.0,0.0,5,144,48,9,balanced_mix,48.8,5.82,8.532744262841993,8.35949741315595,01
unweighted_uniform,False,0.0,0.0,5,144,48,9,balanced_mix,50.02,6.0,8.567851122400112,8.635873229939312,02
unweighted_uniform,False,0.0,0.0,5,144,48,9,balanced_mix,50.78,5.86,8.553646486473616,8.519881085098477,04
unweighted_uniform,False,0.0,0.0,5,144,48,9,balanced_mix,51.16,5.84,8.525591079050635,8.29320987654321,05
unweighted_uniform,False,0.0,0.0,5,144,48,9,balanced_mix,49.82,5.84,8.541896320483161,8.431945521937767,06
unweighted_uniform,False,0.0,0.0,5,144,48,9,balanced_mix,51.0,5.72,8.550976853862302,8.508233957978423,08
unweighted_uniform,False,0.0,0.0,5,144,48,9,balanced_mix,50.22,5.66,8.555574293053674,8.553915436577434,09
unweighted_uniform,False,0.0,0.0,5,144,48,9,balanced_mix,51.66,6.2,8.574942088961329,8.68655574679671,10
unweighted_uniform,False,0.0,0.0,5,144,48,9,balanced_mix,50.56,5.52,8.582965345424869,8.715625586193958,11
unweighted_uniform,False,0.0,0.0,5,144,48,9,balanced_mix,50.22,6.42,8.557009518438155,8.560529336304098,12
unweighted_uniform,False,0.0,0.0,5,144,48,9,balanced_mix,50.28,5.64,8.544010059988931,8.443810730882975,13
unweighted_uniform,False,0.0,0.0,5,144,48,9,balanced_mix,49.76,5.54,8.566596586309831,8.658482845451683,15
unweighted_uniform,False,0.0,0.0,5,144,48,9,balanced_mix,50.68,5.94,8.551746093335518,8.519994162288384,16
unweighted_uniform,False,0.0,0.0,5,144,48,9,balanced_mix,51.54,5.5,8.57222849648271,8.66492682427592,17
unweighted_uniform,False,0.0,0.0,5,144,48,9,balanced_mix,49.3,5.78,8.547584470144807,8.485706993363962,18
unweighted_uniform,False,0.0,0.0,5,144,48,9,balanced_mix,51.46,5.86,8.561006337898544,8.577984966753396,19
unweighted_uniform,False,0.0,0.0,5,144,48,9,balanced_mix,50.94,6.34,8.553754666080561,8.534743722050223,20
unweighted_uniform,False,0.0,0.0,5,144,48,9,balanced_mix,50.52,6.08,8.528667817348694,8.30594265577447,22
unweighted_uniform,False,0.0,0.0,5,144,48,9,balanced_mix,49.82,6.24,8.562891755726218,8.594057633792733,23
unweighted_uniform,False,0.0,0.0,5,144,48,9,balanced_mix,50.66,5.98,8.568554659222558,8.630635650276268,24
unweighted_uniform,False,0.0,0.0,5,144,48,9,balanced_mix,48.74,6.02,8.570576687290565,8.637808611816821,25
unweighted_uniform,False,0.0,0.0,5,144,48,9,balanced_mix,50.28,5.64,8.554085767777051,8.529325204961111,26
unweighted_uniform,False,0.0,0.0,5,144,48,9,balanced_mix,51.78,5.68,8.5657301164026,8.632127728901924,27
unweighted_uniform,False,0.0,0.0,5,144,48,9,balanced_mix,50.02,5.56,8.57287050392257,8.698599093531108,28
unweighted_uniform,False,0.0,0.0,5,144,48,9,balanced_mix,50.62,5.92,8.536782607760134,8.384601691143747,29
unweighted_uniform,False,0.0,0.0,5,144,48,9,balanced_mix,50.04,6.16,8.560861236778013,8.572748028227481,30
unweighted_uniform,False,0.0,0.0,5,144,48,9,balanced_mix,51.54,6.42,8.594691160901604,8.814423125346226,31
unweighted_uniform,False,0.0,0.0,5,144,48,9,balanced_mix,50.34,5.92,8.525615135899965,8.271645021645021,32
unweighted_uniform,False,0.0,0.0,5,144,48,9,balanced_mix,50.38,6.52,8.585815488851374,8.757779437391088,33
unweighted_uniform,False,0.0,0.0,5,144,48,9,balanced_mix,49.66,5.76,8.571675978528154,8.648255191607793,34
unweighted_uniform,False,0.0,0.0,5,144,48,9,balanced_mix,51.54,6.02,8.52636132359719,8.344547053649956,35
unweighted_uniform,False,0.0,0.0,5,144,48,9,balanced_mix,51.74,6.06,8.557029144494503,8.55199342375668,36
unweighted_uniform,False,0.0,0.0,5,144,48,9,balanced_mix,50.02,5.74,8.551460411303767,8.525340283811179,37
unweighted_uniform,False,0.0,0.0,5,144,48,9,balanced_mix,50.36,6.14,8.605617350546286,8.852889474840696,38
unweighted_uniform,False,0.0,0.0,5,144,48,9,balanced_mix,51.88,6.04,8.548711305075411,8.497960372960375,39
unweighted_uniform,False,0.0,0.0,5,144,48,9,balanced_mix,51.56,6.02,8.542891316000926,8.43805003460892,40
unweighted_uniform,False,0.0,0.0,5,144,48,9,balanced_mix,50.8,6.08,8.51132743407823,8.179193899782135,41
unweighted_uniform,False,0.0,0.0,5,144,48,9,balanced_mix,49.3,5.52,8.578144927862963,8.715135738192634,44
unweighted_uniform,False,0.0,0.0,5,144,48,9,balanced_mix,51.24,5.74,8.573561384967215,8.683043063859284,45
unweighted_uniform,False,0.0,0.0,5,144,48,9,balanced_mix,51.4,5.92,8.592431129429734,8.805004409171076,46
unweighted_uniform,False,0.0,0.0,5,144,48,9,balanced_mix,49.52,6.1,8.549510624723373,8.50069498069498,48
unweighted_uniform,False,0.0,0.0,5,144,48,9,balanced_mix,50.2,6.42,8.54190297175103,8.465273829827554,49
unweighted_uniform,False,0.0,0.0,5,144,48,9,balanced_mix,51.04,5.84,8.557217733166228,8.580938833570412,50
unweighted_uniform,False,0.0,0.0,5,144,48,9,balanced_mix,49.3,6.14,8.560241287906173,8.594168096054887,51
unweighted_uniform,False,0.0,0.0,5,144,48,9,balanced_mix,49.32,6.02,8.540654105396777,8.444160681032189,53
unweighted_uniform,False,0.0,0.0,5,144,48,9,balanced_mix,49.88,6.1,8.529358285102207,8.267142457318778,54
unweighted_uniform,False,0.0,0.0,5,144,48,9,balanced_mix,50.24,5.08,8.54993272398978,8.5075743170438,55
unweighted_uniform,False,0.0,0.0,5,144,48,9,balanced_mix,50.56,5.14,8.568681704060984,8.636943744752307,56
unweighted_uniform,False,0.0,0.0,5,144,48,9,validation_only,20.0,12.18,8.542439598912633,8.35949741315595,01
unweighted_uniform,False,0.0,0.0,5,144,48,9,validation_only,20.0,11.34,8.562152075334689,8.635873229939312,02
unweighted_uniform,False,0.0,0.0,5,144,48,9,validation_only,20.0,11.52,8.554251259279813,8.519881085098477,04
unweighted_uniform,False,0.0,0.0,5,144,48,9,validation_only,20.0,12.14,8.54001221466946,8.29320987654321,05
unweighted_uniform,False,0.0,0.0,5,144,48,9,validation_only,20.0,11.72,8.546639167523088,8.431945521937767,06
unweighted_uniform,False,0.0,0.0,5,144,48,9,validation_only,20.0,12.88,8.553146050459521,8.508233957978423,08
unweighted_uniform,False,0.0,0.0,5,144,48,9,validation_only,20.0,11.62,8.556328065285397,8.553915436577434,09
unweighted_uniform,False,0.0,0.0,5,144,48,9,validation_only,20.0,11.42,8.568095763176727,8.68655574679671,10
unweighted_uniform,False,0.0,0.0,5,144,48,9,validation_only,20.0,11.78,8.574488947526357,8.715625586193958,11
unweighted_uniform,False,0.0,0.0,5,144,48,9,validation_only,20.0,11.3,8.557947698457236,8.560529336304098,12
unweighted_uniform,False,0.0,0.0,5,144,48,9,validation_only,20.0,10.74,8.54874206871522,8.443810730882975,13
unweighted_uniform,False,0.0,0.0,5,144,48,9,validation_only,20.0,11.5,8.561892869055148,8.658482845451683,15
unweighted_uniform,False,0.0,0.0,5,144,48,9,validation_only,20.0,11.16,8.55378013000038,8.519994162288384,16
unweighted_uniform,False,0.0,0.0,5,144,48,9,validation_only,20.0,11.82,8.564926533561534,8.66492682427592,17
unweighted_uniform,False,0.0,0.0,5,144,48,9,validation_only,20.0,11.3,8.551310248123457,8.485706993363962,18
unweighted_uniform,False,0.0,0.0,5,144,48,9,validation_only,20.0,11.28,8.55882029785903,8.577984966753396,19
unweighted_uniform,False,0.0,0.0,5,144,48,9,validation_only,20.0,12.22,8.554230688345353,8.534743722050223,20
unweighted_uniform,False,0.0,0.0,5,144,48,9,validation_only,20.0,11.78,8.539224934720322,8.30594265577447,22
unweighted_uniform,False,0.0,0.0,5,144,48,9,validation_only,20.0,12.1,8.559167177701973,8.594057633792733,23
unweighted_uniform,False,0.0,0.0,5,144,48,9,validation_only,20.0,11.64,8.56381571672059,8.630635650276268,24
unweighted_uniform,False,0.0,0.0,5,144,48,9,validation_only,20.0,11.88,8.5663092185083,8.637808611816821,25
unweighted_uniform,False,0.0,0.0,5,144,48,9,validation_only,20.0,11.58,8.554502614790831,8.529325204961111,26
unweighted_uniform,False,0.0,0.0,5,144,48,9,validation_only,20.0,11.94,8.562452057172322,8.632127728901924,27
unweighted_uniform,False,0.0,0.0,5,144,48,9,validation_only,20.0,10.84,8.566766115326407,8.698599093531108,28
unweighted_uniform,False,0.0,0.0,5,144,48,9,validation_only,20.0,12.14,8.543663673911574,8.384601691143747,29
unweighted_uniform,False,0.0,0.0,5,144,48,9,validation_only,20.0,11.1,8.558866328116745,8.572748028227481,30
unweighted_uniform,False,0.0,0.0,5,144,48,9,validation_only,20.0,11.34,8.578362685543423,8.814423125346226,31
unweighted_uniform,False,0.0,0.0,5,144,48,9,validation_only,20.0,12.44,8.535989176187174,8.271645021645021,32
unweighted_uniform,False,0.0,0.0,5,144,48,9,validation_only,20.0,11.14,8.574377790287828,8.757779437391088,33
unweighted_uniform,False,0.0,0.0,5,144,48,9,validation_only,20.0,12.34,8.56560184092482,8.648255191607793,34
unweighted_uniform,False,0.0,0.0,5,144,48,9,validation_only,20.0,11.78,8.537295513135327,8.344547053649956,35
unweighted_uniform,False,0.0,0.0,5,144,48,9,validation_only,20.0,11.38,8.556005217566835,8.55199342375668,36
unweighted_uniform,False,0.0,0.0,5,144,48,9,validation_only,20.0,12.12,8.553437867371798,8.525340283811179,37
unweighted_uniform,False,0.0,0.0,5,144,48,9,validation_only,20.0,12.26,8.58550549151504,8.852889474840696,38
unweighted_uniform,False,0.0,0.0,5,144,48,9,validation_only,20.0,11.3,8.55230236547536,8.497960372960375,39
unweighted_uniform,False,0.0,0.0,5,144,48,9,validation_only,20.0,10.82,8.548439501056649,8.43805003460892,40
unweighted_uniform,False,0.0,0.0,5,144,48,9,validation_only,20.0,11.64,8.528341408680557,8.179193899782135,41
unweighted_uniform,False,0.0,0.0,5,144,48,9,validation_only,20.0,12.18,8.571095319864295,8.715135738192634,44
unweighted_uniform,False,0.0,0.0,5,144,48,9,validation_only,20.0,11.94,8.566442641677439,8.683043063859284,45
unweighted_uniform,False,0.0,0.0,5,144,48,9,validation_only,20.0,11.54,8.576424462136458,8.805004409171076,46
unweighted_uniform,False,0.0,0.0,5,144,48,9,validation_only,20.0,11.36,8.552886167038237,8.50069498069498,48
unweighted_uniform,False,0.0,0.0,5,144,48,9,validation_only,20.0,11.44,8.546774509174112,8.465273829827554,49
unweighted_uniform,False,0.0,0.0,5,144,48,9,validation_only,20.0,11.58,8.557216931732757,8.580938833570412,50
unweighted_uniform,False,0.0,0.0,5,144,48,9,validation_only,20.0,11.12,8.558399023928347,8.594168096054887,51
unweighted_uniform,False,0.0,0.0,5,144,48,9,validation_only,20.0,11.92,8.54686693210449,8.444160681032189,53
unweighted_uniform,False,0.0,0.0,5,144,48,9,validation_only,20.0,12.02,8.541135224523723,8.267142457318778,54
unweighted_uniform,False,0.0,0.0,5,144,48,9,validation_only,20.0,11.68,8.551604861548112,8.5075743170438,55
unweighted_uniform,False,0.0,0.0,5,144,48,9,validation_only,20.0,11.74,8.565619000455497,8.636943744752307,56
unweighted_uniform,False,0.0,0.0,5,144,48,9,two_channel_kg,96.7,0.0,8.519594646277953,8.35949741315595,01
unweighted_uniform,False,0.0,0.0,5,144,48,9,two_channel_kg,71.6,0.0,8.57331207033911,8.635873229939312,02
unweighted_uniform,False,0.0,0.0,5,144,48,9,two_channel_kg,84.84,0.0,8.5546850252754,8.519881085098477,04
unweighted_uniform,False,0.0,0.0,5,144,48,9,two_channel_kg,95.08,0.0,8.513228423381973,8.29320987654321,05
unweighted_uniform,False,0.0,0.0,5,144,48,9,two_channel_kg,97.14,0.0,8.540907133510885,8.431945521937767,06
unweighted_uniform,False,0.0,0.0,5,144,48,9,two_channel_kg,90.02,0.0,8.552533578185162,8.508233957978423,08
unweighted_uniform,False,0.0,0.0,5,144,48,9,two_channel_kg,81.08,0.0,8.561165899483877,8.553915436577434,09
unweighted_uniform,False,0.0,0.0,5,144,48,9,two_channel_kg,60.72,0.0,8.577168678688023,8.68655574679671,10
unweighted_uniform,False,0.0,0.0,5,144,48,9,two_channel_kg,60.34,0.0,8.58772079421768,8.715625586193958,11
unweighted_uniform,False,0.0,0.0,5,144,48,9,two_channel_kg,77.44,0.0,8.560051464979079,8.560529336304098,12
unweighted_uniform,False,0.0,0.0,5,144,48,9,two_channel_kg,93.04,0.0,8.540484278283062,8.443810730882975,13
unweighted_uniform,False,0.0,0.0,5,144,48,9,two_channel_kg,71.42,0.0,8.573713050738283,8.658482845451683,15
unweighted_uniform,False,0.0,0.0,5,144,48,9,two_channel_kg,85.94,0.0,8.554534518820955,8.519994162288384,16
unweighted_uniform,False,0.0,0.0,5,144,48,9,two_channel_kg,63.74,0.0,8.576972920375002,8.66492682427592,17
unweighted_uniform,False,0.0,0.0,5,144,48,9,two_channel_kg,90.74,0.0,8.549928989067066,8.485706993363962,18
unweighted_uniform,False,0.0,0.0,5,144,48,9,two_channel_kg,82.12,0.0,8.564444279001078,8.577984966753396,19
unweighted_uniform,False,0.0,0.0,5,144,48,9,two_channel_kg,84.44,0.0,8.557749735905327,8.534743722050223,20
unweighted_uniform,False,0.0,0.0,5,144,48,9,two_channel_kg,101.92,0.0,8.515495662478513,8.30594265577447,22
unweighted_uniform,False,0.0,0.0,5,144,48,9,two_channel_kg,76.84,0.0,8.565829481236019,8.594057633792733,23
unweighted_uniform,False,0.0,0.0,5,144,48,9,two_channel_kg,69.18,0.0,8.573852752684973,8.630635650276268,24
unweighted_uniform,False,0.0,0.0,5,144,48,9,two_channel_kg,67.04,0.0,8.57640706384221,8.637808611816821,25
unweighted_uniform,False,0.0,0.0,5,144,48,9,two_channel_kg,86.02,0.0,8.557421261621823,8.529325204961111,26
unweighted_uniform,False,0.0,0.0,5,144,48,9,two_channel_kg,72.8,0.0,8.57552619765551,8.632127728901924,27
unweighted_uniform,False,0.0,0.0,5,144,48,9,two_channel_kg,54.68,0.0,8.576816598347607,8.698599093531108,28
unweighted_uniform,False,0.0,0.0,5,144,48,9,two_channel_kg,99.1,0.0,8.528215436133566,8.384601691143747,29
unweighted_uniform,False,0.0,0.0,5,144,48,9,two_channel_kg,75.28,0.0,8.56541791601995,8.572748028227481,30
unweighted_uniform,False,0.0,0.0,5,144,48,9,two_channel_kg,48.6,0.0,8.591047211682826,8.814423125346226,31
unweighted_uniform,False,0.0,0.0,5,144,48,9,two_channel_kg,103.52,0.0,8.507372048899796,8.271645021645021,32
unweighted_uniform,False,0.0,0.0,5,144,48,9,two_channel_kg,49.86,0.0,8.586752389485664,8.757779437391088,33
unweighted_uniform,False,0.0,0.0,5,144,48,9,two_channel_kg,67.04,0.0,8.57755465243296,8.648255191607793,34
unweighted_uniform,False,0.0,0.0,5,144,48,9,two_channel_kg,94.72,0.0,8.515759576538045,8.344547053649956,35
unweighted_uniform,False,0.0,0.0,5,144,48,9,two_channel_kg,84.06,0.0,8.559343261825344,8.55199342375668,36
unweighted_uniform,False,0.0,0.0,5,144,48,9,two_channel_kg,89.1,0.0,8.555008847701856,8.525340283811179,37
unweighted_uniform,False,0.0,0.0,5,144,48,9,two_channel_kg,43.34,0.0,8.59896093292281,8.852889474840696,38
unweighted_uniform,False,0.0,0.0,5,144,48,9,two_channel_kg,85.66,0.0,8.552269557182811,8.497960372960375,39
unweighted_uniform,False,0.0,0.0,5,144,48,9,two_channel_kg,96.1,0.0,8.540524804684472,8.43805003460892,40
unweighted_uniform,False,0.0,0.0,5,144,48,9,two_channel_kg,105.58,0.0,8.482692437903944,8.179193899782135,41
unweighted_uniform,False,0.0,0.0,5,144,48,9,two_channel_kg,59.5,0.0,8.583220031028421,8.715135738192634,44
unweighted_uniform,False,0.0,0.0,5,144,48,9,two_channel_kg,62.88,0.0,8.576809286573157,8.683043063859284,45
unweighted_uniform,False,0.0,0.0,5,144,48,9,two_channel_kg,49.38,0.0,8.588902930744979,8.805004409171076,46
unweighted_uniform,False,0.0,0.0,5,144,48,9,two_channel_kg,88.26,0.0,8.552368516815664,8.50069498069498,48
unweighted_uniform,False,0.0,0.0,5,144,48,9,two_channel_kg,98.38,0.0,8.54046519925644,8.465273829827554,49
unweighted_uniform,False,0.0,0.0,5,144,48,9,two_channel_kg,82.26,0.0,8.563271082219968,8.580938833570412,50
unweighted_uniform,False,0.0,0.0,5,144,48,9,two_channel_kg,79.68,0.0,8.567756793779786,8.594168096054887,51
unweighted_uniform,False,0.0,0.0,5,144,48,9,two_channel_kg,103.52,0.0,8.536308513731083,8.444160681032189,53
unweighted_uniform,False,0.0,0.0,5,144,48,9,two_channel_kg,101.78,0.0,8.513175915134202,8.267142457318778,54
unweighted_uniform,False,0.0,0.0,5,144,48,9,two_channel_kg,90.42,0.0,8.551777263625885,8.5075743170438,55
unweighted_uniform,False,0.0,0.0,5,144,48,9,two_channel_kg,67.1,0.0,8.574654770322997,8.636943744752307,56
unweighted_uniform,False,0.0,0.0,10,48,48,9,uniform,40.36,0.0,8.536612231289945,8.35949741315595,01
unweighted_uniform,False,0.0,0.0,10,48,48,9,uniform,40.06,0.0,8.564710931336977,8.635873229939312,02
unweighted_uniform,False,0.0,0.0,10,48,48,9,uniform,41.1,0.0,8.554395205952787,8.519881085098477,04
unweighted_uniform,False,0.0,0.0,10,48,48,9,uniform,40.08,0.0,8.535043753650877,8.29320987654321,05
unweighted_uniform,False,0.0,0.0,10,48,48,9,uniform,40.5,0.0,8.545401109102524,8.431945521937767,06
unweighted_uniform,False,0.0,0.0,10,48,48,9,uniform,40.6,0.0,8.551810533119143,8.508233957978423,08
unweighted_uniform,False,0.0,0.0,10,48,48,9,uniform,40.84,0.0,8.555478467505335,8.553915436577434,09
unweighted_uniform,False,0.0,0.0,10,48,48,9,uniform,40.58,0.0,8.571232428780307,8.68655574679671,10
unweighted_uniform,False,0.0,0.0,10,48,48,9,uniform,40.24,0.0,8.577321786079235,8.715625586193958,11
unweighted_uniform,False,0.0,0.0,10,48,48,9,uniform,39.94,0.0,8.557069544771092,8.560529336304098,12
unweighted_uniform,False,0.0,0.0,10,48,48,9,uniform,40.64,0.0,8.546723504632196,8.443810730882975,13
unweighted_uniform,False,0.0,0.0,10,48,48,9,uniform,38.86,0.0,8.562744314515593,8.658482845451683,15
unweighted_uniform,False,0.0,0.0,10,48,48,9,uniform,40.46,0.0,8.554003627495337,8.519994162288384,16
unweighted_uniform,False,0.0,0.0,10,48,48,9,uniform,39.62,0.0,8.567689835786304,8.66492682427592,17
unweighted_uniform,False,0.0,0.0,10,48,48,9,uniform,40.18,0.0,8.54923265809745,8.485706993363962,18
unweighted_uniform,False,0.0,0.0,10,48,48,9,uniform,40.48,0.0,8.560810990198162,8.577984966753396,19
unweighted_uniform,False,0.0,0.0,10,48,48,9,uniform,39.76,0.0,8.554593168417238,8.534743722050223,20
unweighted_uniform,False,0.0,0.0,10,48,48,9,uniform,39.4,0.0,8.536432984655109,8.30594265577447,22
unweighted_uniform,False,0.0,0.0,10,48,48,9,uniform,40.88,0.0,8.560407503822109,8.594057633792733,23
unweighted_uniform,False,0.0,0.0,10,48,48,9,uniform,38.88,0.0,8.564976475512655,8.630635650276268,24
unweighted_uniform,False,0.0,0.0,10,48,48,9,uniform,39.82,0.0,8.569157683691227,8.637808611816821,25
unweighted_uniform,False,0.0,0.0,10,48,48,9,uniform,39.92,0.0,8.554067815493392,8.529325204961111,26
unweighted_uniform,False,0.0,0.0,10,48,48,9,uniform,40.32,0.0,8.565761173465702,8.632127728901924,27
unweighted_uniform,False,0.0,0.0,10,48,48,9,uniform,40.52,0.0,8.569785371020473,8.698599093531108,28
unweighted_uniform,False,0.0,0.0,10,48,48,9,uniform,39.42,0.0,8.54205336623635,8.384601691143747,29
unweighted_uniform,False,0.0,0.0,10,48,48,9,uniform,40.42,0.0,8.558891279661841,8.572748028227481,30
unweighted_uniform,False,0.0,0.0,10,48,48,9,uniform,40.72,0.0,8.584211792498383,8.814423125346226,31
unweighted_uniform,False,0.0,0.0,10,48,48,9,uniform,40.06,0.0,8.53342414606149,8.271645021645021,32
unweighted_uniform,False,0.0,0.0,10,48,48,9,uniform,38.82,0.0,8.578459312886757,8.757779437391088,33
unweighted_uniform,False,0.0,0.0,10,48,48,9,uniform,39.62,0.0,8.567532628539709,8.648255191607793,34
unweighted_uniform,False,0.0,0.0,10,48,48,9,uniform,40.58,0.0,8.533429524687165,8.344547053649956,35
unweighted_uniform,False,0.0,0.0,10,48,48,9,uniform,40.66,0.0,8.555504048152711,8.55199342375668,36
unweighted_uniform,False,0.0,0.0,10,48,48,9,uniform,39.7,0.0,8.551195602538147,8.525340283811179,37
unweighted_uniform,False,0.0,0.0,10,48,48,9,uniform,39.7,0.0,8.593111118799555,8.852889474840696,38
unweighted_uniform,False,0.0,0.0,10,48,48,9,uniform,40.18,0.0,8.55311079840688,8.497960372960375,39
unweighted_uniform,False,0.0,0.0,10,48,48,9,uniform,40.5,0.0,8.546425333872007,8.43805003460892,40
unweighted_uniform,False,0.0,0.0,10,48,48,9,uniform,39.4,0.0,8.52361435954009,8.179193899782135,41
unweighted_uniform,False,0.0,0.0,10,48,48,9,uniform,39.4,0.0,8.573710190013,8.715135738192634,44
unweighted_uniform,False,0.0,0.0,10,48,48,9,uniform,39.1,0.0,8.568032002746763,8.683043063859284,45
unweighted_uniform,False,0.0,0.0,10,48,48,9,uniform,40.18,0.0,8.581825439891352,8.805004409171076,46
unweighted_uniform,False,0.0,0.0,10,48,48,9,uniform,38.78,0.0,8.55105221116469,8.50069498069498,48
unweighted_uniform,False,0.0,0.0,10,48,48,9,uniform,39.6,0.0,8.546637748447056,8.465273829827554,49
unweighted_uniform,False,0.0,0.0,10,48,48,9,uniform,40.56,0.0,8.558672691641538,8.580938833570412,50
unweighted_uniform,False,0.0,0.0,10,48,48,9,uniform,39.48,0.0,8.560424219637785,8.594168096054887,51
unweighted_uniform,False,0.0,0.0,10,48,48,9,uniform,40.18,0.0,8.543872889919433,8.444160681032189,53
unweighted_uniform,False,0.0,0.0,10,48,48,9,uniform,39.74,0.0,8.535614007152196,8.267142457318778,54
unweighted_uniform,False,0.0,0.0,10,48,48,9,uniform,40.0,0.0,8.551262401930304,8.5075743170438,55
unweighted_uniform,False,0.0,0.0,10,48,48,9,uniform,39.16,0.0,8.565693431450327,8.636943744752307,56
unweighted_uniform,False,0.0,0.0,10,48,48,9,uniform_blind,40.36,0.0,8.536612231289945,8.35949741315595,01
unweighted_uniform,False,0.0,0.0,10,48,48,9,uniform_blind,40.06,0.0,8.564710931336977,8.635873229939312,02
unweighted_uniform,False,0.0,0.0,10,48,48,9,uniform_blind,41.1,0.0,8.554395205952787,8.519881085098477,04
unweighted_uniform,False,0.0,0.0,10,48,48,9,uniform_blind,40.08,0.0,8.535043753650877,8.29320987654321,05
unweighted_uniform,False,0.0,0.0,10,48,48,9,uniform_blind,40.5,0.0,8.545401109102524,8.431945521937767,06
unweighted_uniform,False,0.0,0.0,10,48,48,9,uniform_blind,40.6,0.0,8.551810533119143,8.508233957978423,08
unweighted_uniform,False,0.0,0.0,10,48,48,9,uniform_blind,40.84,0.0,8.555478467505335,8.553915436577434,09
unweighted_uniform,False,0.0,0.0,10,48,48,9,uniform_blind,40.58,0.0,8.571232428780307,8.68655574679671,10
unweighted_uniform,False,0.0,0.0,10,48,48,9,uniform_blind,40.24,0.0,8.577321786079235,8.715625586193958,11
unweighted_uniform,False,0.0,0.0,10,48,48,9,uniform_blind,39.94,0.0,8.557069544771092,8.560529336304098,12
unweighted_uniform,False,0.0,0.0,10,48,48,9,uniform_blind,40.64,0.0,8.546723504632196,8.443810730882975,13
unweighted_uniform,False,0.0,0.0,10,48,48,9,uniform_blind,38.86,0.0,8.562744314515593,8.658482845451683,15
unweighted_uniform,False,0.0,0.0,10,48,48,9,uniform_blind,40.46,0.0,8.554003627495337,8.519994162288384,16
unweighted_uniform,False,0.0,0.0,10,48,48,9,uniform_blind,39.62,0.0,8.567689835786304,8.66492682427592,17
unweighted_uniform,False,0.0,0.0,10,48,48,9,uniform_blind,40.18,0.0,8.54923265809745,8.485706993363962,18
unweighted_uniform,False,0.0,0.0,10,48,48,9,uniform_blind,40.48,0.0,8.560810990198162,8.577984966753396,19
unweighted_uniform,False,0.0,0.0,10,48,48,9,uniform_blind,39.76,0.0,8.554593168417238,8.534743722050223,20
unweighted_uniform,False,0.0,0.0,10,48,48,9,uniform_blind,39.4,0.0,8.536432984655109,8.30594265577447,22
unweighted_uniform,False,0.0,0.0,10,48,48,9,uniform_blind,40.88,0.0,8.560407503822109,8.594057633792733,23
unweighted_uniform,False,0.0,0.0,10,48,48,9,uniform_blind,38.88,0.0,8.564976475512655,8.630635650276268,24
unweighted_uniform,False,0.0,0.0,10,48,48,9,uniform_blind,39.82,0.0,8.569157683691227,8.637808611816821,25
unweighted_uniform,False,0.0,0.0,10,48,48,9,uniform_blind,39.92,0.0,8.554067815493392,8.529325204961111,26
unweighted_uniform,False,0.0,0.0,10,48,48,9,uniform_blind,40.32,0.0,8.565761173465702,8.632127728901924,27
unweighted_uniform,False,0.0,0.0,10,48,48,9,uniform_blind,40.52,0.0,8.569785371020473,8.698599093531108,28
unweighted_uniform,False,0.0,0.0,10,48,48,9,uniform_blind,39.42,0.0,8.54205336623635,8.384601691143747,29
unweighted_uniform,False,0.0,0.0,10,48,48,9,uniform_blind,40.42,0.0,8.558891279661841,8.572748028227481,30
unweighted_uniform,False,0.0,0.0,10,48,48,9,uniform_blind,40.72,0.0,8.584211792498383,8.814423125346226,31
unweighted_uniform,False,0.0,0.0,10,48,48,9,uniform_blind,40.06,0.0,8.53342414606149,8.271645021645021,32
unweighted_uniform,False,0.0,0.0,10,48,48,9,uniform_blind,38.82,0.0,8.578459312886757,8.757779437391088,33
unweighted_uniform,False,0.0,0.0,10,48,48,9,uniform_blind,39.62,0.0,8.567532628539709,8.648255191607793,34
unweighted_uniform,False,0.0,0.0,10,48,48,9,uniform_blind,40.58,0.0,8.533429524687165,8.344547053649956,35
unweighted_uniform,False,0.0,0.0,10,48,48,9,uniform_blind,40.66,0.0,8.555504048152711,8.55199342375668,36
unweighted_uniform,False,0.0,0.0,10,48,48,9,uniform_blind,39.7,0.0,8.551195602538147,8.525340283811179,37
unweighted_uniform,False,0.0,0.0,10,48,48,9,uniform_blind,39.7,0.0,8.593111118799555,8.852889474840696,38
unweighted_uniform,False,0.0,0.0,10,48,48,9,uniform_blind,40.18,0.0,8.55311079840688,8.497960372960375,39
unweighted_uniform,False,0.0,0.0,10,48,48,9,uniform_blind,40.5,0.0,8.546425333872007,8.43805003460892,40
unweighted_uniform,False,0.0,0.0,10,48,48,9,uniform_blind,39.4,0.0,8.52361435954009,8.179193899782135,41
unweighted_uniform,False,0.0,0.0,10,48,48,9,uniform_blind,39.4,0.0,8.573710190013,8.715135738192634,44
unweighted_uniform,False,0.0,0.0,10,48,48,9,uniform_blind,39.1,0.0,8.568032002746765,8.683043063859284,45
unweighted_uniform,False,0.0,0.0,10,48,48,9,uniform_blind,40.18,0.0,8.581825439891352,8.805004409171076,46
unweighted_uniform,False,0.0,0.0,10,48,48,9,uniform_blind,38.78,0.0,8.55105221116469,8.50069498069498,48
unweighted_uniform,False,0.0,0.0,10,48,48,9,uniform_blind,39.6,0.0,8.546637748447056,8.465273829827554,49
unweighted_uniform,False,0.0,0.0,10,48,48,9,uniform_blind,40.56,0.0,8.558672691641538,8.580938833570412,50
unweighted_uniform,False,0.0,0.0,10,48,48,9,uniform_blind,39.48,0.0,8.560424219637785,8.594168096054887,51
unweighted_uniform,False,0.0,0.0,10,48,48,9,uniform_blind,40.18,0.0,8.543872889919433,8.444160681032189,53
unweighted_uniform,False,0.0,0.0,10,48,48,9,uniform_blind,39.74,0.0,8.535614007152196,8.267142457318778,54
unweighted_uniform,False,0.0,0.0,10,48,48,9,uniform_blind,40.0,0.0,8.551262401930304,8.5075743170438,55
unweighted_uniform,False,0.0,0.0,10,48,48,9,uniform_blind,39.16,0.0,8.565693431450327,8.636943744752307,56
unweighted_uniform,False,0.0,0.0,10,48,48,9,uncertainty,40.0,0.0,8.537717641105793,8.35949741315595,01
unweighted_uniform,False,0.0,0.0,10,48,48,9,uncertainty,40.0,0.0,8.565488611570942,8.635873229939312,02
unweighted_uniform,False,0.0,0.0,10,48,48,9,uncertainty,40.0,0.0,8.555786203136613,8.519881085098477,04
unweighted_uniform,False,0.0,0.0,10,48,48,9,uncertainty,40.0,0.0,8.533727855773229,8.29320987654321,05
unweighted_uniform,False,0.0,0.0,10,48,48,9,uncertainty,40.0,0.0,8.546219952569318,8.431945521937767,06
unweighted_uniform,False,0.0,0.0,10,48,48,9,uncertainty,40.0,0.0,8.55266728576082,8.508233957978423,08
unweighted_uniform,False,0.0,0.0,10,48,48,9,uncertainty,40.0,0.0,8.555983271103848,8.553915436577434,09
unweighted_uniform,False,0.0,0.0,10,48,48,9,uncertainty,40.0,0.0,8.570905504002859,8.68655574679671,10
unweighted_uniform,False,0.0,0.0,10,48,48,9,uncertainty,40.0,0.0,8.578569280589605,8.715625586193958,11
unweighted_uniform,False,0.0,0.0,10,48,48,9,uncertainty,40.0,0.0,8.556997623328545,8.560529336304098,12
unweighted_uniform,False,0.0,0.0,10,48,48,9,uncertainty,40.0,0.0,8.546444101671979,8.443810730882975,13
unweighted_uniform,False,0.0,0.0,10,48,48,9,uncertainty,40.0,0.0,8.563716583971335,8.658482845451683,15
unweighted_uniform,False,0.0,0.0,10,48,48,9,uncertainty,40.0,0.0,8.5535155304471,8.519994162288384,16
unweighted_uniform,False,0.0,0.0,10,48,48,9,uncertainty,40.0,0.0,8.568904502613536,8.66492682427592,17
unweighted_uniform,False,0.0,0.0,10,48,48,9,uncertainty,40.0,0.0,8.549473414068636,8.485706993363962,18
unweighted_uniform,False,0.0,0.0,10,48,48,9,uncertainty,40.0,0.0,8.560448983978928,8.577984966753396,19
unweighted_uniform,False,0.0,0.0,10,48,48,9,uncertainty,40.0,0.0,8.555046846145567,8.534743722050223,20
unweighted_uniform,False,0.0,0.0,10,48,48,9,uncertainty,40.0,0.0,8.53671600586484,8.30594265577447,22
unweighted_uniform,False,0.0,0.0,10,48,48,9,uncertainty,40.0,0.0,8.560852085254174,8.594057633792733,23
unweighted_uniform,False,0.0,0.0,10,48,48,9,uncertainty,40.0,0.0,8.565767389434024,8.630635650276268,24
unweighted_uniform,False,0.0,0.0,10,48,48,9,uncertainty,40.0,0.0,8.56781458413134,8.637808611816821,25
unweighted_uniform,False,0.0,0.0,10,48,48,9,uncertainty,40.0,0.0,8.55479796541733,8.529325204961111,26
unweighted_uniform,False,0.0,0.0,10,48,48,9,uncertainty,40.0,0.0,8.565482460898798,8.632127728901924,27
unweighted_uniform,False,0.0,0.0,10,48,48,9,uncertainty,40.0,0.0,8.569091543840488,8.698599093531108,28
unweighted_uniform,False,0.0,0.0,10,48,48,9,uncertainty,40.0,0.0,8.541033774088232,8.384601691143747,29
unweighted_uniform,False,0.0,0.0,10,48,48,9,uncertainty,40.0,0.0,8.559120394420203,8.572748028227481,30
unweighted_uniform,False,0.0,0.0,10,48,48,9,uncertainty,40.0,0.0,8.58409377835786,8.814423125346226,31
unweighted_uniform,False,0.0,0.0,10,48,48,9,uncertainty,40.0,0.0,8.532278435749847,8.271645021645021,32
unweighted_uniform,False,0.0,0.0,10,48,48,9,uncertainty,40.0,0.0,8.579040568189884,8.757779437391088,33
unweighted_uniform,False,0.0,0.0,10,48,48,9,uncertainty,40.0,0.0,8.568572400784618,8.648255191607793,34
unweighted_uniform,False,0.0,0.0,10,48,48,9,uncertainty,40.0,0.0,8.533513852137963,8.344547053649956,35
unweighted_uniform,False,0.0,0.0,10,48,48,9,uncertainty,40.0,0.0,8.555285907593785,8.55199342375668,36
unweighted_uniform,False,0.0,0.0,10,48,48,9,uncertainty,40.0,0.0,8.551296260922989,8.525340283811179,37
unweighted_uniform,False,0.0,0.0,10,48,48,9,uncertainty,40.0,0.0,8.59432497448386,8.852889474840696,38
unweighted_uniform,False,0.0,0.0,10,48,48,9,uncertainty,40.0,0.0,8.552114619857399,8.497960372960375,39
unweighted_uniform,False,0.0,0.0,10,48,48,9,uncertainty,40.0,0.0,8.546255294490962,8.43805003460892,40
unweighted_uniform,False,0.0,0.0,10,48,48,9,uncertainty,40.0,0.0,8.5229687198196,8.179193899782135,41
unweighted_uniform,False,0.0,0.0,10,48,48,9,uncertainty,40.0,0.0,8.574122720079794,8.715135738192634,44
unweighted_uniform,False,0.0,0.0,10,48,48,9,uncertainty,40.0,0.0,8.569287221847004,8.683043063859284,45
unweighted_uniform,False,0.0,0.0,10,48,48,9,uncertainty,40.0,0.0,8.5823700518931,8.805004409171076,46
unweighted_uniform,False,0.0,0.0,10,48,48,9,uncertainty,40.0,0.0,8.550590709160456,8.50069498069498,48
unweighted_uniform,False,0.0,0.0,10,48,48,9,uncertainty,40.0,0.0,8.545668886346284,8.465273829827554,49
unweighted_uniform,False,0.0,0.0,10,48,48,9,uncertainty,40.0,0.0,8.55815409535911,8.580938833570412,50
unweighted_uniform,False,0.0,0.0,10,48,48,9,uncertainty,40.0,0.0,8.559911994460588,8.594168096054887,51
unweighted_uniform,False,0.0,0.0,10,48,48,9,uncertainty,40.0,0.0,8.54318585104828,8.444160681032189,53
unweighted_uniform,False,0.0,0.0,10,48,48,9,uncertainty,40.0,0.0,8.535581868351645,8.267142457318778,54
unweighted_uniform,False,0.0,0.0,10,48,48,9,uncertainty,40.0,0.0,8.550741050731968,8.5075743170438,55
unweighted_uniform,False,0.0,0.0,10,48,48,9,uncertainty,40.0,0.0,8.56614931661203,8.636943744752307,56
unweighted_uniform,False,0.0,0.0,10,48,48,9,boundary,44.6,0.0,8.53746182954263,8.35949741315595,01
unweighted_uniform,False,0.0,0.0,10,48,48,9,boundary,35.14,0.0,8.564636561362233,8.635873229939312,02
unweighted_uniform,False,0.0,0.0,10,48,48,9,boundary,41.22,0.0,8.55559090295179,8.519881085098477,04
unweighted_uniform,False,0.0,0.0,10,48,48,9,boundary,50.06,0.0,8.529974907278984,8.29320987654321,05
unweighted_uniform,False,0.0,0.0,10,48,48,9,boundary,42.64,0.0,8.547774710863159,8.431945521937767,06
unweighted_uniform,False,0.0,0.0,10,48,48,9,boundary,41.24,0.0,8.55376632271466,8.508233957978423,08
unweighted_uniform,False,0.0,0.0,10,48,48,9,boundary,39.16,0.0,8.557132366967759,8.553915436577434,09
unweighted_uniform,False,0.0,0.0,10,48,48,9,boundary,34.38,0.0,8.568981987618287,8.68655574679671,10
unweighted_uniform,False,0.0,0.0,10,48,48,9,boundary,29.16,0.0,8.573633860424303,8.715625586193958,11
unweighted_uniform,False,0.0,0.0,10,48,48,9,boundary,42.94,0.0,8.558215265283271,8.560529336304098,12
unweighted_uniform,False,0.0,0.0,10,48,48,9,boundary,42.86,0.0,8.546553564456374,8.443810730882975,13
unweighted_uniform,False,0.0,0.0,10,48,48,9,boundary,38.94,0.0,8.565155157497873,8.658482845451683,15
unweighted_uniform,False,0.0,0.0,10,48,48,9,boundary,42.76,0.0,8.553632596764935,8.519994162288384,16
unweighted_uniform,False,0.0,0.0,10,48,48,9,boundary,34.38,0.0,8.56749461580499,8.66492682427592,17
unweighted_uniform,False,0.0,0.0,10,48,48,9,boundary,42.56,0.0,8.55083946219042,8.485706993363962,18
unweighted_uniform,False,0.0,0.0,10,48,48,9,boundary,40.78,0.0,8.559790442740283,8.577984966753396,19
unweighted_uniform,False,0.0,0.0,10,48,48,9,boundary,40.6,0.0,8.55581513380367,8.534743722050223,20
unweighted_uniform,False,0.0,0.0,10,48,48,9,boundary,51.02,0.0,8.533619767042754,8.30594265577447,22
unweighted_uniform,False,0.0,0.0,10,48,48,9,boundary,38.74,0.0,8.559872008487309,8.594057633792733,23
unweighted_uniform,False,0.0,0.0,10,48,48,9,boundary,36.06,0.0,8.564978300552378,8.630635650276268,24
unweighted_uniform,False,0.0,0.0,10,48,48,9,boundary,34.9,0.0,8.566900956876092,8.637808611816821,25
unweighted_uniform,False,0.0,0.0,10,48,48,9,boundary,42.4,0.0,8.555248473591194,8.529325204961111,26
unweighted_uniform,False,0.0,0.0,10,48,48,9,boundary,34.78,0.0,8.565641980152577,8.632127728901924,27
unweighted_uniform,False,0.0,0.0,10,48,48,9,boundary,34.98,0.0,8.569273450034842,8.698599093531108,28
unweighted_uniform,False,0.0,0.0,10,48,48,9,boundary,49.78,0.0,8.54002696203041,8.384601691143747,29
unweighted_uniform,False,0.0,0.0,10,48,48,9,boundary,39.06,0.0,8.561565266381491,8.572748028227481,30
unweighted_uniform,False,0.0,0.0,10,48,48,9,boundary,29.82,0.0,8.579103021397934,8.814423125346226,31
unweighted_uniform,False,0.0,0.0,10,48,48,9,boundary,54.14,0.0,8.526308777861193,8.271645021645021,32
unweighted_uniform,False,0.0,0.0,10,48,48,9,boundary,30.9,0.0,8.575584755729276,8.757779437391088,33
unweighted_uniform,False,0.0,0.0,10,48,48,9,boundary,33.52,0.0,8.56763681853129,8.648255191607793,34
unweighted_uniform,False,0.0,0.0,10,48,48,9,boundary,42.88,0.0,8.532898248397448,8.344547053649956,35
unweighted_uniform,False,0.0,0.0,10,48,48,9,boundary,37.92,0.0,8.557730704242626,8.55199342375668,36
unweighted_uniform,False,0.0,0.0,10,48,48,9,boundary,41.64,0.0,8.552699771544146,8.525340283811179,37
unweighted_uniform,False,0.0,0.0,10,48,48,9,boundary,27.56,0.0,8.583646408570566,8.852889474840696,38
unweighted_uniform,False,0.0,0.0,10,48,48,9,boundary,41.26,0.0,8.554107312956127,8.497960372960375,39
unweighted_uniform,False,0.0,0.0,10,48,48,9,boundary,44.04,0.0,8.547912170328516,8.43805003460892,40
unweighted_uniform,False,0.0,0.0,10,48,48,9,boundary,52.76,0.0,8.514499040938244,8.179193899782135,41
unweighted_uniform,False,0.0,0.0,10,48,48,9,boundary,32.68,0.0,8.572693158320421,8.715135738192634,44
unweighted_uniform,False,0.0,0.0,10,48,48,9,boundary,34.66,0.0,8.56859512933244,8.683043063859284,45
unweighted_uniform,False,0.0,0.0,10,48,48,9,boundary,31.06,0.0,8.577265071191748,8.805004409171076,46
unweighted_uniform,False,0.0,0.0,10,48,48,9,boundary,41.36,0.0,8.553548634922226,8.50069498069498,48
unweighted_uniform,False,0.0,0.0,10,48,48,9,boundary,45.28,0.0,8.546440394154056,8.465273829827554,49
unweighted_uniform,False,0.0,0.0,10,48,48,9,boundary,36.48,0.0,8.55929571943164,8.580938833570412,50
unweighted_uniform,False,0.0,0.0,10,48,48,9,boundary,37.76,0.0,8.561211086614458,8.594168096054887,51
unweighted_uniform,False,0.0,0.0,10,48,48,9,boundary,42.8,0.0,8.5444004000509,8.444160681032189,53
unweighted_uniform,False,0.0,0.0,10,48,48,9,boundary,60.28,0.0,8.528391564606425,8.267142457318778,54
unweighted_uniform,False,0.0,0.0,10,48,48,9,boundary,41.78,0.0,8.553140655917558,8.5075743170438,55
unweighted_uniform,False,0.0,0.0,10,48,48,9,boundary,34.28,0.0,8.566652740467886,8.636943744752307,56
unweighted_uniform,False,0.0,0.0,10,48,48,9,bias_blind_kg,43.98,0.0,8.537961721879475,8.35949741315595,01
unweighted_uniform,False,0.0,0.0,10,48,48,9,bias_blind_kg,37.5,0.0,8.565430217727252,8.635873229939312,02
unweighted_uniform,False,0.0,0.0,10,48,48,9,bias_blind_kg,42.88,0.0,8.555397826379297,8.519881085098477,04
unweighted_uniform,False,0.0,0.0,10,48,48,9,bias_blind_kg,43.48,0.0,8.532885796288465,8.29320987654321,05
unweighted_uniform,False,0.0,0.0,10,48,48,9,bias_blind_kg,43.2,0.0,8.547686092078507,8.431945521937767,06
unweighted_uniform,False,0.0,0.0,10,48,48,9,bias_blind_kg,43.6,0.0,8.553140626501275,8.508233957978423,08
unweighted_uniform,False,0.0,0.0,10,48,48,9,bias_blind_kg,40.74,0.0,8.557813466238175,8.553915436577434,09
unweighted_uniform,False,0.0,0.0,10,48,48,9,bias_blind_kg,35.26,0.0,8.56982322591766,8.68655574679671,10
unweighted_uniform,False,0.0,0.0,10,48,48,9,bias_blind_kg,35.02,0.0,8.57678895862818,8.715625586193958,11
unweighted_uniform,False,0.0,0.0,10,48,48,9,bias_blind_kg,39.14,0.0,8.557828405040233,8.560529336304098,12
unweighted_uniform,False,0.0,0.0,10,48,48,9,bias_blind_kg,43.6,0.0,8.546724498606535,8.443810730882975,13
unweighted_uniform,False,0.0,0.0,10,48,48,9,bias_blind_kg,40.64,0.0,8.565960450194162,8.658482845451683,15
unweighted_uniform,False,0.0,0.0,10,48,48,9,bias_blind_kg,40.8,0.0,8.554615365889955,8.519994162288384,16
unweighted_uniform,False,0.0,0.0,10,48,48,9,bias_blind_kg,34.66,0.0,8.568272899588118,8.66492682427592,17
unweighted_uniform,False,0.0,0.0,10,48,48,9,bias_blind_kg,42.12,0.0,8.55160989151341,8.485706993363962,18
unweighted_uniform,False,0.0,0.0,10,48,48,9,bias_blind_kg,40.16,0.0,8.559074463070589,8.577984966753396,19
unweighted_uniform,False,0.0,0.0,10,48,48,9,bias_blind_kg,40.74,0.0,8.554596555435793,8.534743722050223,20
unweighted_uniform,False,0.0,0.0,10,48,48,9,bias_blind_kg,43.9,0.0,8.535769910482195,8.30594265577447,22
unweighted_uniform,False,0.0,0.0,10,48,48,9,bias_blind_kg,39.32,0.0,8.560150066156245,8.594057633792733,23
unweighted_uniform,False,0.0,0.0,10,48,48,9,bias_blind_kg,39.58,0.0,8.565929657252672,8.630635650276268,24
unweighted_uniform,False,0.0,0.0,10,48,48,9,bias_blind_kg,37.14,0.0,8.567767442233693,8.637808611816821,25
unweighted_uniform,False,0.0,0.0,10,48,48,9,bias_blind_kg,41.16,0.0,8.555602309204827,8.529325204961111,26
unweighted_uniform,False,0.0,0.0,10,48,48,9,bias_blind_kg,39.24,0.0,8.566607819410438,8.632127728901924,27
unweighted_uniform,False,0.0,0.0,10,48,48,9,bias_blind_kg,33.4,0.0,8.568458508824982,8.698599093531108,28
unweighted_uniform,False,0.0,0.0,10,48,48,9,bias_blind_kg,43.52,0.0,8.541972084864708,8.384601691143747,29
unweighted_uniform,False,0.0,0.0,10,48,48,9,bias_blind_kg,39.04,0.0,8.561222794346333,8.572748028227481,30
unweighted_uniform,False,0.0,0.0,10,48,48,9,bias_blind_kg,32.54,0.0,8.580694398744486,8.814423125346226,31
unweighted_uniform,False,0.0,0.0,10,48,48,9,bias_blind_kg,46.42,0.0,8.529396299245896,8.271645021645021,32
unweighted_uniform,False,0.0,0.0,10,48,48,9,bias_blind_kg,32.68,0.0,8.576716971853365,8.757779437391088,33
unweighted_uniform,False,0.0,0.0,10,48,48,9,bias_blind_kg,36.2,0.0,8.56862680373424,8.648255191607793,34
unweighted_uniform,False,0.0,0.0,10,48,48,9,bias_blind_kg,45.12,0.0,8.531089577141197,8.344547053649956,35
unweighted_uniform,False,0.0,0.0,10,48,48,9,bias_blind_kg,41.44,0.0,8.557481402537663,8.55199342375668,36
unweighted_uniform,False,0.0,0.0,10,48,48,9,bias_blind_kg,41.12,0.0,8.552327029408552,8.525340283811179,37
unweighted_uniform,False,0.0,0.0,10,48,48,9,bias_blind_kg,30.54,0.0,8.586692987031444,8.852889474840696,38
unweighted_uniform,False,0.0,0.0,10,48,48,9,bias_blind_kg,41.54,0.0,8.553197352083188,8.497960372960375,39
unweighted_uniform,False,0.0,0.0,10,48,48,9,bias_blind_kg,41.6,0.0,8.548848911284185,8.43805003460892,40
unweighted_uniform,False,0.0,0.0,10,48,48,9,bias_blind_kg,49.52,0.0,8.517122797618248,8.179193899782135,41
unweighted_uniform,False,0.0,0.0,10,48,48,9,bias_blind_kg,35.84,0.0,8.574188057743402,8.715135738192634,44
unweighted_uniform,False,0.0,0.0,10,48,48,9,bias_blind_kg,35.56,0.0,8.569554112505566,8.683043063859284,45
unweighted_uniform,False,0.0,0.0,10,48,48,9,bias_blind_kg,32.6,0.0,8.577879199919934,8.805004409171076,46
unweighted_uniform,False,0.0,0.0,10,48,48,9,bias_blind_kg,42.02,0.0,8.553992170944573,8.50069498069498,48
unweighted_uniform,False,0.0,0.0,10,48,48,9,bias_blind_kg,45.24,0.0,8.546713045347593,8.465273829827554,49
unweighted_uniform,False,0.0,0.0,10,48,48,9,bias_blind_kg,41.06,0.0,8.559713856838437,8.580938833570412,50
unweighted_uniform,False,0.0,0.0,10,48,48,9,bias_blind_kg,39.4,0.0,8.561408928060624,8.594168096054887,51
unweighted_uniform,False,0.0,0.0,10,48,48,9,bias_blind_kg,46.22,0.0,8.544320441456483,8.444160681032189,53
unweighted_uniform,False,0.0,0.0,10,48,48,9,bias_blind_kg,40.34,0.0,8.53644718216547,8.267142457318778,54
unweighted_uniform,False,0.0,0.0,10,48,48,9,bias_blind_kg,42.64,0.0,8.553448969629827,8.5075743170438,55
unweighted_uniform,False,0.0,0.0,10,48,48,9,bias_blind_kg,36.54,0.0,8.567407555434022,8.636943744752307,56
unweighted_uniform,False,0.0,0.0,10,48,48,9,ordinary_kg,43.98,0.0,8.537961721879475,8.35949741315595,01
unweighted_uniform,False,0.0,0.0,10,48,48,9,ordinary_kg,37.5,0.0,8.565430217727252,8.635873229939312,02
unweighted_uniform,False,0.0,0.0,10,48,48,9,ordinary_kg,42.88,0.0,8.555397826379297,8.519881085098477,04
unweighted_uniform,False,0.0,0.0,10,48,48,9,ordinary_kg,43.48,0.0,8.532885796288465,8.29320987654321,05
unweighted_uniform,False,0.0,0.0,10,48,48,9,ordinary_kg,43.2,0.0,8.547686092078507,8.431945521937767,06
unweighted_uniform,False,0.0,0.0,10,48,48,9,ordinary_kg,43.6,0.0,8.553140626501275,8.508233957978423,08
unweighted_uniform,False,0.0,0.0,10,48,48,9,ordinary_kg,40.74,0.0,8.557813466238175,8.553915436577434,09
unweighted_uniform,False,0.0,0.0,10,48,48,9,ordinary_kg,35.26,0.0,8.56982322591766,8.68655574679671,10
unweighted_uniform,False,0.0,0.0,10,48,48,9,ordinary_kg,35.02,0.0,8.57678895862818,8.715625586193958,11
unweighted_uniform,False,0.0,0.0,10,48,48,9,ordinary_kg,39.14,0.0,8.557828405040233,8.560529336304098,12
unweighted_uniform,False,0.0,0.0,10,48,48,9,ordinary_kg,43.6,0.0,8.546724498606535,8.443810730882975,13
unweighted_uniform,False,0.0,0.0,10,48,48,9,ordinary_kg,40.64,0.0,8.565960450194162,8.658482845451683,15
unweighted_uniform,False,0.0,0.0,10,48,48,9,ordinary_kg,40.8,0.0,8.554615365889955,8.519994162288384,16
unweighted_uniform,False,0.0,0.0,10,48,48,9,ordinary_kg,34.66,0.0,8.568272899588118,8.66492682427592,17
unweighted_uniform,False,0.0,0.0,10,48,48,9,ordinary_kg,42.12,0.0,8.55160989151341,8.485706993363962,18
unweighted_uniform,False,0.0,0.0,10,48,48,9,ordinary_kg,40.16,0.0,8.559074463070589,8.577984966753396,19
unweighted_uniform,False,0.0,0.0,10,48,48,9,ordinary_kg,40.74,0.0,8.554596555435793,8.534743722050223,20
unweighted_uniform,False,0.0,0.0,10,48,48,9,ordinary_kg,43.9,0.0,8.535769910482195,8.30594265577447,22
unweighted_uniform,False,0.0,0.0,10,48,48,9,ordinary_kg,39.32,0.0,8.560150066156245,8.594057633792733,23
unweighted_uniform,False,0.0,0.0,10,48,48,9,ordinary_kg,39.58,0.0,8.565929657252672,8.630635650276268,24
unweighted_uniform,False,0.0,0.0,10,48,48,9,ordinary_kg,37.14,0.0,8.567767442233693,8.637808611816821,25
unweighted_uniform,False,0.0,0.0,10,48,48,9,ordinary_kg,41.16,0.0,8.555602309204827,8.529325204961111,26
unweighted_uniform,False,0.0,0.0,10,48,48,9,ordinary_kg,39.24,0.0,8.566607819410438,8.632127728901924,27
unweighted_uniform,False,0.0,0.0,10,48,48,9,ordinary_kg,33.4,0.0,8.568458508824982,8.698599093531108,28
unweighted_uniform,False,0.0,0.0,10,48,48,9,ordinary_kg,43.52,0.0,8.541972084864708,8.384601691143747,29
unweighted_uniform,False,0.0,0.0,10,48,48,9,ordinary_kg,39.04,0.0,8.561222794346333,8.572748028227481,30
unweighted_uniform,False,0.0,0.0,10,48,48,9,ordinary_kg,32.54,0.0,8.580694398744486,8.814423125346226,31
unweighted_uniform,False,0.0,0.0,10,48,48,9,ordinary_kg,46.42,0.0,8.529396299245896,8.271645021645021,32
unweighted_uniform,False,0.0,0.0,10,48,48,9,ordinary_kg,32.68,0.0,8.576716971853365,8.757779437391088,33
unweighted_uniform,False,0.0,0.0,10,48,48,9,ordinary_kg,36.2,0.0,8.568626803734238,8.648255191607793,34
unweighted_uniform,False,0.0,0.0,10,48,48,9,ordinary_kg,45.12,0.0,8.531089577141197,8.344547053649956,35
unweighted_uniform,False,0.0,0.0,10,48,48,9,ordinary_kg,41.44,0.0,8.557481402537663,8.55199342375668,36
unweighted_uniform,False,0.0,0.0,10,48,48,9,ordinary_kg,41.12,0.0,8.552327029408552,8.525340283811179,37
unweighted_uniform,False,0.0,0.0,10,48,48,9,ordinary_kg,30.54,0.0,8.586692987031444,8.852889474840696,38
unweighted_uniform,False,0.0,0.0,10,48,48,9,ordinary_kg,41.54,0.0,8.553197352083188,8.497960372960375,39
unweighted_uniform,False,0.0,0.0,10,48,48,9,ordinary_kg,41.6,0.0,8.548848911284185,8.43805003460892,40
unweighted_uniform,False,0.0,0.0,10,48,48,9,ordinary_kg,49.52,0.0,8.517122797618248,8.179193899782135,41
unweighted_uniform,False,0.0,0.0,10,48,48,9,ordinary_kg,35.84,0.0,8.574188057743402,8.715135738192634,44
unweighted_uniform,False,0.0,0.0,10,48,48,9,ordinary_kg,35.56,0.0,8.569554112505566,8.683043063859284,45
unweighted_uniform,False,0.0,0.0,10,48,48,9,ordinary_kg,32.6,0.0,8.577879199919934,8.805004409171076,46
unweighted_uniform,False,0.0,0.0,10,48,48,9,ordinary_kg,42.02,0.0,8.553992170944571,8.50069498069498,48
unweighted_uniform,False,0.0,0.0,10,48,48,9,ordinary_kg,45.24,0.0,8.546713045347593,8.465273829827554,49
unweighted_uniform,False,0.0,0.0,10,48,48,9,ordinary_kg,41.06,0.0,8.559713856838437,8.580938833570412,50
unweighted_uniform,False,0.0,0.0,10,48,48,9,ordinary_kg,39.4,0.0,8.561408928060624,8.594168096054887,51
unweighted_uniform,False,0.0,0.0,10,48,48,9,ordinary_kg,46.22,0.0,8.544320441456483,8.444160681032189,53
unweighted_uniform,False,0.0,0.0,10,48,48,9,ordinary_kg,40.34,0.0,8.53644718216547,8.267142457318778,54
unweighted_uniform,False,0.0,0.0,10,48,48,9,ordinary_kg,42.64,0.0,8.553448969629827,8.5075743170438,55
unweighted_uniform,False,0.0,0.0,10,48,48,9,ordinary_kg,36.54,0.0,8.567407555434022,8.636943744752307,56
unweighted_uniform,False,0.0,0.0,10,48,48,9,two_channel_uniform,24.02,2.12,8.544855096174105,8.35949741315595,01
unweighted_uniform,False,0.0,0.0,10,48,48,9,two_channel_uniform,23.72,1.92,8.56206793736239,8.635873229939312,02
unweighted_uniform,False,0.0,0.0,10,48,48,9,two_channel_uniform,24.0,1.3,8.555201720458479,8.519881085098477,04
unweighted_uniform,False,0.0,0.0,10,48,48,9,two_channel_uniform,23.68,1.46,8.543406574437721,8.29320987654321,05
unweighted_uniform,False,0.0,0.0,10,48,48,9,two_channel_uniform,23.74,1.62,8.548768321200466,8.431945521937767,06
unweighted_uniform,False,0.0,0.0,10,48,48,9,two_channel_uniform,23.38,1.88,8.554304508091251,8.508233957978423,08
unweighted_uniform,False,0.0,0.0,10,48,48,9,two_channel_uniform,23.58,1.68,8.556805070943566,8.553915436577434,09
unweighted_uniform,False,0.0,0.0,10,48,48,9,two_channel_uniform,23.88,1.52,8.565901907728128,8.68655574679671,10
unweighted_uniform,False,0.0,0.0,10,48,48,9,two_channel_uniform,23.84,1.64,8.569946777377767,8.715625586193958,11
unweighted_uniform,False,0.0,0.0,10,48,48,9,two_channel_uniform,23.24,1.6,8.557427076043696,8.560529336304098,12
unweighted_uniform,False,0.0,0.0,10,48,48,9,two_channel_uniform,23.76,1.36,8.549840999730824,8.443810730882975,13
unweighted_uniform,False,0.0,0.0,10,48,48,9,two_channel_uniform,23.36,1.52,8.559820286644374,8.658482845451683,15
unweighted_uniform,False,0.0,0.0,10,48,48,9,two_channel_uniform,23.78,1.62,8.554677281814493,8.519994162288384,16
unweighted_uniform,False,0.0,0.0,10,48,48,9,two_channel_uniform,23.88,1.38,8.563805617260252,8.66492682427592,17
unweighted_uniform,False,0.0,0.0,10,48,48,9,two_channel_uniform,23.8,1.36,8.552224626816615,8.485706993363962,18
unweighted_uniform,False,0.0,0.0,10,48,48,9,two_channel_uniform,23.52,1.78,8.557896718533902,8.577984966753396,19
unweighted_uniform,False,0.0,0.0,10,48,48,9,two_channel_uniform,23.66,1.52,8.555153392272722,8.534743722050223,20
unweighted_uniform,False,0.0,0.0,10,48,48,9,two_channel_uniform,23.56,1.74,8.542546924259215,8.30594265577447,22
unweighted_uniform,False,0.0,0.0,10,48,48,9,two_channel_uniform,24.0,1.84,8.55906855134953,8.594057633792733,23
unweighted_uniform,False,0.0,0.0,10,48,48,9,two_channel_uniform,23.58,1.84,8.561735007913363,8.630635650276268,24
unweighted_uniform,False,0.0,0.0,10,48,48,9,two_channel_uniform,23.6,1.46,8.564410280941509,8.637808611816821,25
unweighted_uniform,False,0.0,0.0,10,48,48,9,two_channel_uniform,23.72,1.64,8.555139791546399,8.529325204961111,26
unweighted_uniform,False,0.0,0.0,10,48,48,9,two_channel_uniform,23.46,1.84,8.561881199502647,8.632127728901924,27
unweighted_uniform,False,0.0,0.0,10,48,48,9,two_channel_uniform,24.3,1.52,8.564879772489297,8.698599093531108,28
unweighted_uniform,False,0.0,0.0,10,48,48,9,two_channel_uniform,23.62,1.82,8.546960523636617,8.384601691143747,29
unweighted_uniform,False,0.0,0.0,10,48,48,9,two_channel_uniform,23.4,1.52,8.557852172900443,8.572748028227481,30
unweighted_uniform,False,0.0,0.0,10,48,48,9,two_channel_uniform,23.76,1.62,8.575156970397249,8.814423125346226,31
unweighted_uniform,False,0.0,0.0,10,48,48,9,two_channel_uniform,23.58,1.82,8.540986186097532,8.271645021645021,32
unweighted_uniform,False,0.0,0.0,10,48,48,9,two_channel_uniform,23.68,1.74,8.572303320275283,8.757779437391088,33
unweighted_uniform,False,0.0,0.0,10,48,48,9,two_channel_uniform,23.96,1.64,8.565183391367512,8.648255191607793,34
unweighted_uniform,False,0.0,0.0,10,48,48,9,two_channel_uniform,23.8,1.8,8.541640597928836,8.344547053649956,35
unweighted_uniform,False,0.0,0.0,10,48,48,9,two_channel_uniform,23.42,1.9,8.55577435066441,8.55199342375668,36
unweighted_uniform,False,0.0,0.0,10,48,48,9,two_channel_uniform,23.5,2.04,8.552887721569832,8.525340283811179,37
unweighted_uniform,False,0.0,0.0,10,48,48,9,two_channel_uniform,23.3,1.82,8.580137398264966,8.852889474840696,38
unweighted_uniform,False,0.0,0.0,10,48,48,9,two_channel_uniform,23.28,1.4,8.553329890213426,8.497960372960375,39
unweighted_uniform,False,0.0,0.0,10,48,48,9,two_channel_uniform,23.48,1.8,8.550793686005488,8.43805003460892,40
unweighted_uniform,False,0.0,0.0,10,48,48,9,two_channel_uniform,23.4,1.38,8.53454378297994,8.179193899782135,41
unweighted_uniform,False,0.0,0.0,10,48,48,9,two_channel_uniform,23.32,1.88,8.568293138227476,8.715135738192634,44
unweighted_uniform,False,0.0,0.0,10,48,48,9,two_channel_uniform,23.26,1.62,8.564558618019598,8.683043063859284,45
unweighted_uniform,False,0.0,0.0,10,48,48,9,two_channel_uniform,23.7,1.8,8.572997679143825,8.805004409171076,46
unweighted_uniform,False,0.0,0.0,10,48,48,9,two_channel_uniform,23.24,1.58,8.553733501364086,8.50069498069498,48
unweighted_uniform,False,0.0,0.0,10,48,48,9,two_channel_uniform,23.48,1.54,8.549500542273657,8.465273829827554,49
unweighted_uniform,False,0.0,0.0,10,48,48,9,two_channel_uniform,23.48,1.3,8.557711285310633,8.580938833570412,50
unweighted_uniform,False,0.0,0.0,10,48,48,9,two_channel_uniform,23.42,1.34,8.559048135101818,8.594168096054887,51
unweighted_uniform,False,0.0,0.0,10,48,48,9,two_channel_uniform,23.84,1.54,8.549008353366284,8.444160681032189,53
unweighted_uniform,False,0.0,0.0,10,48,48,9,two_channel_uniform,23.68,1.62,8.543281435343587,8.267142457318778,54
unweighted_uniform,False,0.0,0.0,10,48,48,9,two_channel_uniform,23.3,1.42,8.553583377336464,8.5075743170438,55
unweighted_uniform,False,0.0,0.0,10,48,48,9,two_channel_uniform,23.04,1.6,8.564012171760037,8.636943744752307,56
unweighted_uniform,False,0.0,0.0,10,48,48,9,balanced_mix,31.08,0.9,8.541894778484643,8.35949741315595,01
unweighted_uniform,False,0.0,0.0,10,48,48,9,balanced_mix,31.34,0.96,8.562388881227914,8.635873229939312,02
unweighted_uniform,False,0.0,0.0,10,48,48,9,balanced_mix,31.94,0.76,8.554578342192537,8.519881085098477,04
unweighted_uniform,False,0.0,0.0,10,48,48,9,balanced_mix,30.78,0.68,8.540143252287992,8.29320987654321,05
unweighted_uniform,False,0.0,0.0,10,48,48,9,balanced_mix,30.68,0.64,8.547827707023485,8.431945521937767,06
unweighted_uniform,False,0.0,0.0,10,48,48,9,balanced_mix,31.92,0.74,8.553632938746981,8.508233957978423,08
unweighted_uniform,False,0.0,0.0,10,48,48,9,balanced_mix,31.16,1.0,8.556122732223836,8.553915436577434,09
unweighted_uniform,False,0.0,0.0,10,48,48,9,balanced_mix,31.7,0.92,8.568689167189905,8.68655574679671,10
unweighted_uniform,False,0.0,0.0,10,48,48,9,balanced_mix,31.78,0.8,8.57389026069882,8.715625586193958,11
unweighted_uniform,False,0.0,0.0,10,48,48,9,balanced_mix,30.96,0.84,8.557180591005409,8.560529336304098,12
unweighted_uniform,False,0.0,0.0,10,48,48,9,balanced_mix,31.58,0.88,8.548782216195189,8.443810730882975,13
unweighted_uniform,False,0.0,0.0,10,48,48,9,balanced_mix,31.6,0.82,8.561987482827972,8.658482845451683,15
unweighted_uniform,False,0.0,0.0,10,48,48,9,balanced_mix,31.44,0.96,8.55393019160706,8.519994162288384,16
unweighted_uniform,False,0.0,0.0,10,48,48,9,balanced_mix,31.64,0.8,8.566197441843244,8.66492682427592,17
unweighted_uniform,False,0.0,0.0,10,48,48,9,balanced_mix,30.84,0.8,8.551016400791472,8.485706993363962,18
unweighted_uniform,False,0.0,0.0,10,48,48,9,balanced_mix,31.3,1.22,8.559329529900523,8.577984966753396,19
unweighted_uniform,False,0.0,0.0,10,48,48,9,balanced_mix,30.96,1.0,8.555831027661108,8.534743722050223,20
unweighted_uniform,False,0.0,0.0,10,48,48,9,balanced_mix,31.56,0.98,8.540177496923762,8.30594265577447,22
unweighted_uniform,False,0.0,0.0,10,48,48,9,balanced_mix,31.48,0.84,8.56006997100129,8.594057633792733,23
unweighted_uniform,False,0.0,0.0,10,48,48,9,balanced_mix,30.42,0.9,8.563914065335531,8.630635650276268,24
unweighted_uniform,False,0.0,0.0,10,48,48,9,balanced_mix,31.06,0.94,8.566084188408205,8.637808611816821,25
unweighted_uniform,False,0.0,0.0,10,48,48,9,balanced_mix,31.6,0.62,8.55491084145332,8.529325204961111,26
unweighted_uniform,False,0.0,0.0,10,48,48,9,balanced_mix,31.5,1.0,8.562398344226548,8.632127728901924,27
unweighted_uniform,False,0.0,0.0,10,48,48,9,balanced_mix,31.86,0.8,8.567352650202714,8.698599093531108,28
unweighted_uniform,False,0.0,0.0,10,48,48,9,balanced_mix,31.18,0.64,8.542863462200001,8.384601691143747,29
unweighted_uniform,False,0.0,0.0,10,48,48,9,balanced_mix,31.88,1.0,8.55826624484175,8.572748028227481,30
unweighted_uniform,False,0.0,0.0,10,48,48,9,balanced_mix,31.96,0.9,8.578514489995017,8.814423125346226,31
unweighted_uniform,False,0.0,0.0,10,48,48,9,balanced_mix,31.66,0.8,8.537489552616954,8.271645021645021,32
unweighted_uniform,False,0.0,0.0,10,48,48,9,balanced_mix,32.04,0.92,8.57548772380395,8.757779437391088,33
unweighted_uniform,False,0.0,0.0,10,48,48,9,balanced_mix,31.5,0.9,8.566495313007554,8.648255191607793,34
unweighted_uniform,False,0.0,0.0,10,48,48,9,balanced_mix,31.38,0.96,8.537382761005103,8.344547053649956,35
unweighted_uniform,False,0.0,0.0,10,48,48,9,balanced_mix,31.44,1.1,8.555194143158808,8.55199342375668,36
unweighted_uniform,False,0.0,0.0,10,48,48,9,balanced_mix,30.42,0.62,8.55338364839568,8.525340283811179,37
unweighted_uniform,False,0.0,0.0,10,48,48,9,balanced_mix,31.54,0.82,8.58622669685303,8.852889474840696,38
unweighted_uniform,False,0.0,0.0,10,48,48,9,balanced_mix,32.58,0.86,8.552871417450195,8.497960372960375,39
unweighted_uniform,False,0.0,0.0,10,48,48,9,balanced_mix,32.32,0.76,8.549809496410266,8.43805003460892,40
unweighted_uniform,False,0.0,0.0,10,48,48,9,balanced_mix,31.36,0.92,8.529017543360228,8.179193899782135,41
unweighted_uniform,False,0.0,0.0,10,48,48,9,balanced_mix,30.42,0.68,8.570856224644146,8.715135738192634,44
unweighted_uniform,False,0.0,0.0,10,48,48,9,balanced_mix,31.58,0.7,8.567114833154617,8.683043063859284,45
unweighted_uniform,False,0.0,0.0,10,48,48,9,balanced_mix,31.24,1.08,8.577823089465536,8.805004409171076,46
unweighted_uniform,False,0.0,0.0,10,48,48,9,balanced_mix,30.48,0.9,8.552305589447936,8.50069498069498,48
unweighted_uniform,False,0.0,0.0,10,48,48,9,balanced_mix,31.8,1.0,8.547439867872516,8.465273829827554,49
unweighted_uniform,False,0.0,0.0,10,48,48,9,balanced_mix,31.34,0.82,8.558455022902704,8.580938833570412,50
unweighted_uniform,False,0.0,0.0,10,48,48,9,balanced_mix,32.02,0.76,8.559664117871325,8.594168096054887,51
unweighted_uniform,False,0.0,0.0,10,48,48,9,balanced_mix,30.36,0.9,8.547386135605926,8.444160681032189,53
unweighted_uniform,False,0.0,0.0,10,48,48,9,balanced_mix,30.92,0.74,8.540039565289309,8.267142457318778,54
unweighted_uniform,False,0.0,0.0,10,48,48,9,balanced_mix,32.12,0.9,8.552699967064974,8.5075743170438,55
unweighted_uniform,False,0.0,0.0,10,48,48,9,balanced_mix,31.28,0.82,8.565180396995759,8.636943744752307,56
unweighted_uniform,False,0.0,0.0,10,48,48,9,validation_only,20.0,2.34,8.546585638039396,8.35949741315595,01
unweighted_uniform,False,0.0,0.0,10,48,48,9,validation_only,20.0,1.6,8.560730563292534,8.635873229939312,02
unweighted_uniform,False,0.0,0.0,10,48,48,9,validation_only,20.0,1.4,8.555394339713734,8.519881085098477,04
unweighted_uniform,False,0.0,0.0,10,48,48,9,validation_only,20.0,1.32,8.5459871811248,8.29320987654321,05
unweighted_uniform,False,0.0,0.0,10,48,48,9,validation_only,20.0,1.92,8.549737762332057,8.431945521937767,06
unweighted_uniform,False,0.0,0.0,10,48,48,9,validation_only,20.0,1.92,8.554329705750767,8.508233957978423,08
unweighted_uniform,False,0.0,0.0,10,48,48,9,validation_only,20.0,1.68,8.556733130028595,8.553915436577434,09
unweighted_uniform,False,0.0,0.0,10,48,48,9,validation_only,20.0,1.46,8.56482209183691,8.68655574679671,10
unweighted_uniform,False,0.0,0.0,10,48,48,9,validation_only,20.0,1.48,8.569131160066766,8.715625586193958,11
unweighted_uniform,False,0.0,0.0,10,48,48,9,validation_only,20.0,1.54,8.557649728171276,8.560529336304098,12
unweighted_uniform,False,0.0,0.0,10,48,48,9,validation_only,20.0,1.8,8.550504611511025,8.443810730882975,13
unweighted_uniform,False,0.0,0.0,10,48,48,9,validation_only,20.0,2.08,8.559816036345422,8.658482845451683,15
unweighted_uniform,False,0.0,0.0,10,48,48,9,validation_only,20.0,1.32,8.554424693206666,8.519994162288384,16
unweighted_uniform,False,0.0,0.0,10,48,48,9,validation_only,20.0,1.44,8.562654656924217,8.66492682427592,17
unweighted_uniform,False,0.0,0.0,10,48,48,9,validation_only,20.0,1.52,8.553157891654344,8.485706993363962,18
unweighted_uniform,False,0.0,0.0,10,48,48,9,validation_only,20.0,1.54,8.557851159056279,8.577984966753396,19
unweighted_uniform,False,0.0,0.0,10,48,48,9,validation_only,20.0,1.58,8.555584216435625,8.534743722050223,20
unweighted_uniform,False,0.0,0.0,10,48,48,9,validation_only,20.0,1.86,8.545089478193017,8.30594265577447,22
unweighted_uniform,False,0.0,0.0,10,48,48,9,validation_only,20.0,2.12,8.558844558112854,8.594057633792733,23
unweighted_uniform,False,0.0,0.0,10,48,48,9,validation_only,20.0,1.84,8.561414605441183,8.630635650276268,24
unweighted_uniform,False,0.0,0.0,10,48,48,9,validation_only,20.0,1.44,8.563834043854506,8.637808611816821,25
unweighted_uniform,False,0.0,0.0,10,48,48,9,validation_only,20.0,1.58,8.555145439338077,8.529325204961111,26
unweighted_uniform,False,0.0,0.0,10,48,48,9,validation_only,20.0,1.9,8.561198095029024,8.632127728901924,27
unweighted_uniform,False,0.0,0.0,10,48,48,9,validation_only,20.0,1.44,8.563985033169159,8.698599093531108,28
unweighted_uniform,False,0.0,0.0,10,48,48,9,validation_only,20.0,1.82,8.54791639808999,8.384601691143747,29
unweighted_uniform,False,0.0,0.0,10,48,48,9,validation_only,20.0,1.5,8.558576053216816,8.572748028227481,30
unweighted_uniform,False,0.0,0.0,10,48,48,9,validation_only,20.0,1.54,8.572586030258856,8.814423125346226,31
unweighted_uniform,False,0.0,0.0,10,48,48,9,validation_only,20.0,2.12,8.542985996267916,8.271645021645021,32
unweighted_uniform,False,0.0,0.0,10,48,48,9,validation_only,20.0,1.72,8.570279127559933,8.757779437391088,33
unweighted_uniform,False,0.0,0.0,10,48,48,9,validation_only,20.0,1.8,8.564126323492644,8.648255191607793,34
unweighted_uniform,False,0.0,0.0,10,48,48,9,validation_only,20.0,1.74,8.543285751728606,8.344547053649956,35
unweighted_uniform,False,0.0,0.0,10,48,48,9,validation_only,20.0,2.04,8.55566226710624,8.55199342375668,36
unweighted_uniform,False,0.0,0.0,10,48,48,9,validation_only,20.0,1.8,8.55414460185299,8.525340283811179,37
unweighted_uniform,False,0.0,0.0,10,48,48,9,validation_only,20.0,1.7,8.577020144953512,8.852889474840696,38
unweighted_uniform,False,0.0,0.0,10,48,48,9,validation_only,20.0,1.28,8.55392644640513,8.497960372960375,39
unweighted_uniform,False,0.0,0.0,10,48,48,9,validation_only,20.0,1.5,8.552243905138846,8.43805003460892,40
unweighted_uniform,False,0.0,0.0,10,48,48,9,validation_only,20.0,1.56,8.537047242900112,8.179193899782135,41
unweighted_uniform,False,0.0,0.0,10,48,48,9,validation_only,20.0,1.56,8.56754692321222,8.715135738192634,44
unweighted_uniform,False,0.0,0.0,10,48,48,9,validation_only,20.0,1.8,8.563895982015488,8.683043063859284,45
unweighted_uniform,False,0.0,0.0,10,48,48,9,validation_only,20.0,1.64,8.570512968025731,8.805004409171076,46
unweighted_uniform,False,0.0,0.0,10,48,48,9,validation_only,20.0,1.56,8.554963119389232,8.50069498069498,48
unweighted_uniform,False,0.0,0.0,10,48,48,9,validation_only,20.0,1.64,8.550102770803758,8.465273829827554,49
unweighted_uniform,False,0.0,0.0,10,48,48,9,validation_only,20.0,1.46,8.55787701275646,8.580938833570412,50
unweighted_uniform,False,0.0,0.0,10,48,48,9,validation_only,20.0,1.2,8.558966508037058,8.594168096054887,51
unweighted_uniform,False,0.0,0.0,10,48,48,9,validation_only,20.0,1.8,8.550553433608119,8.444160681032189,53
unweighted_uniform,False,0.0,0.0,10,48,48,9,validation_only,20.0,1.88,8.545136506603122,8.267142457318778,54
unweighted_uniform,False,0.0,0.0,10,48,48,9,validation_only,20.0,1.58,8.553885045453892,8.5075743170438,55
unweighted_uniform,False,0.0,0.0,10,48,48,9,validation_only,20.0,1.64,8.564086522234556,8.636943744752307,56
unweighted_uniform,False,0.0,0.0,10,48,48,9,two_channel_kg,43.98,0.0,8.537961721879475,8.35949741315595,01
unweighted_uniform,False,0.0,0.0,10,48,48,9,two_channel_kg,37.5,0.0,8.565430217727252,8.635873229939312,02
unweighted_uniform,False,0.0,0.0,10,48,48,9,two_channel_kg,42.88,0.0,8.555397826379297,8.519881085098477,04
unweighted_uniform,False,0.0,0.0,10,48,48,9,two_channel_kg,43.48,0.0,8.532885796288465,8.29320987654321,05
unweighted_uniform,False,0.0,0.0,10,48,48,9,two_channel_kg,43.2,0.0,8.547686092078507,8.431945521937767,06
unweighted_uniform,False,0.0,0.0,10,48,48,9,two_channel_kg,43.6,0.0,8.553140626501275,8.508233957978423,08
unweighted_uniform,False,0.0,0.0,10,48,48,9,two_channel_kg,40.74,0.0,8.557813466238175,8.553915436577434,09
unweighted_uniform,False,0.0,0.0,10,48,48,9,two_channel_kg,35.26,0.0,8.56982322591766,8.68655574679671,10
unweighted_uniform,False,0.0,0.0,10,48,48,9,two_channel_kg,35.02,0.0,8.57678895862818,8.715625586193958,11
unweighted_uniform,False,0.0,0.0,10,48,48,9,two_channel_kg,39.14,0.0,8.557828405040233,8.560529336304098,12
unweighted_uniform,False,0.0,0.0,10,48,48,9,two_channel_kg,43.6,0.0,8.546724498606535,8.443810730882975,13
unweighted_uniform,False,0.0,0.0,10,48,48,9,two_channel_kg,40.64,0.0,8.565960450194162,8.658482845451683,15
unweighted_uniform,False,0.0,0.0,10,48,48,9,two_channel_kg,40.8,0.0,8.554615365889955,8.519994162288384,16
unweighted_uniform,False,0.0,0.0,10,48,48,9,two_channel_kg,34.66,0.0,8.568272899588118,8.66492682427592,17
unweighted_uniform,False,0.0,0.0,10,48,48,9,two_channel_kg,42.12,0.0,8.55160989151341,8.485706993363962,18
unweighted_uniform,False,0.0,0.0,10,48,48,9,two_channel_kg,40.16,0.0,8.559074463070589,8.577984966753396,19
unweighted_uniform,False,0.0,0.0,10,48,48,9,two_channel_kg,40.74,0.0,8.554596555435793,8.534743722050223,20
unweighted_uniform,False,0.0,0.0,10,48,48,9,two_channel_kg,43.9,0.0,8.535769910482195,8.30594265577447,22
unweighted_uniform,False,0.0,0.0,10,48,48,9,two_channel_kg,39.32,0.0,8.560150066156245,8.594057633792733,23
unweighted_uniform,False,0.0,0.0,10,48,48,9,two_channel_kg,39.58,0.0,8.565929657252672,8.630635650276268,24
unweighted_uniform,False,0.0,0.0,10,48,48,9,two_channel_kg,37.14,0.0,8.567767442233693,8.637808611816821,25
unweighted_uniform,False,0.0,0.0,10,48,48,9,two_channel_kg,41.16,0.0,8.555602309204827,8.529325204961111,26
unweighted_uniform,False,0.0,0.0,10,48,48,9,two_channel_kg,39.24,0.0,8.566607819410438,8.632127728901924,27
unweighted_uniform,False,0.0,0.0,10,48,48,9,two_channel_kg,33.4,0.0,8.568458508824982,8.698599093531108,28
unweighted_uniform,False,0.0,0.0,10,48,48,9,two_channel_kg,43.52,0.0,8.541972084864708,8.384601691143747,29
unweighted_uniform,False,0.0,0.0,10,48,48,9,two_channel_kg,39.04,0.0,8.561222794346333,8.572748028227481,30
unweighted_uniform,False,0.0,0.0,10,48,48,9,two_channel_kg,32.54,0.0,8.580694398744486,8.814423125346226,31
unweighted_uniform,False,0.0,0.0,10,48,48,9,two_channel_kg,46.42,0.0,8.529396299245896,8.271645021645021,32
unweighted_uniform,False,0.0,0.0,10,48,48,9,two_channel_kg,32.68,0.0,8.576716971853365,8.757779437391088,33
unweighted_uniform,False,0.0,0.0,10,48,48,9,two_channel_kg,36.2,0.0,8.568626803734238,8.648255191607793,34
unweighted_uniform,False,0.0,0.0,10,48,48,9,two_channel_kg,45.12,0.0,8.531089577141197,8.344547053649956,35
unweighted_uniform,False,0.0,0.0,10,48,48,9,two_channel_kg,41.44,0.0,8.557481402537663,8.55199342375668,36
unweighted_uniform,False,0.0,0.0,10,48,48,9,two_channel_kg,41.12,0.0,8.552327029408552,8.525340283811179,37
unweighted_uniform,False,0.0,0.0,10,48,48,9,two_channel_kg,30.54,0.0,8.586692987031444,8.852889474840696,38
unweighted_uniform,False,0.0,0.0,10,48,48,9,two_channel_kg,41.54,0.0,8.553197352083188,8.497960372960375,39
unweighted_uniform,False,0.0,0.0,10,48,48,9,two_channel_kg,41.6,0.0,8.548848911284185,8.43805003460892,40
unweighted_uniform,False,0.0,0.0,10,48,48,9,two_channel_kg,49.52,0.0,8.517122797618248,8.179193899782135,41
unweighted_uniform,False,0.0,0.0,10,48,48,9,two_channel_kg,35.84,0.0,8.574188057743402,8.715135738192634,44
unweighted_uniform,False,0.0,0.0,10,48,48,9,two_channel_kg,35.56,0.0,8.569554112505566,8.683043063859284,45
unweighted_uniform,False,0.0,0.0,10,48,48,9,two_channel_kg,32.6,0.0,8.577879199919934,8.805004409171076,46
unweighted_uniform,False,0.0,0.0,10,48,48,9,two_channel_kg,42.02,0.0,8.553992170944571,8.50069498069498,48
unweighted_uniform,False,0.0,0.0,10,48,48,9,two_channel_kg,45.24,0.0,8.546713045347593,8.465273829827554,49
unweighted_uniform,False,0.0,0.0,10,48,48,9,two_channel_kg,41.06,0.0,8.559713856838437,8.580938833570412,50
unweighted_uniform,False,0.0,0.0,10,48,48,9,two_channel_kg,39.4,0.0,8.561408928060624,8.594168096054887,51
unweighted_uniform,False,0.0,0.0,10,48,48,9,two_channel_kg,46.22,0.0,8.544320441456483,8.444160681032189,53
unweighted_uniform,False,0.0,0.0,10,48,48,9,two_channel_kg,40.34,0.0,8.53644718216547,8.267142457318778,54
unweighted_uniform,False,0.0,0.0,10,48,48,9,two_channel_kg,42.64,0.0,8.553448969629827,8.5075743170438,55
unweighted_uniform,False,0.0,0.0,10,48,48,9,two_channel_kg,36.54,0.0,8.567407555434022,8.636943744752307,56
unweighted_uniform,False,0.0,0.0,10,144,48,9,uniform,80.38,0.0,8.52057107119171,8.35949741315595,01
unweighted_uniform,False,0.0,0.0,10,144,48,9,uniform,80.36,0.0,8.571969769721141,8.635873229939312,02
unweighted_uniform,False,0.0,0.0,10,144,48,9,uniform,81.4,0.0,8.551295069283345,8.519881085098477,04
unweighted_uniform,False,0.0,0.0,10,144,48,9,uniform,80.86,0.0,8.515710804871816,8.29320987654321,05
unweighted_uniform,False,0.0,0.0,10,144,48,9,uniform,81.8,0.0,8.536890831329401,8.431945521937767,06
unweighted_uniform,False,0.0,0.0,10,144,48,9,uniform,82.66,0.0,8.548837582660179,8.508233957978423,08
unweighted_uniform,False,0.0,0.0,10,144,48,9,uniform,80.28,0.0,8.554895185036534,8.553915436577434,09
unweighted_uniform,False,0.0,0.0,10,144,48,9,uniform,79.98,0.0,8.5801461930042,8.68655574679671,10
unweighted_uniform,False,0.0,0.0,10,144,48,9,uniform,79.68,0.0,8.59212415295171,8.715625586193958,11
unweighted_uniform,False,0.0,0.0,10,144,48,9,uniform,80.94,0.0,8.557853614910636,8.560529336304098,12
unweighted_uniform,False,0.0,0.0,10,144,48,9,uniform,78.38,0.0,8.537758090654341,8.443810730882975,13
unweighted_uniform,False,0.0,0.0,10,144,48,9,uniform,78.7,0.0,8.571648370752008,8.658482845451683,15
unweighted_uniform,False,0.0,0.0,10,144,48,9,uniform,80.42,0.0,8.549711078105014,8.519994162288384,16
unweighted_uniform,False,0.0,0.0,10,144,48,9,uniform,79.5,0.0,8.576568153718258,8.66492682427592,17
unweighted_uniform,False,0.0,0.0,10,144,48,9,uniform,82.02,0.0,8.5456576505923,8.485706993363962,18
unweighted_uniform,False,0.0,0.0,10,144,48,9,uniform,80.06,0.0,8.561849640077474,8.577984966753396,19
unweighted_uniform,False,0.0,0.0,10,144,48,9,uniform,78.4,0.0,8.554885503126744,8.534743722050223,20
unweighted_uniform,False,0.0,0.0,10,144,48,9,uniform,79.38,0.0,8.51767575874134,8.30594265577447,22
unweighted_uniform,False,0.0,0.0,10,144,48,9,uniform,80.7,0.0,8.562885323716777,8.594057633792733,23
unweighted_uniform,False,0.0,0.0,10,144,48,9,uniform,79.68,0.0,8.571267764043743,8.630635650276268,24
unweighted_uniform,False,0.0,0.0,10,144,48,9,uniform,79.32,0.0,8.57425670369608,8.637808611816821,25
unweighted_uniform,False,0.0,0.0,10,144,48,9,uniform,81.44,0.0,8.551324968504144,8.529325204961111,26
unweighted_uniform,False,0.0,0.0,10,144,48,9,uniform,79.6,0.0,8.571793451954845,8.632127728901924,27
unweighted_uniform,False,0.0,0.0,10,144,48,9,uniform,81.1,0.0,8.580557231065974,8.698599093531108,28
unweighted_uniform,False,0.0,0.0,10,144,48,9,uniform,78.56,0.0,8.527725171324494,8.384601691143747,29
unweighted_uniform,False,0.0,0.0,10,144,48,9,uniform,80.16,0.0,8.56100348301579,8.572748028227481,30
unweighted_uniform,False,0.0,0.0,10,144,48,9,uniform,81.78,0.0,8.60862401466629,8.814423125346226,31
unweighted_uniform,False,0.0,0.0,10,144,48,9,uniform,80.88,0.0,8.51279885455241,8.271645021645021,32
unweighted_uniform,False,0.0,0.0,10,144,48,9,uniform,79.06,0.0,8.596054344024381,8.757779437391088,33
unweighted_uniform,False,0.0,0.0,10,144,48,9,uniform,77.66,0.0,8.574770751261555,8.648255191607793,34
unweighted_uniform,False,0.0,0.0,10,144,48,9,uniform,79.32,0.0,8.51673300363453,8.344547053649956,35
unweighted_uniform,False,0.0,0.0,10,144,48,9,uniform,80.8,0.0,8.555877135029302,8.55199342375668,36
unweighted_uniform,False,0.0,0.0,10,144,48,9,uniform,80.96,0.0,8.54887584325319,8.525340283811179,37
unweighted_uniform,False,0.0,0.0,10,144,48,9,uniform,80.26,0.0,8.621129759089328,8.852889474840696,38
unweighted_uniform,False,0.0,0.0,10,144,48,9,uniform,79.24,0.0,8.547806851693029,8.497960372960375,39
unweighted_uniform,False,0.0,0.0,10,144,48,9,uniform,81.28,0.0,8.53794498233576,8.43805003460892,40
unweighted_uniform,False,0.0,0.0,10,144,48,9,uniform,80.0,0.0,8.495919007171372,8.179193899782135,41
unweighted_uniform,False,0.0,0.0,10,144,48,9,uniform,79.76,0.0,8.588759582777934,8.715135738192634,44
unweighted_uniform,False,0.0,0.0,10,144,48,9,uniform,78.24,0.0,8.577906669735588,8.683043063859284,45
unweighted_uniform,False,0.0,0.0,10,144,48,9,uniform,80.72,0.0,8.602264843633195,8.805004409171076,46
unweighted_uniform,False,0.0,0.0,10,144,48,9,uniform,78.12,0.0,8.546326535445154,8.50069498069498,48
unweighted_uniform,False,0.0,0.0,10,144,48,9,uniform,78.78,0.0,8.539244585541699,8.465273829827554,49
unweighted_uniform,False,0.0,0.0,10,144,48,9,uniform,82.06,0.0,8.55977517110813,8.580938833570412,50
unweighted_uniform,False,0.0,0.0,10,144,48,9,uniform,79.08,0.0,8.563879016623451,8.594168096054887,51
unweighted_uniform,False,0.0,0.0,10,144,48,9,uniform,78.4,0.0,8.534691395819115,8.444160681032189,53
unweighted_uniform,False,0.0,0.0,10,144,48,9,uniform,80.12,0.0,8.518207118916486,8.267142457318778,54
unweighted_uniform,False,0.0,0.0,10,144,48,9,uniform,78.72,0.0,8.547801293712741,8.5075743170438,55
unweighted_uniform,False,0.0,0.0,10,144,48,9,uniform,79.0,0.0,8.571912025276724,8.636943744752307,56
unweighted_uniform,False,0.0,0.0,10,144,48,9,uniform_blind,80.38,0.0,8.52057107119171,8.35949741315595,01
unweighted_uniform,False,0.0,0.0,10,144,48,9,uniform_blind,80.36,0.0,8.571969769721141,8.635873229939312,02
unweighted_uniform,False,0.0,0.0,10,144,48,9,uniform_blind,81.4,0.0,8.551295069283345,8.519881085098477,04
unweighted_uniform,False,0.0,0.0,10,144,48,9,uniform_blind,80.86,0.0,8.515710804871816,8.29320987654321,05
unweighted_uniform,False,0.0,0.0,10,144,48,9,uniform_blind,81.8,0.0,8.536890831329401,8.431945521937767,06
unweighted_uniform,False,0.0,0.0,10,144,48,9,uniform_blind,82.66,0.0,8.548837582660179,8.508233957978423,08
unweighted_uniform,False,0.0,0.0,10,144,48,9,uniform_blind,80.28,0.0,8.554895185036532,8.553915436577434,09
unweighted_uniform,False,0.0,0.0,10,144,48,9,uniform_blind,79.98,0.0,8.5801461930042,8.68655574679671,10
unweighted_uniform,False,0.0,0.0,10,144,48,9,uniform_blind,79.68,0.0,8.59212415295171,8.715625586193958,11
unweighted_uniform,False,0.0,0.0,10,144,48,9,uniform_blind,80.94,0.0,8.557853614910636,8.560529336304098,12
unweighted_uniform,False,0.0,0.0,10,144,48,9,uniform_blind,78.38,0.0,8.537758090654341,8.443810730882975,13
unweighted_uniform,False,0.0,0.0,10,144,48,9,uniform_blind,78.7,0.0,8.571648370752008,8.658482845451683,15
unweighted_uniform,False,0.0,0.0,10,144,48,9,uniform_blind,80.42,0.0,8.549711078105014,8.519994162288384,16
unweighted_uniform,False,0.0,0.0,10,144,48,9,uniform_blind,79.5,0.0,8.576568153718258,8.66492682427592,17
unweighted_uniform,False,0.0,0.0,10,144,48,9,uniform_blind,82.02,0.0,8.5456576505923,8.485706993363962,18
unweighted_uniform,False,0.0,0.0,10,144,48,9,uniform_blind,80.06,0.0,8.561849640077476,8.577984966753396,19
unweighted_uniform,False,0.0,0.0,10,144,48,9,uniform_blind,78.4,0.0,8.554885503126744,8.534743722050223,20
unweighted_uniform,False,0.0,0.0,10,144,48,9,uniform_blind,79.38,0.0,8.51767575874134,8.30594265577447,22
unweighted_uniform,False,0.0,0.0,10,144,48,9,uniform_blind,80.7,0.0,8.562885323716777,8.594057633792733,23
unweighted_uniform,False,0.0,0.0,10,144,48,9,uniform_blind,79.68,0.0,8.571267764043743,8.630635650276268,24
unweighted_uniform,False,0.0,0.0,10,144,48,9,uniform_blind,79.32,0.0,8.57425670369608,8.637808611816821,25
unweighted_uniform,False,0.0,0.0,10,144,48,9,uniform_blind,81.44,0.0,8.551324968504144,8.529325204961111,26
unweighted_uniform,False,0.0,0.0,10,144,48,9,uniform_blind,79.6,0.0,8.571793451954845,8.632127728901924,27
unweighted_uniform,False,0.0,0.0,10,144,48,9,uniform_blind,81.1,0.0,8.580557231065974,8.698599093531108,28
unweighted_uniform,False,0.0,0.0,10,144,48,9,uniform_blind,78.56,0.0,8.527725171324494,8.384601691143747,29
unweighted_uniform,False,0.0,0.0,10,144,48,9,uniform_blind,80.16,0.0,8.56100348301579,8.572748028227481,30
unweighted_uniform,False,0.0,0.0,10,144,48,9,uniform_blind,81.78,0.0,8.60862401466629,8.814423125346226,31
unweighted_uniform,False,0.0,0.0,10,144,48,9,uniform_blind,80.88,0.0,8.51279885455241,8.271645021645021,32
unweighted_uniform,False,0.0,0.0,10,144,48,9,uniform_blind,79.06,0.0,8.596054344024381,8.757779437391088,33
unweighted_uniform,False,0.0,0.0,10,144,48,9,uniform_blind,77.66,0.0,8.574770751261555,8.648255191607793,34
unweighted_uniform,False,0.0,0.0,10,144,48,9,uniform_blind,79.32,0.0,8.51673300363453,8.344547053649956,35
unweighted_uniform,False,0.0,0.0,10,144,48,9,uniform_blind,80.8,0.0,8.555877135029302,8.55199342375668,36
unweighted_uniform,False,0.0,0.0,10,144,48,9,uniform_blind,80.96,0.0,8.54887584325319,8.525340283811179,37
unweighted_uniform,False,0.0,0.0,10,144,48,9,uniform_blind,80.26,0.0,8.621129759089328,8.852889474840696,38
unweighted_uniform,False,0.0,0.0,10,144,48,9,uniform_blind,79.24,0.0,8.547806851693029,8.497960372960375,39
unweighted_uniform,False,0.0,0.0,10,144,48,9,uniform_blind,81.28,0.0,8.53794498233576,8.43805003460892,40
unweighted_uniform,False,0.0,0.0,10,144,48,9,uniform_blind,80.0,0.0,8.495919007171372,8.179193899782135,41
unweighted_uniform,False,0.0,0.0,10,144,48,9,uniform_blind,79.76,0.0,8.588759582777934,8.715135738192634,44
unweighted_uniform,False,0.0,0.0,10,144,48,9,uniform_blind,78.24,0.0,8.577906669735588,8.683043063859284,45
unweighted_uniform,False,0.0,0.0,10,144,48,9,uniform_blind,80.72,0.0,8.602264843633197,8.805004409171076,46
unweighted_uniform,False,0.0,0.0,10,144,48,9,uniform_blind,78.12,0.0,8.546326535445154,8.50069498069498,48
unweighted_uniform,False,0.0,0.0,10,144,48,9,uniform_blind,78.78,0.0,8.539244585541699,8.465273829827554,49
unweighted_uniform,False,0.0,0.0,10,144,48,9,uniform_blind,82.06,0.0,8.55977517110813,8.580938833570412,50
unweighted_uniform,False,0.0,0.0,10,144,48,9,uniform_blind,79.08,0.0,8.563879016623451,8.594168096054887,51
unweighted_uniform,False,0.0,0.0,10,144,48,9,uniform_blind,78.4,0.0,8.534691395819115,8.444160681032189,53
unweighted_uniform,False,0.0,0.0,10,144,48,9,uniform_blind,80.12,0.0,8.518207118916486,8.267142457318778,54
unweighted_uniform,False,0.0,0.0,10,144,48,9,uniform_blind,78.72,0.0,8.547801293712741,8.5075743170438,55
unweighted_uniform,False,0.0,0.0,10,144,48,9,uniform_blind,79.0,0.0,8.571912025276724,8.636943744752307,56
unweighted_uniform,False,0.0,0.0,10,144,48,9,uncertainty,80.0,0.0,8.52002175390471,8.35949741315595,01
unweighted_uniform,False,0.0,0.0,10,144,48,9,uncertainty,80.0,0.0,8.57203009618984,8.635873229939312,02
unweighted_uniform,False,0.0,0.0,10,144,48,9,uncertainty,80.0,0.0,8.551100571067101,8.519881085098477,04
unweighted_uniform,False,0.0,0.0,10,144,48,9,uncertainty,80.0,0.0,8.514619408409315,8.29320987654321,05
unweighted_uniform,False,0.0,0.0,10,144,48,9,uncertainty,80.0,0.0,8.538100917538209,8.431945521937767,06
unweighted_uniform,False,0.0,0.0,10,144,48,9,uncertainty,80.0,0.0,8.548221988585567,8.508233957978423,08
unweighted_uniform,False,0.0,0.0,10,144,48,9,uncertainty,80.0,0.0,8.554992565075763,8.553915436577434,09
unweighted_uniform,False,0.0,0.0,10,144,48,9,uncertainty,80.0,0.0,8.580514535524634,8.68655574679671,10
unweighted_uniform,False,0.0,0.0,10,144,48,9,uncertainty,60.0,0.0,8.586540180014653,8.715625586193958,11
unweighted_uniform,False,0.0,0.0,10,144,48,9,uncertainty,80.0,0.0,8.5579891965721,8.560529336304098,12
unweighted_uniform,False,0.0,0.0,10,144,48,9,uncertainty,80.0,0.0,8.53735021510718,8.443810730882975,13
unweighted_uniform,False,0.0,0.0,10,144,48,9,uncertainty,80.0,0.0,8.57254073274557,8.658482845451683,15
unweighted_uniform,False,0.0,0.0,10,144,48,9,uncertainty,80.0,0.0,8.549245073246555,8.519994162288384,16
unweighted_uniform,False,0.0,0.0,10,144,48,9,uncertainty,80.0,0.0,8.57783436201856,8.66492682427592,17
unweighted_uniform,False,0.0,0.0,10,144,48,9,uncertainty,80.0,0.0,8.543787446705865,8.485706993363962,18
unweighted_uniform,False,0.0,0.0,10,144,48,9,uncertainty,80.0,0.0,8.562223647327446,8.577984966753396,19
unweighted_uniform,False,0.0,0.0,10,144,48,9,uncertainty,80.0,0.0,8.553994321665176,8.534743722050223,20
unweighted_uniform,False,0.0,0.0,10,144,48,9,uncertainty,100.0,0.0,8.512689609504934,8.30594265577447,22
unweighted_uniform,False,0.0,0.0,10,144,48,9,uncertainty,80.0,0.0,8.562428821501618,8.594057633792733,23
unweighted_uniform,False,0.0,0.0,10,144,48,9,uncertainty,80.0,0.0,8.571807807231863,8.630635650276268,24
unweighted_uniform,False,0.0,0.0,10,144,48,9,uncertainty,80.0,0.0,8.576350601570281,8.637808611816821,25
unweighted_uniform,False,0.0,0.0,10,144,48,9,uncertainty,80.0,0.0,8.550762699887352,8.529325204961111,26
unweighted_uniform,False,0.0,0.0,10,144,48,9,uncertainty,60.0,0.0,8.568985855355574,8.632127728901924,27
unweighted_uniform,False,0.0,0.0,10,144,48,9,uncertainty,80.0,0.0,8.581842656364017,8.698599093531108,28
unweighted_uniform,False,0.0,0.0,10,144,48,9,uncertainty,100.0,0.0,8.522694037505495,8.384601691143747,29
unweighted_uniform,False,0.0,0.0,10,144,48,9,uncertainty,80.0,0.0,8.561540403590207,8.572748028227481,30
unweighted_uniform,False,0.0,0.0,10,144,48,9,uncertainty,60.0,0.0,8.597405018005212,8.814423125346226,31
unweighted_uniform,False,0.0,0.0,10,144,48,9,uncertainty,100.0,0.0,8.502179982491606,8.271645021645021,32
unweighted_uniform,False,0.0,0.0,10,144,48,9,uncertainty,80.0,0.0,8.598960524049994,8.757779437391088,33
unweighted_uniform,False,0.0,0.0,10,144,48,9,uncertainty,80.0,0.0,8.57671965243873,8.648255191607793,34
unweighted_uniform,False,0.0,0.0,10,144,48,9,uncertainty,80.0,0.0,8.516957054530428,8.344547053649956,35
unweighted_uniform,False,0.0,0.0,10,144,48,9,uncertainty,80.0,0.0,8.557107921687097,8.55199342375668,36
unweighted_uniform,False,0.0,0.0,10,144,48,9,uncertainty,80.0,0.0,8.547742673371257,8.525340283811179,37
unweighted_uniform,False,0.0,0.0,10,144,48,9,uncertainty,60.0,0.0,8.610012084204133,8.852889474840696,38
unweighted_uniform,False,0.0,0.0,10,144,48,9,uncertainty,80.0,0.0,8.547833809460277,8.497960372960375,39
unweighted_uniform,False,0.0,0.0,10,144,48,9,uncertainty,80.0,0.0,8.537210503632549,8.43805003460892,40
unweighted_uniform,False,0.0,0.0,10,144,48,9,uncertainty,80.0,0.0,8.494574947232504,8.179193899782135,41
unweighted_uniform,False,0.0,0.0,10,144,48,9,uncertainty,80.0,0.0,8.589572562251247,8.715135738192634,44
unweighted_uniform,False,0.0,0.0,10,144,48,9,uncertainty,80.0,0.0,8.578325582358296,8.683043063859284,45
unweighted_uniform,False,0.0,0.0,10,144,48,9,uncertainty,80.0,0.0,8.603838702667359,8.805004409171076,46
unweighted_uniform,False,0.0,0.0,10,144,48,9,uncertainty,80.0,0.0,8.546225422163927,8.50069498069498,48
unweighted_uniform,False,0.0,0.0,10,144,48,9,uncertainty,80.0,0.0,8.538772164514462,8.465273829827554,49
unweighted_uniform,False,0.0,0.0,10,144,48,9,uncertainty,80.0,0.0,8.559169775492293,8.580938833570412,50
unweighted_uniform,False,0.0,0.0,10,144,48,9,uncertainty,80.0,0.0,8.564020133320636,8.594168096054887,51
unweighted_uniform,False,0.0,0.0,10,144,48,9,uncertainty,80.0,0.0,8.533470753987949,8.444160681032189,53
unweighted_uniform,False,0.0,0.0,10,144,48,9,uncertainty,100.0,0.0,8.509967508310853,8.267142457318778,54
unweighted_uniform,False,0.0,0.0,10,144,48,9,uncertainty,80.0,0.0,8.5485660273933,8.5075743170438,55
unweighted_uniform,False,0.0,0.0,10,144,48,9,uncertainty,80.0,0.0,8.574031929461391,8.636943744752307,56
unweighted_uniform,False,0.0,0.0,10,144,48,9,boundary,99.52,0.0,8.518527730742528,8.35949741315595,01
unweighted_uniform,False,0.0,0.0,10,144,48,9,boundary,64.58,0.0,8.572144124450642,8.635873229939312,02
unweighted_uniform,False,0.0,0.0,10,144,48,9,boundary,81.44,0.0,8.554396381448964,8.519881085098477,04
unweighted_uniform,False,0.0,0.0,10,144,48,9,boundary,114.58,0.0,8.504741671808736,8.29320987654321,05
unweighted_uniform,False,0.0,0.0,10,144,48,9,boundary,95.0,0.0,8.541133072306073,8.431945521937767,06
unweighted_uniform,False,0.0,0.0,10,144,48,9,boundary,83.4,0.0,8.552249395860422,8.508233957978423,08
unweighted_uniform,False,0.0,0.0,10,144,48,9,boundary,76.88,0.0,8.561309052210621,8.553915436577434,09
unweighted_uniform,False,0.0,0.0,10,144,48,9,boundary,59.86,0.0,8.577825826648143,8.68655574679671,10
unweighted_uniform,False,0.0,0.0,10,144,48,9,boundary,45.92,0.0,8.580509486433977,8.715625586193958,11
unweighted_uniform,False,0.0,0.0,10,144,48,9,boundary,88.5,0.0,8.561622850035077,8.560529336304098,12
unweighted_uniform,False,0.0,0.0,10,144,48,9,boundary,91.64,0.0,8.539380181215078,8.443810730882975,13
unweighted_uniform,False,0.0,0.0,10,144,48,9,boundary,68.36,0.0,8.57325454070896,8.658482845451683,15
unweighted_uniform,False,0.0,0.0,10,144,48,9,boundary,88.72,0.0,8.554548047568893,8.519994162288384,16
unweighted_uniform,False,0.0,0.0,10,144,48,9,boundary,61.9,0.0,8.576994091120257,8.66492682427592,17
unweighted_uniform,False,0.0,0.0,10,144,48,9,boundary,93.1,0.0,8.547593617371211,8.485706993363962,18
unweighted_uniform,False,0.0,0.0,10,144,48,9,boundary,80.44,0.0,8.565136014580958,8.577984966753396,19
unweighted_uniform,False,0.0,0.0,10,144,48,9,boundary,81.98,0.0,8.55744534642141,8.534743722050223,20
unweighted_uniform,False,0.0,0.0,10,144,48,9,boundary,120.44,0.0,8.509278880592472,8.30594265577447,22
unweighted_uniform,False,0.0,0.0,10,144,48,9,boundary,76.5,0.0,8.566185261955692,8.594057633792733,23
unweighted_uniform,False,0.0,0.0,10,144,48,9,boundary,63.82,0.0,8.572033702379132,8.630635650276268,24
unweighted_uniform,False,0.0,0.0,10,144,48,9,boundary,60.32,0.0,8.57625723458378,8.637808611816821,25
unweighted_uniform,False,0.0,0.0,10,144,48,9,boundary,85.98,0.0,8.557583256876704,8.529325204961111,26
unweighted_uniform,False,0.0,0.0,10,144,48,9,boundary,61.92,0.0,8.572999619956114,8.632127728901924,27
unweighted_uniform,False,0.0,0.0,10,144,48,9,boundary,61.82,0.0,8.57875801109171,8.698599093531108,28
unweighted_uniform,False,0.0,0.0,10,144,48,9,boundary,114.2,0.0,8.52489001802348,8.384601691143747,29
unweighted_uniform,False,0.0,0.0,10,144,48,9,boundary,76.52,0.0,8.56512067232647,8.572748028227481,30
unweighted_uniform,False,0.0,0.0,10,144,48,9,boundary,43.26,0.0,8.58770627406029,8.814423125346226,31
unweighted_uniform,False,0.0,0.0,10,144,48,9,boundary,126.1,0.0,8.496549793018335,8.271645021645021,32
unweighted_uniform,False,0.0,0.0,10,144,48,9,boundary,46.64,0.0,8.584478395967276,8.757779437391088,33
unweighted_uniform,False,0.0,0.0,10,144,48,9,boundary,58.26,0.0,8.574742759324062,8.648255191607793,34
unweighted_uniform,False,0.0,0.0,10,144,48,9,boundary,90.1,0.0,8.517134674222453,8.344547053649956,35
unweighted_uniform,False,0.0,0.0,10,144,48,9,boundary,74.24,0.0,8.559372421782736,8.55199342375668,36
unweighted_uniform,False,0.0,0.0,10,144,48,9,boundary,88.92,0.0,8.553846627432035,8.525340283811179,37
unweighted_uniform,False,0.0,0.0,10,144,48,9,boundary,37.68,0.0,8.593862473594548,8.852889474840696,38
unweighted_uniform,False,0.0,0.0,10,144,48,9,boundary,82.68,0.0,8.551359391115675,8.497960372960375,39
unweighted_uniform,False,0.0,0.0,10,144,48,9,boundary,101.44,0.0,8.538760532765268,8.43805003460892,40
unweighted_uniform,False,0.0,0.0,10,144,48,9,boundary,116.94,0.0,8.47631012571113,8.179193899782135,41
unweighted_uniform,False,0.0,0.0,10,144,48,9,boundary,52.8,0.0,8.581161526618205,8.715135738192634,44
unweighted_uniform,False,0.0,0.0,10,144,48,9,boundary,60.4,0.0,8.57642142685848,8.683043063859284,45
unweighted_uniform,False,0.0,0.0,10,144,48,9,boundary,46.4,0.0,8.58805222092515,8.805004409171076,46
unweighted_uniform,False,0.0,0.0,10,144,48,9,boundary,89.98,0.0,8.55186597250194,8.50069498069498,48
unweighted_uniform,False,0.0,0.0,10,144,48,9,boundary,97.06,0.0,8.540368080778858,8.465273829827554,49
unweighted_uniform,False,0.0,0.0,10,144,48,9,boundary,71.74,0.0,8.562166016302985,8.580938833570412,50
unweighted_uniform,False,0.0,0.0,10,144,48,9,boundary,70.5,0.0,8.56753382032734,8.594168096054887,51
unweighted_uniform,False,0.0,0.0,10,144,48,9,boundary,92.62,0.0,8.538319048782265,8.444160681032189,53
unweighted_uniform,False,0.0,0.0,10,144,48,9,boundary,149.42,0.0,8.497325798774881,8.267142457318778,54
unweighted_uniform,False,0.0,0.0,10,144,48,9,boundary,84.88,0.0,8.551671659586933,8.5075743170438,55
unweighted_uniform,False,0.0,0.0,10,144,48,9,boundary,60.6,0.0,8.574083108264807,8.636943744752307,56
unweighted_uniform,False,0.0,0.0,10,144,48,9,bias_blind_kg,96.7,0.0,8.519594646277953,8.35949741315595,01
unweighted_uniform,False,0.0,0.0,10,144,48,9,bias_blind_kg,71.6,0.0,8.57331207033911,8.635873229939312,02
unweighted_uniform,False,0.0,0.0,10,144,48,9,bias_blind_kg,84.84,0.0,8.5546850252754,8.519881085098477,04
unweighted_uniform,False,0.0,0.0,10,144,48,9,bias_blind_kg,95.08,0.0,8.513228423381973,8.29320987654321,05
unweighted_uniform,False,0.0,0.0,10,144,48,9,bias_blind_kg,97.14,0.0,8.540907133510885,8.431945521937767,06
unweighted_uniform,False,0.0,0.0,10,144,48,9,bias_blind_kg,90.02,0.0,8.552533578185162,8.508233957978423,08
unweighted_uniform,False,0.0,0.0,10,144,48,9,bias_blind_kg,81.08,0.0,8.561165899483877,8.553915436577434,09
unweighted_uniform,False,0.0,0.0,10,144,48,9,bias_blind_kg,60.72,0.0,8.577168678688023,8.68655574679671,10
unweighted_uniform,False,0.0,0.0,10,144,48,9,bias_blind_kg,60.34,0.0,8.58772079421768,8.715625586193958,11
unweighted_uniform,False,0.0,0.0,10,144,48,9,bias_blind_kg,77.44,0.0,8.560051464979079,8.560529336304098,12
unweighted_uniform,False,0.0,0.0,10,144,48,9,bias_blind_kg,93.04,0.0,8.540484278283062,8.443810730882975,13
unweighted_uniform,False,0.0,0.0,10,144,48,9,bias_blind_kg,71.42,0.0,8.573713050738283,8.658482845451683,15
unweighted_uniform,False,0.0,0.0,10,144,48,9,bias_blind_kg,85.94,0.0,8.554534518820955,8.519994162288384,16
unweighted_uniform,False,0.0,0.0,10,144,48,9,bias_blind_kg,63.74,0.0,8.576972920375002,8.66492682427592,17
unweighted_uniform,False,0.0,0.0,10,144,48,9,bias_blind_kg,90.74,0.0,8.549928989067064,8.485706993363962,18
unweighted_uniform,False,0.0,0.0,10,144,48,9,bias_blind_kg,82.12,0.0,8.564444279001078,8.577984966753396,19
unweighted_uniform,False,0.0,0.0,10,144,48,9,bias_blind_kg,84.44,0.0,8.557749735905327,8.534743722050223,20
unweighted_uniform,False,0.0,0.0,10,144,48,9,bias_blind_kg,101.92,0.0,8.515495662478513,8.30594265577447,22
unweighted_uniform,False,0.0,0.0,10,144,48,9,bias_blind_kg,76.84,0.0,8.565829481236019,8.594057633792733,23
unweighted_uniform,False,0.0,0.0,10,144,48,9,bias_blind_kg,69.18,0.0,8.573852752684973,8.630635650276268,24
unweighted_uniform,False,0.0,0.0,10,144,48,9,bias_blind_kg,67.04,0.0,8.57640706384221,8.637808611816821,25
unweighted_uniform,False,0.0,0.0,10,144,48,9,bias_blind_kg,86.02,0.0,8.557421261621823,8.529325204961111,26
unweighted_uniform,False,0.0,0.0,10,144,48,9,bias_blind_kg,72.8,0.0,8.57552619765551,8.632127728901924,27
unweighted_uniform,False,0.0,0.0,10,144,48,9,bias_blind_kg,54.68,0.0,8.576816598347607,8.698599093531108,28
unweighted_uniform,False,0.0,0.0,10,144,48,9,bias_blind_kg,99.1,0.0,8.528215436133566,8.384601691143747,29
unweighted_uniform,False,0.0,0.0,10,144,48,9,bias_blind_kg,75.28,0.0,8.56541791601995,8.572748028227481,30
unweighted_uniform,False,0.0,0.0,10,144,48,9,bias_blind_kg,48.6,0.0,8.591047211682826,8.814423125346226,31
unweighted_uniform,False,0.0,0.0,10,144,48,9,bias_blind_kg,103.52,0.0,8.507372048899796,8.271645021645021,32
unweighted_uniform,False,0.0,0.0,10,144,48,9,bias_blind_kg,49.86,0.0,8.586752389485664,8.757779437391088,33
unweighted_uniform,False,0.0,0.0,10,144,48,9,bias_blind_kg,67.04,0.0,8.57755465243296,8.648255191607793,34
unweighted_uniform,False,0.0,0.0,10,144,48,9,bias_blind_kg,94.72,0.0,8.515759576538045,8.344547053649956,35
unweighted_uniform,False,0.0,0.0,10,144,48,9,bias_blind_kg,84.06,0.0,8.559343261825344,8.55199342375668,36
unweighted_uniform,False,0.0,0.0,10,144,48,9,bias_blind_kg,89.1,0.0,8.555008847701856,8.525340283811179,37
unweighted_uniform,False,0.0,0.0,10,144,48,9,bias_blind_kg,43.34,0.0,8.59896093292281,8.852889474840696,38
unweighted_uniform,False,0.0,0.0,10,144,48,9,bias_blind_kg,85.66,0.0,8.552269557182811,8.497960372960375,39
unweighted_uniform,False,0.0,0.0,10,144,48,9,bias_blind_kg,96.1,0.0,8.540524804684472,8.43805003460892,40
unweighted_uniform,False,0.0,0.0,10,144,48,9,bias_blind_kg,105.58,0.0,8.482692437903944,8.179193899782135,41
unweighted_uniform,False,0.0,0.0,10,144,48,9,bias_blind_kg,59.5,0.0,8.583220031028421,8.715135738192634,44
unweighted_uniform,False,0.0,0.0,10,144,48,9,bias_blind_kg,62.88,0.0,8.576809286573157,8.683043063859284,45
unweighted_uniform,False,0.0,0.0,10,144,48,9,bias_blind_kg,49.38,0.0,8.588902930744979,8.805004409171076,46
unweighted_uniform,False,0.0,0.0,10,144,48,9,bias_blind_kg,88.26,0.0,8.552368516815665,8.50069498069498,48
unweighted_uniform,False,0.0,0.0,10,144,48,9,bias_blind_kg,98.38,0.0,8.54046519925644,8.465273829827554,49
unweighted_uniform,False,0.0,0.0,10,144,48,9,bias_blind_kg,82.26,0.0,8.563271082219968,8.580938833570412,50
unweighted_uniform,False,0.0,0.0,10,144,48,9,bias_blind_kg,79.68,0.0,8.567756793779786,8.594168096054887,51
unweighted_uniform,False,0.0,0.0,10,144,48,9,bias_blind_kg,103.52,0.0,8.53630851373108,8.444160681032189,53
unweighted_uniform,False,0.0,0.0,10,144,48,9,bias_blind_kg,101.78,0.0,8.513175915134202,8.267142457318778,54
unweighted_uniform,False,0.0,0.0,10,144,48,9,bias_blind_kg,90.42,0.0,8.551777263625885,8.5075743170438,55
unweighted_uniform,False,0.0,0.0,10,144,48,9,bias_blind_kg,67.1,0.0,8.574654770322997,8.636943744752307,56
unweighted_uniform,False,0.0,0.0,10,144,48,9,ordinary_kg,96.7,0.0,8.519594646277953,8.35949741315595,01
unweighted_uniform,False,0.0,0.0,10,144,48,9,ordinary_kg,71.6,0.0,8.57331207033911,8.635873229939312,02
unweighted_uniform,False,0.0,0.0,10,144,48,9,ordinary_kg,84.84,0.0,8.5546850252754,8.519881085098477,04
unweighted_uniform,False,0.0,0.0,10,144,48,9,ordinary_kg,95.08,0.0,8.513228423381973,8.29320987654321,05
unweighted_uniform,False,0.0,0.0,10,144,48,9,ordinary_kg,97.14,0.0,8.540907133510885,8.431945521937767,06
unweighted_uniform,False,0.0,0.0,10,144,48,9,ordinary_kg,90.02,0.0,8.552533578185162,8.508233957978423,08
unweighted_uniform,False,0.0,0.0,10,144,48,9,ordinary_kg,81.08,0.0,8.561165899483877,8.553915436577434,09
unweighted_uniform,False,0.0,0.0,10,144,48,9,ordinary_kg,60.72,0.0,8.577168678688023,8.68655574679671,10
unweighted_uniform,False,0.0,0.0,10,144,48,9,ordinary_kg,60.34,0.0,8.58772079421768,8.715625586193958,11
unweighted_uniform,False,0.0,0.0,10,144,48,9,ordinary_kg,77.44,0.0,8.560051464979079,8.560529336304098,12
unweighted_uniform,False,0.0,0.0,10,144,48,9,ordinary_kg,93.04,0.0,8.540484278283062,8.443810730882975,13
unweighted_uniform,False,0.0,0.0,10,144,48,9,ordinary_kg,71.42,0.0,8.573713050738283,8.658482845451683,15
unweighted_uniform,False,0.0,0.0,10,144,48,9,ordinary_kg,85.94,0.0,8.554534518820955,8.519994162288384,16
unweighted_uniform,False,0.0,0.0,10,144,48,9,ordinary_kg,63.74,0.0,8.576972920375002,8.66492682427592,17
unweighted_uniform,False,0.0,0.0,10,144,48,9,ordinary_kg,90.74,0.0,8.549928989067066,8.485706993363962,18
unweighted_uniform,False,0.0,0.0,10,144,48,9,ordinary_kg,82.12,0.0,8.564444279001078,8.577984966753396,19
unweighted_uniform,False,0.0,0.0,10,144,48,9,ordinary_kg,84.44,0.0,8.557749735905327,8.534743722050223,20
unweighted_uniform,False,0.0,0.0,10,144,48,9,ordinary_kg,101.92,0.0,8.515495662478513,8.30594265577447,22
unweighted_uniform,False,0.0,0.0,10,144,48,9,ordinary_kg,76.84,0.0,8.565829481236019,8.594057633792733,23
unweighted_uniform,False,0.0,0.0,10,144,48,9,ordinary_kg,69.18,0.0,8.573852752684973,8.630635650276268,24
unweighted_uniform,False,0.0,0.0,10,144,48,9,ordinary_kg,67.04,0.0,8.57640706384221,8.637808611816821,25
unweighted_uniform,False,0.0,0.0,10,144,48,9,ordinary_kg,86.02,0.0,8.557421261621823,8.529325204961111,26
unweighted_uniform,False,0.0,0.0,10,144,48,9,ordinary_kg,72.8,0.0,8.57552619765551,8.632127728901924,27
unweighted_uniform,False,0.0,0.0,10,144,48,9,ordinary_kg,54.68,0.0,8.576816598347607,8.698599093531108,28
unweighted_uniform,False,0.0,0.0,10,144,48,9,ordinary_kg,99.1,0.0,8.528215436133566,8.384601691143747,29
unweighted_uniform,False,0.0,0.0,10,144,48,9,ordinary_kg,75.28,0.0,8.56541791601995,8.572748028227481,30
unweighted_uniform,False,0.0,0.0,10,144,48,9,ordinary_kg,48.6,0.0,8.591047211682826,8.814423125346226,31
unweighted_uniform,False,0.0,0.0,10,144,48,9,ordinary_kg,103.52,0.0,8.507372048899796,8.271645021645021,32
unweighted_uniform,False,0.0,0.0,10,144,48,9,ordinary_kg,49.86,0.0,8.586752389485664,8.757779437391088,33
unweighted_uniform,False,0.0,0.0,10,144,48,9,ordinary_kg,67.04,0.0,8.57755465243296,8.648255191607793,34
unweighted_uniform,False,0.0,0.0,10,144,48,9,ordinary_kg,94.72,0.0,8.515759576538045,8.344547053649956,35
unweighted_uniform,False,0.0,0.0,10,144,48,9,ordinary_kg,84.06,0.0,8.559343261825344,8.55199342375668,36
unweighted_uniform,False,0.0,0.0,10,144,48,9,ordinary_kg,89.1,0.0,8.555008847701856,8.525340283811179,37
unweighted_uniform,False,0.0,0.0,10,144,48,9,ordinary_kg,43.34,0.0,8.59896093292281,8.852889474840696,38
unweighted_uniform,False,0.0,0.0,10,144,48,9,ordinary_kg,85.66,0.0,8.552269557182811,8.497960372960375,39
unweighted_uniform,False,0.0,0.0,10,144,48,9,ordinary_kg,96.1,0.0,8.540524804684472,8.43805003460892,40
unweighted_uniform,False,0.0,0.0,10,144,48,9,ordinary_kg,105.58,0.0,8.482692437903944,8.179193899782135,41
unweighted_uniform,False,0.0,0.0,10,144,48,9,ordinary_kg,59.5,0.0,8.583220031028421,8.715135738192634,44
unweighted_uniform,False,0.0,0.0,10,144,48,9,ordinary_kg,62.88,0.0,8.576809286573157,8.683043063859284,45
unweighted_uniform,False,0.0,0.0,10,144,48,9,ordinary_kg,49.38,0.0,8.588902930744979,8.805004409171076,46
unweighted_uniform,False,0.0,0.0,10,144,48,9,ordinary_kg,88.26,0.0,8.552368516815664,8.50069498069498,48
unweighted_uniform,False,0.0,0.0,10,144,48,9,ordinary_kg,98.38,0.0,8.54046519925644,8.465273829827554,49
unweighted_uniform,False,0.0,0.0,10,144,48,9,ordinary_kg,82.26,0.0,8.563271082219968,8.580938833570412,50
unweighted_uniform,False,0.0,0.0,10,144,48,9,ordinary_kg,79.68,0.0,8.567756793779786,8.594168096054887,51
unweighted_uniform,False,0.0,0.0,10,144,48,9,ordinary_kg,103.52,0.0,8.536308513731083,8.444160681032189,53
unweighted_uniform,False,0.0,0.0,10,144,48,9,ordinary_kg,101.78,0.0,8.513175915134202,8.267142457318778,54
unweighted_uniform,False,0.0,0.0,10,144,48,9,ordinary_kg,90.42,0.0,8.551777263625885,8.5075743170438,55
unweighted_uniform,False,0.0,0.0,10,144,48,9,ordinary_kg,67.1,0.0,8.574654770322997,8.636943744752307,56
unweighted_uniform,False,0.0,0.0,10,144,48,9,two_channel_uniform,27.42,5.56,8.541784737488062,8.35949741315595,01
unweighted_uniform,False,0.0,0.0,10,144,48,9,two_channel_uniform,27.26,5.28,8.563295048540745,8.635873229939312,02
unweighted_uniform,False,0.0,0.0,10,144,48,9,two_channel_uniform,27.48,4.84,8.555586606726788,8.519881085098477,04
unweighted_uniform,False,0.0,0.0,10,144,48,9,two_channel_uniform,27.64,5.1,8.53926605020463,8.29320987654321,05
unweighted_uniform,False,0.0,0.0,10,144,48,9,two_channel_uniform,27.66,5.08,8.547558225300072,8.431945521937767,06
unweighted_uniform,False,0.0,0.0,10,144,48,9,two_channel_uniform,27.18,5.92,8.553105792651467,8.508233957978423,08
unweighted_uniform,False,0.0,0.0,10,144,48,9,two_channel_uniform,28.1,4.72,8.556675219687401,8.553915436577434,09
unweighted_uniform,False,0.0,0.0,10,144,48,9,two_channel_uniform,27.56,4.9,8.568801933933946,8.68655574679671,10
unweighted_uniform,False,0.0,0.0,10,144,48,9,two_channel_uniform,27.48,5.36,8.575158604739523,8.715625586193958,11
unweighted_uniform,False,0.0,0.0,10,144,48,9,two_channel_uniform,27.32,5.42,8.557342926652547,8.560529336304098,12
unweighted_uniform,False,0.0,0.0,10,144,48,9,two_channel_uniform,27.88,4.7,8.548167511639168,8.443810730882975,13
unweighted_uniform,False,0.0,0.0,10,144,48,9,two_channel_uniform,27.0,4.82,8.560799899276331,8.658482845451683,15
unweighted_uniform,False,0.0,0.0,10,144,48,9,two_channel_uniform,27.22,5.1,8.554788177891671,8.519994162288384,16
unweighted_uniform,False,0.0,0.0,10,144,48,9,two_channel_uniform,26.94,5.6,8.566387842795294,8.66492682427592,17
unweighted_uniform,False,0.0,0.0,10,144,48,9,two_channel_uniform,27.26,4.8,8.550803970275243,8.485706993363962,18
unweighted_uniform,False,0.0,0.0,10,144,48,9,two_channel_uniform,27.3,5.1,8.558516212519793,8.577984966753396,19
unweighted_uniform,False,0.0,0.0,10,144,48,9,two_channel_uniform,27.14,5.62,8.55514452942818,8.534743722050223,20
unweighted_uniform,False,0.0,0.0,10,144,48,9,two_channel_uniform,26.78,5.34,8.538900304872596,8.30594265577447,22
unweighted_uniform,False,0.0,0.0,10,144,48,9,two_channel_uniform,27.08,5.26,8.5591905828046,8.594057633792733,23
unweighted_uniform,False,0.0,0.0,10,144,48,9,two_channel_uniform,26.66,5.08,8.56356370631768,8.630635650276268,24
unweighted_uniform,False,0.0,0.0,10,144,48,9,two_channel_uniform,27.32,5.36,8.566450896018551,8.637808611816821,25
unweighted_uniform,False,0.0,0.0,10,144,48,9,two_channel_uniform,27.6,5.44,8.554753902121178,8.529325204961111,26
unweighted_uniform,False,0.0,0.0,10,144,48,9,two_channel_uniform,26.84,5.36,8.5638305186688,8.632127728901924,27
unweighted_uniform,False,0.0,0.0,10,144,48,9,two_channel_uniform,28.12,4.92,8.566170634509803,8.698599093531108,28
unweighted_uniform,False,0.0,0.0,10,144,48,9,two_channel_uniform,26.94,5.18,8.544218914064976,8.384601691143747,29
unweighted_uniform,False,0.0,0.0,10,144,48,9,two_channel_uniform,27.5,5.04,8.558223921201854,8.572748028227481,30
unweighted_uniform,False,0.0,0.0,10,144,48,9,two_channel_uniform,27.52,5.34,8.579319642094923,8.814423125346226,31
unweighted_uniform,False,0.0,0.0,10,144,48,9,two_channel_uniform,27.24,5.96,8.53674639108023,8.271645021645021,32
unweighted_uniform,False,0.0,0.0,10,144,48,9,two_channel_uniform,26.62,5.34,8.574182740802902,8.757779437391088,33
unweighted_uniform,False,0.0,0.0,10,144,48,9,two_channel_uniform,27.7,5.34,8.566357346132293,8.648255191607793,34
unweighted_uniform,False,0.0,0.0,10,144,48,9,two_channel_uniform,28.08,5.76,8.536717778023178,8.344547053649956,35
unweighted_uniform,False,0.0,0.0,10,144,48,9,two_channel_uniform,27.36,5.12,8.554893788541767,8.55199342375668,36
unweighted_uniform,False,0.0,0.0,10,144,48,9,two_channel_uniform,26.9,5.72,8.553004205077379,8.525340283811179,37
unweighted_uniform,False,0.0,0.0,10,144,48,9,two_channel_uniform,27.68,5.32,8.58710744497115,8.852889474840696,38
unweighted_uniform,False,0.0,0.0,10,144,48,9,two_channel_uniform,27.72,5.0,8.55357134425311,8.497960372960375,39
unweighted_uniform,False,0.0,0.0,10,144,48,9,two_channel_uniform,27.3,5.62,8.547528027341555,8.43805003460892,40
unweighted_uniform,False,0.0,0.0,10,144,48,9,two_channel_uniform,27.44,4.84,8.528313386875789,8.179193899782135,41
unweighted_uniform,False,0.0,0.0,10,144,48,9,two_channel_uniform,27.08,5.76,8.570818414254992,8.715135738192634,44
unweighted_uniform,False,0.0,0.0,10,144,48,9,two_channel_uniform,26.84,5.38,8.566015289020266,8.683043063859284,45
unweighted_uniform,False,0.0,0.0,10,144,48,9,two_channel_uniform,27.5,5.5,8.577887998784147,8.805004409171076,46
unweighted_uniform,False,0.0,0.0,10,144,48,9,two_channel_uniform,26.7,5.34,8.552763288834292,8.50069498069498,48
unweighted_uniform,False,0.0,0.0,10,144,48,9,two_channel_uniform,27.48,5.08,8.547922664623275,8.465273829827554,49
unweighted_uniform,False,0.0,0.0,10,144,48,9,two_channel_uniform,27.3,5.48,8.557938649246568,8.580938833570412,50
unweighted_uniform,False,0.0,0.0,10,144,48,9,two_channel_uniform,27.16,5.1,8.560387397724433,8.594168096054887,51
unweighted_uniform,False,0.0,0.0,10,144,48,9,two_channel_uniform,27.34,5.34,8.54585839937472,8.444160681032189,53
unweighted_uniform,False,0.0,0.0,10,144,48,9,two_channel_uniform,27.3,5.36,8.53979975083077,8.267142457318778,54
unweighted_uniform,False,0.0,0.0,10,144,48,9,two_channel_uniform,27.42,5.22,8.551858751263028,8.5075743170438,55
unweighted_uniform,False,0.0,0.0,10,144,48,9,two_channel_uniform,26.84,5.06,8.565678275508235,8.636943744752307,56
unweighted_uniform,False,0.0,0.0,10,144,48,9,balanced_mix,50.78,3.02,8.533011648278745,8.35949741315595,01
unweighted_uniform,False,0.0,0.0,10,144,48,9,balanced_mix,50.94,2.74,8.568123207745641,8.635873229939312,02
unweighted_uniform,False,0.0,0.0,10,144,48,9,balanced_mix,51.72,2.84,8.554182944857285,8.519881085098477,04
unweighted_uniform,False,0.0,0.0,10,144,48,9,balanced_mix,52.12,2.82,8.528648626666627,8.29320987654321,05
unweighted_uniform,False,0.0,0.0,10,144,48,9,balanced_mix,51.6,3.02,8.542293945450997,8.431945521937767,06
unweighted_uniform,False,0.0,0.0,10,144,48,9,balanced_mix,50.74,3.1,8.551826840134845,8.508233957978423,08
unweighted_uniform,False,0.0,0.0,10,144,48,9,balanced_mix,51.96,2.56,8.554966828398136,8.553915436577434,09
unweighted_uniform,False,0.0,0.0,10,144,48,9,balanced_mix,52.2,3.2,8.574600920308644,8.68655574679671,10
unweighted_uniform,False,0.0,0.0,10,144,48,9,balanced_mix,50.82,2.7,8.583038660318403,8.715625586193958,11
unweighted_uniform,False,0.0,0.0,10,144,48,9,balanced_mix,52.16,2.94,8.556660391681241,8.560529336304098,12
unweighted_uniform,False,0.0,0.0,10,144,48,9,balanced_mix,52.56,2.82,8.544043494065598,8.443810730882975,13
unweighted_uniform,False,0.0,0.0,10,144,48,9,balanced_mix,50.86,2.58,8.564946427167603,8.658482845451683,15
unweighted_uniform,False,0.0,0.0,10,144,48,9,balanced_mix,52.16,3.36,8.55135469284897,8.519994162288384,16
unweighted_uniform,False,0.0,0.0,10,144,48,9,balanced_mix,53.14,2.34,8.571619746280321,8.66492682427592,17
unweighted_uniform,False,0.0,0.0,10,144,48,9,balanced_mix,50.5,3.04,8.547535584139203,8.485706993363962,18
unweighted_uniform,False,0.0,0.0,10,144,48,9,balanced_mix,50.52,2.84,8.560792614034446,8.577984966753396,19
unweighted_uniform,False,0.0,0.0,10,144,48,9,balanced_mix,50.4,3.1,8.553332271028612,8.534743722050223,20
unweighted_uniform,False,0.0,0.0,10,144,48,9,balanced_mix,52.16,2.96,8.530093396254966,8.30594265577447,22
unweighted_uniform,False,0.0,0.0,10,144,48,9,balanced_mix,51.44,3.14,8.561663635439523,8.594057633792733,23
unweighted_uniform,False,0.0,0.0,10,144,48,9,balanced_mix,50.34,2.8,8.567514368147775,8.630635650276268,24
unweighted_uniform,False,0.0,0.0,10,144,48,9,balanced_mix,50.38,2.94,8.571225479850892,8.637808611816821,25
unweighted_uniform,False,0.0,0.0,10,144,48,9,balanced_mix,51.22,2.58,8.553460260938044,8.529325204961111,26
unweighted_uniform,False,0.0,0.0,10,144,48,9,balanced_mix,52.18,2.44,8.565452966862198,8.632127728901924,27
unweighted_uniform,False,0.0,0.0,10,144,48,9,balanced_mix,51.1,2.52,8.572741970693182,8.698599093531108,28
unweighted_uniform,False,0.0,0.0,10,144,48,9,balanced_mix,51.5,2.54,8.536465679139372,8.384601691143747,29
unweighted_uniform,False,0.0,0.0,10,144,48,9,balanced_mix,51.12,3.22,8.559419579322071,8.572748028227481,30
unweighted_uniform,False,0.0,0.0,10,144,48,9,balanced_mix,50.98,2.92,8.590563419305495,8.814423125346226,31
unweighted_uniform,False,0.0,0.0,10,144,48,9,balanced_mix,51.54,3.14,8.52685098349805,8.271645021645021,32
unweighted_uniform,False,0.0,0.0,10,144,48,9,balanced_mix,50.68,3.0,8.584358895017214,8.757779437391088,33
unweighted_uniform,False,0.0,0.0,10,144,48,9,balanced_mix,50.8,2.88,8.570855151179579,8.648255191607793,34
unweighted_uniform,False,0.0,0.0,10,144,48,9,balanced_mix,51.2,3.08,8.52735744255051,8.344547053649956,35
unweighted_uniform,False,0.0,0.0,10,144,48,9,balanced_mix,51.9,2.84,8.5570380635621,8.55199342375668,36
unweighted_uniform,False,0.0,0.0,10,144,48,9,balanced_mix,51.88,2.58,8.550024159908533,8.525340283811179,37
unweighted_uniform,False,0.0,0.0,10,144,48,9,balanced_mix,51.32,2.86,8.603948247060591,8.852889474840696,38
unweighted_uniform,False,0.0,0.0,10,144,48,9,balanced_mix,52.94,2.92,8.549747154976869,8.497960372960375,39
unweighted_uniform,False,0.0,0.0,10,144,48,9,balanced_mix,51.3,2.98,8.543874536393272,8.43805003460892,40
unweighted_uniform,False,0.0,0.0,10,144,48,9,balanced_mix,50.94,2.82,8.512459384971812,8.179193899782135,41
unweighted_uniform,False,0.0,0.0,10,144,48,9,balanced_mix,49.84,2.66,8.578121349870369,8.715135738192634,44
unweighted_uniform,False,0.0,0.0,10,144,48,9,balanced_mix,51.8,2.9,8.572154371675872,8.683043063859284,45
unweighted_uniform,False,0.0,0.0,10,144,48,9,balanced_mix,52.98,2.96,8.591265156176314,8.805004409171076,46
unweighted_uniform,False,0.0,0.0,10,144,48,9,balanced_mix,51.16,2.94,8.54978407062672,8.50069498069498,48
unweighted_uniform,False,0.0,0.0,10,144,48,9,balanced_mix,50.78,2.74,8.542384030114073,8.465273829827554,49
unweighted_uniform,False,0.0,0.0,10,144,48,9,balanced_mix,51.12,2.56,8.558268977944786,8.580938833570412,50
unweighted_uniform,False,0.0,0.0,10,144,48,9,balanced_mix,50.0,3.26,8.560848423251453,8.594168096054887,51
unweighted_uniform,False,0.0,0.0,10,144,48,9,balanced_mix,50.56,2.9,8.540919078070186,8.444160681032189,53
unweighted_uniform,False,0.0,0.0,10,144,48,9,balanced_mix,50.96,2.84,8.530092559998561,8.267142457318778,54
unweighted_uniform,False,0.0,0.0,10,144,48,9,balanced_mix,52.42,2.6,8.550505774263717,8.5075743170438,55
unweighted_uniform,False,0.0,0.0,10,144,48,9,balanced_mix,52.28,2.86,8.569070982069304,8.636943744752307,56
unweighted_uniform,False,0.0,0.0,10,144,48,9,validation_only,20.0,6.48,8.54491901928815,8.35949741315595,01
unweighted_uniform,False,0.0,0.0,10,144,48,9,validation_only,20.0,5.62,8.561699408951899,8.635873229939312,02
unweighted_uniform,False,0.0,0.0,10,144,48,9,validation_only,20.0,5.14,8.555442532019638,8.519881085098477,04
unweighted_uniform,False,0.0,0.0,10,144,48,9,validation_only,20.0,5.48,8.544194554393682,8.29320987654321,05
unweighted_uniform,False,0.0,0.0,10,144,48,9,validation_only,20.0,5.84,8.54879769184173,8.431945521937767,06
unweighted_uniform,False,0.0,0.0,10,144,48,9,validation_only,20.0,6.96,8.553833490068717,8.508233957978423,08
unweighted_uniform,False,0.0,0.0,10,144,48,9,validation_only,20.0,5.78,8.55625908666842,8.553915436577434,09
unweighted_uniform,False,0.0,0.0,10,144,48,9,validation_only,20.0,5.38,8.566059701798105,8.68655574679671,10
unweighted_uniform,False,0.0,0.0,10,144,48,9,validation_only,20.0,6.04,8.57185688137186,8.715625586193958,11
unweighted_uniform,False,0.0,0.0,10,144,48,9,validation_only,20.0,5.22,8.557454376996098,8.560529336304098,12
unweighted_uniform,False,0.0,0.0,10,144,48,9,validation_only,20.0,5.28,8.550360260824776,8.443810730882975,13
unweighted_uniform,False,0.0,0.0,10,144,48,9,validation_only,20.0,6.08,8.56078251689162,8.658482845451683,15
unweighted_uniform,False,0.0,0.0,10,144,48,9,validation_only,20.0,5.6,8.554502942532213,8.519994162288384,16
unweighted_uniform,False,0.0,0.0,10,144,48,9,validation_only,20.0,5.74,8.56413858887434,8.66492682427592,17
unweighted_uniform,False,0.0,0.0,10,144,48,9,validation_only,20.0,5.44,8.553356499966343,8.485706993363962,18
unweighted_uniform,False,0.0,0.0,10,144,48,9,validation_only,20.0,5.7,8.55804040967718,8.577984966753396,19
unweighted_uniform,False,0.0,0.0,10,144,48,9,validation_only,20.0,6.06,8.555366013723242,8.534743722050223,20
unweighted_uniform,False,0.0,0.0,10,144,48,9,validation_only,20.0,5.64,8.543013506893644,8.30594265577447,22
unweighted_uniform,False,0.0,0.0,10,144,48,9,validation_only,20.0,6.32,8.558957879224609,8.594057633792733,23
unweighted_uniform,False,0.0,0.0,10,144,48,9,validation_only,20.0,5.94,8.562272643389038,8.630635650276268,24
unweighted_uniform,False,0.0,0.0,10,144,48,9,validation_only,20.0,5.72,8.56479462557478,8.637808611816821,25
unweighted_uniform,False,0.0,0.0,10,144,48,9,validation_only,20.0,6.06,8.555139085493382,8.529325204961111,26
unweighted_uniform,False,0.0,0.0,10,144,48,9,validation_only,20.0,6.28,8.561910310634929,8.632127728901924,27
unweighted_uniform,False,0.0,0.0,10,144,48,9,validation_only,20.0,5.72,8.56459392661203,8.698599093531108,28
unweighted_uniform,False,0.0,0.0,10,144,48,9,validation_only,20.0,6.6,8.545454148749887,8.384601691143747,29
unweighted_uniform,False,0.0,0.0,10,144,48,9,validation_only,20.0,5.3,8.558689202330573,8.572748028227481,30
unweighted_uniform,False,0.0,0.0,10,144,48,9,validation_only,20.0,5.76,8.575330351325942,8.814423125346226,31
unweighted_uniform,False,0.0,0.0,10,144,48,9,validation_only,20.0,6.22,8.539991171745422,8.271645021645021,32
unweighted_uniform,False,0.0,0.0,10,144,48,9,validation_only,20.0,5.58,8.571620433252665,8.757779437391088,33
unweighted_uniform,False,0.0,0.0,10,144,48,9,validation_only,20.0,6.16,8.564988625589017,8.648255191607793,34
unweighted_uniform,False,0.0,0.0,10,144,48,9,validation_only,20.0,6.3,8.540991124883563,8.344547053649956,35
unweighted_uniform,False,0.0,0.0,10,144,48,9,validation_only,20.0,5.74,8.55693478591384,8.55199342375668,36
unweighted_uniform,False,0.0,0.0,10,144,48,9,validation_only,20.0,6.3,8.553900904463267,8.525340283811179,37
unweighted_uniform,False,0.0,0.0,10,144,48,9,validation_only,20.0,6.52,8.580680210963273,8.852889474840696,38
unweighted_uniform,False,0.0,0.0,10,144,48,9,validation_only,20.0,5.56,8.55320714849768,8.497960372960375,39
unweighted_uniform,False,0.0,0.0,10,144,48,9,validation_only,20.0,5.72,8.550446131747686,8.43805003460892,40
unweighted_uniform,False,0.0,0.0,10,144,48,9,validation_only,20.0,5.52,8.533100919417839,8.179193899782135,41
unweighted_uniform,False,0.0,0.0,10,144,48,9,validation_only,20.0,6.06,8.569881365247268,8.715135738192634,44
unweighted_uniform,False,0.0,0.0,10,144,48,9,validation_only,20.0,6.0,8.564983906399489,8.683043063859284,45
unweighted_uniform,False,0.0,0.0,10,144,48,9,validation_only,20.0,6.14,8.572797945522762,8.805004409171076,46
unweighted_uniform,False,0.0,0.0,10,144,48,9,validation_only,20.0,5.6,8.553412585468447,8.50069498069498,48
unweighted_uniform,False,0.0,0.0,10,144,48,9,validation_only,20.0,5.8,8.548866554563077,8.465273829827554,49
unweighted_uniform,False,0.0,0.0,10,144,48,9,validation_only,20.0,5.2,8.55799040622999,8.580938833570412,50
unweighted_uniform,False,0.0,0.0,10,144,48,9,validation_only,20.0,5.44,8.558665881773749,8.594168096054887,51
unweighted_uniform,False,0.0,0.0,10,144,48,9,validation_only,20.0,5.86,8.54926664223784,8.444160681032189,53
unweighted_uniform,False,0.0,0.0,10,144,48,9,validation_only,20.0,5.88,8.543567839881307,8.267142457318778,54
unweighted_uniform,False,0.0,0.0,10,144,48,9,validation_only,20.0,5.5,8.552653795330036,8.5075743170438,55
unweighted_uniform,False,0.0,0.0,10,144,48,9,validation_only,20.0,5.72,8.565105614585022,8.636943744752307,56
unweighted_uniform,False,0.0,0.0,10,144,48,9,two_channel_kg,96.7,0.0,8.519594646277953,8.35949741315595,01
unweighted_uniform,False,0.0,0.0,10,144,48,9,two_channel_kg,71.6,0.0,8.57331207033911,8.635873229939312,02
unweighted_uniform,False,0.0,0.0,10,144,48,9,two_channel_kg,84.84,0.0,8.5546850252754,8.519881085098477,04
unweighted_uniform,False,0.0,0.0,10,144,48,9,two_channel_kg,95.08,0.0,8.513228423381973,8.29320987654321,05
unweighted_uniform,False,0.0,0.0,10,144,48,9,two_channel_kg,97.14,0.0,8.540907133510885,8.431945521937767,06
unweighted_uniform,False,0.0,0.0,10,144,48,9,two_channel_kg,90.02,0.0,8.552533578185162,8.508233957978423,08
unweighted_uniform,False,0.0,0.0,10,144,48,9,two_channel_kg,81.08,0.0,8.561165899483877,8.553915436577434,09
unweighted_uniform,False,0.0,0.0,10,144,48,9,two_channel_kg,60.72,0.0,8.577168678688023,8.68655574679671,10
unweighted_uniform,False,0.0,0.0,10,144,48,9,two_channel_kg,60.34,0.0,8.58772079421768,8.715625586193958,11
unweighted_uniform,False,0.0,0.0,10,144,48,9,two_channel_kg,77.44,0.0,8.560051464979079,8.560529336304098,12
unweighted_uniform,False,0.0,0.0,10,144,48,9,two_channel_kg,93.04,0.0,8.540484278283062,8.443810730882975,13
unweighted_uniform,False,0.0,0.0,10,144,48,9,two_channel_kg,71.42,0.0,8.573713050738283,8.658482845451683,15
unweighted_uniform,False,0.0,0.0,10,144,48,9,two_channel_kg,85.94,0.0,8.554534518820955,8.519994162288384,16
unweighted_uniform,False,0.0,0.0,10,144,48,9,two_channel_kg,63.74,0.0,8.576972920375002,8.66492682427592,17
unweighted_uniform,False,0.0,0.0,10,144,48,9,two_channel_kg,90.74,0.0,8.549928989067066,8.485706993363962,18
unweighted_uniform,False,0.0,0.0,10,144,48,9,two_channel_kg,82.12,0.0,8.564444279001078,8.577984966753396,19
unweighted_uniform,False,0.0,0.0,10,144,48,9,two_channel_kg,84.44,0.0,8.557749735905327,8.534743722050223,20
unweighted_uniform,False,0.0,0.0,10,144,48,9,two_channel_kg,101.92,0.0,8.515495662478513,8.30594265577447,22
unweighted_uniform,False,0.0,0.0,10,144,48,9,two_channel_kg,76.84,0.0,8.565829481236019,8.594057633792733,23
unweighted_uniform,False,0.0,0.0,10,144,48,9,two_channel_kg,69.18,0.0,8.573852752684973,8.630635650276268,24
unweighted_uniform,False,0.0,0.0,10,144,48,9,two_channel_kg,67.04,0.0,8.57640706384221,8.637808611816821,25
unweighted_uniform,False,0.0,0.0,10,144,48,9,two_channel_kg,86.02,0.0,8.557421261621823,8.529325204961111,26
unweighted_uniform,False,0.0,0.0,10,144,48,9,two_channel_kg,72.8,0.0,8.57552619765551,8.632127728901924,27
unweighted_uniform,False,0.0,0.0,10,144,48,9,two_channel_kg,54.68,0.0,8.576816598347607,8.698599093531108,28
unweighted_uniform,False,0.0,0.0,10,144,48,9,two_channel_kg,99.1,0.0,8.528215436133566,8.384601691143747,29
unweighted_uniform,False,0.0,0.0,10,144,48,9,two_channel_kg,75.28,0.0,8.56541791601995,8.572748028227481,30
unweighted_uniform,False,0.0,0.0,10,144,48,9,two_channel_kg,48.6,0.0,8.591047211682826,8.814423125346226,31
unweighted_uniform,False,0.0,0.0,10,144,48,9,two_channel_kg,103.52,0.0,8.507372048899796,8.271645021645021,32
unweighted_uniform,False,0.0,0.0,10,144,48,9,two_channel_kg,49.86,0.0,8.586752389485664,8.757779437391088,33
unweighted_uniform,False,0.0,0.0,10,144,48,9,two_channel_kg,67.04,0.0,8.57755465243296,8.648255191607793,34
unweighted_uniform,False,0.0,0.0,10,144,48,9,two_channel_kg,94.72,0.0,8.515759576538045,8.344547053649956,35
unweighted_uniform,False,0.0,0.0,10,144,48,9,two_channel_kg,84.06,0.0,8.559343261825344,8.55199342375668,36
unweighted_uniform,False,0.0,0.0,10,144,48,9,two_channel_kg,89.1,0.0,8.555008847701856,8.525340283811179,37
unweighted_uniform,False,0.0,0.0,10,144,48,9,two_channel_kg,43.34,0.0,8.59896093292281,8.852889474840696,38
unweighted_uniform,False,0.0,0.0,10,144,48,9,two_channel_kg,85.66,0.0,8.552269557182811,8.497960372960375,39
unweighted_uniform,False,0.0,0.0,10,144,48,9,two_channel_kg,96.1,0.0,8.540524804684472,8.43805003460892,40
unweighted_uniform,False,0.0,0.0,10,144,48,9,two_channel_kg,105.58,0.0,8.482692437903944,8.179193899782135,41
unweighted_uniform,False,0.0,0.0,10,144,48,9,two_channel_kg,59.5,0.0,8.583220031028421,8.715135738192634,44
unweighted_uniform,False,0.0,0.0,10,144,48,9,two_channel_kg,62.88,0.0,8.576809286573157,8.683043063859284,45
unweighted_uniform,False,0.0,0.0,10,144,48,9,two_channel_kg,49.38,0.0,8.588902930744979,8.805004409171076,46
unweighted_uniform,False,0.0,0.0,10,144,48,9,two_channel_kg,88.26,0.0,8.552368516815664,8.50069498069498,48
unweighted_uniform,False,0.0,0.0,10,144,48,9,two_channel_kg,98.38,0.0,8.54046519925644,8.465273829827554,49
unweighted_uniform,False,0.0,0.0,10,144,48,9,two_channel_kg,82.26,0.0,8.563271082219968,8.580938833570412,50
unweighted_uniform,False,0.0,0.0,10,144,48,9,two_channel_kg,79.68,0.0,8.567756793779786,8.594168096054887,51
unweighted_uniform,False,0.0,0.0,10,144,48,9,two_channel_kg,103.52,0.0,8.536308513731083,8.444160681032189,53
unweighted_uniform,False,0.0,0.0,10,144,48,9,two_channel_kg,101.78,0.0,8.513175915134202,8.267142457318778,54
unweighted_uniform,False,0.0,0.0,10,144,48,9,two_channel_kg,90.42,0.0,8.551777263625885,8.5075743170438,55
unweighted_uniform,False,0.0,0.0,10,144,48,9,two_channel_kg,67.1,0.0,8.574654770322997,8.636943744752307,56
unweighted_tilt_025,False,0.25,0.0,5,48,48,9,uniform,39.64,0.0,8.553008717217562,8.35949741315595,01
unweighted_tilt_025,False,0.25,0.0,5,48,48,9,uniform,39.98,0.0,8.558519494935961,8.635873229939312,02
unweighted_tilt_025,False,0.25,0.0,5,48,48,9,uniform,40.2,0.0,8.557625683104352,8.519881085098477,04
unweighted_tilt_025,False,0.25,0.0,5,48,48,9,uniform,40.78,0.0,8.549872292953063,8.29320987654321,05
unweighted_tilt_025,False,0.25,0.0,5,48,48,9,uniform,39.78,0.0,8.551895134616077,8.431945521937767,06
unweighted_tilt_025,False,0.25,0.0,5,48,48,9,uniform,39.12,0.0,8.555452866461462,8.508233957978423,08
unweighted_tilt_025,False,0.25,0.0,5,48,48,9,uniform,39.54,0.0,8.557786136051051,8.553915436577434,09
unweighted_tilt_025,False,0.25,0.0,5,48,48,9,uniform,40.18,0.0,8.559599503262532,8.68655574679671,10
unweighted_tilt_025,False,0.25,0.0,5,48,48,9,uniform,40.26,0.0,8.562237639983836,8.715625586193958,11
unweighted_tilt_025,False,0.25,0.0,5,48,48,9,uniform,41.18,0.0,8.558006523436356,8.560529336304098,12
unweighted_tilt_025,False,0.25,0.0,5,48,48,9,uniform,39.48,0.0,8.553399715859138,8.443810730882975,13
unweighted_tilt_025,False,0.25,0.0,5,48,48,9,uniform,40.26,0.0,8.55902778261116,8.658482845451683,15
unweighted_tilt_025,False,0.25,0.0,5,48,48,9,uniform,40.34,0.0,8.555844283954011,8.519994162288384,16
unweighted_tilt_025,False,0.25,0.0,5,48,48,9,uniform,40.76,0.0,8.559941736395333,8.66492682427592,17
unweighted_tilt_025,False,0.25,0.0,5,48,48,9,uniform,39.58,0.0,8.556132853603843,8.485706993363962,18
unweighted_tilt_025,False,0.25,0.0,5,48,48,9,uniform,39.58,0.0,8.558432923038533,8.577984966753396,19
unweighted_tilt_025,False,0.25,0.0,5,48,48,9,uniform,39.9,0.0,8.557592243292374,8.534743722050223,20
unweighted_tilt_025,False,0.25,0.0,5,48,48,9,uniform,40.1,0.0,8.550872441059768,8.30594265577447,22
unweighted_tilt_025,False,0.25,0.0,5,48,48,9,uniform,40.86,0.0,8.558631655206794,8.594057633792733,23
unweighted_tilt_025,False,0.25,0.0,5,48,48,9,uniform,40.52,0.0,8.558165776363564,8.630635650276268,24
unweighted_tilt_025,False,0.25,0.0,5,48,48,9,uniform,40.12,0.0,8.559559259239522,8.637808611816821,25
unweighted_tilt_025,False,0.25,0.0,5,48,48,9,uniform,40.08,0.0,8.557283611819269,8.529325204961111,26
unweighted_tilt_025,False,0.25,0.0,5,48,48,9,uniform,40.46,0.0,8.558738704081025,8.632127728901924,27
unweighted_tilt_025,False,0.25,0.0,5,48,48,9,uniform,40.42,0.0,8.560603018809333,8.698599093531108,28
unweighted_tilt_025,False,0.25,0.0,5,48,48,9,uniform,40.14,0.0,8.55339803910783,8.384601691143747,29
unweighted_tilt_025,False,0.25,0.0,5,48,48,9,uniform,39.46,0.0,8.55728284679741,8.572748028227481,30
unweighted_tilt_025,False,0.25,0.0,5,48,48,9,uniform,40.46,0.0,8.565030131932215,8.814423125346226,31
unweighted_tilt_025,False,0.25,0.0,5,48,48,9,uniform,40.26,0.0,8.550543732799571,8.271645021645021,32
unweighted_tilt_025,False,0.25,0.0,5,48,48,9,uniform,40.26,0.0,8.562968455651369,8.757779437391088,33
unweighted_tilt_025,False,0.25,0.0,5,48,48,9,uniform,39.98,0.0,8.55803094232969,8.648255191607793,34
unweighted_tilt_025,False,0.25,0.0,5,48,48,9,uniform,40.14,0.0,8.548694779684519,8.344547053649956,35
unweighted_tilt_025,False,0.25,0.0,5,48,48,9,uniform,39.48,0.0,8.55675753224127,8.55199342375668,36
unweighted_tilt_025,False,0.25,0.0,5,48,48,9,uniform,39.56,0.0,8.556051653502431,8.525340283811179,37
unweighted_tilt_025,False,0.25,0.0,5,48,48,9,uniform,40.08,0.0,8.565966553605481,8.852889474840696,38
unweighted_tilt_025,False,0.25,0.0,5,48,48,9,uniform,39.44,0.0,8.553616384144462,8.497960372960375,39
unweighted_tilt_025,False,0.25,0.0,5,48,48,9,uniform,39.8,0.0,8.55389802460188,8.43805003460892,40
unweighted_tilt_025,False,0.25,0.0,5,48,48,9,uniform,38.9,0.0,8.546940341906017,8.179193899782135,41
unweighted_tilt_025,False,0.25,0.0,5,48,48,9,uniform,39.48,0.0,8.561654231846237,8.715135738192634,44
unweighted_tilt_025,False,0.25,0.0,5,48,48,9,uniform,40.1,0.0,8.560624745112626,8.683043063859284,45
unweighted_tilt_025,False,0.25,0.0,5,48,48,9,uniform,39.76,0.0,8.56619142639066,8.805004409171076,46
unweighted_tilt_025,False,0.25,0.0,5,48,48,9,uniform,39.56,0.0,8.555603762251573,8.50069498069498,48
unweighted_tilt_025,False,0.25,0.0,5,48,48,9,uniform,39.82,0.0,8.554792448308307,8.465273829827554,49
unweighted_tilt_025,False,0.25,0.0,5,48,48,9,uniform,38.86,0.0,8.557729060951406,8.580938833570412,50
unweighted_tilt_025,False,0.25,0.0,5,48,48,9,uniform,40.32,0.0,8.558603504295709,8.594168096054887,51
unweighted_tilt_025,False,0.25,0.0,5,48,48,9,uniform,40.42,0.0,8.55429532277714,8.444160681032189,53
unweighted_tilt_025,False,0.25,0.0,5,48,48,9,uniform,39.58,0.0,8.550774415400662,8.267142457318778,54
unweighted_tilt_025,False,0.25,0.0,5,48,48,9,uniform,40.16,0.0,8.5548144668061,8.5075743170438,55
unweighted_tilt_025,False,0.25,0.0,5,48,48,9,uniform,40.86,0.0,8.559810342141848,8.636943744752307,56
unweighted_tilt_025,False,0.25,0.0,5,48,48,9,uniform_blind,39.64,0.0,8.52999876912768,8.35949741315595,01
unweighted_tilt_025,False,0.25,0.0,5,48,48,9,uniform_blind,39.98,0.0,8.54556684359553,8.635873229939312,02
unweighted_tilt_025,False,0.25,0.0,5,48,48,9,uniform_blind,40.2,0.0,8.54278283749173,8.519881085098477,04
unweighted_tilt_025,False,0.25,0.0,5,48,48,9,uniform_blind,40.78,0.0,8.519725985137827,8.29320987654321,05
unweighted_tilt_025,False,0.25,0.0,5,48,48,9,uniform_blind,39.78,0.0,8.52375081718955,8.431945521937767,06
unweighted_tilt_025,False,0.25,0.0,5,48,48,9,uniform_blind,39.12,0.0,8.537162850097722,8.508233957978423,08
unweighted_tilt_025,False,0.25,0.0,5,48,48,9,uniform_blind,39.54,0.0,8.543151155012296,8.553915436577434,09
unweighted_tilt_025,False,0.25,0.0,5,48,48,9,uniform_blind,40.18,0.0,8.550554009789822,8.68655574679671,10
unweighted_tilt_025,False,0.25,0.0,5,48,48,9,uniform_blind,40.26,0.0,8.5532915101539,8.715625586193958,11
unweighted_tilt_025,False,0.25,0.0,5,48,48,9,uniform_blind,41.18,0.0,8.545766728170474,8.560529336304098,12
unweighted_tilt_025,False,0.25,0.0,5,48,48,9,uniform_blind,39.48,0.0,8.528695298961862,8.443810730882975,13
unweighted_tilt_025,False,0.25,0.0,5,48,48,9,uniform_blind,40.26,0.0,8.547443437086466,8.658482845451683,15
unweighted_tilt_025,False,0.25,0.0,5,48,48,9,uniform_blind,40.34,0.0,8.538818104068225,8.519994162288384,16
unweighted_tilt_025,False,0.25,0.0,5,48,48,9,uniform_blind,40.76,0.0,8.550086496459098,8.66492682427592,17
unweighted_tilt_025,False,0.25,0.0,5,48,48,9,uniform_blind,39.58,0.0,8.539743188108986,8.485706993363962,18
unweighted_tilt_025,False,0.25,0.0,5,48,48,9,uniform_blind,39.58,0.0,8.547612648350755,8.577984966753396,19
unweighted_tilt_025,False,0.25,0.0,5,48,48,9,uniform_blind,39.9,0.0,8.543098041342033,8.534743722050223,20
unweighted_tilt_025,False,0.25,0.0,5,48,48,9,uniform_blind,40.1,0.0,8.522696387289447,8.30594265577447,22
unweighted_tilt_025,False,0.25,0.0,5,48,48,9,uniform_blind,40.86,0.0,8.546464587895764,8.594057633792733,23
unweighted_tilt_025,False,0.25,0.0,5,48,48,9,uniform_blind,40.52,0.0,8.543110221921047,8.630635650276268,24
unweighted_tilt_025,False,0.25,0.0,5,48,48,9,uniform_blind,40.12,0.0,8.548693095703609,8.637808611816821,25
unweighted_tilt_025,False,0.25,0.0,5,48,48,9,uniform_blind,40.08,0.0,8.544369793189453,8.529325204961111,26
unweighted_tilt_025,False,0.25,0.0,5,48,48,9,uniform_blind,40.46,0.0,8.545538218057787,8.632127728901924,27
unweighted_tilt_025,False,0.25,0.0,5,48,48,9,uniform_blind,40.42,0.0,8.553913963751762,8.698599093531108,28
unweighted_tilt_025,False,0.25,0.0,5,48,48,9,uniform_blind,40.14,0.0,8.530833176074822,8.384601691143747,29
unweighted_tilt_025,False,0.25,0.0,5,48,48,9,uniform_blind,39.46,0.0,8.54198937289998,8.572748028227481,30
unweighted_tilt_025,False,0.25,0.0,5,48,48,9,uniform_blind,40.46,0.0,8.56565300604757,8.814423125346226,31
unweighted_tilt_025,False,0.25,0.0,5,48,48,9,uniform_blind,40.26,0.0,8.523083720918423,8.271645021645021,32
unweighted_tilt_025,False,0.25,0.0,5,48,48,9,uniform_blind,40.26,0.0,8.557666631716488,8.757779437391088,33
unweighted_tilt_025,False,0.25,0.0,5,48,48,9,uniform_blind,39.98,0.0,8.54276458351772,8.648255191607793,34
unweighted_tilt_025,False,0.25,0.0,5,48,48,9,uniform_blind,40.14,0.0,8.512477253916922,8.344547053649956,35
unweighted_tilt_025,False,0.25,0.0,5,48,48,9,uniform_blind,39.48,0.0,8.540624055329983,8.55199342375668,36
unweighted_tilt_025,False,0.25,0.0,5,48,48,9,uniform_blind,39.56,0.0,8.539711858541443,8.525340283811179,37
unweighted_tilt_025,False,0.25,0.0,5,48,48,9,uniform_blind,40.08,0.0,8.56558129648781,8.852889474840696,38
unweighted_tilt_025,False,0.25,0.0,5,48,48,9,uniform_blind,39.44,0.0,8.530708835952085,8.497960372960375,39
unweighted_tilt_025,False,0.25,0.0,5,48,48,9,uniform_blind,39.8,0.0,8.53153090766826,8.43805003460892,40
unweighted_tilt_025,False,0.25,0.0,5,48,48,9,uniform_blind,38.9,0.0,8.51062625453845,8.179193899782135,41
unweighted_tilt_025,False,0.25,0.0,5,48,48,9,uniform_blind,39.48,0.0,8.553972087439263,8.715135738192634,44
unweighted_tilt_025,False,0.25,0.0,5,48,48,9,uniform_blind,40.1,0.0,8.553373971531807,8.683043063859284,45
unweighted_tilt_025,False,0.25,0.0,5,48,48,9,uniform_blind,39.76,0.0,8.569918656631328,8.805004409171076,46
unweighted_tilt_025,False,0.25,0.0,5,48,48,9,uniform_blind,39.56,0.0,8.537000896930746,8.50069498069498,48
unweighted_tilt_025,False,0.25,0.0,5,48,48,9,uniform_blind,39.82,0.0,8.534338593011682,8.465273829827554,49
unweighted_tilt_025,False,0.25,0.0,5,48,48,9,uniform_blind,38.86,0.0,8.541991032631465,8.580938833570412,50
unweighted_tilt_025,False,0.25,0.0,5,48,48,9,uniform_blind,40.32,0.0,8.546927499652211,8.594168096054887,51
unweighted_tilt_025,False,0.25,0.0,5,48,48,9,uniform_blind,40.42,0.0,8.533116049613293,8.444160681032189,53
unweighted_tilt_025,False,0.25,0.0,5,48,48,9,uniform_blind,39.58,0.0,8.52376779898745,8.267142457318778,54
unweighted_tilt_025,False,0.25,0.0,5,48,48,9,uniform_blind,40.16,0.0,8.533675726634614,8.5075743170438,55
unweighted_tilt_025,False,0.25,0.0,5,48,48,9,uniform_blind,40.86,0.0,8.549379656636942,8.636943744752307,56
unweighted_tilt_025,False,0.25,0.0,5,48,48,9,uncertainty,40.0,0.0,8.55291840897192,8.35949741315595,01
unweighted_tilt_025,False,0.25,0.0,5,48,48,9,uncertainty,40.0,0.0,8.558670356949806,8.635873229939312,02
unweighted_tilt_025,False,0.25,0.0,5,48,48,9,uncertainty,40.0,0.0,8.557829863239276,8.519881085098477,04
unweighted_tilt_025,False,0.25,0.0,5,48,48,9,uncertainty,40.0,0.0,8.549867159137136,8.29320987654321,05
unweighted_tilt_025,False,0.25,0.0,5,48,48,9,uncertainty,40.0,0.0,8.551695976176433,8.431945521937767,06
unweighted_tilt_025,False,0.25,0.0,5,48,48,9,uncertainty,40.0,0.0,8.555475098176434,8.508233957978423,08
unweighted_tilt_025,False,0.25,0.0,5,48,48,9,uncertainty,40.0,0.0,8.55780118605794,8.553915436577434,09
unweighted_tilt_025,False,0.25,0.0,5,48,48,9,uncertainty,40.0,0.0,8.55965514611116,8.68655574679671,10
unweighted_tilt_025,False,0.25,0.0,5,48,48,9,uncertainty,20.0,0.0,8.561486977127474,8.715625586193958,11
unweighted_tilt_025,False,0.25,0.0,5,48,48,9,uncertainty,40.0,0.0,8.557985801639228,8.560529336304098,12
unweighted_tilt_025,False,0.25,0.0,5,48,48,9,uncertainty,40.0,0.0,8.553051446633111,8.443810730882975,13
unweighted_tilt_025,False,0.25,0.0,5,48,48,9,uncertainty,40.0,0.0,8.559214559260731,8.658482845451683,15
unweighted_tilt_025,False,0.25,0.0,5,48,48,9,uncertainty,40.0,0.0,8.555875281438121,8.519994162288384,16
unweighted_tilt_025,False,0.25,0.0,5,48,48,9,uncertainty,40.0,0.0,8.560371622698508,8.66492682427592,17
unweighted_tilt_025,False,0.25,0.0,5,48,48,9,uncertainty,40.0,0.0,8.555701374746528,8.485706993363962,18
unweighted_tilt_025,False,0.25,0.0,5,48,48,9,uncertainty,40.0,0.0,8.558420145579731,8.577984966753396,19
unweighted_tilt_025,False,0.25,0.0,5,48,48,9,uncertainty,40.0,0.0,8.557569815576406,8.534743722050223,20
unweighted_tilt_025,False,0.25,0.0,5,48,48,9,uncertainty,60.0,0.0,8.550124530501263,8.30594265577447,22
unweighted_tilt_025,False,0.25,0.0,5,48,48,9,uncertainty,40.0,0.0,8.558901362506168,8.594057633792733,23
unweighted_tilt_025,False,0.25,0.0,5,48,48,9,uncertainty,40.0,0.0,8.558124092076177,8.630635650276268,24
unweighted_tilt_025,False,0.25,0.0,5,48,48,9,uncertainty,40.0,0.0,8.560217124984447,8.637808611816821,25
unweighted_tilt_025,False,0.25,0.0,5,48,48,9,uncertainty,40.0,0.0,8.557303527703022,8.529325204961111,26
unweighted_tilt_025,False,0.25,0.0,5,48,48,9,uncertainty,20.0,0.0,8.558278777430283,8.632127728901924,27
unweighted_tilt_025,False,0.25,0.0,5,48,48,9,uncertainty,40.0,0.0,8.56100218071869,8.698599093531108,28
unweighted_tilt_025,False,0.25,0.0,5,48,48,9,uncertainty,40.0,0.0,8.552777588343153,8.384601691143747,29
unweighted_tilt_025,False,0.25,0.0,5,48,48,9,uncertainty,40.0,0.0,8.557455262033377,8.572748028227481,30
unweighted_tilt_025,False,0.25,0.0,5,48,48,9,uncertainty,20.0,0.0,8.563146535821579,8.814423125346226,31
unweighted_tilt_025,False,0.25,0.0,5,48,48,9,uncertainty,60.0,0.0,8.54962502360171,8.271645021645021,32
unweighted_tilt_025,False,0.25,0.0,5,48,48,9,uncertainty,40.0,0.0,8.563454308223653,8.757779437391088,33
unweighted_tilt_025,False,0.25,0.0,5,48,48,9,uncertainty,40.0,0.0,8.557605952685481,8.648255191607793,34
unweighted_tilt_025,False,0.25,0.0,5,48,48,9,uncertainty,40.0,0.0,8.548778979813665,8.344547053649956,35
unweighted_tilt_025,False,0.25,0.0,5,48,48,9,uncertainty,40.0,0.0,8.55668281020866,8.55199342375668,36
unweighted_tilt_025,False,0.25,0.0,5,48,48,9,uncertainty,40.0,0.0,8.555821359915402,8.525340283811179,37
unweighted_tilt_025,False,0.25,0.0,5,48,48,9,uncertainty,20.0,0.0,8.563882528713085,8.852889474840696,38
unweighted_tilt_025,False,0.25,0.0,5,48,48,9,uncertainty,40.0,0.0,8.5538865297916,8.497960372960375,39
unweighted_tilt_025,False,0.25,0.0,5,48,48,9,uncertainty,40.0,0.0,8.553699417456308,8.43805003460892,40
unweighted_tilt_025,False,0.25,0.0,5,48,48,9,uncertainty,40.0,0.0,8.54676915814335,8.179193899782135,41
unweighted_tilt_025,False,0.25,0.0,5,48,48,9,uncertainty,40.0,0.0,8.561661431146801,8.715135738192634,44
unweighted_tilt_025,False,0.25,0.0,5,48,48,9,uncertainty,40.0,0.0,8.560770023911083,8.683043063859284,45
unweighted_tilt_025,False,0.25,0.0,5,48,48,9,uncertainty,40.0,0.0,8.566429420416348,8.805004409171076,46
unweighted_tilt_025,False,0.25,0.0,5,48,48,9,uncertainty,40.0,0.0,8.55561378721076,8.50069498069498,48
unweighted_tilt_025,False,0.25,0.0,5,48,48,9,uncertainty,40.0,0.0,8.554531720508564,8.465273829827554,49
unweighted_tilt_025,False,0.25,0.0,5,48,48,9,uncertainty,40.0,0.0,8.557900616542804,8.580938833570412,50
unweighted_tilt_025,False,0.25,0.0,5,48,48,9,uncertainty,40.0,0.0,8.558957013473082,8.594168096054887,51
unweighted_tilt_025,False,0.25,0.0,5,48,48,9,uncertainty,40.0,0.0,8.553920908752401,8.444160681032189,53
unweighted_tilt_025,False,0.25,0.0,5,48,48,9,uncertainty,80.0,0.0,8.549376894178586,8.267142457318778,54
unweighted_tilt_025,False,0.25,0.0,5,48,48,9,uncertainty,40.0,0.0,8.555251936013356,8.5075743170438,55
unweighted_tilt_025,False,0.25,0.0,5,48,48,9,uncertainty,40.0,0.0,8.559790071641181,8.636943744752307,56
unweighted_tilt_025,False,0.25,0.0,5,48,48,9,boundary,33.46,0.0,8.551860765356706,8.35949741315595,01
unweighted_tilt_025,False,0.25,0.0,5,48,48,9,boundary,34.18,0.0,8.558083260972072,8.635873229939312,02
unweighted_tilt_025,False,0.25,0.0,5,48,48,9,boundary,39.54,0.0,8.55688481873386,8.519881085098477,04
unweighted_tilt_025,False,0.25,0.0,5,48,48,9,boundary,46.12,0.0,8.54877767757756,8.29320987654321,05
unweighted_tilt_025,False,0.25,0.0,5,48,48,9,boundary,44.1,0.0,8.551211429160576,8.431945521937767,06
unweighted_tilt_025,False,0.25,0.0,5,48,48,9,boundary,39.3,0.0,8.554542456420892,8.508233957978423,08
unweighted_tilt_025,False,0.25,0.0,5,48,48,9,boundary,38.14,0.0,8.557006009491749,8.553915436577434,09
unweighted_tilt_025,False,0.25,0.0,5,48,48,9,boundary,39.5,0.0,8.55908720372873,8.68655574679671,10
unweighted_tilt_025,False,0.25,0.0,5,48,48,9,boundary,24.38,0.0,8.56103638510498,8.715625586193958,11
unweighted_tilt_025,False,0.25,0.0,5,48,48,9,boundary,57.58,0.0,8.557877852917745,8.560529336304098,12
unweighted_tilt_025,False,0.25,0.0,5,48,48,9,boundary,43.94,0.0,8.552196234240407,8.443810730882975,13
unweighted_tilt_025,False,0.25,0.0,5,48,48,9,boundary,38.38,0.0,8.558861216543589,8.658482845451683,15
unweighted_tilt_025,False,0.25,0.0,5,48,48,9,boundary,45.02,0.0,8.555019970121673,8.519994162288384,16
unweighted_tilt_025,False,0.25,0.0,5,48,48,9,boundary,36.22,0.0,8.559639571271427,8.66492682427592,17
unweighted_tilt_025,False,0.25,0.0,5,48,48,9,boundary,39.7,0.0,8.554989672503831,8.485706993363962,18
unweighted_tilt_025,False,0.25,0.0,5,48,48,9,boundary,47.12,0.0,8.55811341318407,8.577984966753396,19
unweighted_tilt_025,False,0.25,0.0,5,48,48,9,boundary,41.8,0.0,8.556526037290663,8.534743722050223,20
unweighted_tilt_025,False,0.25,0.0,5,48,48,9,boundary,54.0,0.0,8.54986062104657,8.30594265577447,22
unweighted_tilt_025,False,0.25,0.0,5,48,48,9,boundary,46.56,0.0,8.557911551585525,8.594057633792733,23
unweighted_tilt_025,False,0.25,0.0,5,48,48,9,boundary,33.04,0.0,8.556966906627586,8.630635650276268,24
unweighted_tilt_025,False,0.25,0.0,5,48,48,9,boundary,33.18,0.0,8.559401605149342,8.637808611816821,25
unweighted_tilt_025,False,0.25,0.0,5,48,48,9,boundary,47.4,0.0,8.5567316479924,8.529325204961111,26
unweighted_tilt_025,False,0.25,0.0,5,48,48,9,boundary,29.84,0.0,8.557830100642938,8.632127728901924,27
unweighted_tilt_025,False,0.25,0.0,5,48,48,9,boundary,46.34,0.0,8.560569385637512,8.698599093531108,28
unweighted_tilt_025,False,0.25,0.0,5,48,48,9,boundary,55.52,0.0,8.551786884654947,8.384601691143747,29
unweighted_tilt_025,False,0.25,0.0,5,48,48,9,boundary,40.08,0.0,8.55670811921716,8.572748028227481,30
unweighted_tilt_025,False,0.25,0.0,5,48,48,9,boundary,27.04,0.0,8.563517539744462,8.814423125346226,31
unweighted_tilt_025,False,0.25,0.0,5,48,48,9,boundary,58.04,0.0,8.549151166208743,8.271645021645021,32
unweighted_tilt_025,False,0.25,0.0,5,48,48,9,boundary,30.56,0.0,8.562156245826353,8.757779437391088,33
unweighted_tilt_025,False,0.25,0.0,5,48,48,9,boundary,32.34,0.0,8.556989347647534,8.648255191607793,34
unweighted_tilt_025,False,0.25,0.0,5,48,48,9,boundary,30.92,0.0,8.547553947937995,8.344547053649956,35
unweighted_tilt_025,False,0.25,0.0,5,48,48,9,boundary,31.72,0.0,8.555683115554922,8.55199342375668,36
unweighted_tilt_025,False,0.25,0.0,5,48,48,9,boundary,42.54,0.0,8.554612018798068,8.525340283811179,37
unweighted_tilt_025,False,0.25,0.0,5,48,48,9,boundary,25.42,0.0,8.564688741915008,8.852889474840696,38
unweighted_tilt_025,False,0.25,0.0,5,48,48,9,boundary,39.34,0.0,8.553302625186378,8.497960372960375,39
unweighted_tilt_025,False,0.25,0.0,5,48,48,9,boundary,49.94,0.0,8.552633763601245,8.43805003460892,40
unweighted_tilt_025,False,0.25,0.0,5,48,48,9,boundary,37.24,0.0,8.545484606058857,8.179193899782135,41
unweighted_tilt_025,False,0.25,0.0,5,48,48,9,boundary,29.44,0.0,8.562041344711501,8.715135738192634,44
unweighted_tilt_025,False,0.25,0.0,5,48,48,9,boundary,34.08,0.0,8.560079345706537,8.683043063859284,45
unweighted_tilt_025,False,0.25,0.0,5,48,48,9,boundary,29.6,0.0,8.564878232305066,8.805004409171076,46
unweighted_tilt_025,False,0.25,0.0,5,48,48,9,boundary,45.6,0.0,8.554324943428627,8.50069498069498,48
unweighted_tilt_025,False,0.25,0.0,5,48,48,9,boundary,44.82,0.0,8.554135723501146,8.465273829827554,49
unweighted_tilt_025,False,0.25,0.0,5,48,48,9,boundary,31.08,0.0,8.556863668481007,8.580938833570412,50
unweighted_tilt_025,False,0.25,0.0,5,48,48,9,boundary,34.64,0.0,8.557932814199482,8.594168096054887,51
unweighted_tilt_025,False,0.25,0.0,5,48,48,9,boundary,33.46,0.0,8.554199298530039,8.444160681032189,53
unweighted_tilt_025,False,0.25,0.0,5,48,48,9,boundary,86.28,0.0,8.550245427483228,8.267142457318778,54
unweighted_tilt_025,False,0.25,0.0,5,48,48,9,boundary,37.42,0.0,8.554282253493556,8.5075743170438,55
unweighted_tilt_025,False,0.25,0.0,5,48,48,9,boundary,34.04,0.0,8.559048322312364,8.636943744752307,56
unweighted_tilt_025,False,0.25,0.0,5,48,48,9,bias_blind_kg,40.48,0.0,8.498331763466386,8.35949741315595,01
unweighted_tilt_025,False,0.25,0.0,5,48,48,9,bias_blind_kg,41.24,0.0,8.521589893186267,8.635873229939312,02
unweighted_tilt_025,False,0.25,0.0,5,48,48,9,bias_blind_kg,38.54,0.0,8.519028435334954,8.519881085098477,04
unweighted_tilt_025,False,0.25,0.0,5,48,48,9,bias_blind_kg,40.58,0.0,8.494210344070662,8.29320987654321,05
unweighted_tilt_025,False,0.25,0.0,5,48,48,9,bias_blind_kg,45.24,0.0,8.496956551974698,8.431945521937767,06
unweighted_tilt_025,False,0.25,0.0,5,48,48,9,bias_blind_kg,41.78,0.0,8.51202719049227,8.508233957978423,08
unweighted_tilt_025,False,0.25,0.0,5,48,48,9,bias_blind_kg,39.34,0.0,8.52001378762725,8.553915436577434,09
unweighted_tilt_025,False,0.25,0.0,5,48,48,9,bias_blind_kg,41.02,0.0,8.528704174508054,8.68655574679671,10
unweighted_tilt_025,False,0.25,0.0,5,48,48,9,bias_blind_kg,43.74,0.0,8.521767917476591,8.715625586193958,11
unweighted_tilt_025,False,0.25,0.0,5,48,48,9,bias_blind_kg,34.6,0.0,8.532063698219613,8.560529336304098,12
unweighted_tilt_025,False,0.25,0.0,5,48,48,9,bias_blind_kg,41.64,0.0,8.502573992430525,8.443810730882975,13
unweighted_tilt_025,False,0.25,0.0,5,48,48,9,bias_blind_kg,39.06,0.0,8.526714318785038,8.658482845451683,15
unweighted_tilt_025,False,0.25,0.0,5,48,48,9,bias_blind_kg,40.32,0.0,8.515697002583137,8.519994162288384,16
unweighted_tilt_025,False,0.25,0.0,5,48,48,9,bias_blind_kg,39.1,0.0,8.531645693365856,8.66492682427592,17
unweighted_tilt_025,False,0.25,0.0,5,48,48,9,bias_blind_kg,40.44,0.0,8.514226512652181,8.485706993363962,18
unweighted_tilt_025,False,0.25,0.0,5,48,48,9,bias_blind_kg,35.74,0.0,8.531138816870548,8.577984966753396,19
unweighted_tilt_025,False,0.25,0.0,5,48,48,9,bias_blind_kg,38.84,0.0,8.518954210354092,8.534743722050223,20
unweighted_tilt_025,False,0.25,0.0,5,48,48,9,bias_blind_kg,40.52,0.0,8.501243306236647,8.30594265577447,22
unweighted_tilt_025,False,0.25,0.0,5,48,48,9,bias_blind_kg,39.76,0.0,8.525993418723957,8.594057633792733,23
unweighted_tilt_025,False,0.25,0.0,5,48,48,9,bias_blind_kg,43.32,0.0,8.514664557552694,8.630635650276268,24
unweighted_tilt_025,False,0.25,0.0,5,48,48,9,bias_blind_kg,41.16,0.0,8.526034741553072,8.637808611816821,25
unweighted_tilt_025,False,0.25,0.0,5,48,48,9,bias_blind_kg,37.88,0.0,8.52351342506815,8.529325204961111,26
unweighted_tilt_025,False,0.25,0.0,5,48,48,9,bias_blind_kg,42.06,0.0,8.517170403107531,8.632127728901924,27
unweighted_tilt_025,False,0.25,0.0,5,48,48,9,bias_blind_kg,34.58,0.0,8.54166193010159,8.698599093531108,28
unweighted_tilt_025,False,0.25,0.0,5,48,48,9,bias_blind_kg,39.44,0.0,8.507821991148372,8.384601691143747,29
unweighted_tilt_025,False,0.25,0.0,5,48,48,9,bias_blind_kg,39.14,0.0,8.520580257415332,8.572748028227481,30
unweighted_tilt_025,False,0.25,0.0,5,48,48,9,bias_blind_kg,39.08,0.0,8.541039484290494,8.814423125346226,31
unweighted_tilt_025,False,0.25,0.0,5,48,48,9,bias_blind_kg,40.68,0.0,8.498373805395405,8.271645021645021,32
unweighted_tilt_025,False,0.25,0.0,5,48,48,9,bias_blind_kg,39.62,0.0,8.535799728162917,8.757779437391088,33
unweighted_tilt_025,False,0.25,0.0,5,48,48,9,bias_blind_kg,41.36,0.0,8.516186289641897,8.648255191607793,34
unweighted_tilt_025,False,0.25,0.0,5,48,48,9,bias_blind_kg,43.14,0.0,8.477599153561009,8.344547053649956,35
unweighted_tilt_025,False,0.25,0.0,5,48,48,9,bias_blind_kg,41.02,0.0,8.509860709384105,8.55199342375668,36
unweighted_tilt_025,False,0.25,0.0,5,48,48,9,bias_blind_kg,39.68,0.0,8.513074347140595,8.525340283811179,37
unweighted_tilt_025,False,0.25,0.0,5,48,48,9,bias_blind_kg,40.74,0.0,8.543017115499678,8.852889474840696,38
unweighted_tilt_025,False,0.25,0.0,5,48,48,9,bias_blind_kg,41.28,0.0,8.506256522191974,8.497960372960375,39
unweighted_tilt_025,False,0.25,0.0,5,48,48,9,bias_blind_kg,40.92,0.0,8.505657042953024,8.43805003460892,40
unweighted_tilt_025,False,0.25,0.0,5,48,48,9,bias_blind_kg,41.66,0.0,8.481437032670057,8.179193899782135,41
unweighted_tilt_025,False,0.25,0.0,5,48,48,9,bias_blind_kg,38.94,0.0,8.53728957665983,8.715135738192634,44
unweighted_tilt_025,False,0.25,0.0,5,48,48,9,bias_blind_kg,38.5,0.0,8.533742029599122,8.683043063859284,45
unweighted_tilt_025,False,0.25,0.0,5,48,48,9,bias_blind_kg,34.46,0.0,8.550423114614587,8.805004409171076,46
unweighted_tilt_025,False,0.25,0.0,5,48,48,9,bias_blind_kg,40.62,0.0,8.510647008011967,8.50069498069498,48
unweighted_tilt_025,False,0.25,0.0,5,48,48,9,bias_blind_kg,41.08,0.0,8.510167969739198,8.465273829827554,49
unweighted_tilt_025,False,0.25,0.0,5,48,48,9,bias_blind_kg,42.4,0.0,8.51473977767954,8.580938833570412,50
unweighted_tilt_025,False,0.25,0.0,5,48,48,9,bias_blind_kg,40.66,0.0,8.523084465657435,8.594168096054887,51
unweighted_tilt_025,False,0.25,0.0,5,48,48,9,bias_blind_kg,39.12,0.0,8.51026867547162,8.444160681032189,53
unweighted_tilt_025,False,0.25,0.0,5,48,48,9,bias_blind_kg,33.18,0.0,8.517409154537983,8.267142457318778,54
unweighted_tilt_025,False,0.25,0.0,5,48,48,9,bias_blind_kg,42.32,0.0,8.50683630168555,8.5075743170438,55
unweighted_tilt_025,False,0.25,0.0,5,48,48,9,bias_blind_kg,39.98,0.0,8.525417048897289,8.636943744752307,56
unweighted_tilt_025,False,0.25,0.0,5,48,48,9,ordinary_kg,38.6,0.0,8.551089452261476,8.35949741315595,01
unweighted_tilt_025,False,0.25,0.0,5,48,48,9,ordinary_kg,40.58,0.0,8.557952972424886,8.635873229939312,02
unweighted_tilt_025,False,0.25,0.0,5,48,48,9,ordinary_kg,40.58,0.0,8.55676458200118,8.519881085098477,04
unweighted_tilt_025,False,0.25,0.0,5,48,48,9,ordinary_kg,41.34,0.0,8.548706808863,8.29320987654321,05
unweighted_tilt_025,False,0.25,0.0,5,48,48,9,ordinary_kg,44.0,0.0,8.550868374003498,8.431945521937767,06
unweighted_tilt_025,False,0.25,0.0,5,48,48,9,ordinary_kg,43.4,0.0,8.554374578498763,8.508233957978423,08
unweighted_tilt_025,False,0.25,0.0,5,48,48,9,ordinary_kg,40.88,0.0,8.556603541628997,8.553915436577434,09
unweighted_tilt_025,False,0.25,0.0,5,48,48,9,ordinary_kg,38.12,0.0,8.55906207683916,8.68655574679671,10
unweighted_tilt_025,False,0.25,0.0,5,48,48,9,ordinary_kg,40.5,0.0,8.560114347917766,8.715625586193958,11
unweighted_tilt_025,False,0.25,0.0,5,48,48,9,ordinary_kg,38.32,0.0,8.55773234668222,8.560529336304098,12
unweighted_tilt_025,False,0.25,0.0,5,48,48,9,ordinary_kg,44.18,0.0,8.551288214545202,8.443810730882975,13
unweighted_tilt_025,False,0.25,0.0,5,48,48,9,ordinary_kg,38.72,0.0,8.559095848956982,8.658482845451683,15
unweighted_tilt_025,False,0.25,0.0,5,48,48,9,ordinary_kg,41.12,0.0,8.554956992663874,8.519994162288384,16
unweighted_tilt_025,False,0.25,0.0,5,48,48,9,ordinary_kg,38.56,0.0,8.559812192700853,8.66492682427592,17
unweighted_tilt_025,False,0.25,0.0,5,48,48,9,ordinary_kg,40.96,0.0,8.55459383259823,8.485706993363962,18
unweighted_tilt_025,False,0.25,0.0,5,48,48,9,ordinary_kg,38.48,0.0,8.55812089063883,8.577984966753396,19
unweighted_tilt_025,False,0.25,0.0,5,48,48,9,ordinary_kg,40.0,0.0,8.556562431912397,8.534743722050223,20
unweighted_tilt_025,False,0.25,0.0,5,48,48,9,ordinary_kg,42.02,0.0,8.549891446393064,8.30594265577447,22
unweighted_tilt_025,False,0.25,0.0,5,48,48,9,ordinary_kg,39.82,0.0,8.558049652705222,8.594057633792733,23
unweighted_tilt_025,False,0.25,0.0,5,48,48,9,ordinary_kg,41.68,0.0,8.55687889113793,8.630635650276268,24
unweighted_tilt_025,False,0.25,0.0,5,48,48,9,ordinary_kg,38.6,0.0,8.559506245146675,8.637808611816821,25
unweighted_tilt_025,False,0.25,0.0,5,48,48,9,ordinary_kg,38.5,0.0,8.556838379913877,8.529325204961111,26
unweighted_tilt_025,False,0.25,0.0,5,48,48,9,ordinary_kg,42.0,0.0,8.55752696736811,8.632127728901924,27
unweighted_tilt_025,False,0.25,0.0,5,48,48,9,ordinary_kg,35.4,0.0,8.56070114495049,8.698599093531108,28
unweighted_tilt_025,False,0.25,0.0,5,48,48,9,ordinary_kg,41.72,0.0,8.551996470494782,8.384601691143747,29
unweighted_tilt_025,False,0.25,0.0,5,48,48,9,ordinary_kg,39.44,0.0,8.556728469371166,8.572748028227481,30
unweighted_tilt_025,False,0.25,0.0,5,48,48,9,ordinary_kg,36.34,0.0,8.5637612471639,8.814423125346226,31
unweighted_tilt_025,False,0.25,0.0,5,48,48,9,ordinary_kg,42.48,0.0,8.549002777961265,8.271645021645021,32
unweighted_tilt_025,False,0.25,0.0,5,48,48,9,ordinary_kg,37.14,0.0,8.56251376712207,8.757779437391088,33
unweighted_tilt_025,False,0.25,0.0,5,48,48,9,ordinary_kg,41.2,0.0,8.556626945420533,8.648255191607793,34
unweighted_tilt_025,False,0.25,0.0,5,48,48,9,ordinary_kg,39.48,0.0,8.545735986890602,8.344547053649956,35
unweighted_tilt_025,False,0.25,0.0,5,48,48,9,ordinary_kg,40.7,0.0,8.554958275719226,8.55199342375668,36
unweighted_tilt_025,False,0.25,0.0,5,48,48,9,ordinary_kg,39.58,0.0,8.554434239326355,8.525340283811179,37
unweighted_tilt_025,False,0.25,0.0,5,48,48,9,ordinary_kg,37.26,0.0,8.565585078853365,8.852889474840696,38
unweighted_tilt_025,False,0.25,0.0,5,48,48,9,ordinary_kg,43.06,0.0,8.55249486606893,8.497960372960375,39
unweighted_tilt_025,False,0.25,0.0,5,48,48,9,ordinary_kg,40.82,0.0,8.552458258535049,8.43805003460892,40
unweighted_tilt_025,False,0.25,0.0,5,48,48,9,ordinary_kg,40.74,0.0,8.544632010344115,8.179193899782135,41
unweighted_tilt_025,False,0.25,0.0,5,48,48,9,ordinary_kg,37.04,0.0,8.56212483684199,8.715135738192634,44
unweighted_tilt_025,False,0.25,0.0,5,48,48,9,ordinary_kg,37.68,0.0,8.560462878298075,8.683043063859284,45
unweighted_tilt_025,False,0.25,0.0,5,48,48,9,ordinary_kg,33.46,0.0,8.56505531468685,8.805004409171076,46
unweighted_tilt_025,False,0.25,0.0,5,48,48,9,ordinary_kg,41.62,0.0,8.553556946804303,8.50069498069498,48
unweighted_tilt_025,False,0.25,0.0,5,48,48,9,ordinary_kg,40.74,0.0,8.55389173259926,8.465273829827554,49
unweighted_tilt_025,False,0.25,0.0,5,48,48,9,ordinary_kg,41.22,0.0,8.5567724295418,8.580938833570412,50
unweighted_tilt_025,False,0.25,0.0,5,48,48,9,ordinary_kg,39.88,0.0,8.557639730683322,8.594168096054887,51
unweighted_tilt_025,False,0.25,0.0,5,48,48,9,ordinary_kg,41.48,0.0,8.552896239902244,8.444160681032189,53
unweighted_tilt_025,False,0.25,0.0,5,48,48,9,ordinary_kg,40.02,0.0,8.550605768305784,8.267142457318778,54
unweighted_tilt_025,False,0.25,0.0,5,48,48,9,ordinary_kg,42.18,0.0,8.554148043149276,8.5075743170438,55
unweighted_tilt_025,False,0.25,0.0,5,48,48,9,ordinary_kg,38.36,0.0,8.55894625326553,8.636943744752307,56
unweighted_tilt_025,False,0.25,0.0,5,48,48,9,two_channel_uniform,24.0,3.22,8.552546833391808,8.35949741315595,01
unweighted_tilt_025,False,0.25,0.0,5,48,48,9,two_channel_uniform,23.96,2.98,8.558750564576686,8.635873229939312,02
unweighted_tilt_025,False,0.25,0.0,5,48,48,9,two_channel_uniform,23.76,3.76,8.557476394953968,8.519881085098477,04
unweighted_tilt_025,False,0.25,0.0,5,48,48,9,two_channel_uniform,24.22,3.42,8.548262726451805,8.29320987654321,05
unweighted_tilt_025,False,0.25,0.0,5,48,48,9,two_channel_uniform,24.02,3.1,8.552037505040982,8.431945521937767,06
unweighted_tilt_025,False,0.25,0.0,5,48,48,9,two_channel_uniform,24.1,3.5,8.55581748400267,8.508233957978423,08
unweighted_tilt_025,False,0.25,0.0,5,48,48,9,two_channel_uniform,23.58,2.66,8.55749087213179,8.553915436577434,09
unweighted_tilt_025,False,0.25,0.0,5,48,48,9,two_channel_uniform,24.02,3.46,8.560264837749282,8.68655574679671,10
unweighted_tilt_025,False,0.25,0.0,5,48,48,9,two_channel_uniform,24.38,2.72,8.56306731441862,8.715625586193958,11
unweighted_tilt_025,False,0.25,0.0,5,48,48,9,two_channel_uniform,24.14,3.34,8.557952935360294,8.560529336304098,12
unweighted_tilt_025,False,0.25,0.0,5,48,48,9,two_channel_uniform,23.82,3.3,8.552600965161437,8.443810730882975,13
unweighted_tilt_025,False,0.25,0.0,5,48,48,9,two_channel_uniform,24.26,3.28,8.559540250267878,8.658482845451683,15
unweighted_tilt_025,False,0.25,0.0,5,48,48,9,two_channel_uniform,23.9,3.14,8.555557738747728,8.519994162288384,16
unweighted_tilt_025,False,0.25,0.0,5,48,48,9,two_channel_uniform,24.22,3.54,8.560254692024579,8.66492682427592,17
unweighted_tilt_025,False,0.25,0.0,5,48,48,9,two_channel_uniform,24.34,3.06,8.55551051268014,8.485706993363962,18
unweighted_tilt_025,False,0.25,0.0,5,48,48,9,two_channel_uniform,24.46,3.32,8.557884124261083,8.577984966753396,19
unweighted_tilt_025,False,0.25,0.0,5,48,48,9,two_channel_uniform,24.48,3.22,8.557252117639297,8.534743722050223,20
unweighted_tilt_025,False,0.25,0.0,5,48,48,9,two_channel_uniform,24.52,3.3,8.550413315234414,8.30594265577447,22
unweighted_tilt_025,False,0.25,0.0,5,48,48,9,two_channel_uniform,24.68,3.1,8.558789567091182,8.594057633792733,23
unweighted_tilt_025,False,0.25,0.0,5,48,48,9,two_channel_uniform,24.58,2.88,8.55810298594103,8.630635650276268,24
unweighted_tilt_025,False,0.25,0.0,5,48,48,9,two_channel_uniform,23.76,3.26,8.558938357508906,8.637808611816821,25
unweighted_tilt_025,False,0.25,0.0,5,48,48,9,two_channel_uniform,24.2,2.86,8.556691768785758,8.529325204961111,26
unweighted_tilt_025,False,0.25,0.0,5,48,48,9,two_channel_uniform,24.38,3.4,8.559179796200096,8.632127728901924,27
unweighted_tilt_025,False,0.25,0.0,5,48,48,9,two_channel_uniform,24.3,3.48,8.560789134018666,8.698599093531108,28
unweighted_tilt_025,False,0.25,0.0,5,48,48,9,two_channel_uniform,23.66,3.28,8.55171210787339,8.384601691143747,29
unweighted_tilt_025,False,0.25,0.0,5,48,48,9,two_channel_uniform,24.2,3.52,8.55743133770716,8.572748028227481,30
unweighted_tilt_025,False,0.25,0.0,5,48,48,9,two_channel_uniform,24.38,3.14,8.565634448310716,8.814423125346226,31
unweighted_tilt_025,False,0.25,0.0,5,48,48,9,two_channel_uniform,23.96,2.82,8.549353101968652,8.271645021645021,32
unweighted_tilt_025,False,0.25,0.0,5,48,48,9,two_channel_uniform,24.4,3.02,8.563615482899353,8.757779437391088,33
unweighted_tilt_025,False,0.25,0.0,5,48,48,9,two_channel_uniform,24.54,2.78,8.558588177928094,8.648255191607793,34
unweighted_tilt_025,False,0.25,0.0,5,48,48,9,two_channel_uniform,24.14,3.12,8.547757631333853,8.344547053649956,35
unweighted_tilt_025,False,0.25,0.0,5,48,48,9,two_channel_uniform,23.76,3.36,8.557529476894102,8.55199342375668,36
unweighted_tilt_025,False,0.25,0.0,5,48,48,9,two_channel_uniform,23.98,3.28,8.555719343966103,8.525340283811179,37
unweighted_tilt_025,False,0.25,0.0,5,48,48,9,two_channel_uniform,23.9,3.4,8.567060291805495,8.852889474840696,38
unweighted_tilt_025,False,0.25,0.0,5,48,48,9,two_channel_uniform,24.02,3.1,8.55415273897892,8.497960372960375,39
unweighted_tilt_025,False,0.25,0.0,5,48,48,9,two_channel_uniform,24.48,2.96,8.554290160427994,8.43805003460892,40
unweighted_tilt_025,False,0.25,0.0,5,48,48,9,two_channel_uniform,23.74,3.46,8.544459269502383,8.179193899782135,41
unweighted_tilt_025,False,0.25,0.0,5,48,48,9,two_channel_uniform,24.08,2.78,8.562837275993317,8.715135738192634,44
unweighted_tilt_025,False,0.25,0.0,5,48,48,9,two_channel_uniform,24.34,3.28,8.56129759669946,8.683043063859284,45
unweighted_tilt_025,False,0.25,0.0,5,48,48,9,two_channel_uniform,24.34,3.26,8.566909481580474,8.805004409171076,46
unweighted_tilt_025,False,0.25,0.0,5,48,48,9,two_channel_uniform,24.04,2.8,8.555049115347332,8.50069498069498,48
unweighted_tilt_025,False,0.25,0.0,5,48,48,9,two_channel_uniform,23.88,3.26,8.553127961471375,8.465273829827554,49
unweighted_tilt_025,False,0.25,0.0,5,48,48,9,two_channel_uniform,23.88,2.7,8.557730955677497,8.580938833570412,50
unweighted_tilt_025,False,0.25,0.0,5,48,48,9,two_channel_uniform,24.32,3.02,8.558562591108394,8.594168096054887,51
unweighted_tilt_025,False,0.25,0.0,5,48,48,9,two_channel_uniform,24.18,3.12,8.554627820829433,8.444160681032189,53
unweighted_tilt_025,False,0.25,0.0,5,48,48,9,two_channel_uniform,24.28,3.16,8.550135122809095,8.267142457318778,54
unweighted_tilt_025,False,0.25,0.0,5,48,48,9,two_channel_uniform,24.64,3.16,8.554599248297265,8.5075743170438,55
unweighted_tilt_025,False,0.25,0.0,5,48,48,9,two_channel_uniform,24.78,2.92,8.559790494515415,8.636943744752307,56
unweighted_tilt_025,False,0.25,0.0,5,48,48,9,balanced_mix,30.84,1.78,8.553087969940195,8.35949741315595,01
unweighted_tilt_025,False,0.25,0.0,5,48,48,9,balanced_mix,31.06,1.52,8.55829565348742,8.635873229939312,02
unweighted_tilt_025,False,0.25,0.0,5,48,48,9,balanced_mix,29.84,2.04,8.558112935395839,8.519881085098477,04
unweighted_tilt_025,False,0.25,0.0,5,48,48,9,balanced_mix,31.06,1.98,8.549264688688945,8.29320987654321,05
unweighted_tilt_025,False,0.25,0.0,5,48,48,9,balanced_mix,30.5,1.82,8.55152921653165,8.431945521937767,06
unweighted_tilt_025,False,0.25,0.0,5,48,48,9,balanced_mix,30.36,1.84,8.555244240233167,8.508233957978423,08
unweighted_tilt_025,False,0.25,0.0,5,48,48,9,balanced_mix,30.96,2.08,8.55730733146092,8.553915436577434,09
unweighted_tilt_025,False,0.25,0.0,5,48,48,9,balanced_mix,30.64,1.82,8.5597381182997,8.68655574679671,10
unweighted_tilt_025,False,0.25,0.0,5,48,48,9,balanced_mix,30.64,1.76,8.563458155385048,8.715625586193958,11
unweighted_tilt_025,False,0.25,0.0,5,48,48,9,balanced_mix,30.9,2.08,8.557917603086324,8.560529336304098,12
unweighted_tilt_025,False,0.25,0.0,5,48,48,9,balanced_mix,30.92,1.86,8.553188345163779,8.443810730882975,13
unweighted_tilt_025,False,0.25,0.0,5,48,48,9,balanced_mix,30.62,2.12,8.559918496998405,8.658482845451683,15
unweighted_tilt_025,False,0.25,0.0,5,48,48,9,balanced_mix,31.22,1.62,8.556117041647267,8.519994162288384,16
unweighted_tilt_025,False,0.25,0.0,5,48,48,9,balanced_mix,29.92,1.9,8.56021936406302,8.66492682427592,17
unweighted_tilt_025,False,0.25,0.0,5,48,48,9,balanced_mix,30.24,1.78,8.55540737851945,8.485706993363962,18
unweighted_tilt_025,False,0.25,0.0,5,48,48,9,balanced_mix,30.78,2.12,8.558469677867977,8.577984966753396,19
unweighted_tilt_025,False,0.25,0.0,5,48,48,9,balanced_mix,30.18,2.04,8.557592040285119,8.534743722050223,20
unweighted_tilt_025,False,0.25,0.0,5,48,48,9,balanced_mix,30.8,1.82,8.550241693805443,8.30594265577447,22
unweighted_tilt_025,False,0.25,0.0,5,48,48,9,balanced_mix,29.98,1.98,8.55887003824424,8.594057633792733,23
unweighted_tilt_025,False,0.25,0.0,5,48,48,9,balanced_mix,31.58,1.98,8.558163253410937,8.630635650276268,24
unweighted_tilt_025,False,0.25,0.0,5,48,48,9,balanced_mix,31.04,1.56,8.559897860239968,8.637808611816821,25
unweighted_tilt_025,False,0.25,0.0,5,48,48,9,balanced_mix,30.48,1.8,8.556982500444796,8.529325204961111,26
unweighted_tilt_025,False,0.25,0.0,5,48,48,9,balanced_mix,30.56,1.8,8.558911725100039,8.632127728901924,27
unweighted_tilt_025,False,0.25,0.0,5,48,48,9,balanced_mix,30.66,2.02,8.560987671632482,8.698599093531108,28
unweighted_tilt_025,False,0.25,0.0,5,48,48,9,balanced_mix,30.78,1.68,8.552715993536175,8.384601691143747,29
unweighted_tilt_025,False,0.25,0.0,5,48,48,9,balanced_mix,30.44,1.64,8.557316594945217,8.572748028227481,30
unweighted_tilt_025,False,0.25,0.0,5,48,48,9,balanced_mix,30.58,2.04,8.565074611981908,8.814423125346226,31
unweighted_tilt_025,False,0.25,0.0,5,48,48,9,balanced_mix,30.64,1.68,8.550199760617568,8.271645021645021,32
unweighted_tilt_025,False,0.25,0.0,5,48,48,9,balanced_mix,30.8,1.68,8.563792476211825,8.757779437391088,33
unweighted_tilt_025,False,0.25,0.0,5,48,48,9,balanced_mix,30.76,1.88,8.558516919298269,8.648255191607793,34
unweighted_tilt_025,False,0.25,0.0,5,48,48,9,balanced_mix,30.42,2.18,8.547736897568383,8.344547053649956,35
unweighted_tilt_025,False,0.25,0.0,5,48,48,9,balanced_mix,30.5,1.4,8.55741156958044,8.55199342375668,36
unweighted_tilt_025,False,0.25,0.0,5,48,48,9,balanced_mix,30.42,1.88,8.555775357409164,8.525340283811179,37
unweighted_tilt_025,False,0.25,0.0,5,48,48,9,balanced_mix,30.18,2.14,8.566954722351433,8.852889474840696,38
unweighted_tilt_025,False,0.25,0.0,5,48,48,9,balanced_mix,30.26,1.64,8.554140005964156,8.497960372960375,39
unweighted_tilt_025,False,0.25,0.0,5,48,48,9,balanced_mix,31.28,1.96,8.553915094883974,8.43805003460892,40
unweighted_tilt_025,False,0.25,0.0,5,48,48,9,balanced_mix,30.78,2.16,8.54596327475062,8.179193899782135,41
unweighted_tilt_025,False,0.25,0.0,5,48,48,9,balanced_mix,30.74,1.48,8.562675029804355,8.715135738192634,44
unweighted_tilt_025,False,0.25,0.0,5,48,48,9,balanced_mix,30.96,1.74,8.560478833655264,8.683043063859284,45
unweighted_tilt_025,False,0.25,0.0,5,48,48,9,balanced_mix,30.68,1.78,8.566712328542096,8.805004409171076,46
unweighted_tilt_025,False,0.25,0.0,5,48,48,9,balanced_mix,30.24,1.62,8.555403195812236,8.50069498069498,48
unweighted_tilt_025,False,0.25,0.0,5,48,48,9,balanced_mix,29.66,1.92,8.554243940124394,8.465273829827554,49
unweighted_tilt_025,False,0.25,0.0,5,48,48,9,balanced_mix,30.76,2.22,8.55834164920879,8.580938833570412,50
unweighted_tilt_025,False,0.25,0.0,5,48,48,9,balanced_mix,30.92,2.08,8.558759423569365,8.594168096054887,51
unweighted_tilt_025,False,0.25,0.0,5,48,48,9,balanced_mix,30.4,1.94,8.554085521322259,8.444160681032189,53
unweighted_tilt_025,False,0.25,0.0,5,48,48,9,balanced_mix,30.88,1.96,8.550366356811141,8.267142457318778,54
unweighted_tilt_025,False,0.25,0.0,5,48,48,9,balanced_mix,31.12,2.22,8.555296400823954,8.5075743170438,55
unweighted_tilt_025,False,0.25,0.0,5,48,48,9,balanced_mix,30.32,1.9,8.55958295227372,8.636943744752307,56
unweighted_tilt_025,False,0.25,0.0,5,48,48,9,validation_only,20.0,3.78,8.55266977261741,8.35949741315595,01
unweighted_tilt_025,False,0.25,0.0,5,48,48,9,validation_only,20.0,3.68,8.558775485533594,8.635873229939312,02
unweighted_tilt_025,False,0.25,0.0,5,48,48,9,validation_only,20.0,4.18,8.557659617948197,8.519881085098477,04
unweighted_tilt_025,False,0.25,0.0,5,48,48,9,validation_only,20.0,3.7,8.548059085335394,8.29320987654321,05
unweighted_tilt_025,False,0.25,0.0,5,48,48,9,validation_only,20.0,3.46,8.552303193409415,8.431945521937767,06
unweighted_tilt_025,False,0.25,0.0,5,48,48,9,validation_only,20.0,3.98,8.555084535948783,8.508233957978423,08
unweighted_tilt_025,False,0.25,0.0,5,48,48,9,validation_only,20.0,3.7,8.55839067778684,8.553915436577434,09
unweighted_tilt_025,False,0.25,0.0,5,48,48,9,validation_only,20.0,4.04,8.559659549867515,8.68655574679671,10
unweighted_tilt_025,False,0.25,0.0,5,48,48,9,validation_only,20.0,3.36,8.563359304663628,8.715625586193958,11
unweighted_tilt_025,False,0.25,0.0,5,48,48,9,validation_only,20.0,3.96,8.557355823100677,8.560529336304098,12
unweighted_tilt_025,False,0.25,0.0,5,48,48,9,validation_only,20.0,3.88,8.553029017069855,8.443810730882975,13
unweighted_tilt_025,False,0.25,0.0,5,48,48,9,validation_only,20.0,3.76,8.5593118330848,8.658482845451683,15
unweighted_tilt_025,False,0.25,0.0,5,48,48,9,validation_only,20.0,3.7,8.555691101496878,8.519994162288384,16
unweighted_tilt_025,False,0.25,0.0,5,48,48,9,validation_only,20.0,4.04,8.560602319427518,8.66492682427592,17
unweighted_tilt_025,False,0.25,0.0,5,48,48,9,validation_only,20.0,3.92,8.55536533259565,8.485706993363962,18
unweighted_tilt_025,False,0.25,0.0,5,48,48,9,validation_only,20.0,4.26,8.557467914289907,8.577984966753396,19
unweighted_tilt_025,False,0.25,0.0,5,48,48,9,validation_only,20.0,3.28,8.55799332120837,8.534743722050223,20
unweighted_tilt_025,False,0.25,0.0,5,48,48,9,validation_only,20.0,3.58,8.550260437526601,8.30594265577447,22
unweighted_tilt_025,False,0.25,0.0,5,48,48,9,validation_only,20.0,3.54,8.558852629828815,8.594057633792733,23
unweighted_tilt_025,False,0.25,0.0,5,48,48,9,validation_only,20.0,3.58,8.557646101476125,8.630635650276268,24
unweighted_tilt_025,False,0.25,0.0,5,48,48,9,validation_only,20.0,4.08,8.559675503770315,8.637808611816821,25
unweighted_tilt_025,False,0.25,0.0,5,48,48,9,validation_only,20.0,3.32,8.555860585015662,8.529325204961111,26
unweighted_tilt_025,False,0.25,0.0,5,48,48,9,validation_only,20.0,4.1,8.558953928722724,8.632127728901924,27
unweighted_tilt_025,False,0.25,0.0,5,48,48,9,validation_only,20.0,4.14,8.560836831226304,8.698599093531108,28
unweighted_tilt_025,False,0.25,0.0,5,48,48,9,validation_only,20.0,3.98,8.551956201686737,8.384601691143747,29
unweighted_tilt_025,False,0.25,0.0,5,48,48,9,validation_only,20.0,3.72,8.55695102674346,8.572748028227481,30
unweighted_tilt_025,False,0.25,0.0,5,48,48,9,validation_only,20.0,3.86,8.565098265603051,8.814423125346226,31
unweighted_tilt_025,False,0.25,0.0,5,48,48,9,validation_only,20.0,3.6,8.54892419585547,8.271645021645021,32
unweighted_tilt_025,False,0.25,0.0,5,48,48,9,validation_only,20.0,3.86,8.56378147146125,8.757779437391088,33
unweighted_tilt_025,False,0.25,0.0,5,48,48,9,validation_only,20.0,3.46,8.558670332718211,8.648255191607793,34
unweighted_tilt_025,False,0.25,0.0,5,48,48,9,validation_only,20.0,3.78,8.547794161276066,8.344547053649956,35
unweighted_tilt_025,False,0.25,0.0,5,48,48,9,validation_only,20.0,4.22,8.557337255293033,8.55199342375668,36
unweighted_tilt_025,False,0.25,0.0,5,48,48,9,validation_only,20.0,4.48,8.555693816683997,8.525340283811179,37
unweighted_tilt_025,False,0.25,0.0,5,48,48,9,validation_only,20.0,3.84,8.566943423865922,8.852889474840696,38
unweighted_tilt_025,False,0.25,0.0,5,48,48,9,validation_only,20.0,3.66,8.554018068723199,8.497960372960375,39
unweighted_tilt_025,False,0.25,0.0,5,48,48,9,validation_only,20.0,4.2,8.553374569911155,8.43805003460892,40
unweighted_tilt_025,False,0.25,0.0,5,48,48,9,validation_only,20.0,4.02,8.545089280741513,8.179193899782135,41
unweighted_tilt_025,False,0.25,0.0,5,48,48,9,validation_only,20.0,3.26,8.5632560901769,8.715135738192634,44
unweighted_tilt_025,False,0.25,0.0,5,48,48,9,validation_only,20.0,3.58,8.560433722321218,8.683043063859284,45
unweighted_tilt_025,False,0.25,0.0,5,48,48,9,validation_only,20.0,3.44,8.566643291484404,8.805004409171076,46
unweighted_tilt_025,False,0.25,0.0,5,48,48,9,validation_only,20.0,3.56,8.554754381852952,8.50069498069498,48
unweighted_tilt_025,False,0.25,0.0,5,48,48,9,validation_only,20.0,3.62,8.554266240702296,8.465273829827554,49
unweighted_tilt_025,False,0.25,0.0,5,48,48,9,validation_only,20.0,3.36,8.557497007961306,8.580938833570412,50
unweighted_tilt_025,False,0.25,0.0,5,48,48,9,validation_only,20.0,3.3,8.558864482224706,8.594168096054887,51
unweighted_tilt_025,False,0.25,0.0,5,48,48,9,validation_only,20.0,3.56,8.554984007516392,8.444160681032189,53
unweighted_tilt_025,False,0.25,0.0,5,48,48,9,validation_only,20.0,3.74,8.550107569573159,8.267142457318778,54
unweighted_tilt_025,False,0.25,0.0,5,48,48,9,validation_only,20.0,3.66,8.55488010817657,8.5075743170438,55
unweighted_tilt_025,False,0.25,0.0,5,48,48,9,validation_only,20.0,3.22,8.560171551990488,8.636943744752307,56
unweighted_tilt_025,False,0.25,0.0,5,48,48,9,two_channel_kg,24.62,2.88,8.551581175077638,8.35949741315595,01
unweighted_tilt_025,False,0.25,0.0,5,48,48,9,two_channel_kg,24.06,3.84,8.559054335203415,8.635873229939312,02
unweighted_tilt_025,False,0.25,0.0,5,48,48,9,two_channel_kg,24.88,3.64,8.557103637258395,8.519881085098477,04
unweighted_tilt_025,False,0.25,0.0,5,48,48,9,two_channel_kg,25.68,1.4,8.549150648383085,8.29320987654321,05
unweighted_tilt_025,False,0.25,0.0,5,48,48,9,two_channel_kg,25.34,3.8,8.551357094509747,8.431945521937767,06
unweighted_tilt_025,False,0.25,0.0,5,48,48,9,two_channel_kg,25.22,3.88,8.555476981443793,8.508233957978423,08
unweighted_tilt_025,False,0.25,0.0,5,48,48,9,two_channel_kg,24.32,3.68,8.557442141667762,8.553915436577434,09
unweighted_tilt_025,False,0.25,0.0,5,48,48,9,two_channel_kg,24.46,3.2,8.559695735840373,8.68655574679671,10
unweighted_tilt_025,False,0.25,0.0,5,48,48,9,two_channel_kg,23.16,5.48,8.56431390996946,8.715625586193958,11
unweighted_tilt_025,False,0.25,0.0,5,48,48,9,two_channel_kg,24.38,1.02,8.557587874107458,8.560529336304098,12
unweighted_tilt_025,False,0.25,0.0,5,48,48,9,two_channel_kg,25.22,3.54,8.552598802701443,8.443810730882975,13
unweighted_tilt_025,False,0.25,0.0,5,48,48,9,two_channel_kg,24.18,3.18,8.560118585518119,8.658482845451683,15
unweighted_tilt_025,False,0.25,0.0,5,48,48,9,two_channel_kg,24.78,2.52,8.555261840484135,8.519994162288384,16
unweighted_tilt_025,False,0.25,0.0,5,48,48,9,two_channel_kg,24.42,3.56,8.560677343501196,8.66492682427592,17
unweighted_tilt_025,False,0.25,0.0,5,48,48,9,two_channel_kg,24.58,3.08,8.556067355109258,8.485706993363962,18
unweighted_tilt_025,False,0.25,0.0,5,48,48,9,two_channel_kg,24.18,2.86,8.558715908196886,8.577984966753396,19
unweighted_tilt_025,False,0.25,0.0,5,48,48,9,two_channel_kg,24.06,3.1,8.557566287703214,8.534743722050223,20
unweighted_tilt_025,False,0.25,0.0,5,48,48,9,two_channel_kg,25.4,0.94,8.550693338360027,8.30594265577447,22
unweighted_tilt_025,False,0.25,0.0,5,48,48,9,two_channel_kg,24.1,2.92,8.558179175318394,8.594057633792733,23
unweighted_tilt_025,False,0.25,0.0,5,48,48,9,two_channel_kg,24.1,4.2,8.558045317057616,8.630635650276268,24
unweighted_tilt_025,False,0.25,0.0,5,48,48,9,two_channel_kg,24.14,3.12,8.559196134240727,8.637808611816821,25
unweighted_tilt_025,False,0.25,0.0,5,48,48,9,two_channel_kg,24.82,2.5,8.557088036881382,8.529325204961111,26
unweighted_tilt_025,False,0.25,0.0,5,48,48,9,two_channel_kg,24.44,5.04,8.559595831812597,8.632127728901924,27
unweighted_tilt_025,False,0.25,0.0,5,48,48,9,two_channel_kg,24.08,1.64,8.560548735098418,8.698599093531108,28
unweighted_tilt_025,False,0.25,0.0,5,48,48,9,two_channel_kg,25.3,1.2,8.552475011774451,8.384601691143747,29
unweighted_tilt_025,False,0.25,0.0,5,48,48,9,two_channel_kg,24.42,2.98,8.557323084530825,8.572748028227481,30
unweighted_tilt_025,False,0.25,0.0,5,48,48,9,two_channel_kg,23.3,3.84,8.566343196591362,8.814423125346226,31
unweighted_tilt_025,False,0.25,0.0,5,48,48,9,two_channel_kg,25.82,0.54,8.550568258855241,8.271645021645021,32
unweighted_tilt_025,False,0.25,0.0,5,48,48,9,two_channel_kg,23.58,3.68,8.563972656005753,8.757779437391088,33
unweighted_tilt_025,False,0.25,0.0,5,48,48,9,two_channel_kg,24.1,4.34,8.558678044179532,8.648255191607793,34
unweighted_tilt_025,False,0.25,0.0,5,48,48,9,two_channel_kg,24.56,3.6,8.546055392829086,8.344547053649956,35
unweighted_tilt_025,False,0.25,0.0,5,48,48,9,two_channel_kg,24.24,4.08,8.55658867735007,8.55199342375668,36
unweighted_tilt_025,False,0.25,0.0,5,48,48,9,two_channel_kg,24.36,2.88,8.555290746234139,8.525340283811179,37
unweighted_tilt_025,False,0.25,0.0,5,48,48,9,two_channel_kg,23.22,4.42,8.569028171951256,8.852889474840696,38
unweighted_tilt_025,False,0.25,0.0,5,48,48,9,two_channel_kg,24.74,3.02,8.554140596875266,8.497960372960375,39
unweighted_tilt_025,False,0.25,0.0,5,48,48,9,two_channel_kg,24.94,2.54,8.553661505630924,8.43805003460892,40
unweighted_tilt_025,False,0.25,0.0,5,48,48,9,two_channel_kg,25.54,2.84,8.545319923578573,8.179193899782135,41
unweighted_tilt_025,False,0.25,0.0,5,48,48,9,two_channel_kg,23.2,3.44,8.563728028430397,8.715135738192634,44
unweighted_tilt_025,False,0.25,0.0,5,48,48,9,two_channel_kg,23.64,2.76,8.56080910747114,8.683043063859284,45
unweighted_tilt_025,False,0.25,0.0,5,48,48,9,two_channel_kg,22.88,2.84,8.566498406193299,8.805004409171076,46
unweighted_tilt_025,False,0.25,0.0,5,48,48,9,two_channel_kg,24.7,3.72,8.55495581354239,8.50069498069498,48
unweighted_tilt_025,False,0.25,0.0,5,48,48,9,two_channel_kg,24.84,2.9,8.553925851877278,8.465273829827554,49
unweighted_tilt_025,False,0.25,0.0,5,48,48,9,two_channel_kg,24.02,4.0,8.557421345658103,8.580938833570412,50
unweighted_tilt_025,False,0.25,0.0,5,48,48,9,two_channel_kg,24.3,3.6,8.558249277979183,8.594168096054887,51
unweighted_tilt_025,False,0.25,0.0,5,48,48,9,two_channel_kg,24.54,4.14,8.553768388393287,8.444160681032189,53
unweighted_tilt_025,False,0.25,0.0,5,48,48,9,two_channel_kg,24.72,0.02,8.551380384615182,8.267142457318778,54
unweighted_tilt_025,False,0.25,0.0,5,48,48,9,two_channel_kg,24.52,3.64,8.554859142952784,8.5075743170438,55
unweighted_tilt_025,False,0.25,0.0,5,48,48,9,two_channel_kg,23.6,3.62,8.560244296043951,8.636943744752307,56
unweighted_tilt_025,False,0.25,0.0,5,144,48,9,uniform,79.54,0.0,8.55233091101356,8.35949741315595,01
unweighted_tilt_025,False,0.25,0.0,5,144,48,9,uniform,79.6,0.0,8.559318358849954,8.635873229939312,02
unweighted_tilt_025,False,0.25,0.0,5,144,48,9,uniform,80.02,0.0,8.557703183560172,8.519881085098477,04
unweighted_tilt_025,False,0.25,0.0,5,144,48,9,uniform,80.52,0.0,8.548290868428744,8.29320987654321,05
unweighted_tilt_025,False,0.25,0.0,5,144,48,9,uniform,81.34,0.0,8.551127968109197,8.431945521937767,06
unweighted_tilt_025,False,0.25,0.0,5,144,48,9,uniform,78.14,0.0,8.55487162314927,8.508233957978423,08
unweighted_tilt_025,False,0.25,0.0,5,144,48,9,uniform,80.44,0.0,8.557069089128388,8.553915436577434,09
unweighted_tilt_025,False,0.25,0.0,5,144,48,9,uniform,79.48,0.0,8.560616874775587,8.68655574679671,10
unweighted_tilt_025,False,0.25,0.0,5,144,48,9,uniform,80.74,0.0,8.563056584505171,8.715625586193958,11
unweighted_tilt_025,False,0.25,0.0,5,144,48,9,uniform,80.66,0.0,8.557823340952215,8.560529336304098,12
unweighted_tilt_025,False,0.25,0.0,5,144,48,9,uniform,80.42,0.0,8.552211719878407,8.443810730882975,13
unweighted_tilt_025,False,0.25,0.0,5,144,48,9,uniform,80.02,0.0,8.559372371431259,8.658482845451683,15
unweighted_tilt_025,False,0.25,0.0,5,144,48,9,uniform,81.5,0.0,8.555803653803967,8.519994162288384,16
unweighted_tilt_025,False,0.25,0.0,5,144,48,9,uniform,80.42,0.0,8.56077583227027,8.66492682427592,17
unweighted_tilt_025,False,0.25,0.0,5,144,48,9,uniform,80.9,0.0,8.555307063748208,8.485706993363962,18
unweighted_tilt_025,False,0.25,0.0,5,144,48,9,uniform,80.48,0.0,8.558573213869318,8.577984966753396,19
unweighted_tilt_025,False,0.25,0.0,5,144,48,9,uniform,80.6,0.0,8.557183933260543,8.534743722050223,20
unweighted_tilt_025,False,0.25,0.0,5,144,48,9,uniform,80.84,0.0,8.54960948347194,8.30594265577447,22
unweighted_tilt_025,False,0.25,0.0,5,144,48,9,uniform,81.24,0.0,8.55890372238044,8.594057633792733,23
unweighted_tilt_025,False,0.25,0.0,5,144,48,9,uniform,81.32,0.0,8.558625228264123,8.630635650276268,24
unweighted_tilt_025,False,0.25,0.0,5,144,48,9,uniform,78.94,0.0,8.560492449696865,8.637808611816821,25
unweighted_tilt_025,False,0.25,0.0,5,144,48,9,uniform,80.16,0.0,8.557340025893842,8.529325204961111,26
unweighted_tilt_025,False,0.25,0.0,5,144,48,9,uniform,80.48,0.0,8.559255485548402,8.632127728901924,27
unweighted_tilt_025,False,0.25,0.0,5,144,48,9,uniform,80.58,0.0,8.561314999691888,8.698599093531108,28
unweighted_tilt_025,False,0.25,0.0,5,144,48,9,uniform,80.4,0.0,8.552306501430907,8.384601691143747,29
unweighted_tilt_025,False,0.25,0.0,5,144,48,9,uniform,80.02,0.0,8.557386324838978,8.572748028227481,30
unweighted_tilt_025,False,0.25,0.0,5,144,48,9,uniform,79.5,0.0,8.566010229367203,8.814423125346226,31
unweighted_tilt_025,False,0.25,0.0,5,144,48,9,uniform,80.02,0.0,8.549378890041105,8.271645021645021,32
unweighted_tilt_025,False,0.25,0.0,5,144,48,9,uniform,78.92,0.0,8.564416026696803,8.757779437391088,33
unweighted_tilt_025,False,0.25,0.0,5,144,48,9,uniform,80.78,0.0,8.55817300474581,8.648255191607793,34
unweighted_tilt_025,False,0.25,0.0,5,144,48,9,uniform,78.62,0.0,8.547720334662603,8.344547053649956,35
unweighted_tilt_025,False,0.25,0.0,5,144,48,9,uniform,80.76,0.0,8.556849216164975,8.55199342375668,36
unweighted_tilt_025,False,0.25,0.0,5,144,48,9,uniform,79.86,0.0,8.555817096052278,8.525340283811179,37
unweighted_tilt_025,False,0.25,0.0,5,144,48,9,uniform,80.82,0.0,8.568075690573849,8.852889474840696,38
unweighted_tilt_025,False,0.25,0.0,5,144,48,9,uniform,79.2,0.0,8.553131174947845,8.497960372960375,39
unweighted_tilt_025,False,0.25,0.0,5,144,48,9,uniform,79.9,0.0,8.5530569059283,8.43805003460892,40
unweighted_tilt_025,False,0.25,0.0,5,144,48,9,uniform,76.38,0.0,8.545822630061696,8.179193899782135,41
unweighted_tilt_025,False,0.25,0.0,5,144,48,9,uniform,79.32,0.0,8.561720025485906,8.715135738192634,44
unweighted_tilt_025,False,0.25,0.0,5,144,48,9,uniform,79.54,0.0,8.561327645141787,8.683043063859284,45
unweighted_tilt_025,False,0.25,0.0,5,144,48,9,uniform,79.44,0.0,8.567150568665879,8.805004409171076,46
unweighted_tilt_025,False,0.25,0.0,5,144,48,9,uniform,79.72,0.0,8.555380109001081,8.50069498069498,48
unweighted_tilt_025,False,0.25,0.0,5,144,48,9,uniform,79.16,0.0,8.55446853843528,8.465273829827554,49
unweighted_tilt_025,False,0.25,0.0,5,144,48,9,uniform,79.04,0.0,8.557604578935148,8.580938833570412,50
unweighted_tilt_025,False,0.25,0.0,5,144,48,9,uniform,80.12,0.0,8.558966670653822,8.594168096054887,51
unweighted_tilt_025,False,0.25,0.0,5,144,48,9,uniform,80.34,0.0,8.553502724316392,8.444160681032189,53
unweighted_tilt_025,False,0.25,0.0,5,144,48,9,uniform,78.1,0.0,8.549730453351643,8.267142457318778,54
unweighted_tilt_025,False,0.25,0.0,5,144,48,9,uniform,82.16,0.0,8.554662913522598,8.5075743170438,55
unweighted_tilt_025,False,0.25,0.0,5,144,48,9,uniform,79.5,0.0,8.560077346558279,8.636943744752307,56
unweighted_tilt_025,False,0.25,0.0,5,144,48,9,uniform_blind,79.54,0.0,8.505525556075682,8.35949741315595,01
unweighted_tilt_025,False,0.25,0.0,5,144,48,9,uniform_blind,79.6,0.0,8.538344254757417,8.635873229939312,02
unweighted_tilt_025,False,0.25,0.0,5,144,48,9,uniform_blind,80.02,0.0,8.5318867158299,8.519881085098477,04
unweighted_tilt_025,False,0.25,0.0,5,144,48,9,uniform_blind,80.52,0.0,8.486611239935788,8.29320987654321,05
unweighted_tilt_025,False,0.25,0.0,5,144,48,9,uniform_blind,81.34,0.0,8.497457993422984,8.431945521937767,06
unweighted_tilt_025,False,0.25,0.0,5,144,48,9,uniform_blind,78.14,0.0,8.521247396014621,8.508233957978423,08
unweighted_tilt_025,False,0.25,0.0,5,144,48,9,uniform_blind,80.44,0.0,8.527568256549046,8.553915436577434,09
unweighted_tilt_025,False,0.25,0.0,5,144,48,9,uniform_blind,79.48,0.0,8.54913453065135,8.68655574679671,10
unweighted_tilt_025,False,0.25,0.0,5,144,48,9,uniform_blind,80.74,0.0,8.54999490465142,8.715625586193958,11
unweighted_tilt_025,False,0.25,0.0,5,144,48,9,uniform_blind,80.66,0.0,8.536322934661053,8.560529336304098,12
unweighted_tilt_025,False,0.25,0.0,5,144,48,9,uniform_blind,80.42,0.0,8.502059412972715,8.443810730882975,13
unweighted_tilt_025,False,0.25,0.0,5,144,48,9,uniform_blind,80.02,0.0,8.538529869285693,8.658482845451683,15
unweighted_tilt_025,False,0.25,0.0,5,144,48,9,uniform_blind,81.5,0.0,8.522798218333847,8.519994162288384,16
unweighted_tilt_025,False,0.25,0.0,5,144,48,9,uniform_blind,80.42,0.0,8.547007056525537,8.66492682427592,17
unweighted_tilt_025,False,0.25,0.0,5,144,48,9,uniform_blind,80.9,0.0,8.52077110581423,8.485706993363962,18
unweighted_tilt_025,False,0.25,0.0,5,144,48,9,uniform_blind,80.48,0.0,8.53807612199172,8.577984966753396,19
unweighted_tilt_025,False,0.25,0.0,5,144,48,9,uniform_blind,80.6,0.0,8.529918816460198,8.534743722050223,20
unweighted_tilt_025,False,0.25,0.0,5,144,48,9,uniform_blind,80.84,0.0,8.492877188373482,8.30594265577447,22
unweighted_tilt_025,False,0.25,0.0,5,144,48,9,uniform_blind,81.24,0.0,8.5387150896782,8.594057633792733,23
unweighted_tilt_025,False,0.25,0.0,5,144,48,9,uniform_blind,81.32,0.0,8.533396326125818,8.630635650276268,24
unweighted_tilt_025,False,0.25,0.0,5,144,48,9,uniform_blind,78.94,0.0,8.546403148500541,8.637808611816821,25
unweighted_tilt_025,False,0.25,0.0,5,144,48,9,uniform_blind,80.16,0.0,8.532569211071968,8.529325204961111,26
unweighted_tilt_025,False,0.25,0.0,5,144,48,9,uniform_blind,80.48,0.0,8.535598947487806,8.632127728901924,27
unweighted_tilt_025,False,0.25,0.0,5,144,48,9,uniform_blind,80.58,0.0,8.551427138316956,8.698599093531108,28
unweighted_tilt_025,False,0.25,0.0,5,144,48,9,uniform_blind,80.4,0.0,8.50700609002469,8.384601691143747,29
unweighted_tilt_025,False,0.25,0.0,5,144,48,9,uniform_blind,80.02,0.0,8.529718082381605,8.572748028227481,30
unweighted_tilt_025,False,0.25,0.0,5,144,48,9,uniform_blind,79.5,0.0,8.569045837257345,8.814423125346226,31
unweighted_tilt_025,False,0.25,0.0,5,144,48,9,uniform_blind,80.02,0.0,8.493509800041615,8.271645021645021,32
unweighted_tilt_025,False,0.25,0.0,5,144,48,9,uniform_blind,78.92,0.0,8.560357592950457,8.757779437391088,33
unweighted_tilt_025,False,0.25,0.0,5,144,48,9,uniform_blind,80.78,0.0,8.531575796191028,8.648255191607793,34
unweighted_tilt_025,False,0.25,0.0,5,144,48,9,uniform_blind,78.62,0.0,8.480188367354694,8.344547053649956,35
unweighted_tilt_025,False,0.25,0.0,5,144,48,9,uniform_blind,80.76,0.0,8.527484776655113,8.55199342375668,36
unweighted_tilt_025,False,0.25,0.0,5,144,48,9,uniform_blind,79.86,0.0,8.524174802681213,8.525340283811179,37
unweighted_tilt_025,False,0.25,0.0,5,144,48,9,uniform_blind,80.82,0.0,8.575372840787324,8.852889474840696,38
unweighted_tilt_025,False,0.25,0.0,5,144,48,9,uniform_blind,79.2,0.0,8.510053062829083,8.497960372960375,39
unweighted_tilt_025,False,0.25,0.0,5,144,48,9,uniform_blind,79.9,0.0,8.508314080848676,8.43805003460892,40
unweighted_tilt_025,False,0.25,0.0,5,144,48,9,uniform_blind,76.38,0.0,8.47734390069648,8.179193899782135,41
unweighted_tilt_025,False,0.25,0.0,5,144,48,9,uniform_blind,79.32,0.0,8.546972739268039,8.715135738192634,44
unweighted_tilt_025,False,0.25,0.0,5,144,48,9,uniform_blind,79.54,0.0,8.550639746665166,8.683043063859284,45
unweighted_tilt_025,False,0.25,0.0,5,144,48,9,uniform_blind,79.44,0.0,8.57717102153361,8.805004409171076,46
unweighted_tilt_025,False,0.25,0.0,5,144,48,9,uniform_blind,79.72,0.0,8.520917431935333,8.50069498069498,48
unweighted_tilt_025,False,0.25,0.0,5,144,48,9,uniform_blind,79.16,0.0,8.517863487379076,8.465273829827554,49
unweighted_tilt_025,False,0.25,0.0,5,144,48,9,uniform_blind,79.04,0.0,8.529328511336596,8.580938833570412,50
unweighted_tilt_025,False,0.25,0.0,5,144,48,9,uniform_blind,80.12,0.0,8.536940780261663,8.594168096054887,51
unweighted_tilt_025,False,0.25,0.0,5,144,48,9,uniform_blind,80.34,0.0,8.511154612398427,8.444160681032189,53
unweighted_tilt_025,False,0.25,0.0,5,144,48,9,uniform_blind,78.1,0.0,8.49808335306728,8.267142457318778,54
unweighted_tilt_025,False,0.25,0.0,5,144,48,9,uniform_blind,82.16,0.0,8.514565999975087,8.5075743170438,55
unweighted_tilt_025,False,0.25,0.0,5,144,48,9,uniform_blind,79.5,0.0,8.540703800337349,8.636943744752307,56
unweighted_tilt_025,False,0.25,0.0,5,144,48,9,uncertainty,60.0,0.0,8.55269999648007,8.35949741315595,01
unweighted_tilt_025,False,0.25,0.0,5,144,48,9,uncertainty,40.0,0.0,8.558670356949806,8.635873229939312,02
unweighted_tilt_025,False,0.25,0.0,5,144,48,9,uncertainty,60.0,0.0,8.557893862680045,8.519881085098477,04
unweighted_tilt_025,False,0.25,0.0,5,144,48,9,uncertainty,100.0,0.0,8.5481691737318,8.29320987654321,05
unweighted_tilt_025,False,0.25,0.0,5,144,48,9,uncertainty,60.0,0.0,8.551229643253446,8.431945521937767,06
unweighted_tilt_025,False,0.25,0.0,5,144,48,9,uncertainty,60.0,0.0,8.555182822260122,8.508233957978423,08
unweighted_tilt_025,False,0.25,0.0,5,144,48,9,uncertainty,60.0,0.0,8.557748014817044,8.553915436577434,09
unweighted_tilt_025,False,0.25,0.0,5,144,48,9,uncertainty,60.0,0.0,8.56036768133912,8.68655574679671,10
unweighted_tilt_025,False,0.25,0.0,5,144,48,9,uncertainty,20.0,0.0,8.561486977127474,8.715625586193958,11
unweighted_tilt_025,False,0.25,0.0,5,144,48,9,uncertainty,100.0,0.0,8.557727654117869,8.560529336304098,12
unweighted_tilt_025,False,0.25,0.0,5,144,48,9,uncertainty,60.0,0.0,8.552287927387905,8.443810730882975,13
unweighted_tilt_025,False,0.25,0.0,5,144,48,9,uncertainty,60.0,0.0,8.559111802048456,8.658482845451683,15
unweighted_tilt_025,False,0.25,0.0,5,144,48,9,uncertainty,60.0,0.0,8.555835876009661,8.519994162288384,16
unweighted_tilt_025,False,0.25,0.0,5,144,48,9,uncertainty,60.0,0.0,8.560695075143459,8.66492682427592,17
unweighted_tilt_025,False,0.25,0.0,5,144,48,9,uncertainty,60.0,0.0,8.555455239174204,8.485706993363962,18
unweighted_tilt_025,False,0.25,0.0,5,144,48,9,uncertainty,60.0,0.0,8.558385828040777,8.577984966753396,19
unweighted_tilt_025,False,0.25,0.0,5,144,48,9,uncertainty,60.0,0.0,8.55737233647234,8.534743722050223,20
unweighted_tilt_025,False,0.25,0.0,5,144,48,9,uncertainty,100.0,0.0,8.549302343715633,8.30594265577447,22
unweighted_tilt_025,False,0.25,0.0,5,144,48,9,uncertainty,60.0,0.0,8.558745665228479,8.594057633792733,23
unweighted_tilt_025,False,0.25,0.0,5,144,48,9,uncertainty,40.0,0.0,8.558124092076177,8.630635650276268,24
unweighted_tilt_025,False,0.25,0.0,5,144,48,9,uncertainty,40.0,0.0,8.560217124984447,8.637808611816821,25
unweighted_tilt_025,False,0.25,0.0,5,144,48,9,uncertainty,60.0,0.0,8.557153739039705,8.529325204961111,26
unweighted_tilt_025,False,0.25,0.0,5,144,48,9,uncertainty,40.0,0.0,8.558906949180367,8.632127728901924,27
unweighted_tilt_025,False,0.25,0.0,5,144,48,9,uncertainty,80.0,0.0,8.561354646405803,8.698599093531108,28
unweighted_tilt_025,False,0.25,0.0,5,144,48,9,uncertainty,100.0,0.0,8.552267226937408,8.384601691143747,29
unweighted_tilt_025,False,0.25,0.0,5,144,48,9,uncertainty,60.0,0.0,8.557512374336206,8.572748028227481,30
unweighted_tilt_025,False,0.25,0.0,5,144,48,9,uncertainty,40.0,0.0,8.565076969129855,8.814423125346226,31
unweighted_tilt_025,False,0.25,0.0,5,144,48,9,uncertainty,120.0,0.0,8.548507345966678,8.271645021645021,32
unweighted_tilt_025,False,0.25,0.0,5,144,48,9,uncertainty,40.0,0.0,8.563454308223653,8.757779437391088,33
unweighted_tilt_025,False,0.25,0.0,5,144,48,9,uncertainty,40.0,0.0,8.557605952685481,8.648255191607793,34
unweighted_tilt_025,False,0.25,0.0,5,144,48,9,uncertainty,60.0,0.0,8.547879626955199,8.344547053649956,35
unweighted_tilt_025,False,0.25,0.0,5,144,48,9,uncertainty,40.0,0.0,8.55668281020866,8.55199342375668,36
unweighted_tilt_025,False,0.25,0.0,5,144,48,9,uncertainty,60.0,0.0,8.55592478302023,8.525340283811179,37
unweighted_tilt_025,False,0.25,0.0,5,144,48,9,uncertainty,40.0,0.0,8.56657727852861,8.852889474840696,38
unweighted_tilt_025,False,0.25,0.0,5,144,48,9,uncertainty,60.0,0.0,8.553325942854576,8.497960372960375,39
unweighted_tilt_025,False,0.25,0.0,5,144,48,9,uncertainty,80.0,0.0,8.553059586405215,8.43805003460892,40
unweighted_tilt_025,False,0.25,0.0,5,144,48,9,uncertainty,60.0,0.0,8.546002876110164,8.179193899782135,41
unweighted_tilt_025,False,0.25,0.0,5,144,48,9,uncertainty,40.0,0.0,8.561661431146801,8.715135738192634,44
unweighted_tilt_025,False,0.25,0.0,5,144,48,9,uncertainty,60.0,0.0,8.561204552598081,8.683043063859284,45
unweighted_tilt_025,False,0.25,0.0,5,144,48,9,uncertainty,40.0,0.0,8.566429420416348,8.805004409171076,46
unweighted_tilt_025,False,0.25,0.0,5,144,48,9,uncertainty,60.0,0.0,8.555188166602257,8.50069498069498,48
unweighted_tilt_025,False,0.25,0.0,5,144,48,9,uncertainty,60.0,0.0,8.554328090974796,8.465273829827554,49
unweighted_tilt_025,False,0.25,0.0,5,144,48,9,uncertainty,40.0,0.0,8.557900616542804,8.580938833570412,50
unweighted_tilt_025,False,0.25,0.0,5,144,48,9,uncertainty,60.0,0.0,8.558635449600137,8.594168096054887,51
unweighted_tilt_025,False,0.25,0.0,5,144,48,9,uncertainty,40.0,0.0,8.553920908752401,8.444160681032189,53
unweighted_tilt_025,False,0.25,0.0,5,144,48,9,uncertainty,1080.0,0.0,8.548487372699357,8.267142457318778,54
unweighted_tilt_025,False,0.25,0.0,5,144,48,9,uncertainty,60.0,0.0,8.554579494704855,8.5075743170438,55
unweighted_tilt_025,False,0.25,0.0,5,144,48,9,uncertainty,40.0,0.0,8.559790071641181,8.636943744752307,56
unweighted_tilt_025,False,0.25,0.0,5,144,48,9,boundary,38.62,0.0,8.551606096627982,8.35949741315595,01
unweighted_tilt_025,False,0.25,0.0,5,144,48,9,boundary,60.68,0.0,8.558163711623962,8.635873229939312,02
unweighted_tilt_025,False,0.25,0.0,5,144,48,9,boundary,81.16,0.0,8.556702506634373,8.519881085098477,04
unweighted_tilt_025,False,0.25,0.0,5,144,48,9,boundary,80.96,0.0,8.54835656321692,8.29320987654321,05
unweighted_tilt_025,False,0.25,0.0,5,144,48,9,boundary,87.62,0.0,8.550898827753858,8.431945521937767,06
unweighted_tilt_025,False,0.25,0.0,5,144,48,9,boundary,66.64,0.0,8.554346420151887,8.508233957978423,08
unweighted_tilt_025,False,0.25,0.0,5,144,48,9,boundary,71.02,0.0,8.556855718747299,8.553915436577434,09
unweighted_tilt_025,False,0.25,0.0,5,144,48,9,boundary,85.42,0.0,8.559127953613416,8.68655574679671,10
unweighted_tilt_025,False,0.25,0.0,5,144,48,9,boundary,25.18,0.0,8.561014709345057,8.715625586193958,11
unweighted_tilt_025,False,0.25,0.0,5,144,48,9,boundary,178.46,0.0,8.558027515370066,8.560529336304098,12
unweighted_tilt_025,False,0.25,0.0,5,144,48,9,boundary,77.58,0.0,8.55185191786244,8.443810730882975,13
unweighted_tilt_025,False,0.25,0.0,5,144,48,9,boundary,86.46,0.0,8.558859194306741,8.658482845451683,15
unweighted_tilt_025,False,0.25,0.0,5,144,48,9,boundary,116.22,0.0,8.554931768802911,8.519994162288384,16
unweighted_tilt_025,False,0.25,0.0,5,144,48,9,boundary,68.56,0.0,8.5597933861403,8.66492682427592,17
unweighted_tilt_025,False,0.25,0.0,5,144,48,9,boundary,77.42,0.0,8.554791159361757,8.485706993363962,18
unweighted_tilt_025,False,0.25,0.0,5,144,48,9,boundary,137.42,0.0,8.55829851935225,8.577984966753396,19
unweighted_tilt_025,False,0.25,0.0,5,144,48,9,boundary,92.02,0.0,8.556460516120369,8.534743722050223,20
unweighted_tilt_025,False,0.25,0.0,5,144,48,9,boundary,110.12,0.0,8.549428830861476,8.30594265577447,22
unweighted_tilt_025,False,0.25,0.0,5,144,48,9,boundary,119.9,0.0,8.557960168277686,8.594057633792733,23
unweighted_tilt_025,False,0.25,0.0,5,144,48,9,boundary,48.14,0.0,8.556980725636254,8.630635650276268,24
unweighted_tilt_025,False,0.25,0.0,5,144,48,9,boundary,47.92,0.0,8.559386326467214,8.637808611816821,25
unweighted_tilt_025,False,0.25,0.0,5,144,48,9,boundary,136.26,0.0,8.556578493139659,8.529325204961111,26
unweighted_tilt_025,False,0.25,0.0,5,144,48,9,boundary,33.8,0.0,8.557776645996459,8.632127728901924,27
unweighted_tilt_025,False,0.25,0.0,5,144,48,9,boundary,112.22,0.0,8.560878468353526,8.698599093531108,28
unweighted_tilt_025,False,0.25,0.0,5,144,48,9,boundary,152.16,0.0,8.551633148347479,8.384601691143747,29
unweighted_tilt_025,False,0.25,0.0,5,144,48,9,boundary,89.86,0.0,8.556711367584132,8.572748028227481,30
unweighted_tilt_025,False,0.25,0.0,5,144,48,9,boundary,29.84,0.0,8.563591711438251,8.814423125346226,31
unweighted_tilt_025,False,0.25,0.0,5,144,48,9,boundary,122.54,0.0,8.548773536489277,8.271645021645021,32
unweighted_tilt_025,False,0.25,0.0,5,144,48,9,boundary,38.7,0.0,8.562319855346697,8.757779437391088,33
unweighted_tilt_025,False,0.25,0.0,5,144,48,9,boundary,39.2,0.0,8.55691526364996,8.648255191607793,34
unweighted_tilt_025,False,0.25,0.0,5,144,48,9,boundary,33.3,0.0,8.547316162801751,8.344547053649956,35
unweighted_tilt_025,False,0.25,0.0,5,144,48,9,boundary,37.38,0.0,8.555567067528937,8.55199342375668,36
unweighted_tilt_025,False,0.25,0.0,5,144,48,9,boundary,97.6,0.0,8.554455544259628,8.525340283811179,37
unweighted_tilt_025,False,0.25,0.0,5,144,48,9,boundary,26.24,0.0,8.564768354844055,8.852889474840696,38
unweighted_tilt_025,False,0.25,0.0,5,144,48,9,boundary,70.68,0.0,8.552944505335072,8.497960372960375,39
unweighted_tilt_025,False,0.25,0.0,5,144,48,9,boundary,117.84,0.0,8.552346118005833,8.43805003460892,40
unweighted_tilt_025,False,0.25,0.0,5,144,48,9,boundary,44.66,0.0,8.545158530198687,8.179193899782135,41
unweighted_tilt_025,False,0.25,0.0,5,144,48,9,boundary,39.84,0.0,8.562056162209537,8.715135738192634,44
unweighted_tilt_025,False,0.25,0.0,5,144,48,9,boundary,66.44,0.0,8.560291737083952,8.683043063859284,45
unweighted_tilt_025,False,0.25,0.0,5,144,48,9,boundary,45.68,0.0,8.56501158850955,8.805004409171076,46
unweighted_tilt_025,False,0.25,0.0,5,144,48,9,boundary,102.04,0.0,8.554140668345314,8.50069498069498,48
unweighted_tilt_025,False,0.25,0.0,5,144,48,9,boundary,112.38,0.0,8.55402023811302,8.465273829827554,49
unweighted_tilt_025,False,0.25,0.0,5,144,48,9,boundary,42.2,0.0,8.556753977563924,8.580938833570412,50
unweighted_tilt_025,False,0.25,0.0,5,144,48,9,boundary,55.56,0.0,8.557937374368654,8.594168096054887,51
unweighted_tilt_025,False,0.25,0.0,5,144,48,9,boundary,48.0,0.0,8.553988940332449,8.444160681032189,53
unweighted_tilt_025,False,0.25,0.0,5,144,48,9,boundary,275.84,0.0,8.55008591666872,8.267142457318778,54
unweighted_tilt_025,False,0.25,0.0,5,144,48,9,boundary,63.26,0.0,8.55412123760407,8.5075743170438,55
unweighted_tilt_025,False,0.25,0.0,5,144,48,9,boundary,48.96,0.0,8.559023874501086,8.636943744752307,56
unweighted_tilt_025,False,0.25,0.0,5,144,48,9,bias_blind_kg,75.16,0.0,8.445976112731902,8.35949741315595,01
unweighted_tilt_025,False,0.25,0.0,5,144,48,9,bias_blind_kg,86.86,0.0,8.487573168681969,8.635873229939312,02
unweighted_tilt_025,False,0.25,0.0,5,144,48,9,bias_blind_kg,75.52,0.0,8.483518028886284,8.519881085098477,04
unweighted_tilt_025,False,0.25,0.0,5,144,48,9,bias_blind_kg,76.76,0.0,8.441900188502046,8.29320987654321,05
unweighted_tilt_025,False,0.25,0.0,5,144,48,9,bias_blind_kg,89.72,0.0,8.444382442057389,8.431945521937767,06
unweighted_tilt_025,False,0.25,0.0,5,144,48,9,bias_blind_kg,86.96,0.0,8.470542837981355,8.508233957978423,08
unweighted_tilt_025,False,0.25,0.0,5,144,48,9,bias_blind_kg,80.14,0.0,8.483434503496438,8.553915436577434,09
unweighted_tilt_025,False,0.25,0.0,5,144,48,9,bias_blind_kg,85.04,0.0,8.50139053251604,8.68655574679671,10
unweighted_tilt_025,False,0.25,0.0,5,144,48,9,bias_blind_kg,96.46,0.0,8.485619735327669,8.715625586193958,11
unweighted_tilt_025,False,0.25,0.0,5,144,48,9,bias_blind_kg,68.18,0.0,8.507057954630893,8.560529336304098,12
unweighted_tilt_025,False,0.25,0.0,5,144,48,9,bias_blind_kg,79.24,0.0,8.453093036993875,8.443810730882975,13
unweighted_tilt_025,False,0.25,0.0,5,144,48,9,bias_blind_kg,81.92,0.0,8.49677899112074,8.658482845451683,15
unweighted_tilt_025,False,0.25,0.0,5,144,48,9,bias_blind_kg,78.24,0.0,8.478134250963382,8.519994162288384,16
unweighted_tilt_025,False,0.25,0.0,5,144,48,9,bias_blind_kg,79.14,0.0,8.505050358438599,8.66492682427592,17
unweighted_tilt_025,False,0.25,0.0,5,144,48,9,bias_blind_kg,79.86,0.0,8.472315075857919,8.485706993363962,18
unweighted_tilt_025,False,0.25,0.0,5,144,48,9,bias_blind_kg,69.96,0.0,8.505540999249476,8.577984966753396,19
unweighted_tilt_025,False,0.25,0.0,5,144,48,9,bias_blind_kg,74.44,0.0,8.481713791381951,8.534743722050223,20
unweighted_tilt_025,False,0.25,0.0,5,144,48,9,bias_blind_kg,75.36,0.0,8.453106565250316,8.30594265577447,22
unweighted_tilt_025,False,0.25,0.0,5,144,48,9,bias_blind_kg,82.4,0.0,8.494245515049256,8.594057633792733,23
unweighted_tilt_025,False,0.25,0.0,5,144,48,9,bias_blind_kg,94.6,0.0,8.47696411345189,8.630635650276268,24
unweighted_tilt_025,False,0.25,0.0,5,144,48,9,bias_blind_kg,87.56,0.0,8.493628623340038,8.637808611816821,25
unweighted_tilt_025,False,0.25,0.0,5,144,48,9,bias_blind_kg,75.22,0.0,8.491547957105087,8.529325204961111,26
unweighted_tilt_025,False,0.25,0.0,5,144,48,9,bias_blind_kg,90.74,0.0,8.477323399738763,8.632127728901924,27
unweighted_tilt_025,False,0.25,0.0,5,144,48,9,bias_blind_kg,66.4,0.0,8.524839988269827,8.698599093531108,28
unweighted_tilt_025,False,0.25,0.0,5,144,48,9,bias_blind_kg,76.12,0.0,8.464456038240911,8.384601691143747,29
unweighted_tilt_025,False,0.25,0.0,5,144,48,9,bias_blind_kg,79.64,0.0,8.486056835456768,8.572748028227481,30
unweighted_tilt_025,False,0.25,0.0,5,144,48,9,bias_blind_kg,79.72,0.0,8.51994997776196,8.814423125346226,31
unweighted_tilt_025,False,0.25,0.0,5,144,48,9,bias_blind_kg,75.9,0.0,8.449151140633763,8.271645021645021,32
unweighted_tilt_025,False,0.25,0.0,5,144,48,9,bias_blind_kg,82.6,0.0,8.51090630019815,8.757779437391088,33
unweighted_tilt_025,False,0.25,0.0,5,144,48,9,bias_blind_kg,87.86,0.0,8.477029995649188,8.648255191607793,34
unweighted_tilt_025,False,0.25,0.0,5,144,48,9,bias_blind_kg,81.3,0.0,8.409948034226316,8.344547053649956,35
unweighted_tilt_025,False,0.25,0.0,5,144,48,9,bias_blind_kg,82.48,0.0,8.464963021540498,8.55199342375668,36
unweighted_tilt_025,False,0.25,0.0,5,144,48,9,bias_blind_kg,78.7,0.0,8.471922841884686,8.525340283811179,37
unweighted_tilt_025,False,0.25,0.0,5,144,48,9,bias_blind_kg,85.86,0.0,8.524551261773038,8.852889474840696,38
unweighted_tilt_025,False,0.25,0.0,5,144,48,9,bias_blind_kg,80.84,0.0,8.45979016577965,8.497960372960375,39
unweighted_tilt_025,False,0.25,0.0,5,144,48,9,bias_blind_kg,80.14,0.0,8.461118828993438,8.43805003460892,40
unweighted_tilt_025,False,0.25,0.0,5,144,48,9,bias_blind_kg,78.24,0.0,8.419277822697953,8.179193899782135,41
unweighted_tilt_025,False,0.25,0.0,5,144,48,9,bias_blind_kg,79.86,0.0,8.51464365973002,8.715135738192634,44
unweighted_tilt_025,False,0.25,0.0,5,144,48,9,bias_blind_kg,78.24,0.0,8.509112756755187,8.683043063859284,45
unweighted_tilt_025,False,0.25,0.0,5,144,48,9,bias_blind_kg,64.54,0.0,8.535727582015673,8.805004409171076,46
unweighted_tilt_025,False,0.25,0.0,5,144,48,9,bias_blind_kg,79.06,0.0,8.469450737097164,8.50069498069498,48
unweighted_tilt_025,False,0.25,0.0,5,144,48,9,bias_blind_kg,81.76,0.0,8.46937923540295,8.465273829827554,49
unweighted_tilt_025,False,0.25,0.0,5,144,48,9,bias_blind_kg,84.94,0.0,8.476281040457051,8.580938833570412,50
unweighted_tilt_025,False,0.25,0.0,5,144,48,9,bias_blind_kg,81.68,0.0,8.488838708987911,8.594168096054887,51
unweighted_tilt_025,False,0.25,0.0,5,144,48,9,bias_blind_kg,74.26,0.0,8.467400179862892,8.444160681032189,53
unweighted_tilt_025,False,0.25,0.0,5,144,48,9,bias_blind_kg,60.56,0.0,8.485266353678494,8.267142457318778,54
unweighted_tilt_025,False,0.25,0.0,5,144,48,9,bias_blind_kg,85.96,0.0,8.461158673036255,8.5075743170438,55
unweighted_tilt_025,False,0.25,0.0,5,144,48,9,bias_blind_kg,83.86,0.0,8.493137031937927,8.636943744752307,56
unweighted_tilt_025,False,0.25,0.0,5,144,48,9,ordinary_kg,73.04,0.0,8.549303746696424,8.35949741315595,01
unweighted_tilt_025,False,0.25,0.0,5,144,48,9,ordinary_kg,77.7,0.0,8.558207592329184,8.635873229939312,02
unweighted_tilt_025,False,0.25,0.0,5,144,48,9,ordinary_kg,80.0,0.0,8.556621705585771,8.519881085098477,04
unweighted_tilt_025,False,0.25,0.0,5,144,48,9,ordinary_kg,82.3,0.0,8.547002220609796,8.29320987654321,05
unweighted_tilt_025,False,0.25,0.0,5,144,48,9,ordinary_kg,94.58,0.0,8.549393537994328,8.431945521937767,06
unweighted_tilt_025,False,0.25,0.0,5,144,48,9,ordinary_kg,93.5,0.0,8.554089878166712,8.508233957978423,08
unweighted_tilt_025,False,0.25,0.0,5,144,48,9,ordinary_kg,83.44,0.0,8.556291264317801,8.553915436577434,09
unweighted_tilt_025,False,0.25,0.0,5,144,48,9,ordinary_kg,74.24,0.0,8.55983665793003,8.68655574679671,10
unweighted_tilt_025,False,0.25,0.0,5,144,48,9,ordinary_kg,79.6,0.0,8.56063988494422,8.715625586193958,11
unweighted_tilt_025,False,0.25,0.0,5,144,48,9,ordinary_kg,76.76,0.0,8.557867426235582,8.560529336304098,12
unweighted_tilt_025,False,0.25,0.0,5,144,48,9,ordinary_kg,89.34,0.0,8.55011164724511,8.443810730882975,13
unweighted_tilt_025,False,0.25,0.0,5,144,48,9,ordinary_kg,78.3,0.0,8.559063773601359,8.658482845451683,15
unweighted_tilt_025,False,0.25,0.0,5,144,48,9,ordinary_kg,86.38,0.0,8.554713579798321,8.519994162288384,16
unweighted_tilt_025,False,0.25,0.0,5,144,48,9,ordinary_kg,72.92,0.0,8.560526092881805,8.66492682427592,17
unweighted_tilt_025,False,0.25,0.0,5,144,48,9,ordinary_kg,88.08,0.0,8.553960919605762,8.485706993363962,18
unweighted_tilt_025,False,0.25,0.0,5,144,48,9,ordinary_kg,75.94,0.0,8.558496727929478,8.577984966753396,19
unweighted_tilt_025,False,0.25,0.0,5,144,48,9,ordinary_kg,81.66,0.0,8.555980331531064,8.534743722050223,20
unweighted_tilt_025,False,0.25,0.0,5,144,48,9,ordinary_kg,84.82,0.0,8.548289817724536,8.30594265577447,22
unweighted_tilt_025,False,0.25,0.0,5,144,48,9,ordinary_kg,78.06,0.0,8.558733815778766,8.594057633792733,23
unweighted_tilt_025,False,0.25,0.0,5,144,48,9,ordinary_kg,83.6,0.0,8.557599059987762,8.630635650276268,24
unweighted_tilt_025,False,0.25,0.0,5,144,48,9,ordinary_kg,76.46,0.0,8.559849547347225,8.637808611816821,25
unweighted_tilt_025,False,0.25,0.0,5,144,48,9,ordinary_kg,80.48,0.0,8.556838914184613,8.529325204961111,26
unweighted_tilt_025,False,0.25,0.0,5,144,48,9,ordinary_kg,83.24,0.0,8.557458609658498,8.632127728901924,27
unweighted_tilt_025,False,0.25,0.0,5,144,48,9,ordinary_kg,62.72,0.0,8.561138515614052,8.698599093531108,28
unweighted_tilt_025,False,0.25,0.0,5,144,48,9,ordinary_kg,87.2,0.0,8.551123943435348,8.384601691143747,29
unweighted_tilt_025,False,0.25,0.0,5,144,48,9,ordinary_kg,78.76,0.0,8.55665037964824,8.572748028227481,30
unweighted_tilt_025,False,0.25,0.0,5,144,48,9,ordinary_kg,64.62,0.0,8.564709078135813,8.814423125346226,31
unweighted_tilt_025,False,0.25,0.0,5,144,48,9,ordinary_kg,86.04,0.0,8.54752629833185,8.271645021645021,32
unweighted_tilt_025,False,0.25,0.0,5,144,48,9,ordinary_kg,68.22,0.0,8.563509744557262,8.757779437391088,33
unweighted_tilt_025,False,0.25,0.0,5,144,48,9,ordinary_kg,83.94,0.0,8.556716001395749,8.648255191607793,34
unweighted_tilt_025,False,0.25,0.0,5,144,48,9,ordinary_kg,72.1,0.0,8.544124725928654,8.344547053649956,35
unweighted_tilt_025,False,0.25,0.0,5,144,48,9,ordinary_kg,82.24,0.0,8.554190751796268,8.55199342375668,36
unweighted_tilt_025,False,0.25,0.0,5,144,48,9,ordinary_kg,85.64,0.0,8.55429577377056,8.525340283811179,37
unweighted_tilt_025,False,0.25,0.0,5,144,48,9,ordinary_kg,63.52,0.0,8.566634823664975,8.852889474840696,38
unweighted_tilt_025,False,0.25,0.0,5,144,48,9,ordinary_kg,87.98,0.0,8.55136019035521,8.497960372960375,39
unweighted_tilt_025,False,0.25,0.0,5,144,48,9,ordinary_kg,86.62,0.0,8.551319400514435,8.43805003460892,40
unweighted_tilt_025,False,0.25,0.0,5,144,48,9,ordinary_kg,75.54,0.0,8.542924810818851,8.179193899782135,41
unweighted_tilt_025,False,0.25,0.0,5,144,48,9,ordinary_kg,71.52,0.0,8.562125026240047,8.715135738192634,44
unweighted_tilt_025,False,0.25,0.0,5,144,48,9,ordinary_kg,72.44,0.0,8.561029382554175,8.683043063859284,45
unweighted_tilt_025,False,0.25,0.0,5,144,48,9,ordinary_kg,56.86,0.0,8.566234708644227,8.805004409171076,46
unweighted_tilt_025,False,0.25,0.0,5,144,48,9,ordinary_kg,86.22,0.0,8.553331236174508,8.50069498069498,48
unweighted_tilt_025,False,0.25,0.0,5,144,48,9,ordinary_kg,90.34,0.0,8.55279602028321,8.465273829827554,49
unweighted_tilt_025,False,0.25,0.0,5,144,48,9,ordinary_kg,84.04,0.0,8.556456571210001,8.580938833570412,50
unweighted_tilt_025,False,0.25,0.0,5,144,48,9,ordinary_kg,78.88,0.0,8.55798568913757,8.594168096054887,51
unweighted_tilt_025,False,0.25,0.0,5,144,48,9,ordinary_kg,87.46,0.0,8.551032585759526,8.444160681032189,53
unweighted_tilt_025,False,0.25,0.0,5,144,48,9,ordinary_kg,89.3,0.0,8.54982422578472,8.267142457318778,54
unweighted_tilt_025,False,0.25,0.0,5,144,48,9,ordinary_kg,88.1,0.0,8.553228815244347,8.5075743170438,55
unweighted_tilt_025,False,0.25,0.0,5,144,48,9,ordinary_kg,75.26,0.0,8.559372565620894,8.636943744752307,56
unweighted_tilt_025,False,0.25,0.0,5,144,48,9,two_channel_uniform,30.56,9.5,8.548996036934954,8.35949741315595,01
unweighted_tilt_025,False,0.25,0.0,5,144,48,9,two_channel_uniform,31.3,9.62,8.560329813776429,8.635873229939312,02
unweighted_tilt_025,False,0.25,0.0,5,144,48,9,two_channel_uniform,30.94,9.68,8.55687732873943,8.519881085098477,04
unweighted_tilt_025,False,0.25,0.0,5,144,48,9,two_channel_uniform,31.64,10.3,8.542739178971814,8.29320987654321,05
unweighted_tilt_025,False,0.25,0.0,5,144,48,9,two_channel_uniform,30.8,9.44,8.54944778504999,8.431945521937767,06
unweighted_tilt_025,False,0.25,0.0,5,144,48,9,two_channel_uniform,30.46,9.68,8.555063819852286,8.508233957978423,08
unweighted_tilt_025,False,0.25,0.0,5,144,48,9,two_channel_uniform,30.4,9.6,8.558034038798866,8.553915436577434,09
unweighted_tilt_025,False,0.25,0.0,5,144,48,9,two_channel_uniform,31.42,10.6,8.562412240395293,8.68655574679671,10
unweighted_tilt_025,False,0.25,0.0,5,144,48,9,two_channel_uniform,31.38,9.08,8.565945101558041,8.715625586193958,11
unweighted_tilt_025,False,0.25,0.0,5,144,48,9,two_channel_uniform,31.12,9.96,8.55832376082543,8.560529336304098,12
unweighted_tilt_025,False,0.25,0.0,5,144,48,9,two_channel_uniform,30.32,9.7,8.55053749793628,8.443810730882975,13
unweighted_tilt_025,False,0.25,0.0,5,144,48,9,two_channel_uniform,30.74,10.3,8.562179817424402,8.658482845451683,15
unweighted_tilt_025,False,0.25,0.0,5,144,48,9,two_channel_uniform,31.72,10.46,8.554618121441923,8.519994162288384,16
unweighted_tilt_025,False,0.25,0.0,5,144,48,9,two_channel_uniform,31.02,10.5,8.561939496301788,8.66492682427592,17
unweighted_tilt_025,False,0.25,0.0,5,144,48,9,two_channel_uniform,30.62,9.8,8.555488583638125,8.485706993363962,18
unweighted_tilt_025,False,0.25,0.0,5,144,48,9,two_channel_uniform,30.82,9.72,8.558328219350615,8.577984966753396,19
unweighted_tilt_025,False,0.25,0.0,5,144,48,9,two_channel_uniform,31.44,9.72,8.557213669626096,8.534743722050223,20
unweighted_tilt_025,False,0.25,0.0,5,144,48,9,two_channel_uniform,31.12,9.6,8.546761378449471,8.30594265577447,22
unweighted_tilt_025,False,0.25,0.0,5,144,48,9,two_channel_uniform,31.68,10.5,8.559084548901302,8.594057633792733,23
unweighted_tilt_025,False,0.25,0.0,5,144,48,9,two_channel_uniform,30.74,9.54,8.558294478705898,8.630635650276268,24
unweighted_tilt_025,False,0.25,0.0,5,144,48,9,two_channel_uniform,30.7,9.66,8.56049595736641,8.637808611816821,25
unweighted_tilt_025,False,0.25,0.0,5,144,48,9,two_channel_uniform,30.7,9.04,8.556675583563159,8.529325204961111,26
unweighted_tilt_025,False,0.25,0.0,5,144,48,9,two_channel_uniform,31.24,10.44,8.560340869477587,8.632127728901924,27
unweighted_tilt_025,False,0.25,0.0,5,144,48,9,two_channel_uniform,31.26,10.04,8.564151007806288,8.698599093531108,28
unweighted_tilt_025,False,0.25,0.0,5,144,48,9,two_channel_uniform,30.44,10.08,8.549884355889013,8.384601691143747,29
unweighted_tilt_025,False,0.25,0.0,5,144,48,9,two_channel_uniform,30.66,9.84,8.557958356303224,8.572748028227481,30
unweighted_tilt_025,False,0.25,0.0,5,144,48,9,two_channel_uniform,31.08,10.26,8.571237664530646,8.814423125346226,31
unweighted_tilt_025,False,0.25,0.0,5,144,48,9,two_channel_uniform,31.06,9.1,8.546213442625808,8.271645021645021,32
unweighted_tilt_025,False,0.25,0.0,5,144,48,9,two_channel_uniform,30.76,9.28,8.567588195061129,8.757779437391088,33
unweighted_tilt_025,False,0.25,0.0,5,144,48,9,two_channel_uniform,31.4,9.48,8.560767030975688,8.648255191607793,34
unweighted_tilt_025,False,0.25,0.0,5,144,48,9,two_channel_uniform,30.16,9.68,8.544414367382931,8.344547053649956,35
unweighted_tilt_025,False,0.25,0.0,5,144,48,9,two_channel_uniform,30.7,9.62,8.557384199494438,8.55199342375668,36
unweighted_tilt_025,False,0.25,0.0,5,144,48,9,two_channel_uniform,30.7,9.8,8.555155692924552,8.525340283811179,37
unweighted_tilt_025,False,0.25,0.0,5,144,48,9,two_channel_uniform,30.68,10.36,8.574482783360137,8.852889474840696,38
unweighted_tilt_025,False,0.25,0.0,5,144,48,9,two_channel_uniform,30.94,10.54,8.552268190935683,8.497960372960375,39
unweighted_tilt_025,False,0.25,0.0,5,144,48,9,two_channel_uniform,30.86,9.06,8.552606443040087,8.43805003460892,40
unweighted_tilt_025,False,0.25,0.0,5,144,48,9,two_channel_uniform,29.94,9.92,8.538220028957156,8.179193899782135,41
unweighted_tilt_025,False,0.25,0.0,5,144,48,9,two_channel_uniform,30.12,9.38,8.56520961358388,8.715135738192634,44
unweighted_tilt_025,False,0.25,0.0,5,144,48,9,two_channel_uniform,31.02,9.96,8.563647570076665,8.683043063859284,45
unweighted_tilt_025,False,0.25,0.0,5,144,48,9,two_channel_uniform,30.42,10.34,8.57156963387343,8.805004409171076,46
unweighted_tilt_025,False,0.25,0.0,5,144,48,9,two_channel_uniform,30.42,9.88,8.553632213252573,8.50069498069498,48
unweighted_tilt_025,False,0.25,0.0,5,144,48,9,two_channel_uniform,30.6,9.4,8.553027733124663,8.465273829827554,49
unweighted_tilt_025,False,0.25,0.0,5,144,48,9,two_channel_uniform,30.02,9.9,8.55799650898378,8.580938833570412,50
unweighted_tilt_025,False,0.25,0.0,5,144,48,9,two_channel_uniform,30.86,9.12,8.56041572660171,8.594168096054887,51
unweighted_tilt_025,False,0.25,0.0,5,144,48,9,two_channel_uniform,30.98,9.92,8.551043009085276,8.444160681032189,53
unweighted_tilt_025,False,0.25,0.0,5,144,48,9,two_channel_uniform,30.68,10.22,8.54616431662616,8.267142457318778,54
unweighted_tilt_025,False,0.25,0.0,5,144,48,9,two_channel_uniform,31.14,9.98,8.553767574153815,8.5075743170438,55
unweighted_tilt_025,False,0.25,0.0,5,144,48,9,two_channel_uniform,31.52,10.14,8.561343207659739,8.636943744752307,56
unweighted_tilt_025,False,0.25,0.0,5,144,48,9,balanced_mix,51.42,5.24,8.550430057463535,8.35949741315595,01
unweighted_tilt_025,False,0.25,0.0,5,144,48,9,balanced_mix,51.64,6.02,8.559751218697713,8.635873229939312,02
unweighted_tilt_025,False,0.25,0.0,5,144,48,9,balanced_mix,49.84,6.34,8.557803539234344,8.519881085098477,04
unweighted_tilt_025,False,0.25,0.0,5,144,48,9,balanced_mix,50.52,6.24,8.545758087816887,8.29320987654321,05
unweighted_tilt_025,False,0.25,0.0,5,144,48,9,balanced_mix,51.42,5.8,8.550169561923656,8.431945521937767,06
unweighted_tilt_025,False,0.25,0.0,5,144,48,9,balanced_mix,51.04,5.8,8.554789734020131,8.508233957978423,08
unweighted_tilt_025,False,0.25,0.0,5,144,48,9,balanced_mix,51.04,6.36,8.558779985165843,8.553915436577434,09
unweighted_tilt_025,False,0.25,0.0,5,144,48,9,balanced_mix,50.04,6.06,8.561529426088494,8.68655574679671,10
unweighted_tilt_025,False,0.25,0.0,5,144,48,9,balanced_mix,49.34,5.54,8.565179171314579,8.715625586193958,11
unweighted_tilt_025,False,0.25,0.0,5,144,48,9,balanced_mix,50.38,6.04,8.557131534569434,8.560529336304098,12
unweighted_tilt_025,False,0.25,0.0,5,144,48,9,balanced_mix,50.38,5.94,8.550906057691536,8.443810730882975,13
unweighted_tilt_025,False,0.25,0.0,5,144,48,9,balanced_mix,50.6,5.78,8.560212779874364,8.658482845451683,15
unweighted_tilt_025,False,0.25,0.0,5,144,48,9,balanced_mix,51.18,6.22,8.555103024710688,8.519994162288384,16
unweighted_tilt_025,False,0.25,0.0,5,144,48,9,balanced_mix,49.98,5.94,8.561341978202119,8.66492682427592,17
unweighted_tilt_025,False,0.25,0.0,5,144,48,9,balanced_mix,49.14,5.78,8.554639601860869,8.485706993363962,18
unweighted_tilt_025,False,0.25,0.0,5,144,48,9,balanced_mix,51.12,6.82,8.558557577305919,8.577984966753396,19
unweighted_tilt_025,False,0.25,0.0,5,144,48,9,balanced_mix,49.14,6.32,8.557080341231025,8.534743722050223,20
unweighted_tilt_025,False,0.25,0.0,5,144,48,9,balanced_mix,51.1,5.96,8.547447316433722,8.30594265577447,22
unweighted_tilt_025,False,0.25,0.0,5,144,48,9,balanced_mix,49.88,5.82,8.55970025436001,8.594057633792733,23
unweighted_tilt_025,False,0.25,0.0,5,144,48,9,balanced_mix,50.86,6.56,8.558930271558364,8.630635650276268,24
unweighted_tilt_025,False,0.25,0.0,5,144,48,9,balanced_mix,51.24,5.34,8.559899443016871,8.637808611816821,25
unweighted_tilt_025,False,0.25,0.0,5,144,48,9,balanced_mix,50.04,5.84,8.556364053153157,8.529325204961111,26
unweighted_tilt_025,False,0.25,0.0,5,144,48,9,balanced_mix,49.86,5.88,8.559872393172553,8.632127728901924,27
unweighted_tilt_025,False,0.25,0.0,5,144,48,9,balanced_mix,50.74,6.52,8.562731925425952,8.698599093531108,28
unweighted_tilt_025,False,0.25,0.0,5,144,48,9,balanced_mix,51.8,5.66,8.550003003950643,8.384601691143747,29
unweighted_tilt_025,False,0.25,0.0,5,144,48,9,balanced_mix,50.46,5.26,8.557869392072265,8.572748028227481,30
unweighted_tilt_025,False,0.25,0.0,5,144,48,9,balanced_mix,50.6,6.14,8.568968482062477,8.814423125346226,31
unweighted_tilt_025,False,0.25,0.0,5,144,48,9,balanced_mix,49.32,5.58,8.547076592098525,8.271645021645021,32
unweighted_tilt_025,False,0.25,0.0,5,144,48,9,balanced_mix,49.72,6.12,8.567175754194746,8.757779437391088,33
unweighted_tilt_025,False,0.25,0.0,5,144,48,9,balanced_mix,48.84,5.94,8.559807786378027,8.648255191607793,34
unweighted_tilt_025,False,0.25,0.0,5,144,48,9,balanced_mix,50.5,5.98,8.545419250733383,8.344547053649956,35
unweighted_tilt_025,False,0.25,0.0,5,144,48,9,balanced_mix,50.74,5.22,8.556902815129966,8.55199342375668,36
unweighted_tilt_025,False,0.25,0.0,5,144,48,9,balanced_mix,50.3,5.82,8.555212231178158,8.525340283811179,37
unweighted_tilt_025,False,0.25,0.0,5,144,48,9,balanced_mix,49.94,5.82,8.572495434070857,8.852889474840696,38
unweighted_tilt_025,False,0.25,0.0,5,144,48,9,balanced_mix,50.1,5.72,8.552577790644452,8.497960372960375,39
unweighted_tilt_025,False,0.25,0.0,5,144,48,9,balanced_mix,49.64,5.82,8.552261495965336,8.43805003460892,40
unweighted_tilt_025,False,0.25,0.0,5,144,48,9,balanced_mix,49.86,6.0,8.541537562251182,8.179193899782135,41
unweighted_tilt_025,False,0.25,0.0,5,144,48,9,balanced_mix,51.5,5.92,8.56418090262709,8.715135738192634,44
unweighted_tilt_025,False,0.25,0.0,5,144,48,9,balanced_mix,50.94,5.72,8.562358276894578,8.683043063859284,45
unweighted_tilt_025,False,0.25,0.0,5,144,48,9,balanced_mix,50.68,5.52,8.569990251903553,8.805004409171076,46
unweighted_tilt_025,False,0.25,0.0,5,144,48,9,balanced_mix,50.2,5.62,8.55355731664229,8.50069498069498,48
unweighted_tilt_025,False,0.25,0.0,5,144,48,9,balanced_mix,48.78,6.1,8.553497210858227,8.465273829827554,49
unweighted_tilt_025,False,0.25,0.0,5,144,48,9,balanced_mix,51.52,6.28,8.558105060494334,8.580938833570412,50
unweighted_tilt_025,False,0.25,0.0,5,144,48,9,balanced_mix,50.58,5.2,8.559500957054595,8.594168096054887,51
unweighted_tilt_025,False,0.25,0.0,5,144,48,9,balanced_mix,51.2,6.12,8.552823976781244,8.444160681032189,53
unweighted_tilt_025,False,0.25,0.0,5,144,48,9,balanced_mix,50.08,5.76,8.547672247252478,8.267142457318778,54
unweighted_tilt_025,False,0.25,0.0,5,144,48,9,balanced_mix,51.12,6.12,8.555261889606237,8.5075743170438,55
unweighted_tilt_025,False,0.25,0.0,5,144,48,9,balanced_mix,50.24,6.28,8.560973562237908,8.636943744752307,56
unweighted_tilt_025,False,0.25,0.0,5,144,48,9,validation_only,20.0,11.62,8.549006189563123,8.35949741315595,01
unweighted_tilt_025,False,0.25,0.0,5,144,48,9,validation_only,20.0,11.2,8.560524268724418,8.635873229939312,02
unweighted_tilt_025,False,0.25,0.0,5,144,48,9,validation_only,20.0,12.44,8.556104546186933,8.519881085098477,04
unweighted_tilt_025,False,0.25,0.0,5,144,48,9,validation_only,20.0,11.9,8.542613500417872,8.29320987654321,05
unweighted_tilt_025,False,0.25,0.0,5,144,48,9,validation_only,20.0,10.66,8.550172699647108,8.431945521937767,06
unweighted_tilt_025,False,0.25,0.0,5,144,48,9,validation_only,20.0,12.46,8.554995158354592,8.508233957978423,08
unweighted_tilt_025,False,0.25,0.0,5,144,48,9,validation_only,20.0,11.36,8.558610971929932,8.553915436577434,09
unweighted_tilt_025,False,0.25,0.0,5,144,48,9,validation_only,20.0,12.4,8.5623766621845,8.68655574679671,10
unweighted_tilt_025,False,0.25,0.0,5,144,48,9,validation_only,20.0,11.28,8.567901662128042,8.715625586193958,11
unweighted_tilt_025,False,0.25,0.0,5,144,48,9,validation_only,20.0,11.32,8.55729609175598,8.560529336304098,12
unweighted_tilt_025,False,0.25,0.0,5,144,48,9,validation_only,20.0,12.26,8.550929696594274,8.443810730882975,13
unweighted_tilt_025,False,0.25,0.0,5,144,48,9,validation_only,20.0,12.02,8.562574151871795,8.658482845451683,15
unweighted_tilt_025,False,0.25,0.0,5,144,48,9,validation_only,20.0,11.52,8.553787166683797,8.519994162288384,16
unweighted_tilt_025,False,0.25,0.0,5,144,48,9,validation_only,20.0,11.92,8.562531055226358,8.66492682427592,17
unweighted_tilt_025,False,0.25,0.0,5,144,48,9,validation_only,20.0,11.84,8.555056767064483,8.485706993363962,18
unweighted_tilt_025,False,0.25,0.0,5,144,48,9,validation_only,20.0,11.92,8.558309899987547,8.577984966753396,19
unweighted_tilt_025,False,0.25,0.0,5,144,48,9,validation_only,20.0,10.76,8.55857540375263,8.534743722050223,20
unweighted_tilt_025,False,0.25,0.0,5,144,48,9,validation_only,20.0,11.62,8.546679222120853,8.30594265577447,22
unweighted_tilt_025,False,0.25,0.0,5,144,48,9,validation_only,20.0,11.96,8.558930329036953,8.594057633792733,23
unweighted_tilt_025,False,0.25,0.0,5,144,48,9,validation_only,20.0,11.28,8.558221446117328,8.630635650276268,24
unweighted_tilt_025,False,0.25,0.0,5,144,48,9,validation_only,20.0,11.34,8.56027982471967,8.637808611816821,25
unweighted_tilt_025,False,0.25,0.0,5,144,48,9,validation_only,20.0,11.2,8.555692084908834,8.529325204961111,26
unweighted_tilt_025,False,0.25,0.0,5,144,48,9,validation_only,20.0,12.26,8.561446752207763,8.632127728901924,27
unweighted_tilt_025,False,0.25,0.0,5,144,48,9,validation_only,20.0,12.22,8.56371657012343,8.698599093531108,28
unweighted_tilt_025,False,0.25,0.0,5,144,48,9,validation_only,20.0,12.08,8.54987159074648,8.384601691143747,29
unweighted_tilt_025,False,0.25,0.0,5,144,48,9,validation_only,20.0,12.04,8.557333126743412,8.572748028227481,30
unweighted_tilt_025,False,0.25,0.0,5,144,48,9,validation_only,20.0,12.5,8.572229747810656,8.814423125346226,31
unweighted_tilt_025,False,0.25,0.0,5,144,48,9,validation_only,20.0,10.98,8.544853885947225,8.271645021645021,32
unweighted_tilt_025,False,0.25,0.0,5,144,48,9,validation_only,20.0,11.16,8.567036552390833,8.757779437391088,33
unweighted_tilt_025,False,0.25,0.0,5,144,48,9,validation_only,20.0,11.02,8.559981078835223,8.648255191607793,34
unweighted_tilt_025,False,0.25,0.0,5,144,48,9,validation_only,20.0,11.22,8.544387635245334,8.344547053649956,35
unweighted_tilt_025,False,0.25,0.0,5,144,48,9,validation_only,20.0,12.68,8.558081207344758,8.55199342375668,36
unweighted_tilt_025,False,0.25,0.0,5,144,48,9,validation_only,20.0,12.3,8.555177953827215,8.525340283811179,37
unweighted_tilt_025,False,0.25,0.0,5,144,48,9,validation_only,20.0,12.06,8.574336411113505,8.852889474840696,38
unweighted_tilt_025,False,0.25,0.0,5,144,48,9,validation_only,20.0,11.6,8.552734307695099,8.497960372960375,39
unweighted_tilt_025,False,0.25,0.0,5,144,48,9,validation_only,20.0,11.98,8.552608226577044,8.43805003460892,40
unweighted_tilt_025,False,0.25,0.0,5,144,48,9,validation_only,20.0,12.36,8.53801797983428,8.179193899782135,41
unweighted_tilt_025,False,0.25,0.0,5,144,48,9,validation_only,20.0,10.8,8.565855162415762,8.715135738192634,44
unweighted_tilt_025,False,0.25,0.0,5,144,48,9,validation_only,20.0,11.74,8.563196280222023,8.683043063859284,45
unweighted_tilt_025,False,0.25,0.0,5,144,48,9,validation_only,20.0,11.48,8.57064908742761,8.805004409171076,46
unweighted_tilt_025,False,0.25,0.0,5,144,48,9,validation_only,20.0,11.6,8.552342463783894,8.50069498069498,48
unweighted_tilt_025,False,0.25,0.0,5,144,48,9,validation_only,20.0,11.06,8.55338567257128,8.465273829827554,49
unweighted_tilt_025,False,0.25,0.0,5,144,48,9,validation_only,20.0,11.04,8.558570553896486,8.580938833570412,50
unweighted_tilt_025,False,0.25,0.0,5,144,48,9,validation_only,20.0,11.0,8.55983890493278,8.594168096054887,51
unweighted_tilt_025,False,0.25,0.0,5,144,48,9,validation_only,20.0,11.6,8.551639501563942,8.444160681032189,53
unweighted_tilt_025,False,0.25,0.0,5,144,48,9,validation_only,20.0,11.78,8.545997704598397,8.267142457318778,54
unweighted_tilt_025,False,0.25,0.0,5,144,48,9,validation_only,20.0,11.4,8.553445013851317,8.5075743170438,55
unweighted_tilt_025,False,0.25,0.0,5,144,48,9,validation_only,20.0,11.76,8.5611712244493,8.636943744752307,56
unweighted_tilt_025,False,0.25,0.0,5,144,48,9,two_channel_kg,26.12,10.94,8.54840596070906,8.35949741315595,01
unweighted_tilt_025,False,0.25,0.0,5,144,48,9,two_channel_kg,25.22,10.84,8.560357702646412,8.635873229939312,02
unweighted_tilt_025,False,0.25,0.0,5,144,48,9,two_channel_kg,25.54,11.28,8.557615956990233,8.519881085098477,04
unweighted_tilt_025,False,0.25,0.0,5,144,48,9,two_channel_kg,28.24,11.14,8.543602247045397,8.29320987654321,05
unweighted_tilt_025,False,0.25,0.0,5,144,48,9,two_channel_kg,27.14,13.44,8.549429934987696,8.431945521937767,06
unweighted_tilt_025,False,0.25,0.0,5,144,48,9,two_channel_kg,26.78,12.48,8.556076677353275,8.508233957978423,08
unweighted_tilt_025,False,0.25,0.0,5,144,48,9,two_channel_kg,25.74,10.98,8.55788505727188,8.553915436577434,09
unweighted_tilt_025,False,0.25,0.0,5,144,48,9,two_channel_kg,25.66,10.52,8.561530262451601,8.68655574679671,10
unweighted_tilt_025,False,0.25,0.0,5,144,48,9,two_channel_kg,24.16,12.86,8.568382477527814,8.715625586193958,11
unweighted_tilt_025,False,0.25,0.0,5,144,48,9,two_channel_kg,25.66,8.22,8.557102083386425,8.560529336304098,12
unweighted_tilt_025,False,0.25,0.0,5,144,48,9,two_channel_kg,26.88,12.88,8.550263767626253,8.443810730882975,13
unweighted_tilt_025,False,0.25,0.0,5,144,48,9,two_channel_kg,25.58,9.94,8.562525289884736,8.658482845451683,15
unweighted_tilt_025,False,0.25,0.0,5,144,48,9,two_channel_kg,26.6,11.2,8.555411068090464,8.519994162288384,16
unweighted_tilt_025,False,0.25,0.0,5,144,48,9,two_channel_kg,25.46,10.18,8.562980376778176,8.66492682427592,17
unweighted_tilt_025,False,0.25,0.0,5,144,48,9,two_channel_kg,25.98,10.48,8.555005948415541,8.485706993363962,18
unweighted_tilt_025,False,0.25,0.0,5,144,48,9,two_channel_kg,25.74,9.28,8.559811391322821,8.577984966753396,19
unweighted_tilt_025,False,0.25,0.0,5,144,48,9,two_channel_kg,25.36,10.84,8.55745206657034,8.534743722050223,20
unweighted_tilt_025,False,0.25,0.0,5,144,48,9,two_channel_kg,28.08,9.3,8.546327036233425,8.30594265577447,22
unweighted_tilt_025,False,0.25,0.0,5,144,48,9,two_channel_kg,25.64,10.0,8.55890384545633,8.594057633792733,23
unweighted_tilt_025,False,0.25,0.0,5,144,48,9,two_channel_kg,25.36,11.48,8.560382812622294,8.630635650276268,24
unweighted_tilt_025,False,0.25,0.0,5,144,48,9,two_channel_kg,24.86,10.18,8.560838475977492,8.637808611816821,25
unweighted_tilt_025,False,0.25,0.0,5,144,48,9,two_channel_kg,26.22,10.38,8.557120616872723,8.529325204961111,26
unweighted_tilt_025,False,0.25,0.0,5,144,48,9,two_channel_kg,25.26,12.36,8.561494516465151,8.632127728901924,27
unweighted_tilt_025,False,0.25,0.0,5,144,48,9,two_channel_kg,25.56,7.98,8.562775198768133,8.698599093531108,28
unweighted_tilt_025,False,0.25,0.0,5,144,48,9,two_channel_kg,27.58,10.52,8.548818602048962,8.384601691143747,29
unweighted_tilt_025,False,0.25,0.0,5,144,48,9,two_channel_kg,25.78,10.72,8.558403784878493,8.572748028227481,30
unweighted_tilt_025,False,0.25,0.0,5,144,48,9,two_channel_kg,24.06,10.1,8.570837350547103,8.814423125346226,31
unweighted_tilt_025,False,0.25,0.0,5,144,48,9,two_channel_kg,28.7,9.64,8.544932803112596,8.271645021645021,32
unweighted_tilt_025,False,0.25,0.0,5,144,48,9,two_channel_kg,24.32,9.76,8.568175788988817,8.757779437391088,33
unweighted_tilt_025,False,0.25,0.0,5,144,48,9,two_channel_kg,25.32,13.08,8.56036697598327,8.648255191607793,34
unweighted_tilt_025,False,0.25,0.0,5,144,48,9,two_channel_kg,26.0,12.8,8.541057999397392,8.344547053649956,35
unweighted_tilt_025,False,0.25,0.0,5,144,48,9,two_channel_kg,25.48,12.12,8.557260660769007,8.55199342375668,36
unweighted_tilt_025,False,0.25,0.0,5,144,48,9,two_channel_kg,25.48,10.58,8.55486060628256,8.525340283811179,37
unweighted_tilt_025,False,0.25,0.0,5,144,48,9,two_channel_kg,23.92,10.22,8.574021075957418,8.852889474840696,38
unweighted_tilt_025,False,0.25,0.0,5,144,48,9,two_channel_kg,26.34,12.04,8.553379212186432,8.497960372960375,39
unweighted_tilt_025,False,0.25,0.0,5,144,48,9,two_channel_kg,26.94,11.62,8.5515962192626,8.43805003460892,40
unweighted_tilt_025,False,0.25,0.0,5,144,48,9,two_channel_kg,27.52,11.8,8.538558768425704,8.179193899782135,41
unweighted_tilt_025,False,0.25,0.0,5,144,48,9,two_channel_kg,24.02,10.28,8.567655483258244,8.715135738192634,44
unweighted_tilt_025,False,0.25,0.0,5,144,48,9,two_channel_kg,24.82,10.26,8.56390049844177,8.683043063859284,45
unweighted_tilt_025,False,0.25,0.0,5,144,48,9,two_channel_kg,23.84,8.06,8.570133728580728,8.805004409171076,46
unweighted_tilt_025,False,0.25,0.0,5,144,48,9,two_channel_kg,26.24,12.14,8.552539255172876,8.50069498069498,48
unweighted_tilt_025,False,0.25,0.0,5,144,48,9,two_channel_kg,26.62,11.66,8.552406813880173,8.465273829827554,49
unweighted_tilt_025,False,0.25,0.0,5,144,48,9,two_channel_kg,25.28,12.32,8.55852988396938,8.580938833570412,50
unweighted_tilt_025,False,0.25,0.0,5,144,48,9,two_channel_kg,25.84,11.24,8.560033042237006,8.594168096054887,51
unweighted_tilt_025,False,0.25,0.0,5,144,48,9,two_channel_kg,26.0,12.68,8.551651467985616,8.444160681032189,53
unweighted_tilt_025,False,0.25,0.0,5,144,48,9,two_channel_kg,29.28,3.48,8.54938287790589,8.267142457318778,54
unweighted_tilt_025,False,0.25,0.0,5,144,48,9,two_channel_kg,25.96,11.88,8.554578790345099,8.5075743170438,55
unweighted_tilt_025,False,0.25,0.0,5,144,48,9,two_channel_kg,25.22,11.14,8.561624128518469,8.636943744752307,56
unweighted_tilt_05,False,0.5,0.0,2,48,48,9,uniform,39.36,0.0,8.55449397426316,8.35949741315595,01
unweighted_tilt_05,False,0.5,0.0,2,48,48,9,uniform,39.58,0.0,8.557943359927178,8.635873229939312,02
unweighted_tilt_05,False,0.5,0.0,2,48,48,9,uniform,39.54,0.0,8.556099913514334,8.519881085098477,04
unweighted_tilt_05,False,0.5,0.0,2,48,48,9,uniform,39.68,0.0,8.554949188557384,8.29320987654321,05
unweighted_tilt_05,False,0.5,0.0,2,48,48,9,uniform,40.6,0.0,8.555705688785352,8.431945521937767,06
unweighted_tilt_05,False,0.5,0.0,2,48,48,9,uniform,40.42,0.0,8.556589976472187,8.508233957978423,08
unweighted_tilt_05,False,0.5,0.0,2,48,48,9,uniform,40.04,0.0,8.557822677873588,8.553915436577434,09
unweighted_tilt_05,False,0.5,0.0,2,48,48,9,uniform,39.92,0.0,8.55749886547459,8.68655574679671,10
unweighted_tilt_05,False,0.5,0.0,2,48,48,9,uniform,39.82,0.0,8.557824137549224,8.715625586193958,11
unweighted_tilt_05,False,0.5,0.0,2,48,48,9,uniform,39.78,0.0,8.557223800913413,8.560529336304098,12
unweighted_tilt_05,False,0.5,0.0,2,48,48,9,uniform,40.04,0.0,8.55619608411675,8.443810730882975,13
unweighted_tilt_05,False,0.5,0.0,2,48,48,9,uniform,41.24,0.0,8.557531192077455,8.658482845451683,15
unweighted_tilt_05,False,0.5,0.0,2,48,48,9,uniform,40.14,0.0,8.556733993695026,8.519994162288384,16
unweighted_tilt_05,False,0.5,0.0,2,48,48,9,uniform,41.48,0.0,8.558698955742086,8.66492682427592,17
unweighted_tilt_05,False,0.5,0.0,2,48,48,9,uniform,39.8,0.0,8.55651002405776,8.485706993363962,18
unweighted_tilt_05,False,0.5,0.0,2,48,48,9,uniform,39.8,0.0,8.557063913829733,8.577984966753396,19
unweighted_tilt_05,False,0.5,0.0,2,48,48,9,uniform,39.4,0.0,8.556840710975742,8.534743722050223,20
unweighted_tilt_05,False,0.5,0.0,2,48,48,9,uniform,39.22,0.0,8.555567528672723,8.30594265577447,22
unweighted_tilt_05,False,0.5,0.0,2,48,48,9,uniform,39.44,0.0,8.557357692956804,8.594057633792733,23
unweighted_tilt_05,False,0.5,0.0,2,48,48,9,uniform,39.8,0.0,8.55763328545055,8.630635650276268,24
unweighted_tilt_05,False,0.5,0.0,2,48,48,9,uniform,40.24,0.0,8.557666564685691,8.637808611816821,25
unweighted_tilt_05,False,0.5,0.0,2,48,48,9,uniform,40.16,0.0,8.55735575838781,8.529325204961111,26
unweighted_tilt_05,False,0.5,0.0,2,48,48,9,uniform,39.66,0.0,8.557795820472187,8.632127728901924,27
unweighted_tilt_05,False,0.5,0.0,2,48,48,9,uniform,39.6,0.0,8.558097585233863,8.698599093531108,28
unweighted_tilt_05,False,0.5,0.0,2,48,48,9,uniform,39.66,0.0,8.555239479004442,8.384601691143747,29
unweighted_tilt_05,False,0.5,0.0,2,48,48,9,uniform,40.34,0.0,8.556292198772539,8.572748028227481,30
unweighted_tilt_05,False,0.5,0.0,2,48,48,9,uniform,40.52,0.0,8.559213174952518,8.814423125346226,31
unweighted_tilt_05,False,0.5,0.0,2,48,48,9,uniform,40.0,0.0,8.554987021769575,8.271645021645021,32
unweighted_tilt_05,False,0.5,0.0,2,48,48,9,uniform,41.5,0.0,8.55845980344068,8.757779437391088,33
unweighted_tilt_05,False,0.5,0.0,2,48,48,9,uniform,40.3,0.0,8.55808714992382,8.648255191607793,34
unweighted_tilt_05,False,0.5,0.0,2,48,48,9,uniform,39.28,0.0,8.554879740346719,8.344547053649956,35
unweighted_tilt_05,False,0.5,0.0,2,48,48,9,uniform,39.2,0.0,8.556436483864502,8.55199342375668,36
unweighted_tilt_05,False,0.5,0.0,2,48,48,9,uniform,39.12,0.0,8.556441515311509,8.525340283811179,37
unweighted_tilt_05,False,0.5,0.0,2,48,48,9,uniform,39.44,0.0,8.559613406169992,8.852889474840696,38
unweighted_tilt_05,False,0.5,0.0,2,48,48,9,uniform,40.2,0.0,8.555724626954262,8.497960372960375,39
unweighted_tilt_05,False,0.5,0.0,2,48,48,9,uniform,40.5,0.0,8.556656858312678,8.43805003460892,40
unweighted_tilt_05,False,0.5,0.0,2,48,48,9,uniform,39.3,0.0,8.554243480818716,8.179193899782135,41
unweighted_tilt_05,False,0.5,0.0,2,48,48,9,uniform,41.0,0.0,8.558264012974657,8.715135738192634,44
unweighted_tilt_05,False,0.5,0.0,2,48,48,9,uniform,40.12,0.0,8.558639752938888,8.683043063859284,45
unweighted_tilt_05,False,0.5,0.0,2,48,48,9,uniform,40.4,0.0,8.55886897383367,8.805004409171076,46
unweighted_tilt_05,False,0.5,0.0,2,48,48,9,uniform,41.02,0.0,8.556260435599325,8.50069498069498,48
unweighted_tilt_05,False,0.5,0.0,2,48,48,9,uniform,40.76,0.0,8.55637475179202,8.465273829827554,49
unweighted_tilt_05,False,0.5,0.0,2,48,48,9,uniform,41.12,0.0,8.558003641247339,8.580938833570412,50
unweighted_tilt_05,False,0.5,0.0,2,48,48,9,uniform,38.98,0.0,8.557305207447563,8.594168096054887,51
unweighted_tilt_05,False,0.5,0.0,2,48,48,9,uniform,40.3,0.0,8.555180958082179,8.444160681032189,53
unweighted_tilt_05,False,0.5,0.0,2,48,48,9,uniform,38.74,0.0,8.555707769706629,8.267142457318778,54
unweighted_tilt_05,False,0.5,0.0,2,48,48,9,uniform,40.68,0.0,8.557297074272451,8.5075743170438,55
unweighted_tilt_05,False,0.5,0.0,2,48,48,9,uniform,38.76,0.0,8.55801325889274,8.636943744752307,56
unweighted_tilt_05,False,0.5,0.0,2,48,48,9,uniform_blind,39.36,0.0,8.48206230777552,8.35949741315595,01
unweighted_tilt_05,False,0.5,0.0,2,48,48,9,uniform_blind,39.58,0.0,8.511708383189264,8.635873229939312,02
unweighted_tilt_05,False,0.5,0.0,2,48,48,9,uniform_blind,39.54,0.0,8.498179441838726,8.519881085098477,04
unweighted_tilt_05,False,0.5,0.0,2,48,48,9,uniform_blind,39.68,0.0,8.491283417144594,8.29320987654321,05
unweighted_tilt_05,False,0.5,0.0,2,48,48,9,uniform_blind,40.6,0.0,8.491441603465926,8.431945521937767,06
unweighted_tilt_05,False,0.5,0.0,2,48,48,9,uniform_blind,40.42,0.0,8.505065571244934,8.508233957978423,08
unweighted_tilt_05,False,0.5,0.0,2,48,48,9,uniform_blind,40.04,0.0,8.512935881747584,8.553915436577434,09
unweighted_tilt_05,False,0.5,0.0,2,48,48,9,uniform_blind,39.92,0.0,8.510251905516606,8.68655574679671,10
unweighted_tilt_05,False,0.5,0.0,2,48,48,9,uniform_blind,39.82,0.0,8.50311434944547,8.715625586193958,11
unweighted_tilt_05,False,0.5,0.0,2,48,48,9,uniform_blind,39.78,0.0,8.514258524001983,8.560529336304098,12
unweighted_tilt_05,False,0.5,0.0,2,48,48,9,uniform_blind,40.04,0.0,8.501329384876787,8.443810730882975,13
unweighted_tilt_05,False,0.5,0.0,2,48,48,9,uniform_blind,41.24,0.0,8.504295503785274,8.658482845451683,15
unweighted_tilt_05,False,0.5,0.0,2,48,48,9,uniform_blind,40.14,0.0,8.50360451331582,8.519994162288384,16
unweighted_tilt_05,False,0.5,0.0,2,48,48,9,uniform_blind,41.48,0.0,8.520944894119188,8.66492682427592,17
unweighted_tilt_05,False,0.5,0.0,2,48,48,9,uniform_blind,39.8,0.0,8.498974646985916,8.485706993363962,18
unweighted_tilt_05,False,0.5,0.0,2,48,48,9,uniform_blind,39.8,0.0,8.508512675426891,8.577984966753396,19
unweighted_tilt_05,False,0.5,0.0,2,48,48,9,uniform_blind,39.4,0.0,8.501822237605984,8.534743722050223,20
unweighted_tilt_05,False,0.5,0.0,2,48,48,9,uniform_blind,39.22,0.0,8.496425829768105,8.30594265577447,22
unweighted_tilt_05,False,0.5,0.0,2,48,48,9,uniform_blind,39.44,0.0,8.509181615871332,8.594057633792733,23
unweighted_tilt_05,False,0.5,0.0,2,48,48,9,uniform_blind,39.8,0.0,8.509483907298694,8.630635650276268,24
unweighted_tilt_05,False,0.5,0.0,2,48,48,9,uniform_blind,40.24,0.0,8.510593792608704,8.637808611816821,25
unweighted_tilt_05,False,0.5,0.0,2,48,48,9,uniform_blind,40.16,0.0,8.512777094697409,8.529325204961111,26
unweighted_tilt_05,False,0.5,0.0,2,48,48,9,uniform_blind,39.66,0.0,8.508970564915332,8.632127728901924,27
unweighted_tilt_05,False,0.5,0.0,2,48,48,9,uniform_blind,39.6,0.0,8.519289091219438,8.698599093531108,28
unweighted_tilt_05,False,0.5,0.0,2,48,48,9,uniform_blind,39.66,0.0,8.49206417773153,8.384601691143747,29
unweighted_tilt_05,False,0.5,0.0,2,48,48,9,uniform_blind,40.34,0.0,8.501655555177367,8.572748028227481,30
unweighted_tilt_05,False,0.5,0.0,2,48,48,9,uniform_blind,40.52,0.0,8.518558355500634,8.814423125346226,31
unweighted_tilt_05,False,0.5,0.0,2,48,48,9,uniform_blind,40.0,0.0,8.49240848155758,8.271645021645021,32
unweighted_tilt_05,False,0.5,0.0,2,48,48,9,uniform_blind,41.5,0.0,8.509517804423282,8.757779437391088,33
unweighted_tilt_05,False,0.5,0.0,2,48,48,9,uniform_blind,40.3,0.0,8.511523262182388,8.648255191607793,34
unweighted_tilt_05,False,0.5,0.0,2,48,48,9,uniform_blind,39.28,0.0,8.482681170003259,8.344547053649956,35
unweighted_tilt_05,False,0.5,0.0,2,48,48,9,uniform_blind,39.2,0.0,8.497316248255771,8.55199342375668,36
unweighted_tilt_05,False,0.5,0.0,2,48,48,9,uniform_blind,39.12,0.0,8.501217413837955,8.525340283811179,37
unweighted_tilt_05,False,0.5,0.0,2,48,48,9,uniform_blind,39.44,0.0,8.520529348105486,8.852889474840696,38
unweighted_tilt_05,False,0.5,0.0,2,48,48,9,uniform_blind,40.2,0.0,8.492567407952702,8.497960372960375,39
unweighted_tilt_05,False,0.5,0.0,2,48,48,9,uniform_blind,40.5,0.0,8.501006696465442,8.43805003460892,40
unweighted_tilt_05,False,0.5,0.0,2,48,48,9,uniform_blind,39.3,0.0,8.481460118770135,8.179193899782135,41
unweighted_tilt_05,False,0.5,0.0,2,48,48,9,uniform_blind,41.0,0.0,8.510772566997838,8.715135738192634,44
unweighted_tilt_05,False,0.5,0.0,2,48,48,9,uniform_blind,40.12,0.0,8.520405212055065,8.683043063859284,45
unweighted_tilt_05,False,0.5,0.0,2,48,48,9,uniform_blind,40.4,0.0,8.521139396196824,8.805004409171076,46
unweighted_tilt_05,False,0.5,0.0,2,48,48,9,uniform_blind,41.02,0.0,8.495849682207115,8.50069498069498,48
unweighted_tilt_05,False,0.5,0.0,2,48,48,9,uniform_blind,40.76,0.0,8.50115391694013,8.465273829827554,49
unweighted_tilt_05,False,0.5,0.0,2,48,48,9,uniform_blind,41.12,0.0,8.510880746943855,8.580938833570412,50
unweighted_tilt_05,False,0.5,0.0,2,48,48,9,uniform_blind,38.98,0.0,8.506370630909862,8.594168096054887,51
unweighted_tilt_05,False,0.5,0.0,2,48,48,9,uniform_blind,40.3,0.0,8.486109681823196,8.444160681032189,53
unweighted_tilt_05,False,0.5,0.0,2,48,48,9,uniform_blind,38.74,0.0,8.504641915020903,8.267142457318778,54
unweighted_tilt_05,False,0.5,0.0,2,48,48,9,uniform_blind,40.68,0.0,8.506714596524347,8.5075743170438,55
unweighted_tilt_05,False,0.5,0.0,2,48,48,9,uniform_blind,38.76,0.0,8.513752786244138,8.636943744752307,56
unweighted_tilt_05,False,0.5,0.0,2,48,48,9,uncertainty,40.0,0.0,8.554622217445505,8.35949741315595,01
unweighted_tilt_05,False,0.5,0.0,2,48,48,9,uncertainty,20.0,0.0,8.557842231021674,8.635873229939312,02
unweighted_tilt_05,False,0.5,0.0,2,48,48,9,uncertainty,20.0,0.0,8.556133359493987,8.519881085098477,04
unweighted_tilt_05,False,0.5,0.0,2,48,48,9,uncertainty,40.0,0.0,8.554756272620956,8.29320987654321,05
unweighted_tilt_05,False,0.5,0.0,2,48,48,9,uncertainty,40.0,0.0,8.555721045899533,8.431945521937767,06
unweighted_tilt_05,False,0.5,0.0,2,48,48,9,uncertainty,20.0,0.0,8.556657242323745,8.508233957978423,08
unweighted_tilt_05,False,0.5,0.0,2,48,48,9,uncertainty,20.0,0.0,8.557808368097252,8.553915436577434,09
unweighted_tilt_05,False,0.5,0.0,2,48,48,9,uncertainty,40.0,0.0,8.557702450578038,8.68655574679671,10
unweighted_tilt_05,False,0.5,0.0,2,48,48,9,uncertainty,20.0,0.0,8.55794253464733,8.715625586193958,11
unweighted_tilt_05,False,0.5,0.0,2,48,48,9,uncertainty,40.0,0.0,8.55714279022172,8.560529336304098,12
unweighted_tilt_05,False,0.5,0.0,2,48,48,9,uncertainty,40.0,0.0,8.556027513295422,8.443810730882975,13
unweighted_tilt_05,False,0.5,0.0,2,48,48,9,uncertainty,40.0,0.0,8.557461105067652,8.658482845451683,15
unweighted_tilt_05,False,0.5,0.0,2,48,48,9,uncertainty,40.0,0.0,8.55672687439613,8.519994162288384,16
unweighted_tilt_05,False,0.5,0.0,2,48,48,9,uncertainty,20.0,0.0,8.558529222340463,8.66492682427592,17
unweighted_tilt_05,False,0.5,0.0,2,48,48,9,uncertainty,40.0,0.0,8.556557213726013,8.485706993363962,18
unweighted_tilt_05,False,0.5,0.0,2,48,48,9,uncertainty,40.0,0.0,8.556977145661468,8.577984966753396,19
unweighted_tilt_05,False,0.5,0.0,2,48,48,9,uncertainty,40.0,0.0,8.556944657377441,8.534743722050223,20
unweighted_tilt_05,False,0.5,0.0,2,48,48,9,uncertainty,60.0,0.0,8.555298390483763,8.30594265577447,22
unweighted_tilt_05,False,0.5,0.0,2,48,48,9,uncertainty,40.0,0.0,8.557287867267227,8.594057633792733,23
unweighted_tilt_05,False,0.5,0.0,2,48,48,9,uncertainty,20.0,0.0,8.557524483081298,8.630635650276268,24
unweighted_tilt_05,False,0.5,0.0,2,48,48,9,uncertainty,20.0,0.0,8.557571430621115,8.637808611816821,25
unweighted_tilt_05,False,0.5,0.0,2,48,48,9,uncertainty,40.0,0.0,8.557375798467366,8.529325204961111,26
unweighted_tilt_05,False,0.5,0.0,2,48,48,9,uncertainty,20.0,0.0,8.55783730981169,8.632127728901924,27
unweighted_tilt_05,False,0.5,0.0,2,48,48,9,uncertainty,40.0,0.0,8.558126836863561,8.698599093531108,28
unweighted_tilt_05,False,0.5,0.0,2,48,48,9,uncertainty,40.0,0.0,8.555359604820543,8.384601691143747,29
unweighted_tilt_05,False,0.5,0.0,2,48,48,9,uncertainty,40.0,0.0,8.556274565675356,8.572748028227481,30
unweighted_tilt_05,False,0.5,0.0,2,48,48,9,uncertainty,20.0,0.0,8.558937640880695,8.814423125346226,31
unweighted_tilt_05,False,0.5,0.0,2,48,48,9,uncertainty,40.0,0.0,8.555023484966284,8.271645021645021,32
unweighted_tilt_05,False,0.5,0.0,2,48,48,9,uncertainty,20.0,0.0,8.558323011355435,8.757779437391088,33
unweighted_tilt_05,False,0.5,0.0,2,48,48,9,uncertainty,20.0,0.0,8.55813742880687,8.648255191607793,34
unweighted_tilt_05,False,0.5,0.0,2,48,48,9,uncertainty,20.0,0.0,8.555024229216059,8.344547053649956,35
unweighted_tilt_05,False,0.5,0.0,2,48,48,9,uncertainty,20.0,0.0,8.556327990755296,8.55199342375668,36
unweighted_tilt_05,False,0.5,0.0,2,48,48,9,uncertainty,40.0,0.0,8.556363380186195,8.525340283811179,37
unweighted_tilt_05,False,0.5,0.0,2,48,48,9,uncertainty,20.0,0.0,8.559420078166339,8.852889474840696,38
unweighted_tilt_05,False,0.5,0.0,2,48,48,9,uncertainty,20.0,0.0,8.555800773579978,8.497960372960375,39
unweighted_tilt_05,False,0.5,0.0,2,48,48,9,uncertainty,40.0,0.0,8.556622611574424,8.43805003460892,40
unweighted_tilt_05,False,0.5,0.0,2,48,48,9,uncertainty,20.0,0.0,8.554513512077516,8.179193899782135,41
unweighted_tilt_05,False,0.5,0.0,2,48,48,9,uncertainty,20.0,0.0,8.558232366912252,8.715135738192634,44
unweighted_tilt_05,False,0.5,0.0,2,48,48,9,uncertainty,40.0,0.0,8.558645338645517,8.683043063859284,45
unweighted_tilt_05,False,0.5,0.0,2,48,48,9,uncertainty,20.0,0.0,8.55874365573738,8.805004409171076,46
unweighted_tilt_05,False,0.5,0.0,2,48,48,9,uncertainty,20.0,0.0,8.556200383567356,8.50069498069498,48
unweighted_tilt_05,False,0.5,0.0,2,48,48,9,uncertainty,20.0,0.0,8.556347799120926,8.465273829827554,49
unweighted_tilt_05,False,0.5,0.0,2,48,48,9,uncertainty,20.0,0.0,8.557778454255512,8.580938833570412,50
unweighted_tilt_05,False,0.5,0.0,2,48,48,9,uncertainty,20.0,0.0,8.557276534840208,8.594168096054887,51
unweighted_tilt_05,False,0.5,0.0,2,48,48,9,uncertainty,20.0,0.0,8.555275872387023,8.444160681032189,53
unweighted_tilt_05,False,0.5,0.0,2,48,48,9,uncertainty,520.0,0.0,8.55560061178036,8.267142457318778,54
unweighted_tilt_05,False,0.5,0.0,2,48,48,9,uncertainty,40.0,0.0,8.557248318023682,8.5075743170438,55
unweighted_tilt_05,False,0.5,0.0,2,48,48,9,uncertainty,20.0,0.0,8.557983707703505,8.636943744752307,56
unweighted_tilt_05,False,0.5,0.0,2,48,48,9,boundary,41.98,0.0,8.554137318112804,8.35949741315595,01
unweighted_tilt_05,False,0.5,0.0,2,48,48,9,boundary,35.28,0.0,8.557960343848514,8.635873229939312,02
unweighted_tilt_05,False,0.5,0.0,2,48,48,9,boundary,40.78,0.0,8.556012183343725,8.519881085098477,04
unweighted_tilt_05,False,0.5,0.0,2,48,48,9,boundary,56.1,0.0,8.554526186797906,8.29320987654321,05
unweighted_tilt_05,False,0.5,0.0,2,48,48,9,boundary,42.42,0.0,8.555726649759336,8.431945521937767,06
unweighted_tilt_05,False,0.5,0.0,2,48,48,9,boundary,30.2,0.0,8.556625001836094,8.508233957978423,08
unweighted_tilt_05,False,0.5,0.0,2,48,48,9,boundary,35.6,0.0,8.55782857536133,8.553915436577434,09
unweighted_tilt_05,False,0.5,0.0,2,48,48,9,boundary,38.4,0.0,8.557799047265528,8.68655574679671,10
unweighted_tilt_05,False,0.5,0.0,2,48,48,9,boundary,21.48,0.0,8.557913304345407,8.715625586193958,11
unweighted_tilt_05,False,0.5,0.0,2,48,48,9,boundary,48.94,0.0,8.557623209293629,8.560529336304098,12
unweighted_tilt_05,False,0.5,0.0,2,48,48,9,boundary,45.22,0.0,8.555820275656316,8.443810730882975,13
unweighted_tilt_05,False,0.5,0.0,2,48,48,9,boundary,42.12,0.0,8.557640575936981,8.658482845451683,15
unweighted_tilt_05,False,0.5,0.0,2,48,48,9,boundary,50.28,0.0,8.5567962778825,8.519994162288384,16
unweighted_tilt_05,False,0.5,0.0,2,48,48,9,boundary,36.7,0.0,8.558633180954196,8.66492682427592,17
unweighted_tilt_05,False,0.5,0.0,2,48,48,9,boundary,46.74,0.0,8.556589613451383,8.485706993363962,18
unweighted_tilt_05,False,0.5,0.0,2,48,48,9,boundary,49.5,0.0,8.557252011311514,8.577984966753396,19
unweighted_tilt_05,False,0.5,0.0,2,48,48,9,boundary,57.58,0.0,8.556857327674853,8.534743722050223,20
unweighted_tilt_05,False,0.5,0.0,2,48,48,9,boundary,55.18,0.0,8.555459586889604,8.30594265577447,22
unweighted_tilt_05,False,0.5,0.0,2,48,48,9,boundary,45.76,0.0,8.557535624275133,8.594057633792733,23
unweighted_tilt_05,False,0.5,0.0,2,48,48,9,boundary,28.28,0.0,8.557580922074187,8.630635650276268,24
unweighted_tilt_05,False,0.5,0.0,2,48,48,9,boundary,27.84,0.0,8.55763287072434,8.637808611816821,25
unweighted_tilt_05,False,0.5,0.0,2,48,48,9,boundary,43.22,0.0,8.557457078590646,8.529325204961111,26
unweighted_tilt_05,False,0.5,0.0,2,48,48,9,boundary,25.94,0.0,8.557756910686457,8.632127728901924,27
unweighted_tilt_05,False,0.5,0.0,2,48,48,9,boundary,36.0,0.0,8.558460407740748,8.698599093531108,28
unweighted_tilt_05,False,0.5,0.0,2,48,48,9,boundary,59.96,0.0,8.555244411069015,8.384601691143747,29
unweighted_tilt_05,False,0.5,0.0,2,48,48,9,boundary,45.12,0.0,8.556271129712732,8.572748028227481,30
unweighted_tilt_05,False,0.5,0.0,2,48,48,9,boundary,29.32,0.0,8.559176444393604,8.814423125346226,31
unweighted_tilt_05,False,0.5,0.0,2,48,48,9,boundary,57.3,0.0,8.554869023300089,8.271645021645021,32
unweighted_tilt_05,False,0.5,0.0,2,48,48,9,boundary,32.26,0.0,8.558436723292719,8.757779437391088,33
unweighted_tilt_05,False,0.5,0.0,2,48,48,9,boundary,30.9,0.0,8.558148376205347,8.648255191607793,34
unweighted_tilt_05,False,0.5,0.0,2,48,48,9,boundary,29.88,0.0,8.554445223029434,8.344547053649956,35
unweighted_tilt_05,False,0.5,0.0,2,48,48,9,boundary,27.08,0.0,8.55609408246006,8.55199342375668,36
unweighted_tilt_05,False,0.5,0.0,2,48,48,9,boundary,45.96,0.0,8.556347029244431,8.525340283811179,37
unweighted_tilt_05,False,0.5,0.0,2,48,48,9,boundary,27.04,0.0,8.55956729774439,8.852889474840696,38
unweighted_tilt_05,False,0.5,0.0,2,48,48,9,boundary,38.96,0.0,8.555495669619301,8.497960372960375,39
unweighted_tilt_05,False,0.5,0.0,2,48,48,9,boundary,48.06,0.0,8.556546028920762,8.43805003460892,40
unweighted_tilt_05,False,0.5,0.0,2,48,48,9,boundary,36.82,0.0,8.55392600242515,8.179193899782135,41
unweighted_tilt_05,False,0.5,0.0,2,48,48,9,boundary,27.2,0.0,8.55842461213039,8.715135738192634,44
unweighted_tilt_05,False,0.5,0.0,2,48,48,9,boundary,36.28,0.0,8.558709126705576,8.683043063859284,45
unweighted_tilt_05,False,0.5,0.0,2,48,48,9,boundary,30.14,0.0,8.558993335037979,8.805004409171076,46
unweighted_tilt_05,False,0.5,0.0,2,48,48,9,boundary,43.08,0.0,8.556097723203624,8.50069498069498,48
unweighted_tilt_05,False,0.5,0.0,2,48,48,9,boundary,45.8,0.0,8.556293318704748,8.465273829827554,49
unweighted_tilt_05,False,0.5,0.0,2,48,48,9,boundary,31.34,0.0,8.557753270709712,8.580938833570412,50
unweighted_tilt_05,False,0.5,0.0,2,48,48,9,boundary,36.7,0.0,8.557369039048584,8.594168096054887,51
unweighted_tilt_05,False,0.5,0.0,2,48,48,9,boundary,26.04,0.0,8.55506632553809,8.444160681032189,53
unweighted_tilt_05,False,0.5,0.0,2,48,48,9,boundary,74.26,0.0,8.555708422442411,8.267142457318778,54
unweighted_tilt_05,False,0.5,0.0,2,48,48,9,boundary,39.5,0.0,8.557024872508668,8.5075743170438,55
unweighted_tilt_05,False,0.5,0.0,2,48,48,9,boundary,39.46,0.0,8.558179132336418,8.636943744752307,56
unweighted_tilt_05,False,0.5,0.0,2,48,48,9,bias_blind_kg,45.0,0.0,8.413781673372066,8.35949741315595,01
unweighted_tilt_05,False,0.5,0.0,2,48,48,9,bias_blind_kg,37.38,0.0,8.475567951834055,8.635873229939312,02
unweighted_tilt_05,False,0.5,0.0,2,48,48,9,bias_blind_kg,43.4,0.0,8.440725793327116,8.519881085098477,04
unweighted_tilt_05,False,0.5,0.0,2,48,48,9,bias_blind_kg,42.8,0.0,8.433615405259971,8.29320987654321,05
unweighted_tilt_05,False,0.5,0.0,2,48,48,9,bias_blind_kg,43.5,0.0,8.43482625260115,8.431945521937767,06
unweighted_tilt_05,False,0.5,0.0,2,48,48,9,bias_blind_kg,41.56,0.0,8.455292611859345,8.508233957978423,08
unweighted_tilt_05,False,0.5,0.0,2,48,48,9,bias_blind_kg,37.42,0.0,8.47349081596607,8.553915436577434,09
unweighted_tilt_05,False,0.5,0.0,2,48,48,9,bias_blind_kg,38.62,0.0,8.47835806608265,8.68655574679671,10
unweighted_tilt_05,False,0.5,0.0,2,48,48,9,bias_blind_kg,45.26,0.0,8.436004947764731,8.715625586193958,11
unweighted_tilt_05,False,0.5,0.0,2,48,48,9,bias_blind_kg,32.66,0.0,8.496446533993982,8.560529336304098,12
unweighted_tilt_05,False,0.5,0.0,2,48,48,9,bias_blind_kg,41.28,0.0,8.444113434158526,8.443810730882975,13
unweighted_tilt_05,False,0.5,0.0,2,48,48,9,bias_blind_kg,39.06,0.0,8.470673915807806,8.658482845451683,15
unweighted_tilt_05,False,0.5,0.0,2,48,48,9,bias_blind_kg,38.7,0.0,8.464809837915418,8.519994162288384,16
unweighted_tilt_05,False,0.5,0.0,2,48,48,9,bias_blind_kg,36.36,0.0,8.487486179425748,8.66492682427592,17
unweighted_tilt_05,False,0.5,0.0,2,48,48,9,bias_blind_kg,39.88,0.0,8.457150347051403,8.485706993363962,18
unweighted_tilt_05,False,0.5,0.0,2,48,48,9,bias_blind_kg,37.22,0.0,8.478060822382115,8.577984966753396,19
unweighted_tilt_05,False,0.5,0.0,2,48,48,9,bias_blind_kg,39.86,0.0,8.45830790742693,8.534743722050223,20
unweighted_tilt_05,False,0.5,0.0,2,48,48,9,bias_blind_kg,38.5,0.0,8.455077463942398,8.30594265577447,22
unweighted_tilt_05,False,0.5,0.0,2,48,48,9,bias_blind_kg,36.0,0.0,8.482971426441344,8.594057633792733,23
unweighted_tilt_05,False,0.5,0.0,2,48,48,9,bias_blind_kg,39.98,0.0,8.464968757158205,8.630635650276268,24
unweighted_tilt_05,False,0.5,0.0,2,48,48,9,bias_blind_kg,39.5,0.0,8.467368533498997,8.637808611816821,25
unweighted_tilt_05,False,0.5,0.0,2,48,48,9,bias_blind_kg,37.04,0.0,8.479307200652679,8.529325204961111,26
unweighted_tilt_05,False,0.5,0.0,2,48,48,9,bias_blind_kg,41.38,0.0,8.456846113949602,8.632127728901924,27
unweighted_tilt_05,False,0.5,0.0,2,48,48,9,bias_blind_kg,32.66,0.0,8.504403961160621,8.698599093531108,28
unweighted_tilt_05,False,0.5,0.0,2,48,48,9,bias_blind_kg,41.22,0.0,8.442894097470303,8.384601691143747,29
unweighted_tilt_05,False,0.5,0.0,2,48,48,9,bias_blind_kg,41.72,0.0,8.45128810034352,8.572748028227481,30
unweighted_tilt_05,False,0.5,0.0,2,48,48,9,bias_blind_kg,40.82,0.0,8.470500557658491,8.814423125346226,31
unweighted_tilt_05,False,0.5,0.0,2,48,48,9,bias_blind_kg,41.5,0.0,8.442232910620133,8.271645021645021,32
unweighted_tilt_05,False,0.5,0.0,2,48,48,9,bias_blind_kg,39.32,0.0,8.472478696987503,8.757779437391088,33
unweighted_tilt_05,False,0.5,0.0,2,48,48,9,bias_blind_kg,40.82,0.0,8.461816837123129,8.648255191607793,34
unweighted_tilt_05,False,0.5,0.0,2,48,48,9,bias_blind_kg,46.32,0.0,8.395393284184296,8.344547053649956,35
unweighted_tilt_05,False,0.5,0.0,2,48,48,9,bias_blind_kg,44.94,0.0,8.428346811108847,8.55199342375668,36
unweighted_tilt_05,False,0.5,0.0,2,48,48,9,bias_blind_kg,39.96,0.0,8.454878751188986,8.525340283811179,37
unweighted_tilt_05,False,0.5,0.0,2,48,48,9,bias_blind_kg,38.82,0.0,8.481113497944815,8.852889474840696,38
unweighted_tilt_05,False,0.5,0.0,2,48,48,9,bias_blind_kg,46.3,0.0,8.424744263993151,8.497960372960375,39
unweighted_tilt_05,False,0.5,0.0,2,48,48,9,bias_blind_kg,38.04,0.0,8.466852954908973,8.43805003460892,40
unweighted_tilt_05,False,0.5,0.0,2,48,48,9,bias_blind_kg,45.5,0.0,8.409985581692375,8.179193899782135,41
unweighted_tilt_05,False,0.5,0.0,2,48,48,9,bias_blind_kg,39.48,0.0,8.47493852237422,8.715135738192634,44
unweighted_tilt_05,False,0.5,0.0,2,48,48,9,bias_blind_kg,35.12,0.0,8.492168956627927,8.683043063859284,45
unweighted_tilt_05,False,0.5,0.0,2,48,48,9,bias_blind_kg,37.66,0.0,8.48709073679712,8.805004409171076,46
unweighted_tilt_05,False,0.5,0.0,2,48,48,9,bias_blind_kg,42.68,0.0,8.444256061855045,8.50069498069498,48
unweighted_tilt_05,False,0.5,0.0,2,48,48,9,bias_blind_kg,40.8,0.0,8.45448579423868,8.465273829827554,49
unweighted_tilt_05,False,0.5,0.0,2,48,48,9,bias_blind_kg,39.68,0.0,8.465931699546273,8.580938833570412,50
unweighted_tilt_05,False,0.5,0.0,2,48,48,9,bias_blind_kg,39.5,0.0,8.466352548787722,8.594168096054887,51
unweighted_tilt_05,False,0.5,0.0,2,48,48,9,bias_blind_kg,45.42,0.0,8.420096367868009,8.444160681032189,53
unweighted_tilt_05,False,0.5,0.0,2,48,48,9,bias_blind_kg,30.82,0.0,8.493999226733358,8.267142457318778,54
unweighted_tilt_05,False,0.5,0.0,2,48,48,9,bias_blind_kg,41.14,0.0,8.453022386002994,8.5075743170438,55
unweighted_tilt_05,False,0.5,0.0,2,48,48,9,bias_blind_kg,37.4,0.0,8.476243085722857,8.636943744752307,56
unweighted_tilt_05,False,0.5,0.0,2,48,48,9,ordinary_kg,42.58,0.0,8.553667445025956,8.35949741315595,01
unweighted_tilt_05,False,0.5,0.0,2,48,48,9,ordinary_kg,38.82,0.0,8.55798825662136,8.635873229939312,02
unweighted_tilt_05,False,0.5,0.0,2,48,48,9,ordinary_kg,43.98,0.0,8.555892195731841,8.519881085098477,04
unweighted_tilt_05,False,0.5,0.0,2,48,48,9,ordinary_kg,41.28,0.0,8.554396070988666,8.29320987654321,05
unweighted_tilt_05,False,0.5,0.0,2,48,48,9,ordinary_kg,42.78,0.0,8.555359109383993,8.431945521937767,06
unweighted_tilt_05,False,0.5,0.0,2,48,48,9,ordinary_kg,39.88,0.0,8.556527224694511,8.508233957978423,08
unweighted_tilt_05,False,0.5,0.0,2,48,48,9,ordinary_kg,38.86,0.0,8.557647115043371,8.553915436577434,09
unweighted_tilt_05,False,0.5,0.0,2,48,48,9,ordinary_kg,38.66,0.0,8.557952829967064,8.68655574679671,10
unweighted_tilt_05,False,0.5,0.0,2,48,48,9,ordinary_kg,42.7,0.0,8.557528456228404,8.715625586193958,11
unweighted_tilt_05,False,0.5,0.0,2,48,48,9,ordinary_kg,36.58,0.0,8.557566338005392,8.560529336304098,12
unweighted_tilt_05,False,0.5,0.0,2,48,48,9,ordinary_kg,41.26,0.0,8.555500661402627,8.443810730882975,13
unweighted_tilt_05,False,0.5,0.0,2,48,48,9,ordinary_kg,40.98,0.0,8.557544004641926,8.658482845451683,15
unweighted_tilt_05,False,0.5,0.0,2,48,48,9,ordinary_kg,40.1,0.0,8.556672024691183,8.519994162288384,16
unweighted_tilt_05,False,0.5,0.0,2,48,48,9,ordinary_kg,37.16,0.0,8.55877647579903,8.66492682427592,17
unweighted_tilt_05,False,0.5,0.0,2,48,48,9,ordinary_kg,41.8,0.0,8.55649785103221,8.485706993363962,18
unweighted_tilt_05,False,0.5,0.0,2,48,48,9,ordinary_kg,40.58,0.0,8.557235482024028,8.577984966753396,19
unweighted_tilt_05,False,0.5,0.0,2,48,48,9,ordinary_kg,39.88,0.0,8.556657066858222,8.534743722050223,20
unweighted_tilt_05,False,0.5,0.0,2,48,48,9,ordinary_kg,40.38,0.0,8.55519820274691,8.30594265577447,22
unweighted_tilt_05,False,0.5,0.0,2,48,48,9,ordinary_kg,40.24,0.0,8.557537205515969,8.594057633792733,23
unweighted_tilt_05,False,0.5,0.0,2,48,48,9,ordinary_kg,40.3,0.0,8.557724427650694,8.630635650276268,24
unweighted_tilt_05,False,0.5,0.0,2,48,48,9,ordinary_kg,39.02,0.0,8.5576907346825,8.637808611816821,25
unweighted_tilt_05,False,0.5,0.0,2,48,48,9,ordinary_kg,38.94,0.0,8.557363967846289,8.529325204961111,26
unweighted_tilt_05,False,0.5,0.0,2,48,48,9,ordinary_kg,40.24,0.0,8.557639674636059,8.632127728901924,27
unweighted_tilt_05,False,0.5,0.0,2,48,48,9,ordinary_kg,34.14,0.0,8.558607482903634,8.698599093531108,28
unweighted_tilt_05,False,0.5,0.0,2,48,48,9,ordinary_kg,43.0,0.0,8.555048552014101,8.384601691143747,29
unweighted_tilt_05,False,0.5,0.0,2,48,48,9,ordinary_kg,39.76,0.0,8.556252891011193,8.572748028227481,30
unweighted_tilt_05,False,0.5,0.0,2,48,48,9,ordinary_kg,38.2,0.0,8.559361138927397,8.814423125346226,31
unweighted_tilt_05,False,0.5,0.0,2,48,48,9,ordinary_kg,40.48,0.0,8.554741323594687,8.271645021645021,32
unweighted_tilt_05,False,0.5,0.0,2,48,48,9,ordinary_kg,39.44,0.0,8.55852890259615,8.757779437391088,33
unweighted_tilt_05,False,0.5,0.0,2,48,48,9,ordinary_kg,40.2,0.0,8.557963027847112,8.648255191607793,34
unweighted_tilt_05,False,0.5,0.0,2,48,48,9,ordinary_kg,35.9,0.0,8.553800480893198,8.344547053649956,35
unweighted_tilt_05,False,0.5,0.0,2,48,48,9,ordinary_kg,41.08,0.0,8.555682119343768,8.55199342375668,36
unweighted_tilt_05,False,0.5,0.0,2,48,48,9,ordinary_kg,40.7,0.0,8.556086832015826,8.525340283811179,37
unweighted_tilt_05,False,0.5,0.0,2,48,48,9,ordinary_kg,37.38,0.0,8.55976034048159,8.852889474840696,38
unweighted_tilt_05,False,0.5,0.0,2,48,48,9,ordinary_kg,42.32,0.0,8.555322168675652,8.497960372960375,39
unweighted_tilt_05,False,0.5,0.0,2,48,48,9,ordinary_kg,41.92,0.0,8.556529107105863,8.43805003460892,40
unweighted_tilt_05,False,0.5,0.0,2,48,48,9,ordinary_kg,40.28,0.0,8.553462076473622,8.179193899782135,41
unweighted_tilt_05,False,0.5,0.0,2,48,48,9,ordinary_kg,38.66,0.0,8.558620338298166,8.715135738192634,44
unweighted_tilt_05,False,0.5,0.0,2,48,48,9,ordinary_kg,36.3,0.0,8.558742591328016,8.683043063859284,45
unweighted_tilt_05,False,0.5,0.0,2,48,48,9,ordinary_kg,37.6,0.0,8.559180818552152,8.805004409171076,46
unweighted_tilt_05,False,0.5,0.0,2,48,48,9,ordinary_kg,42.12,0.0,8.555811972895201,8.50069498069498,48
unweighted_tilt_05,False,0.5,0.0,2,48,48,9,ordinary_kg,42.22,0.0,8.556197701718942,8.465273829827554,49
unweighted_tilt_05,False,0.5,0.0,2,48,48,9,ordinary_kg,40.06,0.0,8.557734412613216,8.580938833570412,50
unweighted_tilt_05,False,0.5,0.0,2,48,48,9,ordinary_kg,41.2,0.0,8.55744498621974,8.594168096054887,51
unweighted_tilt_05,False,0.5,0.0,2,48,48,9,ordinary_kg,41.42,0.0,8.554484925627698,8.444160681032189,53
unweighted_tilt_05,False,0.5,0.0,2,48,48,9,ordinary_kg,40.02,0.0,8.555647619128454,8.267142457318778,54
unweighted_tilt_05,False,0.5,0.0,2,48,48,9,ordinary_kg,38.72,0.0,8.556998011845245,8.5075743170438,55
unweighted_tilt_05,False,0.5,0.0,2,48,48,9,ordinary_kg,39.88,0.0,8.55810153164968,8.636943744752307,56
unweighted_tilt_05,False,0.5,0.0,2,48,48,9,two_channel_uniform,26.78,6.36,8.552581294995715,8.35949741315595,01
unweighted_tilt_05,False,0.5,0.0,2,48,48,9,two_channel_uniform,26.54,6.3,8.558692265338218,8.635873229939312,02
unweighted_tilt_05,False,0.5,0.0,2,48,48,9,two_channel_uniform,26.92,7.24,8.556060144882252,8.519881085098477,04
unweighted_tilt_05,False,0.5,0.0,2,48,48,9,two_channel_uniform,26.98,6.92,8.550218527332083,8.29320987654321,05
unweighted_tilt_05,False,0.5,0.0,2,48,48,9,two_channel_uniform,27.0,6.92,8.553489995762325,8.431945521937767,06
unweighted_tilt_05,False,0.5,0.0,2,48,48,9,two_channel_uniform,26.86,6.64,8.555529674016082,8.508233957978423,08
unweighted_tilt_05,False,0.5,0.0,2,48,48,9,two_channel_uniform,27.28,6.86,8.557893081441483,8.553915436577434,09
unweighted_tilt_05,False,0.5,0.0,2,48,48,9,two_channel_uniform,27.28,6.82,8.559659689315772,8.68655574679671,10
unweighted_tilt_05,False,0.5,0.0,2,48,48,9,two_channel_uniform,27.14,6.64,8.561465110603654,8.715625586193958,11
unweighted_tilt_05,False,0.5,0.0,2,48,48,9,two_channel_uniform,26.7,6.58,8.557181996765708,8.560529336304098,12
unweighted_tilt_05,False,0.5,0.0,2,48,48,9,two_channel_uniform,26.92,6.42,8.554546346713956,8.443810730882975,13
unweighted_tilt_05,False,0.5,0.0,2,48,48,9,two_channel_uniform,26.7,6.78,8.559072412726907,8.658482845451683,15
unweighted_tilt_05,False,0.5,0.0,2,48,48,9,two_channel_uniform,26.88,6.5,8.556079615222592,8.519994162288384,16
unweighted_tilt_05,False,0.5,0.0,2,48,48,9,two_channel_uniform,27.64,6.34,8.559124461304643,8.66492682427592,17
unweighted_tilt_05,False,0.5,0.0,2,48,48,9,two_channel_uniform,27.0,6.6,8.554685025221183,8.485706993363962,18
unweighted_tilt_05,False,0.5,0.0,2,48,48,9,two_channel_uniform,27.04,6.1,8.557528552983083,8.577984966753396,19
unweighted_tilt_05,False,0.5,0.0,2,48,48,9,two_channel_uniform,26.92,6.68,8.555526407068122,8.534743722050223,20
unweighted_tilt_05,False,0.5,0.0,2,48,48,9,two_channel_uniform,26.34,6.5,8.552624799467646,8.30594265577447,22
unweighted_tilt_05,False,0.5,0.0,2,48,48,9,two_channel_uniform,26.36,6.48,8.557989528587248,8.594057633792733,23
unweighted_tilt_05,False,0.5,0.0,2,48,48,9,two_channel_uniform,26.84,6.42,8.558185876839485,8.630635650276268,24
unweighted_tilt_05,False,0.5,0.0,2,48,48,9,two_channel_uniform,27.06,6.66,8.558349826056213,8.637808611816821,25
unweighted_tilt_05,False,0.5,0.0,2,48,48,9,two_channel_uniform,26.78,6.64,8.556303344422096,8.529325204961111,26
unweighted_tilt_05,False,0.5,0.0,2,48,48,9,two_channel_uniform,26.48,6.64,8.559533677985637,8.632127728901924,27
unweighted_tilt_05,False,0.5,0.0,2,48,48,9,two_channel_uniform,27.1,6.22,8.559452196366356,8.698599093531108,28
unweighted_tilt_05,False,0.5,0.0,2,48,48,9,two_channel_uniform,26.12,6.68,8.552951520919748,8.384601691143747,29
unweighted_tilt_05,False,0.5,0.0,2,48,48,9,two_channel_uniform,27.2,6.3,8.556403301359982,8.572748028227481,30
unweighted_tilt_05,False,0.5,0.0,2,48,48,9,two_channel_uniform,27.14,5.2,8.562742516856915,8.814423125346226,31
unweighted_tilt_05,False,0.5,0.0,2,48,48,9,two_channel_uniform,27.0,6.58,8.550419170321213,8.271645021645021,32
unweighted_tilt_05,False,0.5,0.0,2,48,48,9,two_channel_uniform,27.06,6.64,8.562290711987878,8.757779437391088,33
unweighted_tilt_05,False,0.5,0.0,2,48,48,9,two_channel_uniform,27.54,5.98,8.56058193559764,8.648255191607793,34
unweighted_tilt_05,False,0.5,0.0,2,48,48,9,two_channel_uniform,26.5,6.54,8.551189381436838,8.344547053649956,35
unweighted_tilt_05,False,0.5,0.0,2,48,48,9,two_channel_uniform,26.2,6.22,8.555597149289317,8.55199342375668,36
unweighted_tilt_05,False,0.5,0.0,2,48,48,9,two_channel_uniform,27.02,6.08,8.556169930325758,8.525340283811179,37
unweighted_tilt_05,False,0.5,0.0,2,48,48,9,two_channel_uniform,26.46,6.86,8.566187526880796,8.852889474840696,38
unweighted_tilt_05,False,0.5,0.0,2,48,48,9,two_channel_uniform,26.92,6.34,8.555086083372677,8.497960372960375,39
unweighted_tilt_05,False,0.5,0.0,2,48,48,9,two_channel_uniform,26.54,6.58,8.554294083738766,8.43805003460892,40
unweighted_tilt_05,False,0.5,0.0,2,48,48,9,two_channel_uniform,26.46,6.92,8.546824213418633,8.179193899782135,41
unweighted_tilt_05,False,0.5,0.0,2,48,48,9,two_channel_uniform,27.8,6.94,8.561372030387542,8.715135738192634,44
unweighted_tilt_05,False,0.5,0.0,2,48,48,9,two_channel_uniform,27.14,6.48,8.56028100988771,8.683043063859284,45
unweighted_tilt_05,False,0.5,0.0,2,48,48,9,two_channel_uniform,27.1,6.62,8.563449654223197,8.805004409171076,46
unweighted_tilt_05,False,0.5,0.0,2,48,48,9,two_channel_uniform,27.66,6.7,8.555006840257333,8.50069498069498,48
unweighted_tilt_05,False,0.5,0.0,2,48,48,9,two_channel_uniform,26.92,6.94,8.554833937040518,8.465273829827554,49
unweighted_tilt_05,False,0.5,0.0,2,48,48,9,two_channel_uniform,27.42,6.56,8.557847794667715,8.580938833570412,50
unweighted_tilt_05,False,0.5,0.0,2,48,48,9,two_channel_uniform,26.3,6.38,8.558129004158603,8.594168096054887,51
unweighted_tilt_05,False,0.5,0.0,2,48,48,9,two_channel_uniform,27.0,6.2,8.55290959331889,8.444160681032189,53
unweighted_tilt_05,False,0.5,0.0,2,48,48,9,two_channel_uniform,26.48,6.84,8.552347374691589,8.267142457318778,54
unweighted_tilt_05,False,0.5,0.0,2,48,48,9,two_channel_uniform,27.3,7.1,8.55613278957225,8.5075743170438,55
unweighted_tilt_05,False,0.5,0.0,2,48,48,9,two_channel_uniform,26.06,6.62,8.559436685325284,8.636943744752307,56
unweighted_tilt_05,False,0.5,0.0,2,48,48,9,balanced_mix,30.06,5.06,8.55178879037847,8.35949741315595,01
unweighted_tilt_05,False,0.5,0.0,2,48,48,9,balanced_mix,30.72,5.18,8.558892801502843,8.635873229939312,02
unweighted_tilt_05,False,0.5,0.0,2,48,48,9,balanced_mix,30.46,5.1,8.555264559645584,8.519881085098477,04
unweighted_tilt_05,False,0.5,0.0,2,48,48,9,balanced_mix,30.9,5.1,8.552300082454037,8.29320987654321,05
unweighted_tilt_05,False,0.5,0.0,2,48,48,9,balanced_mix,29.62,5.1,8.554316906050348,8.431945521937767,06
unweighted_tilt_05,False,0.5,0.0,2,48,48,9,balanced_mix,29.46,5.02,8.555986706414696,8.508233957978423,08
unweighted_tilt_05,False,0.5,0.0,2,48,48,9,balanced_mix,30.22,4.68,8.55871118528035,8.553915436577434,09
unweighted_tilt_05,False,0.5,0.0,2,48,48,9,balanced_mix,29.6,4.88,8.559810514296103,8.68655574679671,10
unweighted_tilt_05,False,0.5,0.0,2,48,48,9,balanced_mix,30.68,5.02,8.561048857449666,8.715625586193958,11
unweighted_tilt_05,False,0.5,0.0,2,48,48,9,balanced_mix,30.5,4.48,8.557482691894412,8.560529336304098,12
unweighted_tilt_05,False,0.5,0.0,2,48,48,9,balanced_mix,29.18,4.74,8.554469946360992,8.443810730882975,13
unweighted_tilt_05,False,0.5,0.0,2,48,48,9,balanced_mix,30.72,4.5,8.558926010344933,8.658482845451683,15
unweighted_tilt_05,False,0.5,0.0,2,48,48,9,balanced_mix,30.42,5.4,8.556353073717789,8.519994162288384,16
unweighted_tilt_05,False,0.5,0.0,2,48,48,9,balanced_mix,30.8,5.0,8.55980030941107,8.66492682427592,17
unweighted_tilt_05,False,0.5,0.0,2,48,48,9,balanced_mix,29.28,5.14,8.554366924292703,8.485706993363962,18
unweighted_tilt_05,False,0.5,0.0,2,48,48,9,balanced_mix,29.8,5.0,8.55671848727888,8.577984966753396,19
unweighted_tilt_05,False,0.5,0.0,2,48,48,9,balanced_mix,30.02,4.88,8.556323183260348,8.534743722050223,20
unweighted_tilt_05,False,0.5,0.0,2,48,48,9,balanced_mix,29.74,4.46,8.553444511069715,8.30594265577447,22
unweighted_tilt_05,False,0.5,0.0,2,48,48,9,balanced_mix,30.08,4.18,8.557307769601058,8.594057633792733,23
unweighted_tilt_05,False,0.5,0.0,2,48,48,9,balanced_mix,30.06,4.74,8.559083023579854,8.630635650276268,24
unweighted_tilt_05,False,0.5,0.0,2,48,48,9,balanced_mix,29.84,4.76,8.559402348706517,8.637808611816821,25
unweighted_tilt_05,False,0.5,0.0,2,48,48,9,balanced_mix,30.08,4.54,8.557005825232755,8.529325204961111,26
unweighted_tilt_05,False,0.5,0.0,2,48,48,9,balanced_mix,30.12,5.28,8.559625336158629,8.632127728901924,27
unweighted_tilt_05,False,0.5,0.0,2,48,48,9,balanced_mix,30.32,4.8,8.55983403698392,8.698599093531108,28
unweighted_tilt_05,False,0.5,0.0,2,48,48,9,balanced_mix,30.38,4.72,8.554212723119896,8.384601691143747,29
unweighted_tilt_05,False,0.5,0.0,2,48,48,9,balanced_mix,30.24,5.62,8.557247235167907,8.572748028227481,30
unweighted_tilt_05,False,0.5,0.0,2,48,48,9,balanced_mix,29.96,4.88,8.56200343589277,8.814423125346226,31
unweighted_tilt_05,False,0.5,0.0,2,48,48,9,balanced_mix,29.78,5.0,8.551625280152708,8.271645021645021,32
unweighted_tilt_05,False,0.5,0.0,2,48,48,9,balanced_mix,29.82,4.92,8.56087563983619,8.757779437391088,33
unweighted_tilt_05,False,0.5,0.0,2,48,48,9,balanced_mix,30.06,4.78,8.55957038464958,8.648255191607793,34
unweighted_tilt_05,False,0.5,0.0,2,48,48,9,balanced_mix,30.42,5.36,8.551668709577083,8.344547053649956,35
unweighted_tilt_05,False,0.5,0.0,2,48,48,9,balanced_mix,29.12,4.68,8.556267290952842,8.55199342375668,36
unweighted_tilt_05,False,0.5,0.0,2,48,48,9,balanced_mix,30.36,4.98,8.555907010448262,8.525340283811179,37
unweighted_tilt_05,False,0.5,0.0,2,48,48,9,balanced_mix,30.34,4.92,8.56447790245216,8.852889474840696,38
unweighted_tilt_05,False,0.5,0.0,2,48,48,9,balanced_mix,30.36,5.12,8.555963770290354,8.497960372960375,39
unweighted_tilt_05,False,0.5,0.0,2,48,48,9,balanced_mix,30.38,5.32,8.555040047133234,8.43805003460892,40
unweighted_tilt_05,False,0.5,0.0,2,48,48,9,balanced_mix,30.2,4.76,8.550276907285616,8.179193899782135,41
unweighted_tilt_05,False,0.5,0.0,2,48,48,9,balanced_mix,30.02,5.54,8.56071515349788,8.715135738192634,44
unweighted_tilt_05,False,0.5,0.0,2,48,48,9,balanced_mix,29.94,4.56,8.559989866703965,8.683043063859284,45
unweighted_tilt_05,False,0.5,0.0,2,48,48,9,balanced_mix,30.36,5.26,8.562299223194598,8.805004409171076,46
unweighted_tilt_05,False,0.5,0.0,2,48,48,9,balanced_mix,29.8,5.66,8.555620255233679,8.50069498069498,48
unweighted_tilt_05,False,0.5,0.0,2,48,48,9,balanced_mix,29.78,4.88,8.555378628914527,8.465273829827554,49
unweighted_tilt_05,False,0.5,0.0,2,48,48,9,balanced_mix,29.76,5.0,8.55850325661292,8.580938833570412,50
unweighted_tilt_05,False,0.5,0.0,2,48,48,9,balanced_mix,29.92,5.2,8.55797015743867,8.594168096054887,51
unweighted_tilt_05,False,0.5,0.0,2,48,48,9,balanced_mix,30.64,4.6,8.553052774465153,8.444160681032189,53
unweighted_tilt_05,False,0.5,0.0,2,48,48,9,balanced_mix,30.42,4.98,8.552933197089974,8.267142457318778,54
unweighted_tilt_05,False,0.5,0.0,2,48,48,9,balanced_mix,30.34,4.72,8.555982182802916,8.5075743170438,55
unweighted_tilt_05,False,0.5,0.0,2,48,48,9,balanced_mix,30.08,4.92,8.559304487251087,8.636943744752307,56
unweighted_tilt_05,False,0.5,0.0,2,48,48,9,validation_only,20.0,9.82,8.550613322207676,8.35949741315595,01
unweighted_tilt_05,False,0.5,0.0,2,48,48,9,validation_only,20.0,9.92,8.559410934101807,8.635873229939312,02
unweighted_tilt_05,False,0.5,0.0,2,48,48,9,validation_only,20.0,10.6,8.555922682931229,8.519881085098477,04
unweighted_tilt_05,False,0.5,0.0,2,48,48,9,validation_only,20.0,10.32,8.548501252826055,8.29320987654321,05
unweighted_tilt_05,False,0.5,0.0,2,48,48,9,validation_only,20.0,10.72,8.551973193162306,8.431945521937767,06
unweighted_tilt_05,False,0.5,0.0,2,48,48,9,validation_only,20.0,10.3,8.555143048305606,8.508233957978423,08
unweighted_tilt_05,False,0.5,0.0,2,48,48,9,validation_only,20.0,10.18,8.557647286528587,8.553915436577434,09
unweighted_tilt_05,False,0.5,0.0,2,48,48,9,validation_only,20.0,10.12,8.560320817665717,8.68655574679671,10
unweighted_tilt_05,False,0.5,0.0,2,48,48,9,validation_only,20.0,10.3,8.563310167044264,8.715625586193958,11
unweighted_tilt_05,False,0.5,0.0,2,48,48,9,validation_only,20.0,10.04,8.557536849289827,8.560529336304098,12
unweighted_tilt_05,False,0.5,0.0,2,48,48,9,validation_only,20.0,9.62,8.553518344492437,8.443810730882975,13
unweighted_tilt_05,False,0.5,0.0,2,48,48,9,validation_only,20.0,10.18,8.55954330616003,8.658482845451683,15
unweighted_tilt_05,False,0.5,0.0,2,48,48,9,validation_only,20.0,10.1,8.556528095602705,8.519994162288384,16
unweighted_tilt_05,False,0.5,0.0,2,48,48,9,validation_only,20.0,9.52,8.559620014960219,8.66492682427592,17
unweighted_tilt_05,False,0.5,0.0,2,48,48,9,validation_only,20.0,9.86,8.553852216447346,8.485706993363962,18
unweighted_tilt_05,False,0.5,0.0,2,48,48,9,validation_only,20.0,9.36,8.556834190585226,8.577984966753396,19
unweighted_tilt_05,False,0.5,0.0,2,48,48,9,validation_only,20.0,9.94,8.5563898033542,8.534743722050223,20
unweighted_tilt_05,False,0.5,0.0,2,48,48,9,validation_only,20.0,9.32,8.550681742349449,8.30594265577447,22
unweighted_tilt_05,False,0.5,0.0,2,48,48,9,validation_only,20.0,9.74,8.558610848175201,8.594057633792733,23
unweighted_tilt_05,False,0.5,0.0,2,48,48,9,validation_only,20.0,10.02,8.558145803579626,8.630635650276268,24
unweighted_tilt_05,False,0.5,0.0,2,48,48,9,validation_only,20.0,10.44,8.559536800034591,8.637808611816821,25
unweighted_tilt_05,False,0.5,0.0,2,48,48,9,validation_only,20.0,10.34,8.556997108435548,8.529325204961111,26
unweighted_tilt_05,False,0.5,0.0,2,48,48,9,validation_only,20.0,10.22,8.558827535851904,8.632127728901924,27
unweighted_tilt_05,False,0.5,0.0,2,48,48,9,validation_only,20.0,9.56,8.560646978598418,8.698599093531108,28
unweighted_tilt_05,False,0.5,0.0,2,48,48,9,validation_only,20.0,9.68,8.551910090058998,8.384601691143747,29
unweighted_tilt_05,False,0.5,0.0,2,48,48,9,validation_only,20.0,9.74,8.55721028645214,8.572748028227481,30
unweighted_tilt_05,False,0.5,0.0,2,48,48,9,validation_only,20.0,9.1,8.565459239184142,8.814423125346226,31
unweighted_tilt_05,False,0.5,0.0,2,48,48,9,validation_only,20.0,9.8,8.549709275826544,8.271645021645021,32
unweighted_tilt_05,False,0.5,0.0,2,48,48,9,validation_only,20.0,9.32,8.563132215228562,8.757779437391088,33
unweighted_tilt_05,False,0.5,0.0,2,48,48,9,validation_only,20.0,9.78,8.560662767168187,8.648255191607793,34
unweighted_tilt_05,False,0.5,0.0,2,48,48,9,validation_only,20.0,10.12,8.549051475838239,8.344547053649956,35
unweighted_tilt_05,False,0.5,0.0,2,48,48,9,validation_only,20.0,9.86,8.555805832474594,8.55199342375668,36
unweighted_tilt_05,False,0.5,0.0,2,48,48,9,validation_only,20.0,10.2,8.555214535647458,8.525340283811179,37
unweighted_tilt_05,False,0.5,0.0,2,48,48,9,validation_only,20.0,10.6,8.568295964225335,8.852889474840696,38
unweighted_tilt_05,False,0.5,0.0,2,48,48,9,validation_only,20.0,10.04,8.55473723527685,8.497960372960375,39
unweighted_tilt_05,False,0.5,0.0,2,48,48,9,validation_only,20.0,9.64,8.55379793422515,8.43805003460892,40
unweighted_tilt_05,False,0.5,0.0,2,48,48,9,validation_only,20.0,10.46,8.54405652243394,8.179193899782135,41
unweighted_tilt_05,False,0.5,0.0,2,48,48,9,validation_only,20.0,10.58,8.56286773432441,8.715135738192634,44
unweighted_tilt_05,False,0.5,0.0,2,48,48,9,validation_only,20.0,10.36,8.560841362296008,8.683043063859284,45
unweighted_tilt_05,False,0.5,0.0,2,48,48,9,validation_only,20.0,9.78,8.565148423304013,8.805004409171076,46
unweighted_tilt_05,False,0.5,0.0,2,48,48,9,validation_only,20.0,10.36,8.553678703317313,8.50069498069498,48
unweighted_tilt_05,False,0.5,0.0,2,48,48,9,validation_only,20.0,9.9,8.554723550030408,8.465273829827554,49
unweighted_tilt_05,False,0.5,0.0,2,48,48,9,validation_only,20.0,9.88,8.558564105581107,8.580938833570412,50
unweighted_tilt_05,False,0.5,0.0,2,48,48,9,validation_only,20.0,9.76,8.559665542981747,8.594168096054887,51
unweighted_tilt_05,False,0.5,0.0,2,48,48,9,validation_only,20.0,9.5,8.551901614446502,8.444160681032189,53
unweighted_tilt_05,False,0.5,0.0,2,48,48,9,validation_only,20.0,10.36,8.549873774783592,8.267142457318778,54
unweighted_tilt_05,False,0.5,0.0,2,48,48,9,validation_only,20.0,10.5,8.55631313110215,8.5075743170438,55
unweighted_tilt_05,False,0.5,0.0,2,48,48,9,validation_only,20.0,10.14,8.55969325619577,8.636943744752307,56
unweighted_tilt_05,False,0.5,0.0,2,48,48,9,two_channel_kg,20.0,11.54,8.548775794093078,8.35949741315595,01
unweighted_tilt_05,False,0.5,0.0,2,48,48,9,two_channel_kg,20.0,10.3,8.559873156883116,8.635873229939312,02
unweighted_tilt_05,False,0.5,0.0,2,48,48,9,two_channel_kg,20.0,11.3,8.555740043187933,8.519881085098477,04
unweighted_tilt_05,False,0.5,0.0,2,48,48,9,two_channel_kg,20.0,8.58,8.550030263858622,8.29320987654321,05
unweighted_tilt_05,False,0.5,0.0,2,48,48,9,two_channel_kg,20.0,10.7,8.552237628673778,8.431945521937767,06
unweighted_tilt_05,False,0.5,0.0,2,48,48,9,two_channel_kg,20.0,10.7,8.556093859389764,8.508233957978423,08
unweighted_tilt_05,False,0.5,0.0,2,48,48,9,two_channel_kg,20.0,10.1,8.55762160866287,8.553915436577434,09
unweighted_tilt_05,False,0.5,0.0,2,48,48,9,two_channel_kg,20.0,10.32,8.561565280248754,8.68655574679671,10
unweighted_tilt_05,False,0.5,0.0,2,48,48,9,two_channel_kg,20.0,13.18,8.567009408135942,8.715625586193958,11
unweighted_tilt_05,False,0.5,0.0,2,48,48,9,two_channel_kg,20.0,7.36,8.556775595192944,8.560529336304098,12
unweighted_tilt_05,False,0.5,0.0,2,48,48,9,two_channel_kg,20.0,11.42,8.554059045544403,8.443810730882975,13
unweighted_tilt_05,False,0.5,0.0,2,48,48,9,two_channel_kg,20.0,9.84,8.559539731660337,8.658482845451683,15
unweighted_tilt_05,False,0.5,0.0,2,48,48,9,two_channel_kg,20.0,9.48,8.55645315675998,8.519994162288384,16
unweighted_tilt_05,False,0.5,0.0,2,48,48,9,two_channel_kg,20.0,9.18,8.561423265756456,8.66492682427592,17
unweighted_tilt_05,False,0.5,0.0,2,48,48,9,two_channel_kg,20.0,10.16,8.554316439410849,8.485706993363962,18
unweighted_tilt_05,False,0.5,0.0,2,48,48,9,two_channel_kg,20.0,9.56,8.557995383445217,8.577984966753396,19
unweighted_tilt_05,False,0.5,0.0,2,48,48,9,two_channel_kg,20.0,10.42,8.556074247419449,8.534743722050223,20
unweighted_tilt_05,False,0.5,0.0,2,48,48,9,two_channel_kg,20.0,6.72,8.55178770310865,8.30594265577447,22
unweighted_tilt_05,False,0.5,0.0,2,48,48,9,two_channel_kg,20.0,9.84,8.558128848553592,8.594057633792733,23
unweighted_tilt_05,False,0.5,0.0,2,48,48,9,two_channel_kg,20.0,11.02,8.561159002354248,8.630635650276268,24
unweighted_tilt_05,False,0.5,0.0,2,48,48,9,two_channel_kg,20.0,10.56,8.559724717093413,8.637808611816821,25
unweighted_tilt_05,False,0.5,0.0,2,48,48,9,two_channel_kg,20.0,8.78,8.556575292973909,8.529325204961111,26
unweighted_tilt_05,False,0.5,0.0,2,48,48,9,two_channel_kg,20.0,11.68,8.559885495875559,8.632127728901924,27
unweighted_tilt_05,False,0.5,0.0,2,48,48,9,two_channel_kg,20.0,7.44,8.560288143395027,8.698599093531108,28
unweighted_tilt_05,False,0.5,0.0,2,48,48,9,two_channel_kg,20.0,8.68,8.552899316423316,8.384601691143747,29
unweighted_tilt_05,False,0.5,0.0,2,48,48,9,two_channel_kg,20.0,10.0,8.557934388375754,8.572748028227481,30
unweighted_tilt_05,False,0.5,0.0,2,48,48,9,two_channel_kg,20.0,10.62,8.566576031501848,8.814423125346226,31
unweighted_tilt_05,False,0.5,0.0,2,48,48,9,two_channel_kg,20.0,6.34,8.550856337817203,8.271645021645021,32
unweighted_tilt_05,False,0.5,0.0,2,48,48,9,two_channel_kg,20.0,10.84,8.56528486592606,8.757779437391088,33
unweighted_tilt_05,False,0.5,0.0,2,48,48,9,two_channel_kg,20.0,10.84,8.561025029095894,8.648255191607793,34
unweighted_tilt_05,False,0.5,0.0,2,48,48,9,two_channel_kg,20.0,11.14,8.55003850288519,8.344547053649956,35
unweighted_tilt_05,False,0.5,0.0,2,48,48,9,two_channel_kg,20.0,11.38,8.556149502620716,8.55199342375668,36
unweighted_tilt_05,False,0.5,0.0,2,48,48,9,two_channel_kg,20.0,10.28,8.555149335305389,8.525340283811179,37
unweighted_tilt_05,False,0.5,0.0,2,48,48,9,two_channel_kg,20.0,10.62,8.569398818521083,8.852889474840696,38
unweighted_tilt_05,False,0.5,0.0,2,48,48,9,two_channel_kg,20.0,11.34,8.554905552661632,8.497960372960375,39
unweighted_tilt_05,False,0.5,0.0,2,48,48,9,two_channel_kg,20.0,9.86,8.554131791278927,8.43805003460892,40
unweighted_tilt_05,False,0.5,0.0,2,48,48,9,two_channel_kg,20.0,10.0,8.545733544337951,8.179193899782135,41
unweighted_tilt_05,False,0.5,0.0,2,48,48,9,two_channel_kg,20.0,10.88,8.564001196256767,8.715135738192634,44
unweighted_tilt_05,False,0.5,0.0,2,48,48,9,two_channel_kg,20.0,9.28,8.561280327239158,8.683043063859284,45
unweighted_tilt_05,False,0.5,0.0,2,48,48,9,two_channel_kg,20.0,9.76,8.564963760665613,8.805004409171076,46
unweighted_tilt_05,False,0.5,0.0,2,48,48,9,two_channel_kg,20.0,11.44,8.555597392907714,8.50069498069498,48
unweighted_tilt_05,False,0.5,0.0,2,48,48,9,two_channel_kg,20.0,10.72,8.554254317732516,8.465273829827554,49
unweighted_tilt_05,False,0.5,0.0,2,48,48,9,two_channel_kg,20.0,11.32,8.55973758184541,8.580938833570412,50
unweighted_tilt_05,False,0.5,0.0,2,48,48,9,two_channel_kg,20.0,11.18,8.559074565373601,8.594168096054887,51
unweighted_tilt_05,False,0.5,0.0,2,48,48,9,two_channel_kg,20.0,12.24,8.551608687468434,8.444160681032189,53
unweighted_tilt_05,False,0.5,0.0,2,48,48,9,two_channel_kg,20.0,0.4,8.555667944760367,8.267142457318778,54
unweighted_tilt_05,False,0.5,0.0,2,48,48,9,two_channel_kg,20.0,10.0,8.555815413318774,8.5075743170438,55
unweighted_tilt_05,False,0.5,0.0,2,48,48,9,two_channel_kg,20.0,10.66,8.560925426909657,8.636943744752307,56
unweighted_tilt_05,False,0.5,0.0,2,144,48,9,uniform,78.5,0.0,8.554601359964709,8.35949741315595,01
unweighted_tilt_05,False,0.5,0.0,2,144,48,9,uniform,80.4,0.0,8.557914257061286,8.635873229939312,02
unweighted_tilt_05,False,0.5,0.0,2,144,48,9,uniform,79.66,0.0,8.556059356302073,8.519881085098477,04
unweighted_tilt_05,False,0.5,0.0,2,144,48,9,uniform,79.26,0.0,8.554627711380968,8.29320987654321,05
unweighted_tilt_05,False,0.5,0.0,2,144,48,9,uniform,81.22,0.0,8.55567333162147,8.431945521937767,06
unweighted_tilt_05,False,0.5,0.0,2,144,48,9,uniform,80.36,0.0,8.556596769676453,8.508233957978423,08
unweighted_tilt_05,False,0.5,0.0,2,144,48,9,uniform,80.62,0.0,8.55781317920146,8.553915436577434,09
unweighted_tilt_05,False,0.5,0.0,2,144,48,9,uniform,80.24,0.0,8.557678174791043,8.68655574679671,10
unweighted_tilt_05,False,0.5,0.0,2,144,48,9,uniform,79.5,0.0,8.557826236855846,8.715625586193958,11
unweighted_tilt_05,False,0.5,0.0,2,144,48,9,uniform,79.04,0.0,8.557118103167296,8.560529336304098,12
unweighted_tilt_05,False,0.5,0.0,2,144,48,9,uniform,80.04,0.0,8.555902026806644,8.443810730882975,13
unweighted_tilt_05,False,0.5,0.0,2,144,48,9,uniform,82.32,0.0,8.557487449063087,8.658482845451683,15
unweighted_tilt_05,False,0.5,0.0,2,144,48,9,uniform,81.26,0.0,8.556729541709899,8.519994162288384,16
unweighted_tilt_05,False,0.5,0.0,2,144,48,9,uniform,81.48,0.0,8.558635665045916,8.66492682427592,17
unweighted_tilt_05,False,0.5,0.0,2,144,48,9,uniform,78.08,0.0,8.55652718730158,8.485706993363962,18
unweighted_tilt_05,False,0.5,0.0,2,144,48,9,uniform,81.48,0.0,8.557116009969988,8.577984966753396,19
unweighted_tilt_05,False,0.5,0.0,2,144,48,9,uniform,79.04,0.0,8.557018994522124,8.534743722050223,20
unweighted_tilt_05,False,0.5,0.0,2,144,48,9,uniform,78.94,0.0,8.555350458700385,8.30594265577447,22
unweighted_tilt_05,False,0.5,0.0,2,144,48,9,uniform,78.86,0.0,8.557372881299656,8.594057633792733,23
unweighted_tilt_05,False,0.5,0.0,2,144,48,9,uniform,78.52,0.0,8.55774863669429,8.630635650276268,24
unweighted_tilt_05,False,0.5,0.0,2,144,48,9,uniform,80.68,0.0,8.557763870088944,8.637808611816821,25
unweighted_tilt_05,False,0.5,0.0,2,144,48,9,uniform,81.38,0.0,8.55741259671525,8.529325204961111,26
unweighted_tilt_05,False,0.5,0.0,2,144,48,9,uniform,79.28,0.0,8.557709346501047,8.632127728901924,27
unweighted_tilt_05,False,0.5,0.0,2,144,48,9,uniform,79.02,0.0,8.55824409568618,8.698599093531108,28
unweighted_tilt_05,False,0.5,0.0,2,144,48,9,uniform,80.02,0.0,8.555135142095871,8.384601691143747,29
unweighted_tilt_05,False,0.5,0.0,2,144,48,9,uniform,78.58,0.0,8.556436716323121,8.572748028227481,30
unweighted_tilt_05,False,0.5,0.0,2,144,48,9,uniform,80.6,0.0,8.559347734057113,8.814423125346226,31
unweighted_tilt_05,False,0.5,0.0,2,144,48,9,uniform,82.02,0.0,8.555025223029006,8.271645021645021,32
unweighted_tilt_05,False,0.5,0.0,2,144,48,9,uniform,80.56,0.0,8.558556592637018,8.757779437391088,33
unweighted_tilt_05,False,0.5,0.0,2,144,48,9,uniform,79.66,0.0,8.558163511620204,8.648255191607793,34
unweighted_tilt_05,False,0.5,0.0,2,144,48,9,uniform,80.88,0.0,8.554797302584845,8.344547053649956,35
unweighted_tilt_05,False,0.5,0.0,2,144,48,9,uniform,79.12,0.0,8.556503853850893,8.55199342375668,36
unweighted_tilt_05,False,0.5,0.0,2,144,48,9,uniform,78.0,0.0,8.556501728449376,8.525340283811179,37
unweighted_tilt_05,False,0.5,0.0,2,144,48,9,uniform,79.4,0.0,8.559856039725037,8.852889474840696,38
unweighted_tilt_05,False,0.5,0.0,2,144,48,9,uniform,79.84,0.0,8.555700273669034,8.497960372960375,39
unweighted_tilt_05,False,0.5,0.0,2,144,48,9,uniform,80.78,0.0,8.556609537364238,8.43805003460892,40
unweighted_tilt_05,False,0.5,0.0,2,144,48,9,uniform,79.14,0.0,8.554160891130472,8.179193899782135,41
unweighted_tilt_05,False,0.5,0.0,2,144,48,9,uniform,80.46,0.0,8.558340011323777,8.715135738192634,44
unweighted_tilt_05,False,0.5,0.0,2,144,48,9,uniform,79.82,0.0,8.558829692001149,8.683043063859284,45
unweighted_tilt_05,False,0.5,0.0,2,144,48,9,uniform,80.44,0.0,8.559008047582072,8.805004409171076,46
unweighted_tilt_05,False,0.5,0.0,2,144,48,9,uniform,80.66,0.0,8.556268160354145,8.50069498069498,48
unweighted_tilt_05,False,0.5,0.0,2,144,48,9,uniform,81.58,0.0,8.55639550717062,8.465273829827554,49
unweighted_tilt_05,False,0.5,0.0,2,144,48,9,uniform,81.04,0.0,8.558018661949966,8.580938833570412,50
unweighted_tilt_05,False,0.5,0.0,2,144,48,9,uniform,78.14,0.0,8.557361192548539,8.594168096054887,51
unweighted_tilt_05,False,0.5,0.0,2,144,48,9,uniform,80.1,0.0,8.55503420504561,8.444160681032189,53
unweighted_tilt_05,False,0.5,0.0,2,144,48,9,uniform,79.5,0.0,8.555640164738147,8.267142457318778,54
unweighted_tilt_05,False,0.5,0.0,2,144,48,9,uniform,80.7,0.0,8.557289779814106,8.5075743170438,55
unweighted_tilt_05,False,0.5,0.0,2,144,48,9,uniform,79.78,0.0,8.558056013260464,8.636943744752307,56
unweighted_tilt_05,False,0.5,0.0,2,144,48,9,uniform_blind,78.5,0.0,8.423242799140064,8.35949741315595,01
unweighted_tilt_05,False,0.5,0.0,2,144,48,9,uniform_blind,80.4,0.0,8.47108311165121,8.635873229939312,02
unweighted_tilt_05,False,0.5,0.0,2,144,48,9,uniform_blind,79.66,0.0,8.447236938739506,8.519881085098477,04
unweighted_tilt_05,False,0.5,0.0,2,144,48,9,uniform_blind,79.26,0.0,8.42762646464273,8.29320987654321,05
unweighted_tilt_05,False,0.5,0.0,2,144,48,9,uniform_blind,81.22,0.0,8.43378339162477,8.431945521937767,06
unweighted_tilt_05,False,0.5,0.0,2,144,48,9,uniform_blind,80.36,0.0,8.459845333813407,8.508233957978423,08
unweighted_tilt_05,False,0.5,0.0,2,144,48,9,uniform_blind,80.62,0.0,8.477677265822335,8.553915436577434,09
unweighted_tilt_05,False,0.5,0.0,2,144,48,9,uniform_blind,80.24,0.0,8.473057607078395,8.68655574679671,10
unweighted_tilt_05,False,0.5,0.0,2,144,48,9,uniform_blind,79.5,0.0,8.460035142260477,8.715625586193958,11
unweighted_tilt_05,False,0.5,0.0,2,144,48,9,uniform_blind,79.04,0.0,8.475094904227582,8.560529336304098,12
unweighted_tilt_05,False,0.5,0.0,2,144,48,9,uniform_blind,80.04,0.0,8.44585661728011,8.443810730882975,13
unweighted_tilt_05,False,0.5,0.0,2,144,48,9,uniform_blind,82.32,0.0,8.459361843445045,8.658482845451683,15
unweighted_tilt_05,False,0.5,0.0,2,144,48,9,uniform_blind,81.26,0.0,8.462389587077768,8.519994162288384,16
unweighted_tilt_05,False,0.5,0.0,2,144,48,9,uniform_blind,81.48,0.0,8.489437251689182,8.66492682427592,17
unweighted_tilt_05,False,0.5,0.0,2,144,48,9,uniform_blind,78.08,0.0,8.455246184071868,8.485706993363962,18
unweighted_tilt_05,False,0.5,0.0,2,144,48,9,uniform_blind,81.48,0.0,8.463672780181863,8.577984966753396,19
unweighted_tilt_05,False,0.5,0.0,2,144,48,9,uniform_blind,79.04,0.0,8.458992630448568,8.534743722050223,20
unweighted_tilt_05,False,0.5,0.0,2,144,48,9,uniform_blind,78.94,0.0,8.445495150446895,8.30594265577447,22
unweighted_tilt_05,False,0.5,0.0,2,144,48,9,uniform_blind,78.86,0.0,8.466482948539547,8.594057633792733,23
unweighted_tilt_05,False,0.5,0.0,2,144,48,9,uniform_blind,78.52,0.0,8.471950882150757,8.630635650276268,24
unweighted_tilt_05,False,0.5,0.0,2,144,48,9,uniform_blind,80.68,0.0,8.47397007029812,8.637808611816821,25
unweighted_tilt_05,False,0.5,0.0,2,144,48,9,uniform_blind,81.38,0.0,8.472834224205359,8.529325204961111,26
unweighted_tilt_05,False,0.5,0.0,2,144,48,9,uniform_blind,79.28,0.0,8.465965609241412,8.632127728901924,27
unweighted_tilt_05,False,0.5,0.0,2,144,48,9,uniform_blind,79.02,0.0,8.48752529519597,8.698599093531108,28
unweighted_tilt_05,False,0.5,0.0,2,144,48,9,uniform_blind,80.02,0.0,8.438955341510603,8.384601691143747,29
unweighted_tilt_05,False,0.5,0.0,2,144,48,9,uniform_blind,78.58,0.0,8.460276385484987,8.572748028227481,30
unweighted_tilt_05,False,0.5,0.0,2,144,48,9,uniform_blind,80.6,0.0,8.48695260394855,8.814423125346226,31
unweighted_tilt_05,False,0.5,0.0,2,144,48,9,uniform_blind,82.02,0.0,8.439537593056695,8.271645021645021,32
unweighted_tilt_05,False,0.5,0.0,2,144,48,9,uniform_blind,80.56,0.0,8.476590409515353,8.757779437391088,33
unweighted_tilt_05,False,0.5,0.0,2,144,48,9,uniform_blind,79.66,0.0,8.476184730906267,8.648255191607793,34
unweighted_tilt_05,False,0.5,0.0,2,144,48,9,uniform_blind,80.88,0.0,8.41712927329568,8.344547053649956,35
unweighted_tilt_05,False,0.5,0.0,2,144,48,9,uniform_blind,79.12,0.0,8.448542974190035,8.55199342375668,36
unweighted_tilt_05,False,0.5,0.0,2,144,48,9,uniform_blind,78.0,0.0,8.458950826518013,8.525340283811179,37
unweighted_tilt_05,False,0.5,0.0,2,144,48,9,uniform_blind,79.4,0.0,8.490531502124119,8.852889474840696,38
unweighted_tilt_05,False,0.5,0.0,2,144,48,9,uniform_blind,79.84,0.0,8.441081709712208,8.497960372960375,39
unweighted_tilt_05,False,0.5,0.0,2,144,48,9,uniform_blind,80.78,0.0,8.456364245289397,8.43805003460892,40
unweighted_tilt_05,False,0.5,0.0,2,144,48,9,uniform_blind,79.14,0.0,8.420123413964118,8.179193899782135,41
unweighted_tilt_05,False,0.5,0.0,2,144,48,9,uniform_blind,80.46,0.0,8.476583626793062,8.715135738192634,44
unweighted_tilt_05,False,0.5,0.0,2,144,48,9,uniform_blind,79.82,0.0,8.4908618510083,8.683043063859284,45
unweighted_tilt_05,False,0.5,0.0,2,144,48,9,uniform_blind,80.44,0.0,8.493849635299801,8.805004409171076,46
unweighted_tilt_05,False,0.5,0.0,2,144,48,9,uniform_blind,80.66,0.0,8.451384577856688,8.50069498069498,48
unweighted_tilt_05,False,0.5,0.0,2,144,48,9,uniform_blind,81.58,0.0,8.45435063231635,8.465273829827554,49
unweighted_tilt_05,False,0.5,0.0,2,144,48,9,uniform_blind,81.04,0.0,8.47048875110105,8.580938833570412,50
unweighted_tilt_05,False,0.5,0.0,2,144,48,9,uniform_blind,78.14,0.0,8.46432278435698,8.594168096054887,51
unweighted_tilt_05,False,0.5,0.0,2,144,48,9,uniform_blind,80.1,0.0,8.427224565935042,8.444160681032189,53
unweighted_tilt_05,False,0.5,0.0,2,144,48,9,uniform_blind,79.5,0.0,8.460094750739561,8.267142457318778,54
unweighted_tilt_05,False,0.5,0.0,2,144,48,9,uniform_blind,80.7,0.0,8.467065128335282,8.5075743170438,55
unweighted_tilt_05,False,0.5,0.0,2,144,48,9,uniform_blind,79.78,0.0,8.476915416783992,8.636943744752307,56
unweighted_tilt_05,False,0.5,0.0,2,144,48,9,uncertainty,40.0,0.0,8.554622217445505,8.35949741315595,01
unweighted_tilt_05,False,0.5,0.0,2,144,48,9,uncertainty,20.0,0.0,8.557842231021674,8.635873229939312,02
unweighted_tilt_05,False,0.5,0.0,2,144,48,9,uncertainty,40.0,0.0,8.556101913672356,8.519881085098477,04
unweighted_tilt_05,False,0.5,0.0,2,144,48,9,uncertainty,40.0,0.0,8.554756272620956,8.29320987654321,05
unweighted_tilt_05,False,0.5,0.0,2,144,48,9,uncertainty,40.0,0.0,8.555721045899533,8.431945521937767,06
unweighted_tilt_05,False,0.5,0.0,2,144,48,9,uncertainty,20.0,0.0,8.556657242323745,8.508233957978423,08
unweighted_tilt_05,False,0.5,0.0,2,144,48,9,uncertainty,20.0,0.0,8.557808368097252,8.553915436577434,09
unweighted_tilt_05,False,0.5,0.0,2,144,48,9,uncertainty,40.0,0.0,8.557702450578038,8.68655574679671,10
unweighted_tilt_05,False,0.5,0.0,2,144,48,9,uncertainty,20.0,0.0,8.55794253464733,8.715625586193958,11
unweighted_tilt_05,False,0.5,0.0,2,144,48,9,uncertainty,60.0,0.0,8.55712695345962,8.560529336304098,12
unweighted_tilt_05,False,0.5,0.0,2,144,48,9,uncertainty,40.0,0.0,8.556027513295422,8.443810730882975,13
unweighted_tilt_05,False,0.5,0.0,2,144,48,9,uncertainty,40.0,0.0,8.557461105067652,8.658482845451683,15
unweighted_tilt_05,False,0.5,0.0,2,144,48,9,uncertainty,40.0,0.0,8.55672687439613,8.519994162288384,16
unweighted_tilt_05,False,0.5,0.0,2,144,48,9,uncertainty,20.0,0.0,8.558529222340463,8.66492682427592,17
unweighted_tilt_05,False,0.5,0.0,2,144,48,9,uncertainty,40.0,0.0,8.556557213726013,8.485706993363962,18
unweighted_tilt_05,False,0.5,0.0,2,144,48,9,uncertainty,40.0,0.0,8.556977145661468,8.577984966753396,19
unweighted_tilt_05,False,0.5,0.0,2,144,48,9,uncertainty,40.0,0.0,8.556944657377441,8.534743722050223,20
unweighted_tilt_05,False,0.5,0.0,2,144,48,9,uncertainty,60.0,0.0,8.555298390483763,8.30594265577447,22
unweighted_tilt_05,False,0.5,0.0,2,144,48,9,uncertainty,40.0,0.0,8.557287867267227,8.594057633792733,23
unweighted_tilt_05,False,0.5,0.0,2,144,48,9,uncertainty,20.0,0.0,8.557524483081298,8.630635650276268,24
unweighted_tilt_05,False,0.5,0.0,2,144,48,9,uncertainty,20.0,0.0,8.557571430621115,8.637808611816821,25
unweighted_tilt_05,False,0.5,0.0,2,144,48,9,uncertainty,40.0,0.0,8.557375798467366,8.529325204961111,26
unweighted_tilt_05,False,0.5,0.0,2,144,48,9,uncertainty,20.0,0.0,8.55783730981169,8.632127728901924,27
unweighted_tilt_05,False,0.5,0.0,2,144,48,9,uncertainty,40.0,0.0,8.558126836863561,8.698599093531108,28
unweighted_tilt_05,False,0.5,0.0,2,144,48,9,uncertainty,40.0,0.0,8.555359604820543,8.384601691143747,29
unweighted_tilt_05,False,0.5,0.0,2,144,48,9,uncertainty,40.0,0.0,8.556274565675356,8.572748028227481,30
unweighted_tilt_05,False,0.5,0.0,2,144,48,9,uncertainty,20.0,0.0,8.558937640880695,8.814423125346226,31
unweighted_tilt_05,False,0.5,0.0,2,144,48,9,uncertainty,40.0,0.0,8.555023484966284,8.271645021645021,32
unweighted_tilt_05,False,0.5,0.0,2,144,48,9,uncertainty,20.0,0.0,8.558323011355435,8.757779437391088,33
unweighted_tilt_05,False,0.5,0.0,2,144,48,9,uncertainty,20.0,0.0,8.55813742880687,8.648255191607793,34
unweighted_tilt_05,False,0.5,0.0,2,144,48,9,uncertainty,20.0,0.0,8.555024229216059,8.344547053649956,35
unweighted_tilt_05,False,0.5,0.0,2,144,48,9,uncertainty,20.0,0.0,8.556327990755296,8.55199342375668,36
unweighted_tilt_05,False,0.5,0.0,2,144,48,9,uncertainty,40.0,0.0,8.556363380186195,8.525340283811179,37
unweighted_tilt_05,False,0.5,0.0,2,144,48,9,uncertainty,20.0,0.0,8.559420078166339,8.852889474840696,38
unweighted_tilt_05,False,0.5,0.0,2,144,48,9,uncertainty,20.0,0.0,8.555800773579978,8.497960372960375,39
unweighted_tilt_05,False,0.5,0.0,2,144,48,9,uncertainty,40.0,0.0,8.556622611574424,8.43805003460892,40
unweighted_tilt_05,False,0.5,0.0,2,144,48,9,uncertainty,40.0,0.0,8.5542070420293,8.179193899782135,41
unweighted_tilt_05,False,0.5,0.0,2,144,48,9,uncertainty,20.0,0.0,8.558232366912252,8.715135738192634,44
unweighted_tilt_05,False,0.5,0.0,2,144,48,9,uncertainty,40.0,0.0,8.558645338645517,8.683043063859284,45
unweighted_tilt_05,False,0.5,0.0,2,144,48,9,uncertainty,20.0,0.0,8.55874365573738,8.805004409171076,46
unweighted_tilt_05,False,0.5,0.0,2,144,48,9,uncertainty,40.0,0.0,8.556193391657759,8.50069498069498,48
unweighted_tilt_05,False,0.5,0.0,2,144,48,9,uncertainty,40.0,0.0,8.556448642070576,8.465273829827554,49
unweighted_tilt_05,False,0.5,0.0,2,144,48,9,uncertainty,20.0,0.0,8.557778454255512,8.580938833570412,50
unweighted_tilt_05,False,0.5,0.0,2,144,48,9,uncertainty,20.0,0.0,8.557276534840208,8.594168096054887,51
unweighted_tilt_05,False,0.5,0.0,2,144,48,9,uncertainty,20.0,0.0,8.555275872387023,8.444160681032189,53
unweighted_tilt_05,False,0.5,0.0,2,144,48,9,uncertainty,2320.0,0.0,8.555583030194217,8.267142457318778,54
unweighted_tilt_05,False,0.5,0.0,2,144,48,9,uncertainty,40.0,0.0,8.557248318023682,8.5075743170438,55
unweighted_tilt_05,False,0.5,0.0,2,144,48,9,uncertainty,40.0,0.0,8.557959774067504,8.636943744752307,56
unweighted_tilt_05,False,0.5,0.0,2,144,48,9,boundary,69.22,0.0,8.554057075673573,8.35949741315595,01
unweighted_tilt_05,False,0.5,0.0,2,144,48,9,boundary,58.76,0.0,8.55796511062639,8.635873229939312,02
unweighted_tilt_05,False,0.5,0.0,2,144,48,9,boundary,82.24,0.0,8.556014399313346,8.519881085098477,04
unweighted_tilt_05,False,0.5,0.0,2,144,48,9,boundary,132.82,0.0,8.554491193816302,8.29320987654321,05
unweighted_tilt_05,False,0.5,0.0,2,144,48,9,boundary,92.48,0.0,8.555690799003063,8.431945521937767,06
unweighted_tilt_05,False,0.5,0.0,2,144,48,9,boundary,43.36,0.0,8.556612717594936,8.508233957978423,08
unweighted_tilt_05,False,0.5,0.0,2,144,48,9,boundary,63.9,0.0,8.557840579145445,8.553915436577434,09
unweighted_tilt_05,False,0.5,0.0,2,144,48,9,boundary,71.76,0.0,8.557828235823738,8.68655574679671,10
unweighted_tilt_05,False,0.5,0.0,2,144,48,9,boundary,21.7,0.0,8.557922637474023,8.715625586193958,11
unweighted_tilt_05,False,0.5,0.0,2,144,48,9,boundary,103.92,0.0,8.557641232725382,8.560529336304098,12
unweighted_tilt_05,False,0.5,0.0,2,144,48,9,boundary,98.4,0.0,8.555817401909405,8.443810730882975,13
unweighted_tilt_05,False,0.5,0.0,2,144,48,9,boundary,91.82,0.0,8.557655429869472,8.658482845451683,15
unweighted_tilt_05,False,0.5,0.0,2,144,48,9,boundary,128.34,0.0,8.556802698976957,8.519994162288384,16
unweighted_tilt_05,False,0.5,0.0,2,144,48,9,boundary,69.8,0.0,8.55867210978568,8.66492682427592,17
unweighted_tilt_05,False,0.5,0.0,2,144,48,9,boundary,108.34,0.0,8.556587939864384,8.485706993363962,18
unweighted_tilt_05,False,0.5,0.0,2,144,48,9,boundary,117.78,0.0,8.557287390599965,8.577984966753396,19
unweighted_tilt_05,False,0.5,0.0,2,144,48,9,boundary,151.38,0.0,8.556845751880733,8.534743722050223,20
unweighted_tilt_05,False,0.5,0.0,2,144,48,9,boundary,133.48,0.0,8.555443169079348,8.30594265577447,22
unweighted_tilt_05,False,0.5,0.0,2,144,48,9,boundary,105.58,0.0,8.557580962141662,8.594057633792733,23
unweighted_tilt_05,False,0.5,0.0,2,144,48,9,boundary,41.26,0.0,8.557593657217684,8.630635650276268,24
unweighted_tilt_05,False,0.5,0.0,2,144,48,9,boundary,35.98,0.0,8.557638889781286,8.637808611816821,25
unweighted_tilt_05,False,0.5,0.0,2,144,48,9,boundary,101.32,0.0,8.557470490044837,8.529325204961111,26
unweighted_tilt_05,False,0.5,0.0,2,144,48,9,boundary,28.68,0.0,8.557770269237226,8.632127728901924,27
unweighted_tilt_05,False,0.5,0.0,2,144,48,9,boundary,61.78,0.0,8.558492715452594,8.698599093531108,28
unweighted_tilt_05,False,0.5,0.0,2,144,48,9,boundary,164.16,0.0,8.555222596469543,8.384601691143747,29
unweighted_tilt_05,False,0.5,0.0,2,144,48,9,boundary,99.1,0.0,8.556295979696063,8.572748028227481,30
unweighted_tilt_05,False,0.5,0.0,2,144,48,9,boundary,38.36,0.0,8.559180289070643,8.814423125346226,31
unweighted_tilt_05,False,0.5,0.0,2,144,48,9,boundary,144.04,0.0,8.554846805540077,8.271645021645021,32
unweighted_tilt_05,False,0.5,0.0,2,144,48,9,boundary,50.7,0.0,8.558460629746966,8.757779437391088,33
unweighted_tilt_05,False,0.5,0.0,2,144,48,9,boundary,46.18,0.0,8.558134098462556,8.648255191607793,34
unweighted_tilt_05,False,0.5,0.0,2,144,48,9,boundary,32.98,0.0,8.554361281054014,8.344547053649956,35
unweighted_tilt_05,False,0.5,0.0,2,144,48,9,boundary,33.6,0.0,8.556076640121743,8.55199342375668,36
unweighted_tilt_05,False,0.5,0.0,2,144,48,9,boundary,98.34,0.0,8.556333780634814,8.525340283811179,37
unweighted_tilt_05,False,0.5,0.0,2,144,48,9,boundary,34.62,0.0,8.55958622313753,8.852889474840696,38
unweighted_tilt_05,False,0.5,0.0,2,144,48,9,boundary,68.74,0.0,8.555478044656432,8.497960372960375,39
unweighted_tilt_05,False,0.5,0.0,2,144,48,9,boundary,113.22,0.0,8.556543071034701,8.43805003460892,40
unweighted_tilt_05,False,0.5,0.0,2,144,48,9,boundary,53.24,0.0,8.55388825050899,8.179193899782135,41
unweighted_tilt_05,False,0.5,0.0,2,144,48,9,boundary,39.52,0.0,8.558452773591762,8.715135738192634,44
unweighted_tilt_05,False,0.5,0.0,2,144,48,9,boundary,65.64,0.0,8.558731225024783,8.683043063859284,45
unweighted_tilt_05,False,0.5,0.0,2,144,48,9,boundary,39.92,0.0,8.55901281796071,8.805004409171076,46
unweighted_tilt_05,False,0.5,0.0,2,144,48,9,boundary,93.54,0.0,8.556120357766364,8.50069498069498,48
unweighted_tilt_05,False,0.5,0.0,2,144,48,9,boundary,101.38,0.0,8.556296655794467,8.465273829827554,49
unweighted_tilt_05,False,0.5,0.0,2,144,48,9,boundary,53.06,0.0,8.557755376306563,8.580938833570412,50
unweighted_tilt_05,False,0.5,0.0,2,144,48,9,boundary,66.14,0.0,8.557402582080547,8.594168096054887,51
unweighted_tilt_05,False,0.5,0.0,2,144,48,9,boundary,27.1,0.0,8.555040695375439,8.444160681032189,53
unweighted_tilt_05,False,0.5,0.0,2,144,48,9,boundary,209.14,0.0,8.555730823853137,8.267142457318778,54
unweighted_tilt_05,False,0.5,0.0,2,144,48,9,boundary,74.3,0.0,8.557018226224514,8.5075743170438,55
unweighted_tilt_05,False,0.5,0.0,2,144,48,9,boundary,78.88,0.0,8.558192579029027,8.636943744752307,56
unweighted_tilt_05,False,0.5,0.0,2,144,48,9,bias_blind_kg,89.88,0.0,8.284283769193832,8.35949741315595,01
unweighted_tilt_05,False,0.5,0.0,2,144,48,9,bias_blind_kg,73.78,0.0,8.403788649894961,8.635873229939312,02
unweighted_tilt_05,False,0.5,0.0,2,144,48,9,bias_blind_kg,89.36,0.0,8.335337089561836,8.519881085098477,04
unweighted_tilt_05,False,0.5,0.0,2,144,48,9,bias_blind_kg,86.04,0.0,8.322375474177814,8.29320987654321,05
unweighted_tilt_05,False,0.5,0.0,2,144,48,9,bias_blind_kg,88.66,0.0,8.32352089120031,8.431945521937767,06
unweighted_tilt_05,False,0.5,0.0,2,144,48,9,bias_blind_kg,86.36,0.0,8.362705448705576,8.508233957978423,08
unweighted_tilt_05,False,0.5,0.0,2,144,48,9,bias_blind_kg,72.02,0.0,8.395402169752662,8.553915436577434,09
unweighted_tilt_05,False,0.5,0.0,2,144,48,9,bias_blind_kg,78.24,0.0,8.406261137250127,8.68655574679671,10
unweighted_tilt_05,False,0.5,0.0,2,144,48,9,bias_blind_kg,94.86,0.0,8.325569718657567,8.715625586193958,11
unweighted_tilt_05,False,0.5,0.0,2,144,48,9,bias_blind_kg,60.56,0.0,8.44532748575499,8.560529336304098,12
unweighted_tilt_05,False,0.5,0.0,2,144,48,9,bias_blind_kg,80.82,0.0,8.341142495668105,8.443810730882975,13
unweighted_tilt_05,False,0.5,0.0,2,144,48,9,bias_blind_kg,78.56,0.0,8.392087816078995,8.658482845451683,15
unweighted_tilt_05,False,0.5,0.0,2,144,48,9,bias_blind_kg,77.26,0.0,8.38267282396058,8.519994162288384,16
unweighted_tilt_05,False,0.5,0.0,2,144,48,9,bias_blind_kg,70.72,0.0,8.425200785482906,8.66492682427592,17
unweighted_tilt_05,False,0.5,0.0,2,144,48,9,bias_blind_kg,79.74,0.0,8.36523393244647,8.485706993363962,18
unweighted_tilt_05,False,0.5,0.0,2,144,48,9,bias_blind_kg,73.8,0.0,8.409432854856881,8.577984966753396,19
unweighted_tilt_05,False,0.5,0.0,2,144,48,9,bias_blind_kg,80.06,0.0,8.366432711027791,8.534743722050223,20
unweighted_tilt_05,False,0.5,0.0,2,144,48,9,bias_blind_kg,74.46,0.0,8.362610044259217,8.30594265577447,22
unweighted_tilt_05,False,0.5,0.0,2,144,48,9,bias_blind_kg,71.08,0.0,8.417829792443207,8.594057633792733,23
unweighted_tilt_05,False,0.5,0.0,2,144,48,9,bias_blind_kg,81.24,0.0,8.380203434282087,8.630635650276268,24
unweighted_tilt_05,False,0.5,0.0,2,144,48,9,bias_blind_kg,81.06,0.0,8.386843035815389,8.637808611816821,25
unweighted_tilt_05,False,0.5,0.0,2,144,48,9,bias_blind_kg,72.54,0.0,8.408249003189955,8.529325204961111,26
unweighted_tilt_05,False,0.5,0.0,2,144,48,9,bias_blind_kg,83.84,0.0,8.363016789377474,8.632127728901924,27
unweighted_tilt_05,False,0.5,0.0,2,144,48,9,bias_blind_kg,60.2,0.0,8.457981181446804,8.698599093531108,28
unweighted_tilt_05,False,0.5,0.0,2,144,48,9,bias_blind_kg,84.24,0.0,8.339254003540063,8.384601691143747,29
unweighted_tilt_05,False,0.5,0.0,2,144,48,9,bias_blind_kg,87.64,0.0,8.355591866577086,8.572748028227481,30
unweighted_tilt_05,False,0.5,0.0,2,144,48,9,bias_blind_kg,82.66,0.0,8.388977234110069,8.814423125346226,31
unweighted_tilt_05,False,0.5,0.0,2,144,48,9,bias_blind_kg,82.8,0.0,8.336985341120057,8.271645021645021,32
unweighted_tilt_05,False,0.5,0.0,2,144,48,9,bias_blind_kg,77.9,0.0,8.395801929729958,8.757779437391088,33
unweighted_tilt_05,False,0.5,0.0,2,144,48,9,bias_blind_kg,81.18,0.0,8.37246812114994,8.648255191607793,34
unweighted_tilt_05,False,0.5,0.0,2,144,48,9,bias_blind_kg,92.34,0.0,8.24490135995182,8.344547053649956,35
unweighted_tilt_05,False,0.5,0.0,2,144,48,9,bias_blind_kg,90.48,0.0,8.308535401658023,8.55199342375668,36
unweighted_tilt_05,False,0.5,0.0,2,144,48,9,bias_blind_kg,79.26,0.0,8.362817774160499,8.525340283811179,37
unweighted_tilt_05,False,0.5,0.0,2,144,48,9,bias_blind_kg,78.0,0.0,8.410454490744318,8.852889474840696,38
unweighted_tilt_05,False,0.5,0.0,2,144,48,9,bias_blind_kg,95.42,0.0,8.299757303859092,8.497960372960375,39
unweighted_tilt_05,False,0.5,0.0,2,144,48,9,bias_blind_kg,73.6,0.0,8.385204586520059,8.43805003460892,40
unweighted_tilt_05,False,0.5,0.0,2,144,48,9,bias_blind_kg,92.68,0.0,8.274404766867352,8.179193899782135,41
unweighted_tilt_05,False,0.5,0.0,2,144,48,9,bias_blind_kg,80.58,0.0,8.400506569478228,8.715135738192634,44
unweighted_tilt_05,False,0.5,0.0,2,144,48,9,bias_blind_kg,67.1,0.0,8.434088631003563,8.683043063859284,45
unweighted_tilt_05,False,0.5,0.0,2,144,48,9,bias_blind_kg,74.26,0.0,8.423201322474698,8.805004409171076,46
unweighted_tilt_05,False,0.5,0.0,2,144,48,9,bias_blind_kg,87.38,0.0,8.341189390677846,8.50069498069498,48
unweighted_tilt_05,False,0.5,0.0,2,144,48,9,bias_blind_kg,83.56,0.0,8.361991018195024,8.465273829827554,49
unweighted_tilt_05,False,0.5,0.0,2,144,48,9,bias_blind_kg,79.42,0.0,8.3831738707074,8.580938833570412,50
unweighted_tilt_05,False,0.5,0.0,2,144,48,9,bias_blind_kg,78.76,0.0,8.386016949381442,8.594168096054887,51
unweighted_tilt_05,False,0.5,0.0,2,144,48,9,bias_blind_kg,94.14,0.0,8.296538629225426,8.444160681032189,53
unweighted_tilt_05,False,0.5,0.0,2,144,48,9,bias_blind_kg,55.06,0.0,8.441847599779466,8.267142457318778,54
unweighted_tilt_05,False,0.5,0.0,2,144,48,9,bias_blind_kg,82.24,0.0,8.356351869029865,8.5075743170438,55
unweighted_tilt_05,False,0.5,0.0,2,144,48,9,bias_blind_kg,74.16,0.0,8.40308885002738,8.636943744752307,56
unweighted_tilt_05,False,0.5,0.0,2,144,48,9,ordinary_kg,78.42,0.0,8.553148250144739,8.35949741315595,01
unweighted_tilt_05,False,0.5,0.0,2,144,48,9,ordinary_kg,77.78,0.0,8.557701322616985,8.635873229939312,02
unweighted_tilt_05,False,0.5,0.0,2,144,48,9,ordinary_kg,91.06,0.0,8.555593128654658,8.519881085098477,04
unweighted_tilt_05,False,0.5,0.0,2,144,48,9,ordinary_kg,86.4,0.0,8.553862232849424,8.29320987654321,05
unweighted_tilt_05,False,0.5,0.0,2,144,48,9,ordinary_kg,88.72,0.0,8.554788521474515,8.431945521937767,06
unweighted_tilt_05,False,0.5,0.0,2,144,48,9,ordinary_kg,87.8,0.0,8.55618141661604,8.508233957978423,08
unweighted_tilt_05,False,0.5,0.0,2,144,48,9,ordinary_kg,81.24,0.0,8.557329758037028,8.553915436577434,09
unweighted_tilt_05,False,0.5,0.0,2,144,48,9,ordinary_kg,71.68,0.0,8.557834501555215,8.68655574679671,10
unweighted_tilt_05,False,0.5,0.0,2,144,48,9,ordinary_kg,88.72,0.0,8.55692010634061,8.715625586193958,11
unweighted_tilt_05,False,0.5,0.0,2,144,48,9,ordinary_kg,69.0,0.0,8.557283596167684,8.560529336304098,12
unweighted_tilt_05,False,0.5,0.0,2,144,48,9,ordinary_kg,85.66,0.0,8.55502486464225,8.443810730882975,13
unweighted_tilt_05,False,0.5,0.0,2,144,48,9,ordinary_kg,78.52,0.0,8.55748180234159,8.658482845451683,15
unweighted_tilt_05,False,0.5,0.0,2,144,48,9,ordinary_kg,85.72,0.0,8.556419762340578,8.519994162288384,16
unweighted_tilt_05,False,0.5,0.0,2,144,48,9,ordinary_kg,71.26,0.0,8.558591442049579,8.66492682427592,17
unweighted_tilt_05,False,0.5,0.0,2,144,48,9,ordinary_kg,90.58,0.0,8.556093952907911,8.485706993363962,18
unweighted_tilt_05,False,0.5,0.0,2,144,48,9,ordinary_kg,76.36,0.0,8.557113354843489,8.577984966753396,19
unweighted_tilt_05,False,0.5,0.0,2,144,48,9,ordinary_kg,85.38,0.0,8.55632156211181,8.534743722050223,20
unweighted_tilt_05,False,0.5,0.0,2,144,48,9,ordinary_kg,83.24,0.0,8.554747486488662,8.30594265577447,22
unweighted_tilt_05,False,0.5,0.0,2,144,48,9,ordinary_kg,73.38,0.0,8.557458928310101,8.594057633792733,23
unweighted_tilt_05,False,0.5,0.0,2,144,48,9,ordinary_kg,85.62,0.0,8.557428269603527,8.630635650276268,24
unweighted_tilt_05,False,0.5,0.0,2,144,48,9,ordinary_kg,82.36,0.0,8.557467717649175,8.637808611816821,25
unweighted_tilt_05,False,0.5,0.0,2,144,48,9,ordinary_kg,80.34,0.0,8.557253823747276,8.529325204961111,26
unweighted_tilt_05,False,0.5,0.0,2,144,48,9,ordinary_kg,85.36,0.0,8.557326077553467,8.632127728901924,27
unweighted_tilt_05,False,0.5,0.0,2,144,48,9,ordinary_kg,58.56,0.0,8.55854013105638,8.698599093531108,28
unweighted_tilt_05,False,0.5,0.0,2,144,48,9,ordinary_kg,88.54,0.0,8.55477698567528,8.384601691143747,29
unweighted_tilt_05,False,0.5,0.0,2,144,48,9,ordinary_kg,85.08,0.0,8.5561626946308,8.572748028227481,30
unweighted_tilt_05,False,0.5,0.0,2,144,48,9,ordinary_kg,69.4,0.0,8.55928197289593,8.814423125346226,31
unweighted_tilt_05,False,0.5,0.0,2,144,48,9,ordinary_kg,84.08,0.0,8.554267659602479,8.271645021645021,32
unweighted_tilt_05,False,0.5,0.0,2,144,48,9,ordinary_kg,72.06,0.0,8.558598855600591,8.757779437391088,33
unweighted_tilt_05,False,0.5,0.0,2,144,48,9,ordinary_kg,85.3,0.0,8.557575778008989,8.648255191607793,34
unweighted_tilt_05,False,0.5,0.0,2,144,48,9,ordinary_kg,57.78,0.0,8.553336430201876,8.344547053649956,35
unweighted_tilt_05,False,0.5,0.0,2,144,48,9,ordinary_kg,82.74,0.0,8.555427803356645,8.55199342375668,36
unweighted_tilt_05,False,0.5,0.0,2,144,48,9,ordinary_kg,84.86,0.0,8.555663139307692,8.525340283811179,37
unweighted_tilt_05,False,0.5,0.0,2,144,48,9,ordinary_kg,69.7,0.0,8.559790041266675,8.852889474840696,38
unweighted_tilt_05,False,0.5,0.0,2,144,48,9,ordinary_kg,88.44,0.0,8.554843978381868,8.497960372960375,39
unweighted_tilt_05,False,0.5,0.0,2,144,48,9,ordinary_kg,90.82,0.0,8.55621359393818,8.43805003460892,40
unweighted_tilt_05,False,0.5,0.0,2,144,48,9,ordinary_kg,69.44,0.0,8.553019842135901,8.179193899782135,41
unweighted_tilt_05,False,0.5,0.0,2,144,48,9,ordinary_kg,68.54,0.0,8.558515901725533,8.715135738192634,44
unweighted_tilt_05,False,0.5,0.0,2,144,48,9,ordinary_kg,64.02,0.0,8.55878120942726,8.683043063859284,45
unweighted_tilt_05,False,0.5,0.0,2,144,48,9,ordinary_kg,66.02,0.0,8.559056164316637,8.805004409171076,46
unweighted_tilt_05,False,0.5,0.0,2,144,48,9,ordinary_kg,89.3,0.0,8.555527422964646,8.50069498069498,48
unweighted_tilt_05,False,0.5,0.0,2,144,48,9,ordinary_kg,87.0,0.0,8.555966365510589,8.465273829827554,49
unweighted_tilt_05,False,0.5,0.0,2,144,48,9,ordinary_kg,79.84,0.0,8.557507171683064,8.580938833570412,50
unweighted_tilt_05,False,0.5,0.0,2,144,48,9,ordinary_kg,85.14,0.0,8.557271512223647,8.594168096054887,51
unweighted_tilt_05,False,0.5,0.0,2,144,48,9,ordinary_kg,84.68,0.0,8.553954777551594,8.444160681032189,53
unweighted_tilt_05,False,0.5,0.0,2,144,48,9,ordinary_kg,81.84,0.0,8.555572414781928,8.267142457318778,54
unweighted_tilt_05,False,0.5,0.0,2,144,48,9,ordinary_kg,85.06,0.0,8.556702107932729,8.5075743170438,55
unweighted_tilt_05,False,0.5,0.0,2,144,48,9,ordinary_kg,77.16,0.0,8.557997096968466,8.636943744752307,56
unweighted_tilt_05,False,0.5,0.0,2,144,48,9,two_channel_uniform,39.44,19.4,8.546362917975213,8.35949741315595,01
unweighted_tilt_05,False,0.5,0.0,2,144,48,9,two_channel_uniform,40.48,19.18,8.560773302780277,8.635873229939312,02
unweighted_tilt_05,False,0.5,0.0,2,144,48,9,two_channel_uniform,39.12,20.84,8.555187495751724,8.519881085098477,04
unweighted_tilt_05,False,0.5,0.0,2,144,48,9,two_channel_uniform,39.72,21.32,8.541700559525305,8.29320987654321,05
unweighted_tilt_05,False,0.5,0.0,2,144,48,9,two_channel_uniform,40.38,19.42,8.547872428880975,8.431945521937767,06
unweighted_tilt_05,False,0.5,0.0,2,144,48,9,two_channel_uniform,40.18,19.94,8.554797076268754,8.508233957978423,08
unweighted_tilt_05,False,0.5,0.0,2,144,48,9,two_channel_uniform,40.34,19.88,8.557656559720456,8.553915436577434,09
unweighted_tilt_05,False,0.5,0.0,2,144,48,9,two_channel_uniform,40.3,19.6,8.564499019117251,8.68655574679671,10
unweighted_tilt_05,False,0.5,0.0,2,144,48,9,two_channel_uniform,40.78,19.42,8.56894434449617,8.715625586193958,11
unweighted_tilt_05,False,0.5,0.0,2,144,48,9,two_channel_uniform,40.06,20.24,8.557489971705593,8.560529336304098,12
unweighted_tilt_05,False,0.5,0.0,2,144,48,9,two_channel_uniform,40.38,20.38,8.551063417968725,8.443810730882975,13
unweighted_tilt_05,False,0.5,0.0,2,144,48,9,two_channel_uniform,40.0,20.22,8.562100354776904,8.658482845451683,15
unweighted_tilt_05,False,0.5,0.0,2,144,48,9,two_channel_uniform,41.38,19.62,8.55525808842366,8.519994162288384,16
unweighted_tilt_05,False,0.5,0.0,2,144,48,9,two_channel_uniform,40.16,19.26,8.562463076101416,8.66492682427592,17
unweighted_tilt_05,False,0.5,0.0,2,144,48,9,two_channel_uniform,40.02,19.84,8.55118370315062,8.485706993363962,18
unweighted_tilt_05,False,0.5,0.0,2,144,48,9,two_channel_uniform,40.84,20.16,8.558294309981669,8.577984966753396,19
unweighted_tilt_05,False,0.5,0.0,2,144,48,9,two_channel_uniform,39.54,20.52,8.554380209609677,8.534743722050223,20
unweighted_tilt_05,False,0.5,0.0,2,144,48,9,two_channel_uniform,40.16,20.3,8.544448008739055,8.30594265577447,22
unweighted_tilt_05,False,0.5,0.0,2,144,48,9,two_channel_uniform,39.64,19.9,8.559018799080237,8.594057633792733,23
unweighted_tilt_05,False,0.5,0.0,2,144,48,9,two_channel_uniform,39.24,19.46,8.560949490319624,8.630635650276268,24
unweighted_tilt_05,False,0.5,0.0,2,144,48,9,two_channel_uniform,39.94,20.16,8.561844218318182,8.637808611816821,25
unweighted_tilt_05,False,0.5,0.0,2,144,48,9,two_channel_uniform,40.2,20.22,8.555472708629296,8.529325204961111,26
unweighted_tilt_05,False,0.5,0.0,2,144,48,9,two_channel_uniform,39.26,20.22,8.560547365126975,8.632127728901924,27
unweighted_tilt_05,False,0.5,0.0,2,144,48,9,two_channel_uniform,41.14,19.9,8.563861229666902,8.698599093531108,28
unweighted_tilt_05,False,0.5,0.0,2,144,48,9,two_channel_uniform,40.1,20.22,8.547285985050392,8.384601691143747,29
unweighted_tilt_05,False,0.5,0.0,2,144,48,9,two_channel_uniform,39.4,19.98,8.558620145041987,8.572748028227481,30
unweighted_tilt_05,False,0.5,0.0,2,144,48,9,two_channel_uniform,41.12,19.28,8.57280240229897,8.814423125346226,31
unweighted_tilt_05,False,0.5,0.0,2,144,48,9,two_channel_uniform,40.74,19.6,8.542206997824932,8.271645021645021,32
unweighted_tilt_05,False,0.5,0.0,2,144,48,9,two_channel_uniform,39.76,20.12,8.570767057833812,8.757779437391088,33
unweighted_tilt_05,False,0.5,0.0,2,144,48,9,two_channel_uniform,40.4,19.74,8.563654408673553,8.648255191607793,34
unweighted_tilt_05,False,0.5,0.0,2,144,48,9,two_channel_uniform,40.64,19.8,8.543359298193291,8.344547053649956,35
unweighted_tilt_05,False,0.5,0.0,2,144,48,9,two_channel_uniform,39.6,19.6,8.555662905230513,8.55199342375668,36
unweighted_tilt_05,False,0.5,0.0,2,144,48,9,two_channel_uniform,39.92,19.5,8.554978721320701,8.525340283811179,37
unweighted_tilt_05,False,0.5,0.0,2,144,48,9,two_channel_uniform,38.96,20.54,8.578458133125562,8.852889474840696,38
unweighted_tilt_05,False,0.5,0.0,2,144,48,9,two_channel_uniform,39.96,19.18,8.553628124965112,8.497960372960375,39
unweighted_tilt_05,False,0.5,0.0,2,144,48,9,two_channel_uniform,40.28,20.42,8.549807808846378,8.43805003460892,40
unweighted_tilt_05,False,0.5,0.0,2,144,48,9,two_channel_uniform,38.94,19.5,8.537145963598558,8.179193899782135,41
unweighted_tilt_05,False,0.5,0.0,2,144,48,9,two_channel_uniform,40.52,19.72,8.566982636634615,8.715135738192634,44
unweighted_tilt_05,False,0.5,0.0,2,144,48,9,two_channel_uniform,40.68,19.24,8.563571715716398,8.683043063859284,45
unweighted_tilt_05,False,0.5,0.0,2,144,48,9,two_channel_uniform,40.06,19.6,8.572053850461995,8.805004409171076,46
unweighted_tilt_05,False,0.5,0.0,2,144,48,9,two_channel_uniform,41.68,20.66,8.552205702463239,8.50069498069498,48
unweighted_tilt_05,False,0.5,0.0,2,144,48,9,two_channel_uniform,40.52,19.8,8.552428362119361,8.465273829827554,49
unweighted_tilt_05,False,0.5,0.0,2,144,48,9,two_channel_uniform,41.06,21.28,8.55849679333764,8.580938833570412,50
unweighted_tilt_05,False,0.5,0.0,2,144,48,9,two_channel_uniform,38.88,19.96,8.559899415343681,8.594168096054887,51
unweighted_tilt_05,False,0.5,0.0,2,144,48,9,two_channel_uniform,40.0,19.42,8.54953504627053,8.444160681032189,53
unweighted_tilt_05,False,0.5,0.0,2,144,48,9,two_channel_uniform,39.72,20.16,8.545143408507151,8.267142457318778,54
unweighted_tilt_05,False,0.5,0.0,2,144,48,9,two_channel_uniform,40.34,20.26,8.553512420202887,8.5075743170438,55
unweighted_tilt_05,False,0.5,0.0,2,144,48,9,two_channel_uniform,39.58,20.24,8.562740818033618,8.636943744752307,56
unweighted_tilt_05,False,0.5,0.0,2,144,48,9,balanced_mix,49.66,14.76,8.546958886487861,8.35949741315595,01
unweighted_tilt_05,False,0.5,0.0,2,144,48,9,balanced_mix,51.68,14.92,8.560545745476615,8.635873229939312,02
unweighted_tilt_05,False,0.5,0.0,2,144,48,9,balanced_mix,50.42,15.5,8.55404511144102,8.519881085098477,04
unweighted_tilt_05,False,0.5,0.0,2,144,48,9,balanced_mix,51.0,14.82,8.546189810833882,8.29320987654321,05
unweighted_tilt_05,False,0.5,0.0,2,144,48,9,balanced_mix,49.34,15.1,8.549788670600435,8.431945521937767,06
unweighted_tilt_05,False,0.5,0.0,2,144,48,9,balanced_mix,49.16,15.02,8.55474863730966,8.508233957978423,08
unweighted_tilt_05,False,0.5,0.0,2,144,48,9,balanced_mix,49.46,14.84,8.557698826376862,8.553915436577434,09
unweighted_tilt_05,False,0.5,0.0,2,144,48,9,balanced_mix,48.84,14.86,8.562919646092835,8.68655574679671,10
unweighted_tilt_05,False,0.5,0.0,2,144,48,9,balanced_mix,50.42,15.7,8.56739484759316,8.715625586193958,11
unweighted_tilt_05,False,0.5,0.0,2,144,48,9,balanced_mix,50.8,14.26,8.557198835617232,8.560529336304098,12
unweighted_tilt_05,False,0.5,0.0,2,144,48,9,balanced_mix,49.2,13.82,8.55050563525593,8.443810730882975,13
unweighted_tilt_05,False,0.5,0.0,2,144,48,9,balanced_mix,51.06,14.48,8.56158093324531,8.658482845451683,15
unweighted_tilt_05,False,0.5,0.0,2,144,48,9,balanced_mix,50.32,16.36,8.555935806481637,8.519994162288384,16
unweighted_tilt_05,False,0.5,0.0,2,144,48,9,balanced_mix,50.54,14.96,8.562112000297214,8.66492682427592,17
unweighted_tilt_05,False,0.5,0.0,2,144,48,9,balanced_mix,49.04,14.5,8.552020370880461,8.485706993363962,18
unweighted_tilt_05,False,0.5,0.0,2,144,48,9,balanced_mix,50.22,15.2,8.557426137178627,8.577984966753396,19
unweighted_tilt_05,False,0.5,0.0,2,144,48,9,balanced_mix,50.16,14.54,8.554615264705934,8.534743722050223,20
unweighted_tilt_05,False,0.5,0.0,2,144,48,9,balanced_mix,49.76,15.24,8.54783789193502,8.30594265577447,22
unweighted_tilt_05,False,0.5,0.0,2,144,48,9,balanced_mix,48.84,13.7,8.556879744306945,8.594057633792733,23
unweighted_tilt_05,False,0.5,0.0,2,144,48,9,balanced_mix,50.78,14.8,8.561001683038276,8.630635650276268,24
unweighted_tilt_05,False,0.5,0.0,2,144,48,9,balanced_mix,50.66,15.38,8.56140098690514,8.637808611816821,25
unweighted_tilt_05,False,0.5,0.0,2,144,48,9,balanced_mix,50.32,14.54,8.55683628307108,8.529325204961111,26
unweighted_tilt_05,False,0.5,0.0,2,144,48,9,balanced_mix,49.44,14.84,8.560859959586857,8.632127728901924,27
unweighted_tilt_05,False,0.5,0.0,2,144,48,9,balanced_mix,50.34,15.18,8.56254695450849,8.698599093531108,28
unweighted_tilt_05,False,0.5,0.0,2,144,48,9,balanced_mix,50.26,14.3,8.550291321978715,8.384601691143747,29
unweighted_tilt_05,False,0.5,0.0,2,144,48,9,balanced_mix,49.34,15.06,8.557523462285925,8.572748028227481,30
unweighted_tilt_05,False,0.5,0.0,2,144,48,9,balanced_mix,50.56,15.1,8.568632891619185,8.814423125346226,31
unweighted_tilt_05,False,0.5,0.0,2,144,48,9,balanced_mix,49.82,14.22,8.546684234014448,8.271645021645021,32
unweighted_tilt_05,False,0.5,0.0,2,144,48,9,balanced_mix,49.66,15.22,8.56641671854641,8.757779437391088,33
unweighted_tilt_05,False,0.5,0.0,2,144,48,9,balanced_mix,49.96,14.44,8.56238865918339,8.648255191607793,34
unweighted_tilt_05,False,0.5,0.0,2,144,48,9,balanced_mix,50.54,14.58,8.546707437228397,8.344547053649956,35
unweighted_tilt_05,False,0.5,0.0,2,144,48,9,balanced_mix,49.94,15.36,8.556721118128783,8.55199342375668,36
unweighted_tilt_05,False,0.5,0.0,2,144,48,9,balanced_mix,51.62,14.64,8.55515891368073,8.525340283811179,37
unweighted_tilt_05,False,0.5,0.0,2,144,48,9,balanced_mix,49.92,14.76,8.573157588047652,8.852889474840696,38
unweighted_tilt_05,False,0.5,0.0,2,144,48,9,balanced_mix,50.52,14.98,8.554870486605214,8.497960372960375,39
unweighted_tilt_05,False,0.5,0.0,2,144,48,9,balanced_mix,49.06,15.78,8.552713043262726,8.43805003460892,40
unweighted_tilt_05,False,0.5,0.0,2,144,48,9,balanced_mix,49.06,15.04,8.540858026495714,8.179193899782135,41
unweighted_tilt_05,False,0.5,0.0,2,144,48,9,balanced_mix,50.04,15.84,8.565624020277362,8.715135738192634,44
unweighted_tilt_05,False,0.5,0.0,2,144,48,9,balanced_mix,50.42,14.86,8.564293754028848,8.683043063859284,45
unweighted_tilt_05,False,0.5,0.0,2,144,48,9,balanced_mix,51.08,15.88,8.568900122167326,8.805004409171076,46
unweighted_tilt_05,False,0.5,0.0,2,144,48,9,balanced_mix,49.48,16.24,8.552493181912087,8.50069498069498,48
unweighted_tilt_05,False,0.5,0.0,2,144,48,9,balanced_mix,51.16,14.42,8.553735886326416,8.465273829827554,49
unweighted_tilt_05,False,0.5,0.0,2,144,48,9,balanced_mix,50.18,14.76,8.558932211484342,8.580938833570412,50
unweighted_tilt_05,False,0.5,0.0,2,144,48,9,balanced_mix,49.72,15.2,8.559209085367195,8.594168096054887,51
unweighted_tilt_05,False,0.5,0.0,2,144,48,9,balanced_mix,49.88,14.64,8.549938741428777,8.444160681032189,53
unweighted_tilt_05,False,0.5,0.0,2,144,48,9,balanced_mix,50.5,14.74,8.547291942875281,8.267142457318778,54
unweighted_tilt_05,False,0.5,0.0,2,144,48,9,balanced_mix,50.9,14.74,8.555626351745417,8.5075743170438,55
unweighted_tilt_05,False,0.5,0.0,2,144,48,9,balanced_mix,50.0,15.34,8.561937756207294,8.636943744752307,56
unweighted_tilt_05,False,0.5,0.0,2,144,48,9,validation_only,20.0,30.26,8.540692948665752,8.35949741315595,01
unweighted_tilt_05,False,0.5,0.0,2,144,48,9,validation_only,20.0,29.1,8.562576969043644,8.635873229939312,02
unweighted_tilt_05,False,0.5,0.0,2,144,48,9,validation_only,20.0,30.28,8.554715506474924,8.519881085098477,04
unweighted_tilt_05,False,0.5,0.0,2,144,48,9,validation_only,20.0,30.3,8.53759406695792,8.29320987654321,05
unweighted_tilt_05,False,0.5,0.0,2,144,48,9,validation_only,20.0,29.2,8.54613702209097,8.431945521937767,06
unweighted_tilt_05,False,0.5,0.0,2,144,48,9,validation_only,20.0,29.98,8.554015522377412,8.508233957978423,08
unweighted_tilt_05,False,0.5,0.0,2,144,48,9,validation_only,20.0,29.86,8.55750678317845,8.553915436577434,09
unweighted_tilt_05,False,0.5,0.0,2,144,48,9,validation_only,20.0,29.26,8.566220211901687,8.68655574679671,10
unweighted_tilt_05,False,0.5,0.0,2,144,48,9,validation_only,20.0,29.34,8.573853451724283,8.715625586193958,11
unweighted_tilt_05,False,0.5,0.0,2,144,48,9,validation_only,20.0,30.58,8.557226668953623,8.560529336304098,12
unweighted_tilt_05,False,0.5,0.0,2,144,48,9,validation_only,20.0,29.2,8.548176739328483,8.443810730882975,13
unweighted_tilt_05,False,0.5,0.0,2,144,48,9,validation_only,20.0,30.24,8.562968059849435,8.658482845451683,15
unweighted_tilt_05,False,0.5,0.0,2,144,48,9,validation_only,20.0,29.72,8.55589431266978,8.519994162288384,16
unweighted_tilt_05,False,0.5,0.0,2,144,48,9,validation_only,20.0,28.22,8.564832896462066,8.66492682427592,17
unweighted_tilt_05,False,0.5,0.0,2,144,48,9,validation_only,20.0,29.78,8.549484385141115,8.485706993363962,18
unweighted_tilt_05,False,0.5,0.0,2,144,48,9,validation_only,20.0,29.58,8.557291168417072,8.577984966753396,19
unweighted_tilt_05,False,0.5,0.0,2,144,48,9,validation_only,20.0,30.2,8.55321944294089,8.534743722050223,20
unweighted_tilt_05,False,0.5,0.0,2,144,48,9,validation_only,20.0,30.46,8.541904232212373,8.30594265577447,22
unweighted_tilt_05,False,0.5,0.0,2,144,48,9,validation_only,20.0,29.44,8.558816927065834,8.594057633792733,23
unweighted_tilt_05,False,0.5,0.0,2,144,48,9,validation_only,20.0,29.96,8.562625384652339,8.630635650276268,24
unweighted_tilt_05,False,0.5,0.0,2,144,48,9,validation_only,20.0,31.1,8.563985049345927,8.637808611816821,25
unweighted_tilt_05,False,0.5,0.0,2,144,48,9,validation_only,20.0,30.3,8.555820564550658,8.529325204961111,26
unweighted_tilt_05,False,0.5,0.0,2,144,48,9,validation_only,20.0,30.48,8.562760601423987,8.632127728901924,27
unweighted_tilt_05,False,0.5,0.0,2,144,48,9,validation_only,20.0,30.38,8.56676044968026,8.698599093531108,28
unweighted_tilt_05,False,0.5,0.0,2,144,48,9,validation_only,20.0,30.24,8.544211118361018,8.384601691143747,29
unweighted_tilt_05,False,0.5,0.0,2,144,48,9,validation_only,20.0,29.9,8.559041572973012,8.572748028227481,30
unweighted_tilt_05,False,0.5,0.0,2,144,48,9,validation_only,20.0,29.06,8.579822939815102,8.814423125346226,31
unweighted_tilt_05,False,0.5,0.0,2,144,48,9,validation_only,20.0,29.54,8.536687207517305,8.271645021645021,32
unweighted_tilt_05,False,0.5,0.0,2,144,48,9,validation_only,20.0,29.84,8.574268676724163,8.757779437391088,33
unweighted_tilt_05,False,0.5,0.0,2,144,48,9,validation_only,20.0,29.94,8.564934872074794,8.648255191607793,34
unweighted_tilt_05,False,0.5,0.0,2,144,48,9,validation_only,20.0,29.46,8.53914984659286,8.344547053649956,35
unweighted_tilt_05,False,0.5,0.0,2,144,48,9,validation_only,20.0,31.1,8.555939545475724,8.55199342375668,36
unweighted_tilt_05,False,0.5,0.0,2,144,48,9,validation_only,20.0,30.18,8.553425280140795,8.525340283811179,37
unweighted_tilt_05,False,0.5,0.0,2,144,48,9,validation_only,20.0,31.3,8.586282501471567,8.852889474840696,38
unweighted_tilt_05,False,0.5,0.0,2,144,48,9,validation_only,20.0,30.16,8.552938054032287,8.497960372960375,39
unweighted_tilt_05,False,0.5,0.0,2,144,48,9,validation_only,20.0,29.34,8.548791275142941,8.43805003460892,40
unweighted_tilt_05,False,0.5,0.0,2,144,48,9,validation_only,20.0,29.8,8.529682169793556,8.179193899782135,41
unweighted_tilt_05,False,0.5,0.0,2,144,48,9,validation_only,20.0,31.5,8.570722017364256,8.715135738192634,44
unweighted_tilt_05,False,0.5,0.0,2,144,48,9,validation_only,20.0,29.9,8.566561129685054,8.683043063859284,45
unweighted_tilt_05,False,0.5,0.0,2,144,48,9,validation_only,20.0,29.6,8.577215029674784,8.805004409171076,46
unweighted_tilt_05,False,0.5,0.0,2,144,48,9,validation_only,20.0,30.08,8.55053710455967,8.50069498069498,48
unweighted_tilt_05,False,0.5,0.0,2,144,48,9,validation_only,20.0,29.12,8.55042295737115,8.465273829827554,49
unweighted_tilt_05,False,0.5,0.0,2,144,48,9,validation_only,20.0,30.42,8.559158071887826,8.580938833570412,50
unweighted_tilt_05,False,0.5,0.0,2,144,48,9,validation_only,20.0,29.84,8.56069526645392,8.594168096054887,51
unweighted_tilt_05,False,0.5,0.0,2,144,48,9,validation_only,20.0,29.36,8.54657610763394,8.444160681032189,53
unweighted_tilt_05,False,0.5,0.0,2,144,48,9,validation_only,20.0,30.86,8.539091956470605,8.267142457318778,54
unweighted_tilt_05,False,0.5,0.0,2,144,48,9,validation_only,20.0,31.06,8.553518860332904,8.5075743170438,55
unweighted_tilt_05,False,0.5,0.0,2,144,48,9,validation_only,20.0,31.18,8.564106797759036,8.636943744752307,56
unweighted_tilt_05,False,0.5,0.0,2,144,48,9,two_channel_kg,20.0,32.56,8.539844622652126,8.35949741315595,01
unweighted_tilt_05,False,0.5,0.0,2,144,48,9,two_channel_kg,20.0,30.06,8.56489423564142,8.635873229939312,02
unweighted_tilt_05,False,0.5,0.0,2,144,48,9,two_channel_kg,20.0,31.1,8.554588841001015,8.519881085098477,04
unweighted_tilt_05,False,0.5,0.0,2,144,48,9,two_channel_kg,20.0,30.06,8.53879300381609,8.29320987654321,05
unweighted_tilt_05,False,0.5,0.0,2,144,48,9,two_channel_kg,20.0,33.88,8.546077093298619,8.431945521937767,06
unweighted_tilt_05,False,0.5,0.0,2,144,48,9,two_channel_kg,20.0,35.46,8.555524123867905,8.508233957978423,08
unweighted_tilt_05,False,0.5,0.0,2,144,48,9,two_channel_kg,20.0,31.38,8.559261230067643,8.553915436577434,09
unweighted_tilt_05,False,0.5,0.0,2,144,48,9,two_channel_kg,20.0,24.96,8.565849661299257,8.68655574679671,10
unweighted_tilt_05,False,0.5,0.0,2,144,48,9,two_channel_kg,20.0,37.4,8.57922373841585,8.715625586193958,11
unweighted_tilt_05,False,0.5,0.0,2,144,48,9,two_channel_kg,20.0,24.08,8.557278089018595,8.560529336304098,12
unweighted_tilt_05,False,0.5,0.0,2,144,48,9,two_channel_kg,20.0,32.96,8.548944448810722,8.443810730882975,13
unweighted_tilt_05,False,0.5,0.0,2,144,48,9,two_channel_kg,20.0,26.08,8.564915731765408,8.658482845451683,15
unweighted_tilt_05,False,0.5,0.0,2,144,48,9,two_channel_kg,20.0,27.16,8.556699532126784,8.519994162288384,16
unweighted_tilt_05,False,0.5,0.0,2,144,48,9,two_channel_kg,20.0,25.74,8.565811707056353,8.66492682427592,17
unweighted_tilt_05,False,0.5,0.0,2,144,48,9,two_channel_kg,20.0,31.08,8.550325178478474,8.485706993363962,18
unweighted_tilt_05,False,0.5,0.0,2,144,48,9,two_channel_kg,20.0,27.38,8.559343923834154,8.577984966753396,19
unweighted_tilt_05,False,0.5,0.0,2,144,48,9,two_channel_kg,20.0,30.96,8.55473849614129,8.534743722050223,20
unweighted_tilt_05,False,0.5,0.0,2,144,48,9,two_channel_kg,20.0,27.02,8.542552398050088,8.30594265577447,22
unweighted_tilt_05,False,0.5,0.0,2,144,48,9,two_channel_kg,20.0,28.44,8.560658175661999,8.594057633792733,23
unweighted_tilt_05,False,0.5,0.0,2,144,48,9,two_channel_kg,20.0,31.9,8.564999133920933,8.630635650276268,24
unweighted_tilt_05,False,0.5,0.0,2,144,48,9,two_channel_kg,20.0,31.16,8.565155599633806,8.637808611816821,25
unweighted_tilt_05,False,0.5,0.0,2,144,48,9,two_channel_kg,20.0,27.76,8.556297342484449,8.529325204961111,26
unweighted_tilt_05,False,0.5,0.0,2,144,48,9,two_channel_kg,20.0,34.42,8.564531492573835,8.632127728901924,27
unweighted_tilt_05,False,0.5,0.0,2,144,48,9,two_channel_kg,20.0,22.94,8.565769377181082,8.698599093531108,28
unweighted_tilt_05,False,0.5,0.0,2,144,48,9,two_channel_kg,20.0,29.0,8.545232157749862,8.384601691143747,29
unweighted_tilt_05,False,0.5,0.0,2,144,48,9,two_channel_kg,20.0,27.64,8.559695353343258,8.572748028227481,30
unweighted_tilt_05,False,0.5,0.0,2,144,48,9,two_channel_kg,20.0,28.1,8.578653372732898,8.814423125346226,31
unweighted_tilt_05,False,0.5,0.0,2,144,48,9,two_channel_kg,20.0,28.42,8.539617841092282,8.271645021645021,32
unweighted_tilt_05,False,0.5,0.0,2,144,48,9,two_channel_kg,20.0,26.78,8.574866245633682,8.757779437391088,33
unweighted_tilt_05,False,0.5,0.0,2,144,48,9,two_channel_kg,20.0,32.24,8.566228714974105,8.648255191607793,34
unweighted_tilt_05,False,0.5,0.0,2,144,48,9,two_channel_kg,20.0,33.76,8.541337183305252,8.344547053649956,35
unweighted_tilt_05,False,0.5,0.0,2,144,48,9,two_channel_kg,20.0,33.86,8.555693077421004,8.55199342375668,36
unweighted_tilt_05,False,0.5,0.0,2,144,48,9,two_channel_kg,20.0,29.62,8.554100084965139,8.525340283811179,37
unweighted_tilt_05,False,0.5,0.0,2,144,48,9,two_channel_kg,20.0,28.18,8.585117268912306,8.852889474840696,38
unweighted_tilt_05,False,0.5,0.0,2,144,48,9,two_channel_kg,20.0,32.2,8.553685461243312,8.497960372960375,39
unweighted_tilt_05,False,0.5,0.0,2,144,48,9,two_channel_kg,20.0,30.32,8.549695291491615,8.43805003460892,40
unweighted_tilt_05,False,0.5,0.0,2,144,48,9,two_channel_kg,20.0,33.26,8.528158321174182,8.179193899782135,41
unweighted_tilt_05,False,0.5,0.0,2,144,48,9,two_channel_kg,20.0,30.36,8.571851100273749,8.715135738192634,44
unweighted_tilt_05,False,0.5,0.0,2,144,48,9,two_channel_kg,20.0,26.08,8.565987618809656,8.683043063859284,45
unweighted_tilt_05,False,0.5,0.0,2,144,48,9,two_channel_kg,20.0,24.2,8.575123828652956,8.805004409171076,46
unweighted_tilt_05,False,0.5,0.0,2,144,48,9,two_channel_kg,20.0,31.84,8.55256467499567,8.50069498069498,48
unweighted_tilt_05,False,0.5,0.0,2,144,48,9,two_channel_kg,20.0,32.74,8.551055290682049,8.465273829827554,49
unweighted_tilt_05,False,0.5,0.0,2,144,48,9,two_channel_kg,20.0,33.9,8.560316504624614,8.580938833570412,50
unweighted_tilt_05,False,0.5,0.0,2,144,48,9,two_channel_kg,20.0,32.22,8.562174583719024,8.594168096054887,51
unweighted_tilt_05,False,0.5,0.0,2,144,48,9,two_channel_kg,20.0,35.82,8.547477398562654,8.444160681032189,53
unweighted_tilt_05,False,0.5,0.0,2,144,48,9,two_channel_kg,20.0,22.78,8.543644851814673,8.267142457318778,54
unweighted_tilt_05,False,0.5,0.0,2,144,48,9,two_channel_kg,20.0,29.56,8.555210773151373,8.5075743170438,55
unweighted_tilt_05,False,0.5,0.0,2,144,48,9,two_channel_kg,20.0,31.18,8.565641189288085,8.636943744752307,56
unweighted_tilt_05,False,0.5,0.0,5,48,48,9,uniform,39.36,0.0,8.55449397426316,8.35949741315595,01
unweighted_tilt_05,False,0.5,0.0,5,48,48,9,uniform,39.58,0.0,8.557943359927178,8.635873229939312,02
unweighted_tilt_05,False,0.5,0.0,5,48,48,9,uniform,39.54,0.0,8.556099913514334,8.519881085098477,04
unweighted_tilt_05,False,0.5,0.0,5,48,48,9,uniform,39.68,0.0,8.554949188557384,8.29320987654321,05
unweighted_tilt_05,False,0.5,0.0,5,48,48,9,uniform,40.6,0.0,8.555705688785352,8.431945521937767,06
unweighted_tilt_05,False,0.5,0.0,5,48,48,9,uniform,40.42,0.0,8.556589976472187,8.508233957978423,08
unweighted_tilt_05,False,0.5,0.0,5,48,48,9,uniform,40.04,0.0,8.557822677873588,8.553915436577434,09
unweighted_tilt_05,False,0.5,0.0,5,48,48,9,uniform,39.92,0.0,8.55749886547459,8.68655574679671,10
unweighted_tilt_05,False,0.5,0.0,5,48,48,9,uniform,39.82,0.0,8.557824137549224,8.715625586193958,11
unweighted_tilt_05,False,0.5,0.0,5,48,48,9,uniform,39.78,0.0,8.557223800913413,8.560529336304098,12
unweighted_tilt_05,False,0.5,0.0,5,48,48,9,uniform,40.04,0.0,8.55619608411675,8.443810730882975,13
unweighted_tilt_05,False,0.5,0.0,5,48,48,9,uniform,41.24,0.0,8.557531192077455,8.658482845451683,15
unweighted_tilt_05,False,0.5,0.0,5,48,48,9,uniform,40.14,0.0,8.556733993695026,8.519994162288384,16
unweighted_tilt_05,False,0.5,0.0,5,48,48,9,uniform,41.48,0.0,8.558698955742086,8.66492682427592,17
unweighted_tilt_05,False,0.5,0.0,5,48,48,9,uniform,39.8,0.0,8.55651002405776,8.485706993363962,18
unweighted_tilt_05,False,0.5,0.0,5,48,48,9,uniform,39.8,0.0,8.557063913829733,8.577984966753396,19
unweighted_tilt_05,False,0.5,0.0,5,48,48,9,uniform,39.4,0.0,8.556840710975742,8.534743722050223,20
unweighted_tilt_05,False,0.5,0.0,5,48,48,9,uniform,39.22,0.0,8.555567528672723,8.30594265577447,22
unweighted_tilt_05,False,0.5,0.0,5,48,48,9,uniform,39.44,0.0,8.557357692956804,8.594057633792733,23
unweighted_tilt_05,False,0.5,0.0,5,48,48,9,uniform,39.8,0.0,8.55763328545055,8.630635650276268,24
unweighted_tilt_05,False,0.5,0.0,5,48,48,9,uniform,40.24,0.0,8.557666564685691,8.637808611816821,25
unweighted_tilt_05,False,0.5,0.0,5,48,48,9,uniform,40.16,0.0,8.55735575838781,8.529325204961111,26
unweighted_tilt_05,False,0.5,0.0,5,48,48,9,uniform,39.66,0.0,8.557795820472187,8.632127728901924,27
unweighted_tilt_05,False,0.5,0.0,5,48,48,9,uniform,39.6,0.0,8.558097585233863,8.698599093531108,28
unweighted_tilt_05,False,0.5,0.0,5,48,48,9,uniform,39.66,0.0,8.555239479004442,8.384601691143747,29
unweighted_tilt_05,False,0.5,0.0,5,48,48,9,uniform,40.34,0.0,8.556292198772539,8.572748028227481,30
unweighted_tilt_05,False,0.5,0.0,5,48,48,9,uniform,40.52,0.0,8.559213174952518,8.814423125346226,31
unweighted_tilt_05,False,0.5,0.0,5,48,48,9,uniform,40.0,0.0,8.554987021769575,8.271645021645021,32
unweighted_tilt_05,False,0.5,0.0,5,48,48,9,uniform,41.5,0.0,8.55845980344068,8.757779437391088,33
unweighted_tilt_05,False,0.5,0.0,5,48,48,9,uniform,40.3,0.0,8.55808714992382,8.648255191607793,34
unweighted_tilt_05,False,0.5,0.0,5,48,48,9,uniform,39.28,0.0,8.554879740346719,8.344547053649956,35
unweighted_tilt_05,False,0.5,0.0,5,48,48,9,uniform,39.2,0.0,8.556436483864502,8.55199342375668,36
unweighted_tilt_05,False,0.5,0.0,5,48,48,9,uniform,39.12,0.0,8.556441515311509,8.525340283811179,37
unweighted_tilt_05,False,0.5,0.0,5,48,48,9,uniform,39.44,0.0,8.559613406169992,8.852889474840696,38
unweighted_tilt_05,False,0.5,0.0,5,48,48,9,uniform,40.2,0.0,8.555724626954262,8.497960372960375,39
unweighted_tilt_05,False,0.5,0.0,5,48,48,9,uniform,40.5,0.0,8.556656858312678,8.43805003460892,40
unweighted_tilt_05,False,0.5,0.0,5,48,48,9,uniform,39.3,0.0,8.554243480818716,8.179193899782135,41
unweighted_tilt_05,False,0.5,0.0,5,48,48,9,uniform,41.0,0.0,8.558264012974657,8.715135738192634,44
unweighted_tilt_05,False,0.5,0.0,5,48,48,9,uniform,40.12,0.0,8.558639752938888,8.683043063859284,45
unweighted_tilt_05,False,0.5,0.0,5,48,48,9,uniform,40.4,0.0,8.55886897383367,8.805004409171076,46
unweighted_tilt_05,False,0.5,0.0,5,48,48,9,uniform,41.02,0.0,8.556260435599325,8.50069498069498,48
unweighted_tilt_05,False,0.5,0.0,5,48,48,9,uniform,40.76,0.0,8.55637475179202,8.465273829827554,49
unweighted_tilt_05,False,0.5,0.0,5,48,48,9,uniform,41.12,0.0,8.558003641247339,8.580938833570412,50
unweighted_tilt_05,False,0.5,0.0,5,48,48,9,uniform,38.98,0.0,8.557305207447563,8.594168096054887,51
unweighted_tilt_05,False,0.5,0.0,5,48,48,9,uniform,40.3,0.0,8.555180958082179,8.444160681032189,53
unweighted_tilt_05,False,0.5,0.0,5,48,48,9,uniform,38.74,0.0,8.555707769706629,8.267142457318778,54
unweighted_tilt_05,False,0.5,0.0,5,48,48,9,uniform,40.68,0.0,8.557297074272451,8.5075743170438,55
unweighted_tilt_05,False,0.5,0.0,5,48,48,9,uniform,38.76,0.0,8.55801325889274,8.636943744752307,56
unweighted_tilt_05,False,0.5,0.0,5,48,48,9,uniform_blind,39.36,0.0,8.48206230777552,8.35949741315595,01
unweighted_tilt_05,False,0.5,0.0,5,48,48,9,uniform_blind,39.58,0.0,8.511708383189264,8.635873229939312,02
unweighted_tilt_05,False,0.5,0.0,5,48,48,9,uniform_blind,39.54,0.0,8.498179441838726,8.519881085098477,04
unweighted_tilt_05,False,0.5,0.0,5,48,48,9,uniform_blind,39.68,0.0,8.491283417144594,8.29320987654321,05
unweighted_tilt_05,False,0.5,0.0,5,48,48,9,uniform_blind,40.6,0.0,8.491441603465926,8.431945521937767,06
unweighted_tilt_05,False,0.5,0.0,5,48,48,9,uniform_blind,40.42,0.0,8.505065571244934,8.508233957978423,08
unweighted_tilt_05,False,0.5,0.0,5,48,48,9,uniform_blind,40.04,0.0,8.512935881747584,8.553915436577434,09
unweighted_tilt_05,False,0.5,0.0,5,48,48,9,uniform_blind,39.92,0.0,8.510251905516606,8.68655574679671,10
unweighted_tilt_05,False,0.5,0.0,5,48,48,9,uniform_blind,39.82,0.0,8.50311434944547,8.715625586193958,11
unweighted_tilt_05,False,0.5,0.0,5,48,48,9,uniform_blind,39.78,0.0,8.514258524001983,8.560529336304098,12
unweighted_tilt_05,False,0.5,0.0,5,48,48,9,uniform_blind,40.04,0.0,8.501329384876787,8.443810730882975,13
unweighted_tilt_05,False,0.5,0.0,5,48,48,9,uniform_blind,41.24,0.0,8.504295503785274,8.658482845451683,15
unweighted_tilt_05,False,0.5,0.0,5,48,48,9,uniform_blind,40.14,0.0,8.50360451331582,8.519994162288384,16
unweighted_tilt_05,False,0.5,0.0,5,48,48,9,uniform_blind,41.48,0.0,8.520944894119188,8.66492682427592,17
unweighted_tilt_05,False,0.5,0.0,5,48,48,9,uniform_blind,39.8,0.0,8.498974646985916,8.485706993363962,18
unweighted_tilt_05,False,0.5,0.0,5,48,48,9,uniform_blind,39.8,0.0,8.508512675426891,8.577984966753396,19
unweighted_tilt_05,False,0.5,0.0,5,48,48,9,uniform_blind,39.4,0.0,8.501822237605984,8.534743722050223,20
unweighted_tilt_05,False,0.5,0.0,5,48,48,9,uniform_blind,39.22,0.0,8.496425829768105,8.30594265577447,22
unweighted_tilt_05,False,0.5,0.0,5,48,48,9,uniform_blind,39.44,0.0,8.509181615871332,8.594057633792733,23
unweighted_tilt_05,False,0.5,0.0,5,48,48,9,uniform_blind,39.8,0.0,8.509483907298694,8.630635650276268,24
unweighted_tilt_05,False,0.5,0.0,5,48,48,9,uniform_blind,40.24,0.0,8.510593792608704,8.637808611816821,25
unweighted_tilt_05,False,0.5,0.0,5,48,48,9,uniform_blind,40.16,0.0,8.512777094697409,8.529325204961111,26
unweighted_tilt_05,False,0.5,0.0,5,48,48,9,uniform_blind,39.66,0.0,8.508970564915332,8.632127728901924,27
unweighted_tilt_05,False,0.5,0.0,5,48,48,9,uniform_blind,39.6,0.0,8.519289091219438,8.698599093531108,28
unweighted_tilt_05,False,0.5,0.0,5,48,48,9,uniform_blind,39.66,0.0,8.49206417773153,8.384601691143747,29
unweighted_tilt_05,False,0.5,0.0,5,48,48,9,uniform_blind,40.34,0.0,8.501655555177367,8.572748028227481,30
unweighted_tilt_05,False,0.5,0.0,5,48,48,9,uniform_blind,40.52,0.0,8.518558355500634,8.814423125346226,31
unweighted_tilt_05,False,0.5,0.0,5,48,48,9,uniform_blind,40.0,0.0,8.49240848155758,8.271645021645021,32
unweighted_tilt_05,False,0.5,0.0,5,48,48,9,uniform_blind,41.5,0.0,8.509517804423282,8.757779437391088,33
unweighted_tilt_05,False,0.5,0.0,5,48,48,9,uniform_blind,40.3,0.0,8.511523262182388,8.648255191607793,34
unweighted_tilt_05,False,0.5,0.0,5,48,48,9,uniform_blind,39.28,0.0,8.482681170003259,8.344547053649956,35
unweighted_tilt_05,False,0.5,0.0,5,48,48,9,uniform_blind,39.2,0.0,8.497316248255771,8.55199342375668,36
unweighted_tilt_05,False,0.5,0.0,5,48,48,9,uniform_blind,39.12,0.0,8.501217413837955,8.525340283811179,37
unweighted_tilt_05,False,0.5,0.0,5,48,48,9,uniform_blind,39.44,0.0,8.520529348105486,8.852889474840696,38
unweighted_tilt_05,False,0.5,0.0,5,48,48,9,uniform_blind,40.2,0.0,8.492567407952702,8.497960372960375,39
unweighted_tilt_05,False,0.5,0.0,5,48,48,9,uniform_blind,40.5,0.0,8.501006696465442,8.43805003460892,40
unweighted_tilt_05,False,0.5,0.0,5,48,48,9,uniform_blind,39.3,0.0,8.481460118770135,8.179193899782135,41
unweighted_tilt_05,False,0.5,0.0,5,48,48,9,uniform_blind,41.0,0.0,8.510772566997838,8.715135738192634,44
unweighted_tilt_05,False,0.5,0.0,5,48,48,9,uniform_blind,40.12,0.0,8.520405212055065,8.683043063859284,45
unweighted_tilt_05,False,0.5,0.0,5,48,48,9,uniform_blind,40.4,0.0,8.521139396196824,8.805004409171076,46
unweighted_tilt_05,False,0.5,0.0,5,48,48,9,uniform_blind,41.02,0.0,8.495849682207115,8.50069498069498,48
unweighted_tilt_05,False,0.5,0.0,5,48,48,9,uniform_blind,40.76,0.0,8.50115391694013,8.465273829827554,49
unweighted_tilt_05,False,0.5,0.0,5,48,48,9,uniform_blind,41.12,0.0,8.510880746943855,8.580938833570412,50
unweighted_tilt_05,False,0.5,0.0,5,48,48,9,uniform_blind,38.98,0.0,8.506370630909862,8.594168096054887,51
unweighted_tilt_05,False,0.5,0.0,5,48,48,9,uniform_blind,40.3,0.0,8.486109681823196,8.444160681032189,53
unweighted_tilt_05,False,0.5,0.0,5,48,48,9,uniform_blind,38.74,0.0,8.504641915020903,8.267142457318778,54
unweighted_tilt_05,False,0.5,0.0,5,48,48,9,uniform_blind,40.68,0.0,8.506714596524347,8.5075743170438,55
unweighted_tilt_05,False,0.5,0.0,5,48,48,9,uniform_blind,38.76,0.0,8.513752786244138,8.636943744752307,56
unweighted_tilt_05,False,0.5,0.0,5,48,48,9,uncertainty,40.0,0.0,8.554622217445505,8.35949741315595,01
unweighted_tilt_05,False,0.5,0.0,5,48,48,9,uncertainty,20.0,0.0,8.557842231021674,8.635873229939312,02
unweighted_tilt_05,False,0.5,0.0,5,48,48,9,uncertainty,20.0,0.0,8.556133359493987,8.519881085098477,04
unweighted_tilt_05,False,0.5,0.0,5,48,48,9,uncertainty,40.0,0.0,8.554756272620956,8.29320987654321,05
unweighted_tilt_05,False,0.5,0.0,5,48,48,9,uncertainty,40.0,0.0,8.555721045899533,8.431945521937767,06
unweighted_tilt_05,False,0.5,0.0,5,48,48,9,uncertainty,20.0,0.0,8.556657242323745,8.508233957978423,08
unweighted_tilt_05,False,0.5,0.0,5,48,48,9,uncertainty,20.0,0.0,8.557808368097252,8.553915436577434,09
unweighted_tilt_05,False,0.5,0.0,5,48,48,9,uncertainty,40.0,0.0,8.557702450578038,8.68655574679671,10
unweighted_tilt_05,False,0.5,0.0,5,48,48,9,uncertainty,20.0,0.0,8.55794253464733,8.715625586193958,11
unweighted_tilt_05,False,0.5,0.0,5,48,48,9,uncertainty,40.0,0.0,8.55714279022172,8.560529336304098,12
unweighted_tilt_05,False,0.5,0.0,5,48,48,9,uncertainty,40.0,0.0,8.556027513295422,8.443810730882975,13
unweighted_tilt_05,False,0.5,0.0,5,48,48,9,uncertainty,40.0,0.0,8.557461105067652,8.658482845451683,15
unweighted_tilt_05,False,0.5,0.0,5,48,48,9,uncertainty,40.0,0.0,8.55672687439613,8.519994162288384,16
unweighted_tilt_05,False,0.5,0.0,5,48,48,9,uncertainty,20.0,0.0,8.558529222340463,8.66492682427592,17
unweighted_tilt_05,False,0.5,0.0,5,48,48,9,uncertainty,40.0,0.0,8.556557213726013,8.485706993363962,18
unweighted_tilt_05,False,0.5,0.0,5,48,48,9,uncertainty,40.0,0.0,8.556977145661468,8.577984966753396,19
unweighted_tilt_05,False,0.5,0.0,5,48,48,9,uncertainty,40.0,0.0,8.556944657377441,8.534743722050223,20
unweighted_tilt_05,False,0.5,0.0,5,48,48,9,uncertainty,60.0,0.0,8.555298390483763,8.30594265577447,22
unweighted_tilt_05,False,0.5,0.0,5,48,48,9,uncertainty,40.0,0.0,8.557287867267227,8.594057633792733,23
unweighted_tilt_05,False,0.5,0.0,5,48,48,9,uncertainty,20.0,0.0,8.557524483081298,8.630635650276268,24
unweighted_tilt_05,False,0.5,0.0,5,48,48,9,uncertainty,20.0,0.0,8.557571430621115,8.637808611816821,25
unweighted_tilt_05,False,0.5,0.0,5,48,48,9,uncertainty,40.0,0.0,8.557375798467366,8.529325204961111,26
unweighted_tilt_05,False,0.5,0.0,5,48,48,9,uncertainty,20.0,0.0,8.55783730981169,8.632127728901924,27
unweighted_tilt_05,False,0.5,0.0,5,48,48,9,uncertainty,40.0,0.0,8.558126836863561,8.698599093531108,28
unweighted_tilt_05,False,0.5,0.0,5,48,48,9,uncertainty,40.0,0.0,8.555359604820543,8.384601691143747,29
unweighted_tilt_05,False,0.5,0.0,5,48,48,9,uncertainty,40.0,0.0,8.556274565675356,8.572748028227481,30
unweighted_tilt_05,False,0.5,0.0,5,48,48,9,uncertainty,20.0,0.0,8.558937640880695,8.814423125346226,31
unweighted_tilt_05,False,0.5,0.0,5,48,48,9,uncertainty,40.0,0.0,8.555023484966284,8.271645021645021,32
unweighted_tilt_05,False,0.5,0.0,5,48,48,9,uncertainty,20.0,0.0,8.558323011355435,8.757779437391088,33
unweighted_tilt_05,False,0.5,0.0,5,48,48,9,uncertainty,20.0,0.0,8.55813742880687,8.648255191607793,34
unweighted_tilt_05,False,0.5,0.0,5,48,48,9,uncertainty,20.0,0.0,8.555024229216059,8.344547053649956,35
unweighted_tilt_05,False,0.5,0.0,5,48,48,9,uncertainty,20.0,0.0,8.556327990755296,8.55199342375668,36
unweighted_tilt_05,False,0.5,0.0,5,48,48,9,uncertainty,40.0,0.0,8.556363380186195,8.525340283811179,37
unweighted_tilt_05,False,0.5,0.0,5,48,48,9,uncertainty,20.0,0.0,8.559420078166339,8.852889474840696,38
unweighted_tilt_05,False,0.5,0.0,5,48,48,9,uncertainty,20.0,0.0,8.555800773579978,8.497960372960375,39
unweighted_tilt_05,False,0.5,0.0,5,48,48,9,uncertainty,40.0,0.0,8.556622611574424,8.43805003460892,40
unweighted_tilt_05,False,0.5,0.0,5,48,48,9,uncertainty,20.0,0.0,8.554513512077516,8.179193899782135,41
unweighted_tilt_05,False,0.5,0.0,5,48,48,9,uncertainty,20.0,0.0,8.558232366912252,8.715135738192634,44
unweighted_tilt_05,False,0.5,0.0,5,48,48,9,uncertainty,40.0,0.0,8.558645338645517,8.683043063859284,45
unweighted_tilt_05,False,0.5,0.0,5,48,48,9,uncertainty,20.0,0.0,8.55874365573738,8.805004409171076,46
unweighted_tilt_05,False,0.5,0.0,5,48,48,9,uncertainty,20.0,0.0,8.556200383567356,8.50069498069498,48
unweighted_tilt_05,False,0.5,0.0,5,48,48,9,uncertainty,20.0,0.0,8.556347799120926,8.465273829827554,49
unweighted_tilt_05,False,0.5,0.0,5,48,48,9,uncertainty,20.0,0.0,8.557778454255512,8.580938833570412,50
unweighted_tilt_05,False,0.5,0.0,5,48,48,9,uncertainty,20.0,0.0,8.557276534840208,8.594168096054887,51
unweighted_tilt_05,False,0.5,0.0,5,48,48,9,uncertainty,20.0,0.0,8.555275872387023,8.444160681032189,53
unweighted_tilt_05,False,0.5,0.0,5,48,48,9,uncertainty,520.0,0.0,8.55560061178036,8.267142457318778,54
unweighted_tilt_05,False,0.5,0.0,5,48,48,9,uncertainty,40.0,0.0,8.557248318023682,8.5075743170438,55
unweighted_tilt_05,False,0.5,0.0,5,48,48,9,uncertainty,20.0,0.0,8.557983707703505,8.636943744752307,56
unweighted_tilt_05,False,0.5,0.0,5,48,48,9,boundary,41.98,0.0,8.554137318112804,8.35949741315595,01
unweighted_tilt_05,False,0.5,0.0,5,48,48,9,boundary,35.28,0.0,8.557960343848514,8.635873229939312,02
unweighted_tilt_05,False,0.5,0.0,5,48,48,9,boundary,40.78,0.0,8.556012183343725,8.519881085098477,04
unweighted_tilt_05,False,0.5,0.0,5,48,48,9,boundary,56.1,0.0,8.554526186797906,8.29320987654321,05
unweighted_tilt_05,False,0.5,0.0,5,48,48,9,boundary,42.42,0.0,8.555726649759336,8.431945521937767,06
unweighted_tilt_05,False,0.5,0.0,5,48,48,9,boundary,30.2,0.0,8.556625001836094,8.508233957978423,08
unweighted_tilt_05,False,0.5,0.0,5,48,48,9,boundary,35.6,0.0,8.55782857536133,8.553915436577434,09
unweighted_tilt_05,False,0.5,0.0,5,48,48,9,boundary,38.4,0.0,8.557799047265528,8.68655574679671,10
unweighted_tilt_05,False,0.5,0.0,5,48,48,9,boundary,21.48,0.0,8.557913304345407,8.715625586193958,11
unweighted_tilt_05,False,0.5,0.0,5,48,48,9,boundary,48.94,0.0,8.557623209293629,8.560529336304098,12
unweighted_tilt_05,False,0.5,0.0,5,48,48,9,boundary,45.22,0.0,8.555820275656316,8.443810730882975,13
unweighted_tilt_05,False,0.5,0.0,5,48,48,9,boundary,42.12,0.0,8.557640575936981,8.658482845451683,15
unweighted_tilt_05,False,0.5,0.0,5,48,48,9,boundary,50.28,0.0,8.5567962778825,8.519994162288384,16
unweighted_tilt_05,False,0.5,0.0,5,48,48,9,boundary,36.7,0.0,8.558633180954196,8.66492682427592,17
unweighted_tilt_05,False,0.5,0.0,5,48,48,9,boundary,46.74,0.0,8.556589613451383,8.485706993363962,18
unweighted_tilt_05,False,0.5,0.0,5,48,48,9,boundary,49.5,0.0,8.557252011311514,8.577984966753396,19
unweighted_tilt_05,False,0.5,0.0,5,48,48,9,boundary,57.58,0.0,8.556857327674853,8.534743722050223,20
unweighted_tilt_05,False,0.5,0.0,5,48,48,9,boundary,55.18,0.0,8.555459586889604,8.30594265577447,22
unweighted_tilt_05,False,0.5,0.0,5,48,48,9,boundary,45.76,0.0,8.557535624275133,8.594057633792733,23
unweighted_tilt_05,False,0.5,0.0,5,48,48,9,boundary,28.28,0.0,8.557580922074187,8.630635650276268,24
unweighted_tilt_05,False,0.5,0.0,5,48,48,9,boundary,27.84,0.0,8.55763287072434,8.637808611816821,25
unweighted_tilt_05,False,0.5,0.0,5,48,48,9,boundary,43.22,0.0,8.557457078590646,8.529325204961111,26
unweighted_tilt_05,False,0.5,0.0,5,48,48,9,boundary,25.94,0.0,8.557756910686457,8.632127728901924,27
unweighted_tilt_05,False,0.5,0.0,5,48,48,9,boundary,36.0,0.0,8.558460407740748,8.698599093531108,28
unweighted_tilt_05,False,0.5,0.0,5,48,48,9,boundary,59.96,0.0,8.555244411069015,8.384601691143747,29
unweighted_tilt_05,False,0.5,0.0,5,48,48,9,boundary,45.12,0.0,8.556271129712732,8.572748028227481,30
unweighted_tilt_05,False,0.5,0.0,5,48,48,9,boundary,29.32,0.0,8.559176444393604,8.814423125346226,31
unweighted_tilt_05,False,0.5,0.0,5,48,48,9,boundary,57.3,0.0,8.554869023300089,8.271645021645021,32
unweighted_tilt_05,False,0.5,0.0,5,48,48,9,boundary,32.26,0.0,8.558436723292719,8.757779437391088,33
unweighted_tilt_05,False,0.5,0.0,5,48,48,9,boundary,30.9,0.0,8.558148376205347,8.648255191607793,34
unweighted_tilt_05,False,0.5,0.0,5,48,48,9,boundary,29.88,0.0,8.554445223029434,8.344547053649956,35
unweighted_tilt_05,False,0.5,0.0,5,48,48,9,boundary,27.08,0.0,8.55609408246006,8.55199342375668,36
unweighted_tilt_05,False,0.5,0.0,5,48,48,9,boundary,45.96,0.0,8.556347029244431,8.525340283811179,37
unweighted_tilt_05,False,0.5,0.0,5,48,48,9,boundary,27.04,0.0,8.55956729774439,8.852889474840696,38
unweighted_tilt_05,False,0.5,0.0,5,48,48,9,boundary,38.96,0.0,8.555495669619301,8.497960372960375,39
unweighted_tilt_05,False,0.5,0.0,5,48,48,9,boundary,48.06,0.0,8.556546028920762,8.43805003460892,40
unweighted_tilt_05,False,0.5,0.0,5,48,48,9,boundary,36.82,0.0,8.55392600242515,8.179193899782135,41
unweighted_tilt_05,False,0.5,0.0,5,48,48,9,boundary,27.2,0.0,8.55842461213039,8.715135738192634,44
unweighted_tilt_05,False,0.5,0.0,5,48,48,9,boundary,36.28,0.0,8.558709126705576,8.683043063859284,45
unweighted_tilt_05,False,0.5,0.0,5,48,48,9,boundary,30.14,0.0,8.558993335037979,8.805004409171076,46
unweighted_tilt_05,False,0.5,0.0,5,48,48,9,boundary,43.08,0.0,8.556097723203624,8.50069498069498,48
unweighted_tilt_05,False,0.5,0.0,5,48,48,9,boundary,45.8,0.0,8.556293318704748,8.465273829827554,49
unweighted_tilt_05,False,0.5,0.0,5,48,48,9,boundary,31.34,0.0,8.557753270709712,8.580938833570412,50
unweighted_tilt_05,False,0.5,0.0,5,48,48,9,boundary,36.7,0.0,8.557369039048584,8.594168096054887,51
unweighted_tilt_05,False,0.5,0.0,5,48,48,9,boundary,26.04,0.0,8.55506632553809,8.444160681032189,53
unweighted_tilt_05,False,0.5,0.0,5,48,48,9,boundary,74.26,0.0,8.555708422442411,8.267142457318778,54
unweighted_tilt_05,False,0.5,0.0,5,48,48,9,boundary,39.5,0.0,8.557024872508668,8.5075743170438,55
unweighted_tilt_05,False,0.5,0.0,5,48,48,9,boundary,39.46,0.0,8.558179132336418,8.636943744752307,56
unweighted_tilt_05,False,0.5,0.0,5,48,48,9,bias_blind_kg,45.0,0.0,8.413781673372066,8.35949741315595,01
unweighted_tilt_05,False,0.5,0.0,5,48,48,9,bias_blind_kg,37.38,0.0,8.475567951834055,8.635873229939312,02
unweighted_tilt_05,False,0.5,0.0,5,48,48,9,bias_blind_kg,43.4,0.0,8.440725793327116,8.519881085098477,04
unweighted_tilt_05,False,0.5,0.0,5,48,48,9,bias_blind_kg,42.8,0.0,8.433615405259971,8.29320987654321,05
unweighted_tilt_05,False,0.5,0.0,5,48,48,9,bias_blind_kg,43.5,0.0,8.43482625260115,8.431945521937767,06
unweighted_tilt_05,False,0.5,0.0,5,48,48,9,bias_blind_kg,41.56,0.0,8.455292611859345,8.508233957978423,08
unweighted_tilt_05,False,0.5,0.0,5,48,48,9,bias_blind_kg,37.42,0.0,8.47349081596607,8.553915436577434,09
unweighted_tilt_05,False,0.5,0.0,5,48,48,9,bias_blind_kg,38.62,0.0,8.47835806608265,8.68655574679671,10
unweighted_tilt_05,False,0.5,0.0,5,48,48,9,bias_blind_kg,45.26,0.0,8.436004947764731,8.715625586193958,11
unweighted_tilt_05,False,0.5,0.0,5,48,48,9,bias_blind_kg,32.66,0.0,8.496446533993982,8.560529336304098,12
unweighted_tilt_05,False,0.5,0.0,5,48,48,9,bias_blind_kg,41.28,0.0,8.444113434158526,8.443810730882975,13
unweighted_tilt_05,False,0.5,0.0,5,48,48,9,bias_blind_kg,39.06,0.0,8.470673915807806,8.658482845451683,15
unweighted_tilt_05,False,0.5,0.0,5,48,48,9,bias_blind_kg,38.7,0.0,8.464809837915418,8.519994162288384,16
unweighted_tilt_05,False,0.5,0.0,5,48,48,9,bias_blind_kg,36.36,0.0,8.487486179425748,8.66492682427592,17
unweighted_tilt_05,False,0.5,0.0,5,48,48,9,bias_blind_kg,39.88,0.0,8.457150347051403,8.485706993363962,18
unweighted_tilt_05,False,0.5,0.0,5,48,48,9,bias_blind_kg,37.22,0.0,8.478060822382115,8.577984966753396,19
unweighted_tilt_05,False,0.5,0.0,5,48,48,9,bias_blind_kg,39.86,0.0,8.45830790742693,8.534743722050223,20
unweighted_tilt_05,False,0.5,0.0,5,48,48,9,bias_blind_kg,38.5,0.0,8.455077463942398,8.30594265577447,22
unweighted_tilt_05,False,0.5,0.0,5,48,48,9,bias_blind_kg,36.0,0.0,8.482971426441344,8.594057633792733,23
unweighted_tilt_05,False,0.5,0.0,5,48,48,9,bias_blind_kg,39.98,0.0,8.464968757158205,8.630635650276268,24
unweighted_tilt_05,False,0.5,0.0,5,48,48,9,bias_blind_kg,39.5,0.0,8.467368533498997,8.637808611816821,25
unweighted_tilt_05,False,0.5,0.0,5,48,48,9,bias_blind_kg,37.04,0.0,8.479307200652679,8.529325204961111,26
unweighted_tilt_05,False,0.5,0.0,5,48,48,9,bias_blind_kg,41.38,0.0,8.456846113949602,8.632127728901924,27
unweighted_tilt_05,False,0.5,0.0,5,48,48,9,bias_blind_kg,32.66,0.0,8.504403961160621,8.698599093531108,28
unweighted_tilt_05,False,0.5,0.0,5,48,48,9,bias_blind_kg,41.22,0.0,8.442894097470303,8.384601691143747,29
unweighted_tilt_05,False,0.5,0.0,5,48,48,9,bias_blind_kg,41.72,0.0,8.45128810034352,8.572748028227481,30
unweighted_tilt_05,False,0.5,0.0,5,48,48,9,bias_blind_kg,40.82,0.0,8.470500557658491,8.814423125346226,31
unweighted_tilt_05,False,0.5,0.0,5,48,48,9,bias_blind_kg,41.5,0.0,8.442232910620133,8.271645021645021,32
unweighted_tilt_05,False,0.5,0.0,5,48,48,9,bias_blind_kg,39.32,0.0,8.472478696987503,8.757779437391088,33
unweighted_tilt_05,False,0.5,0.0,5,48,48,9,bias_blind_kg,40.82,0.0,8.461816837123129,8.648255191607793,34
unweighted_tilt_05,False,0.5,0.0,5,48,48,9,bias_blind_kg,46.32,0.0,8.395393284184296,8.344547053649956,35
unweighted_tilt_05,False,0.5,0.0,5,48,48,9,bias_blind_kg,44.94,0.0,8.428346811108847,8.55199342375668,36
unweighted_tilt_05,False,0.5,0.0,5,48,48,9,bias_blind_kg,39.96,0.0,8.454878751188986,8.525340283811179,37
unweighted_tilt_05,False,0.5,0.0,5,48,48,9,bias_blind_kg,38.82,0.0,8.481113497944815,8.852889474840696,38
unweighted_tilt_05,False,0.5,0.0,5,48,48,9,bias_blind_kg,46.3,0.0,8.424744263993151,8.497960372960375,39
unweighted_tilt_05,False,0.5,0.0,5,48,48,9,bias_blind_kg,38.04,0.0,8.466852954908973,8.43805003460892,40
unweighted_tilt_05,False,0.5,0.0,5,48,48,9,bias_blind_kg,45.5,0.0,8.409985581692375,8.179193899782135,41
unweighted_tilt_05,False,0.5,0.0,5,48,48,9,bias_blind_kg,39.48,0.0,8.47493852237422,8.715135738192634,44
unweighted_tilt_05,False,0.5,0.0,5,48,48,9,bias_blind_kg,35.12,0.0,8.492168956627927,8.683043063859284,45
unweighted_tilt_05,False,0.5,0.0,5,48,48,9,bias_blind_kg,37.66,0.0,8.48709073679712,8.805004409171076,46
unweighted_tilt_05,False,0.5,0.0,5,48,48,9,bias_blind_kg,42.68,0.0,8.444256061855045,8.50069498069498,48
unweighted_tilt_05,False,0.5,0.0,5,48,48,9,bias_blind_kg,40.8,0.0,8.45448579423868,8.465273829827554,49
unweighted_tilt_05,False,0.5,0.0,5,48,48,9,bias_blind_kg,39.68,0.0,8.465931699546273,8.580938833570412,50
unweighted_tilt_05,False,0.5,0.0,5,48,48,9,bias_blind_kg,39.5,0.0,8.466352548787722,8.594168096054887,51
unweighted_tilt_05,False,0.5,0.0,5,48,48,9,bias_blind_kg,45.42,0.0,8.420096367868009,8.444160681032189,53
unweighted_tilt_05,False,0.5,0.0,5,48,48,9,bias_blind_kg,30.82,0.0,8.493999226733358,8.267142457318778,54
unweighted_tilt_05,False,0.5,0.0,5,48,48,9,bias_blind_kg,41.14,0.0,8.453022386002994,8.5075743170438,55
unweighted_tilt_05,False,0.5,0.0,5,48,48,9,bias_blind_kg,37.4,0.0,8.476243085722857,8.636943744752307,56
unweighted_tilt_05,False,0.5,0.0,5,48,48,9,ordinary_kg,42.58,0.0,8.553667445025956,8.35949741315595,01
unweighted_tilt_05,False,0.5,0.0,5,48,48,9,ordinary_kg,38.82,0.0,8.55798825662136,8.635873229939312,02
unweighted_tilt_05,False,0.5,0.0,5,48,48,9,ordinary_kg,43.98,0.0,8.555892195731841,8.519881085098477,04
unweighted_tilt_05,False,0.5,0.0,5,48,48,9,ordinary_kg,41.28,0.0,8.554396070988666,8.29320987654321,05
unweighted_tilt_05,False,0.5,0.0,5,48,48,9,ordinary_kg,42.78,0.0,8.555359109383993,8.431945521937767,06
unweighted_tilt_05,False,0.5,0.0,5,48,48,9,ordinary_kg,39.88,0.0,8.556527224694511,8.508233957978423,08
unweighted_tilt_05,False,0.5,0.0,5,48,48,9,ordinary_kg,38.86,0.0,8.557647115043371,8.553915436577434,09
unweighted_tilt_05,False,0.5,0.0,5,48,48,9,ordinary_kg,38.66,0.0,8.557952829967064,8.68655574679671,10
unweighted_tilt_05,False,0.5,0.0,5,48,48,9,ordinary_kg,42.7,0.0,8.557528456228404,8.715625586193958,11
unweighted_tilt_05,False,0.5,0.0,5,48,48,9,ordinary_kg,36.58,0.0,8.557566338005392,8.560529336304098,12
unweighted_tilt_05,False,0.5,0.0,5,48,48,9,ordinary_kg,41.26,0.0,8.555500661402627,8.443810730882975,13
unweighted_tilt_05,False,0.5,0.0,5,48,48,9,ordinary_kg,40.98,0.0,8.557544004641926,8.658482845451683,15
unweighted_tilt_05,False,0.5,0.0,5,48,48,9,ordinary_kg,40.1,0.0,8.556672024691183,8.519994162288384,16
unweighted_tilt_05,False,0.5,0.0,5,48,48,9,ordinary_kg,37.16,0.0,8.55877647579903,8.66492682427592,17
unweighted_tilt_05,False,0.5,0.0,5,48,48,9,ordinary_kg,41.8,0.0,8.55649785103221,8.485706993363962,18
unweighted_tilt_05,False,0.5,0.0,5,48,48,9,ordinary_kg,40.58,0.0,8.557235482024028,8.577984966753396,19
unweighted_tilt_05,False,0.5,0.0,5,48,48,9,ordinary_kg,39.88,0.0,8.556657066858222,8.534743722050223,20
unweighted_tilt_05,False,0.5,0.0,5,48,48,9,ordinary_kg,40.38,0.0,8.55519820274691,8.30594265577447,22
unweighted_tilt_05,False,0.5,0.0,5,48,48,9,ordinary_kg,40.24,0.0,8.557537205515969,8.594057633792733,23
unweighted_tilt_05,False,0.5,0.0,5,48,48,9,ordinary_kg,40.3,0.0,8.557724427650694,8.630635650276268,24
unweighted_tilt_05,False,0.5,0.0,5,48,48,9,ordinary_kg,39.02,0.0,8.5576907346825,8.637808611816821,25
unweighted_tilt_05,False,0.5,0.0,5,48,48,9,ordinary_kg,38.94,0.0,8.557363967846289,8.529325204961111,26
unweighted_tilt_05,False,0.5,0.0,5,48,48,9,ordinary_kg,40.24,0.0,8.557639674636059,8.632127728901924,27
unweighted_tilt_05,False,0.5,0.0,5,48,48,9,ordinary_kg,34.14,0.0,8.558607482903634,8.698599093531108,28
unweighted_tilt_05,False,0.5,0.0,5,48,48,9,ordinary_kg,43.0,0.0,8.555048552014101,8.384601691143747,29
unweighted_tilt_05,False,0.5,0.0,5,48,48,9,ordinary_kg,39.76,0.0,8.556252891011193,8.572748028227481,30
unweighted_tilt_05,False,0.5,0.0,5,48,48,9,ordinary_kg,38.2,0.0,8.559361138927397,8.814423125346226,31
unweighted_tilt_05,False,0.5,0.0,5,48,48,9,ordinary_kg,40.48,0.0,8.554741323594687,8.271645021645021,32
unweighted_tilt_05,False,0.5,0.0,5,48,48,9,ordinary_kg,39.44,0.0,8.55852890259615,8.757779437391088,33
unweighted_tilt_05,False,0.5,0.0,5,48,48,9,ordinary_kg,40.2,0.0,8.557963027847112,8.648255191607793,34
unweighted_tilt_05,False,0.5,0.0,5,48,48,9,ordinary_kg,35.9,0.0,8.553800480893198,8.344547053649956,35
unweighted_tilt_05,False,0.5,0.0,5,48,48,9,ordinary_kg,41.08,0.0,8.555682119343768,8.55199342375668,36
unweighted_tilt_05,False,0.5,0.0,5,48,48,9,ordinary_kg,40.7,0.0,8.556086832015826,8.525340283811179,37
unweighted_tilt_05,False,0.5,0.0,5,48,48,9,ordinary_kg,37.38,0.0,8.55976034048159,8.852889474840696,38
unweighted_tilt_05,False,0.5,0.0,5,48,48,9,ordinary_kg,42.32,0.0,8.555322168675652,8.497960372960375,39
unweighted_tilt_05,False,0.5,0.0,5,48,48,9,ordinary_kg,41.92,0.0,8.556529107105863,8.43805003460892,40
unweighted_tilt_05,False,0.5,0.0,5,48,48,9,ordinary_kg,40.28,0.0,8.553462076473622,8.179193899782135,41
unweighted_tilt_05,False,0.5,0.0,5,48,48,9,ordinary_kg,38.66,0.0,8.558620338298166,8.715135738192634,44
unweighted_tilt_05,False,0.5,0.0,5,48,48,9,ordinary_kg,36.3,0.0,8.558742591328016,8.683043063859284,45
unweighted_tilt_05,False,0.5,0.0,5,48,48,9,ordinary_kg,37.6,0.0,8.559180818552152,8.805004409171076,46
unweighted_tilt_05,False,0.5,0.0,5,48,48,9,ordinary_kg,42.12,0.0,8.555811972895201,8.50069498069498,48
unweighted_tilt_05,False,0.5,0.0,5,48,48,9,ordinary_kg,42.22,0.0,8.556197701718942,8.465273829827554,49
unweighted_tilt_05,False,0.5,0.0,5,48,48,9,ordinary_kg,40.06,0.0,8.557734412613216,8.580938833570412,50
unweighted_tilt_05,False,0.5,0.0,5,48,48,9,ordinary_kg,41.2,0.0,8.55744498621974,8.594168096054887,51
unweighted_tilt_05,False,0.5,0.0,5,48,48,9,ordinary_kg,41.42,0.0,8.554484925627698,8.444160681032189,53
unweighted_tilt_05,False,0.5,0.0,5,48,48,9,ordinary_kg,40.02,0.0,8.555647619128454,8.267142457318778,54
unweighted_tilt_05,False,0.5,0.0,5,48,48,9,ordinary_kg,38.72,0.0,8.556998011845245,8.5075743170438,55
unweighted_tilt_05,False,0.5,0.0,5,48,48,9,ordinary_kg,39.88,0.0,8.55810153164968,8.636943744752307,56
unweighted_tilt_05,False,0.5,0.0,5,48,48,9,two_channel_uniform,24.04,3.16,8.55324243548478,8.35949741315595,01
unweighted_tilt_05,False,0.5,0.0,5,48,48,9,two_channel_uniform,24.1,2.88,8.558796207039133,8.635873229939312,02
unweighted_tilt_05,False,0.5,0.0,5,48,48,9,two_channel_uniform,23.98,3.48,8.556211448781037,8.519881085098477,04
unweighted_tilt_05,False,0.5,0.0,5,48,48,9,two_channel_uniform,23.82,3.6,8.552785129744704,8.29320987654321,05
unweighted_tilt_05,False,0.5,0.0,5,48,48,9,two_channel_uniform,23.72,3.74,8.554581011921059,8.431945521937767,06
unweighted_tilt_05,False,0.5,0.0,5,48,48,9,two_channel_uniform,24.56,3.32,8.555985374688472,8.508233957978423,08
unweighted_tilt_05,False,0.5,0.0,5,48,48,9,two_channel_uniform,24.24,3.2,8.558044046349293,8.553915436577434,09
unweighted_tilt_05,False,0.5,0.0,5,48,48,9,two_channel_uniform,23.84,3.2,8.55844074441646,8.68655574679671,10
unweighted_tilt_05,False,0.5,0.0,5,48,48,9,two_channel_uniform,24.1,3.58,8.560052951059726,8.715625586193958,11
unweighted_tilt_05,False,0.5,0.0,5,48,48,9,two_channel_uniform,24.16,3.12,8.557693786375735,8.560529336304098,12
unweighted_tilt_05,False,0.5,0.0,5,48,48,9,two_channel_uniform,24.64,3.24,8.555298564342102,8.443810730882975,13
unweighted_tilt_05,False,0.5,0.0,5,48,48,9,two_channel_uniform,23.82,3.3,8.558421927279594,8.658482845451683,15
unweighted_tilt_05,False,0.5,0.0,5,48,48,9,two_channel_uniform,24.06,3.24,8.556707706876386,8.519994162288384,16
unweighted_tilt_05,False,0.5,0.0,5,48,48,9,two_channel_uniform,24.86,2.9,8.558665949200126,8.66492682427592,17
unweighted_tilt_05,False,0.5,0.0,5,48,48,9,two_channel_uniform,24.14,3.32,8.555484061564712,8.485706993363962,18
unweighted_tilt_05,False,0.5,0.0,5,48,48,9,two_channel_uniform,24.5,2.74,8.55734627937371,8.577984966753396,19
unweighted_tilt_05,False,0.5,0.0,5,48,48,9,two_channel_uniform,23.82,3.06,8.556495754879398,8.534743722050223,20
unweighted_tilt_05,False,0.5,0.0,5,48,48,9,two_channel_uniform,23.92,2.98,8.554226270108014,8.30594265577447,22
unweighted_tilt_05,False,0.5,0.0,5,48,48,9,two_channel_uniform,23.82,3.1,8.557736694891911,8.594057633792733,23
unweighted_tilt_05,False,0.5,0.0,5,48,48,9,two_channel_uniform,24.46,3.16,8.557579646022539,8.630635650276268,24
unweighted_tilt_05,False,0.5,0.0,5,48,48,9,two_channel_uniform,24.18,3.08,8.558162441326346,8.637808611816821,25
unweighted_tilt_05,False,0.5,0.0,5,48,48,9,two_channel_uniform,24.86,3.16,8.556889471794683,8.529325204961111,26
unweighted_tilt_05,False,0.5,0.0,5,48,48,9,two_channel_uniform,23.46,3.5,8.558724312209048,8.632127728901924,27
unweighted_tilt_05,False,0.5,0.0,5,48,48,9,two_channel_uniform,23.92,2.72,8.558669363239053,8.698599093531108,28
unweighted_tilt_05,False,0.5,0.0,5,48,48,9,two_channel_uniform,23.78,3.24,8.554144200656049,8.384601691143747,29
unweighted_tilt_05,False,0.5,0.0,5,48,48,9,two_channel_uniform,24.42,3.12,8.556324656273423,8.572748028227481,30
unweighted_tilt_05,False,0.5,0.0,5,48,48,9,two_channel_uniform,24.26,2.62,8.561533858650094,8.814423125346226,31
unweighted_tilt_05,False,0.5,0.0,5,48,48,9,two_channel_uniform,24.16,3.54,8.552705093184677,8.271645021645021,32
unweighted_tilt_05,False,0.5,0.0,5,48,48,9,two_channel_uniform,23.94,2.98,8.56059237390236,8.757779437391088,33
unweighted_tilt_05,False,0.5,0.0,5,48,48,9,two_channel_uniform,24.54,2.62,8.558423779969678,8.648255191607793,34
unweighted_tilt_05,False,0.5,0.0,5,48,48,9,two_channel_uniform,23.66,3.5,8.553386631300798,8.344547053649956,35
unweighted_tilt_05,False,0.5,0.0,5,48,48,9,two_channel_uniform,23.88,2.88,8.556211163036984,8.55199342375668,36
unweighted_tilt_05,False,0.5,0.0,5,48,48,9,two_channel_uniform,24.58,2.86,8.556630522678741,8.525340283811179,37
unweighted_tilt_05,False,0.5,0.0,5,48,48,9,two_channel_uniform,23.76,3.16,8.562522608185525,8.852889474840696,38
unweighted_tilt_05,False,0.5,0.0,5,48,48,9,two_channel_uniform,24.36,3.16,8.55553514901238,8.497960372960375,39
unweighted_tilt_05,False,0.5,0.0,5,48,48,9,two_channel_uniform,23.96,3.3,8.55526258856395,8.43805003460892,40
unweighted_tilt_05,False,0.5,0.0,5,48,48,9,two_channel_uniform,23.62,3.5,8.550507709565249,8.179193899782135,41
unweighted_tilt_05,False,0.5,0.0,5,48,48,9,two_channel_uniform,24.56,3.22,8.559638000050152,8.715135738192634,44
unweighted_tilt_05,False,0.5,0.0,5,48,48,9,two_channel_uniform,24.52,3.64,8.559966597159377,8.683043063859284,45
unweighted_tilt_05,False,0.5,0.0,5,48,48,9,two_channel_uniform,24.12,2.92,8.561029462132563,8.805004409171076,46
unweighted_tilt_05,False,0.5,0.0,5,48,48,9,two_channel_uniform,24.84,3.5,8.555777782556554,8.50069498069498,48
unweighted_tilt_05,False,0.5,0.0,5,48,48,9,two_channel_uniform,23.9,3.26,8.555793054707127,8.465273829827554,49
unweighted_tilt_05,False,0.5,0.0,5,48,48,9,two_channel_uniform,24.26,3.16,8.557847726698396,8.580938833570412,50
unweighted_tilt_05,False,0.5,0.0,5,48,48,9,two_channel_uniform,24.02,3.02,8.557752599980075,8.594168096054887,51
unweighted_tilt_05,False,0.5,0.0,5,48,48,9,two_channel_uniform,24.62,2.78,8.554161575906694,8.444160681032189,53
unweighted_tilt_05,False,0.5,0.0,5,48,48,9,two_channel_uniform,24.06,3.1,8.554034216190862,8.267142457318778,54
unweighted_tilt_05,False,0.5,0.0,5,48,48,9,two_channel_uniform,23.7,3.2,8.556751074380042,8.5075743170438,55
unweighted_tilt_05,False,0.5,0.0,5,48,48,9,two_channel_uniform,24.06,3.22,8.558399609142102,8.636943744752307,56
unweighted_tilt_05,False,0.5,0.0,5,48,48,9,balanced_mix,30.94,2.04,8.553613052062124,8.35949741315595,01
unweighted_tilt_05,False,0.5,0.0,5,48,48,9,balanced_mix,31.1,1.96,8.558390363166614,8.635873229939312,02
unweighted_tilt_05,False,0.5,0.0,5,48,48,9,balanced_mix,30.08,2.12,8.555926042795331,8.519881085098477,04
unweighted_tilt_05,False,0.5,0.0,5,48,48,9,balanced_mix,30.42,2.14,8.553552039693649,8.29320987654321,05
unweighted_tilt_05,False,0.5,0.0,5,48,48,9,balanced_mix,30.16,2.06,8.555245778588542,8.431945521937767,06
unweighted_tilt_05,False,0.5,0.0,5,48,48,9,balanced_mix,30.38,1.98,8.55651207718284,8.508233957978423,08
unweighted_tilt_05,False,0.5,0.0,5,48,48,9,balanced_mix,29.86,1.58,8.558150662154606,8.553915436577434,09
unweighted_tilt_05,False,0.5,0.0,5,48,48,9,balanced_mix,29.66,1.78,8.558529239330333,8.68655574679671,10
unweighted_tilt_05,False,0.5,0.0,5,48,48,9,balanced_mix,30.94,1.9,8.558802696824117,8.715625586193958,11
unweighted_tilt_05,False,0.5,0.0,5,48,48,9,balanced_mix,30.72,1.52,8.557045087413435,8.560529336304098,12
unweighted_tilt_05,False,0.5,0.0,5,48,48,9,balanced_mix,30.62,1.82,8.555563312937338,8.443810730882975,13
unweighted_tilt_05,False,0.5,0.0,5,48,48,9,balanced_mix,31.04,1.64,8.558064869619187,8.658482845451683,15
unweighted_tilt_05,False,0.5,0.0,5,48,48,9,balanced_mix,30.74,1.86,8.556872921343045,8.519994162288384,16
unweighted_tilt_05,False,0.5,0.0,5,48,48,9,balanced_mix,31.08,1.72,8.558750930726015,8.66492682427592,17
unweighted_tilt_05,False,0.5,0.0,5,48,48,9,balanced_mix,30.46,2.12,8.55565874294896,8.485706993363962,18
unweighted_tilt_05,False,0.5,0.0,5,48,48,9,balanced_mix,30.68,2.2,8.557085480453306,8.577984966753396,19
unweighted_tilt_05,False,0.5,0.0,5,48,48,9,balanced_mix,30.0,1.88,8.557084079349005,8.534743722050223,20
unweighted_tilt_05,False,0.5,0.0,5,48,48,9,balanced_mix,30.32,1.76,8.55468989396594,8.30594265577447,22
unweighted_tilt_05,False,0.5,0.0,5,48,48,9,balanced_mix,29.96,1.66,8.557556293943788,8.594057633792733,23
unweighted_tilt_05,False,0.5,0.0,5,48,48,9,balanced_mix,30.36,1.98,8.55779803586784,8.630635650276268,24
unweighted_tilt_05,False,0.5,0.0,5,48,48,9,balanced_mix,30.56,1.74,8.558461897999713,8.637808611816821,25
unweighted_tilt_05,False,0.5,0.0,5,48,48,9,balanced_mix,30.64,1.52,8.557498465708367,8.529325204961111,26
unweighted_tilt_05,False,0.5,0.0,5,48,48,9,balanced_mix,29.96,1.94,8.558371515077736,8.632127728901924,27
unweighted_tilt_05,False,0.5,0.0,5,48,48,9,balanced_mix,29.8,1.56,8.557981459868758,8.698599093531108,28
unweighted_tilt_05,False,0.5,0.0,5,48,48,9,balanced_mix,30.82,1.96,8.554727481902901,8.384601691143747,29
unweighted_tilt_05,False,0.5,0.0,5,48,48,9,balanced_mix,30.7,2.04,8.55634099207571,8.572748028227481,30
unweighted_tilt_05,False,0.5,0.0,5,48,48,9,balanced_mix,29.98,2.3,8.560738335128447,8.814423125346226,31
unweighted_tilt_05,False,0.5,0.0,5,48,48,9,balanced_mix,31.14,1.94,8.553742438319636,8.271645021645021,32
unweighted_tilt_05,False,0.5,0.0,5,48,48,9,balanced_mix,30.02,1.56,8.55963028682492,8.757779437391088,33
unweighted_tilt_05,False,0.5,0.0,5,48,48,9,balanced_mix,30.68,1.78,8.558710288192731,8.648255191607793,34
unweighted_tilt_05,False,0.5,0.0,5,48,48,9,balanced_mix,31.34,1.92,8.553762894964263,8.344547053649956,35
unweighted_tilt_05,False,0.5,0.0,5,48,48,9,balanced_mix,30.34,2.0,8.556115002503681,8.55199342375668,36
unweighted_tilt_05,False,0.5,0.0,5,48,48,9,balanced_mix,30.66,1.82,8.556591442752271,8.525340283811179,37
unweighted_tilt_05,False,0.5,0.0,5,48,48,9,balanced_mix,30.1,2.2,8.561893868979649,8.852889474840696,38
unweighted_tilt_05,False,0.5,0.0,5,48,48,9,balanced_mix,30.32,1.78,8.555763171124266,8.497960372960375,39
unweighted_tilt_05,False,0.5,0.0,5,48,48,9,balanced_mix,30.44,2.08,8.55625997327931,8.43805003460892,40
unweighted_tilt_05,False,0.5,0.0,5,48,48,9,balanced_mix,31.2,1.8,8.552852860578307,8.179193899782135,41
unweighted_tilt_05,False,0.5,0.0,5,48,48,9,balanced_mix,30.54,2.24,8.559133522709311,8.715135738192634,44
unweighted_tilt_05,False,0.5,0.0,5,48,48,9,balanced_mix,30.34,1.54,8.558873647430039,8.683043063859284,45
unweighted_tilt_05,False,0.5,0.0,5,48,48,9,balanced_mix,30.22,1.58,8.559948935900378,8.805004409171076,46
unweighted_tilt_05,False,0.5,0.0,5,48,48,9,balanced_mix,30.38,2.26,8.556182940334311,8.50069498069498,48
unweighted_tilt_05,False,0.5,0.0,5,48,48,9,balanced_mix,30.42,1.84,8.55570258414477,8.465273829827554,49
unweighted_tilt_05,False,0.5,0.0,5,48,48,9,balanced_mix,30.22,1.7,8.557765536452623,8.580938833570412,50
unweighted_tilt_05,False,0.5,0.0,5,48,48,9,balanced_mix,30.68,2.02,8.55769982327203,8.594168096054887,51
unweighted_tilt_05,False,0.5,0.0,5,48,48,9,balanced_mix,30.96,2.02,8.55483658239779,8.444160681032189,53
unweighted_tilt_05,False,0.5,0.0,5,48,48,9,balanced_mix,30.36,1.98,8.554133963734264,8.267142457318778,54
unweighted_tilt_05,False,0.5,0.0,5,48,48,9,balanced_mix,30.66,2.18,8.556577491901074,8.5075743170438,55
unweighted_tilt_05,False,0.5,0.0,5,48,48,9,balanced_mix,30.4,2.3,8.558051699424063,8.636943744752307,56
unweighted_tilt_05,False,0.5,0.0,5,48,48,9,validation_only,20.0,4.04,8.552732695007203,8.35949741315595,01
unweighted_tilt_05,False,0.5,0.0,5,48,48,9,validation_only,20.0,3.32,8.558087027330403,8.635873229939312,02
unweighted_tilt_05,False,0.5,0.0,5,48,48,9,validation_only,20.0,3.8,8.556448652256405,8.519881085098477,04
unweighted_tilt_05,False,0.5,0.0,5,48,48,9,validation_only,20.0,4.02,8.552753878412641,8.29320987654321,05
unweighted_tilt_05,False,0.5,0.0,5,48,48,9,validation_only,20.0,4.14,8.554371147516878,8.431945521937767,06
unweighted_tilt_05,False,0.5,0.0,5,48,48,9,validation_only,20.0,3.82,8.555787270428123,8.508233957978423,08
unweighted_tilt_05,False,0.5,0.0,5,48,48,9,validation_only,20.0,4.14,8.558072885542058,8.553915436577434,09
unweighted_tilt_05,False,0.5,0.0,5,48,48,9,validation_only,20.0,3.56,8.558001357395574,8.68655574679671,10
unweighted_tilt_05,False,0.5,0.0,5,48,48,9,validation_only,20.0,4.08,8.560385986752804,8.715625586193958,11
unweighted_tilt_05,False,0.5,0.0,5,48,48,9,validation_only,20.0,3.08,8.557761052223842,8.560529336304098,12
unweighted_tilt_05,False,0.5,0.0,5,48,48,9,validation_only,20.0,3.5,8.555304057104244,8.443810730882975,13
unweighted_tilt_05,False,0.5,0.0,5,48,48,9,validation_only,20.0,4.02,8.55824670580505,8.658482845451683,15
unweighted_tilt_05,False,0.5,0.0,5,48,48,9,validation_only,20.0,3.72,8.55665919653506,8.519994162288384,16
unweighted_tilt_05,False,0.5,0.0,5,48,48,9,validation_only,20.0,3.46,8.559388992324148,8.66492682427592,17
unweighted_tilt_05,False,0.5,0.0,5,48,48,9,validation_only,20.0,3.88,8.5556920179121,8.485706993363962,18
unweighted_tilt_05,False,0.5,0.0,5,48,48,9,validation_only,20.0,3.48,8.557489255258677,8.577984966753396,19
unweighted_tilt_05,False,0.5,0.0,5,48,48,9,validation_only,20.0,3.6,8.55673747313793,8.534743722050223,20
unweighted_tilt_05,False,0.5,0.0,5,48,48,9,validation_only,20.0,3.52,8.553832772272507,8.30594265577447,22
unweighted_tilt_05,False,0.5,0.0,5,48,48,9,validation_only,20.0,3.16,8.557724471313016,8.594057633792733,23
unweighted_tilt_05,False,0.5,0.0,5,48,48,9,validation_only,20.0,3.98,8.557559234980733,8.630635650276268,24
unweighted_tilt_05,False,0.5,0.0,5,48,48,9,validation_only,20.0,3.94,8.558096820771699,8.637808611816821,25
unweighted_tilt_05,False,0.5,0.0,5,48,48,9,validation_only,20.0,4.04,8.557161092831146,8.529325204961111,26
unweighted_tilt_05,False,0.5,0.0,5,48,48,9,validation_only,20.0,4.12,8.55879233820477,8.632127728901924,27
unweighted_tilt_05,False,0.5,0.0,5,48,48,9,validation_only,20.0,3.7,8.559310704481344,8.698599093531108,28
unweighted_tilt_05,False,0.5,0.0,5,48,48,9,validation_only,20.0,3.74,8.554172285340847,8.384601691143747,29
unweighted_tilt_05,False,0.5,0.0,5,48,48,9,validation_only,20.0,3.56,8.556572309357726,8.572748028227481,30
unweighted_tilt_05,False,0.5,0.0,5,48,48,9,validation_only,20.0,3.46,8.561884526637765,8.814423125346226,31
unweighted_tilt_05,False,0.5,0.0,5,48,48,9,validation_only,20.0,3.46,8.553570868165478,8.271645021645021,32
unweighted_tilt_05,False,0.5,0.0,5,48,48,9,validation_only,20.0,3.74,8.560971846036313,8.757779437391088,33
unweighted_tilt_05,False,0.5,0.0,5,48,48,9,validation_only,20.0,3.96,8.55922077400455,8.648255191607793,34
unweighted_tilt_05,False,0.5,0.0,5,48,48,9,validation_only,20.0,3.9,8.55355869480946,8.344547053649956,35
unweighted_tilt_05,False,0.5,0.0,5,48,48,9,validation_only,20.0,3.56,8.556394676057586,8.55199342375668,36
unweighted_tilt_05,False,0.5,0.0,5,48,48,9,validation_only,20.0,3.8,8.556230137151662,8.525340283811179,37
unweighted_tilt_05,False,0.5,0.0,5,48,48,9,validation_only,20.0,4.0,8.563244483579856,8.852889474840696,38
unweighted_tilt_05,False,0.5,0.0,5,48,48,9,validation_only,20.0,3.5,8.555795597309448,8.497960372960375,39
unweighted_tilt_05,False,0.5,0.0,5,48,48,9,validation_only,20.0,3.6,8.55517472736345,8.43805003460892,40
unweighted_tilt_05,False,0.5,0.0,5,48,48,9,validation_only,20.0,3.96,8.550523772884395,8.179193899782135,41
unweighted_tilt_05,False,0.5,0.0,5,48,48,9,validation_only,20.0,3.9,8.55960620360724,8.715135738192634,44
unweighted_tilt_05,False,0.5,0.0,5,48,48,9,validation_only,20.0,4.08,8.559946050523896,8.683043063859284,45
unweighted_tilt_05,False,0.5,0.0,5,48,48,9,validation_only,20.0,3.36,8.561166661236026,8.805004409171076,46
unweighted_tilt_05,False,0.5,0.0,5,48,48,9,validation_only,20.0,4.32,8.555654149566504,8.50069498069498,48
unweighted_tilt_05,False,0.5,0.0,5,48,48,9,validation_only,20.0,3.62,8.555119315173343,8.465273829827554,49
unweighted_tilt_05,False,0.5,0.0,5,48,48,9,validation_only,20.0,3.62,8.558236648981861,8.580938833570412,50
unweighted_tilt_05,False,0.5,0.0,5,48,48,9,validation_only,20.0,3.8,8.557948698042605,8.594168096054887,51
unweighted_tilt_05,False,0.5,0.0,5,48,48,9,validation_only,20.0,3.64,8.553583695993536,8.444160681032189,53
unweighted_tilt_05,False,0.5,0.0,5,48,48,9,validation_only,20.0,4.02,8.55372647798929,8.267142457318778,54
unweighted_tilt_05,False,0.5,0.0,5,48,48,9,validation_only,20.0,3.52,8.556959488384171,8.5075743170438,55
unweighted_tilt_05,False,0.5,0.0,5,48,48,9,validation_only,20.0,3.76,8.558340144034117,8.636943744752307,56
unweighted_tilt_05,False,0.5,0.0,5,48,48,9,two_channel_kg,21.28,4.0,8.552355849505112,8.35949741315595,01
unweighted_tilt_05,False,0.5,0.0,5,48,48,9,two_channel_kg,20.56,4.16,8.559337453333756,8.635873229939312,02
unweighted_tilt_05,False,0.5,0.0,5,48,48,9,two_channel_kg,20.76,5.0,8.555884133552478,8.519881085098477,04
unweighted_tilt_05,False,0.5,0.0,5,48,48,9,two_channel_kg,23.8,1.18,8.554002541610531,8.29320987654321,05
unweighted_tilt_05,False,0.5,0.0,5,48,48,9,two_channel_kg,21.12,3.76,8.554555132331322,8.431945521937767,06
unweighted_tilt_05,False,0.5,0.0,5,48,48,9,two_channel_kg,20.9,3.98,8.556366487920034,8.508233957978423,08
unweighted_tilt_05,False,0.5,0.0,5,48,48,9,two_channel_kg,20.46,4.28,8.557691335676955,8.553915436577434,09
unweighted_tilt_05,False,0.5,0.0,5,48,48,9,two_channel_kg,20.92,3.74,8.559103214473485,8.68655574679671,10
unweighted_tilt_05,False,0.5,0.0,5,48,48,9,two_channel_kg,20.08,8.18,8.563768042670368,8.715625586193958,11
unweighted_tilt_05,False,0.5,0.0,5,48,48,9,two_channel_kg,22.58,0.96,8.557378939282177,8.560529336304098,12
unweighted_tilt_05,False,0.5,0.0,5,48,48,9,two_channel_kg,20.98,4.1,8.55556493939304,8.443810730882975,13
unweighted_tilt_05,False,0.5,0.0,5,48,48,9,two_channel_kg,21.04,4.04,8.55893051805421,8.658482845451683,15
unweighted_tilt_05,False,0.5,0.0,5,48,48,9,two_channel_kg,21.84,2.68,8.556569219168878,8.519994162288384,16
unweighted_tilt_05,False,0.5,0.0,5,48,48,9,two_channel_kg,20.94,3.66,8.559776757442712,8.66492682427592,17
unweighted_tilt_05,False,0.5,0.0,5,48,48,9,two_channel_kg,21.24,3.82,8.555690859379395,8.485706993363962,18
unweighted_tilt_05,False,0.5,0.0,5,48,48,9,two_channel_kg,21.66,3.1,8.557320562812473,8.577984966753396,19
unweighted_tilt_05,False,0.5,0.0,5,48,48,9,two_channel_kg,21.1,3.84,8.556241095799159,8.534743722050223,20
unweighted_tilt_05,False,0.5,0.0,5,48,48,9,two_channel_kg,23.58,0.22,8.555490987908495,8.30594265577447,22
unweighted_tilt_05,False,0.5,0.0,5,48,48,9,two_channel_kg,20.98,3.48,8.557387130147132,8.594057633792733,23
unweighted_tilt_05,False,0.5,0.0,5,48,48,9,two_channel_kg,20.5,4.52,8.55886782072582,8.630635650276268,24
unweighted_tilt_05,False,0.5,0.0,5,48,48,9,two_channel_kg,20.6,4.3,8.55827018034276,8.637808611816821,25
unweighted_tilt_05,False,0.5,0.0,5,48,48,9,two_channel_kg,21.52,2.66,8.557147536590948,8.529325204961111,26
unweighted_tilt_05,False,0.5,0.0,5,48,48,9,two_channel_kg,20.3,5.6,8.55958941164996,8.632127728901924,27
unweighted_tilt_05,False,0.5,0.0,5,48,48,9,two_channel_kg,22.28,1.48,8.558386390650758,8.698599093531108,28
unweighted_tilt_05,False,0.5,0.0,5,48,48,9,two_channel_kg,24.2,0.9,8.55533821753961,8.384601691143747,29
unweighted_tilt_05,False,0.5,0.0,5,48,48,9,two_channel_kg,21.36,3.3,8.556864989897202,8.572748028227481,30
unweighted_tilt_05,False,0.5,0.0,5,48,48,9,two_channel_kg,20.24,6.0,8.563103537001622,8.814423125346226,31
unweighted_tilt_05,False,0.5,0.0,5,48,48,9,two_channel_kg,23.4,0.18,8.554919481188055,8.271645021645021,32
unweighted_tilt_05,False,0.5,0.0,5,48,48,9,two_channel_kg,20.22,5.0,8.561540095923977,8.757779437391088,33
unweighted_tilt_05,False,0.5,0.0,5,48,48,9,two_channel_kg,20.22,5.32,8.559750458436522,8.648255191607793,34
unweighted_tilt_05,False,0.5,0.0,5,48,48,9,two_channel_kg,20.74,4.26,8.552937114644347,8.344547053649956,35
unweighted_tilt_05,False,0.5,0.0,5,48,48,9,two_channel_kg,20.44,5.0,8.5566872290769,8.55199342375668,36
unweighted_tilt_05,False,0.5,0.0,5,48,48,9,two_channel_kg,21.26,3.32,8.555951291131006,8.525340283811179,37
unweighted_tilt_05,False,0.5,0.0,5,48,48,9,two_channel_kg,20.08,6.4,8.565413995414481,8.852889474840696,38
unweighted_tilt_05,False,0.5,0.0,5,48,48,9,two_channel_kg,21.3,4.3,8.55547792321038,8.497960372960375,39
unweighted_tilt_05,False,0.5,0.0,5,48,48,9,two_channel_kg,21.9,2.26,8.555748960146447,8.43805003460892,40
unweighted_tilt_05,False,0.5,0.0,5,48,48,9,two_channel_kg,22.72,2.32,8.55203190946373,8.179193899782135,41
unweighted_tilt_05,False,0.5,0.0,5,48,48,9,two_channel_kg,20.36,4.74,8.56111171490329,8.715135738192634,44
unweighted_tilt_05,False,0.5,0.0,5,48,48,9,two_channel_kg,20.76,3.98,8.559646787788108,8.683043063859284,45
unweighted_tilt_05,False,0.5,0.0,5,48,48,9,two_channel_kg,20.54,4.22,8.561073489100611,8.805004409171076,46
unweighted_tilt_05,False,0.5,0.0,5,48,48,9,two_channel_kg,21.34,3.94,8.555940909707193,8.50069498069498,48
unweighted_tilt_05,False,0.5,0.0,5,48,48,9,two_channel_kg,21.34,3.56,8.555500947731677,8.465273829827554,49
unweighted_tilt_05,False,0.5,0.0,5,48,48,9,two_channel_kg,20.34,5.68,8.558612037117863,8.580938833570412,50
unweighted_tilt_05,False,0.5,0.0,5,48,48,9,two_channel_kg,20.88,4.6,8.558087594123103,8.594168096054887,51
unweighted_tilt_05,False,0.5,0.0,5,48,48,9,two_channel_kg,20.8,4.96,8.553874733333567,8.444160681032189,53
unweighted_tilt_05,False,0.5,0.0,5,48,48,9,two_channel_kg,23.16,0.0,8.555685375079731,8.267142457318778,54
unweighted_tilt_05,False,0.5,0.0,5,48,48,9,two_channel_kg,20.94,4.36,8.556211037668678,8.5075743170438,55
unweighted_tilt_05,False,0.5,0.0,5,48,48,9,two_channel_kg,20.44,4.66,8.55905214090573,8.636943744752307,56
unweighted_tilt_05,False,0.5,0.0,5,144,48,9,uniform,78.5,0.0,8.554601359964709,8.35949741315595,01
unweighted_tilt_05,False,0.5,0.0,5,144,48,9,uniform,80.4,0.0,8.557914257061286,8.635873229939312,02
unweighted_tilt_05,False,0.5,0.0,5,144,48,9,uniform,79.66,0.0,8.556059356302073,8.519881085098477,04
unweighted_tilt_05,False,0.5,0.0,5,144,48,9,uniform,79.26,0.0,8.554627711380968,8.29320987654321,05
unweighted_tilt_05,False,0.5,0.0,5,144,48,9,uniform,81.22,0.0,8.55567333162147,8.431945521937767,06
unweighted_tilt_05,False,0.5,0.0,5,144,48,9,uniform,80.36,0.0,8.556596769676453,8.508233957978423,08
unweighted_tilt_05,False,0.5,0.0,5,144,48,9,uniform,80.62,0.0,8.55781317920146,8.553915436577434,09
unweighted_tilt_05,False,0.5,0.0,5,144,48,9,uniform,80.24,0.0,8.557678174791043,8.68655574679671,10
unweighted_tilt_05,False,0.5,0.0,5,144,48,9,uniform,79.5,0.0,8.557826236855846,8.715625586193958,11
unweighted_tilt_05,False,0.5,0.0,5,144,48,9,uniform,79.04,0.0,8.557118103167296,8.560529336304098,12
unweighted_tilt_05,False,0.5,0.0,5,144,48,9,uniform,80.04,0.0,8.555902026806644,8.443810730882975,13
unweighted_tilt_05,False,0.5,0.0,5,144,48,9,uniform,82.32,0.0,8.557487449063087,8.658482845451683,15
unweighted_tilt_05,False,0.5,0.0,5,144,48,9,uniform,81.26,0.0,8.556729541709899,8.519994162288384,16
unweighted_tilt_05,False,0.5,0.0,5,144,48,9,uniform,81.48,0.0,8.558635665045916,8.66492682427592,17
unweighted_tilt_05,False,0.5,0.0,5,144,48,9,uniform,78.08,0.0,8.55652718730158,8.485706993363962,18
unweighted_tilt_05,False,0.5,0.0,5,144,48,9,uniform,81.48,0.0,8.557116009969988,8.577984966753396,19
unweighted_tilt_05,False,0.5,0.0,5,144,48,9,uniform,79.04,0.0,8.557018994522124,8.534743722050223,20
unweighted_tilt_05,False,0.5,0.0,5,144,48,9,uniform,78.94,0.0,8.555350458700385,8.30594265577447,22
unweighted_tilt_05,False,0.5,0.0,5,144,48,9,uniform,78.86,0.0,8.557372881299656,8.594057633792733,23
unweighted_tilt_05,False,0.5,0.0,5,144,48,9,uniform,78.52,0.0,8.55774863669429,8.630635650276268,24
unweighted_tilt_05,False,0.5,0.0,5,144,48,9,uniform,80.68,0.0,8.557763870088944,8.637808611816821,25
unweighted_tilt_05,False,0.5,0.0,5,144,48,9,uniform,81.38,0.0,8.55741259671525,8.529325204961111,26
unweighted_tilt_05,False,0.5,0.0,5,144,48,9,uniform,79.28,0.0,8.557709346501047,8.632127728901924,27
unweighted_tilt_05,False,0.5,0.0,5,144,48,9,uniform,79.02,0.0,8.55824409568618,8.698599093531108,28
unweighted_tilt_05,False,0.5,0.0,5,144,48,9,uniform,80.02,0.0,8.555135142095871,8.384601691143747,29
unweighted_tilt_05,False,0.5,0.0,5,144,48,9,uniform,78.58,0.0,8.556436716323121,8.572748028227481,30
unweighted_tilt_05,False,0.5,0.0,5,144,48,9,uniform,80.6,0.0,8.559347734057113,8.814423125346226,31
unweighted_tilt_05,False,0.5,0.0,5,144,48,9,uniform,82.02,0.0,8.555025223029006,8.271645021645021,32
unweighted_tilt_05,False,0.5,0.0,5,144,48,9,uniform,80.56,0.0,8.558556592637018,8.757779437391088,33
unweighted_tilt_05,False,0.5,0.0,5,144,48,9,uniform,79.66,0.0,8.558163511620204,8.648255191607793,34
unweighted_tilt_05,False,0.5,0.0,5,144,48,9,uniform,80.88,0.0,8.554797302584845,8.344547053649956,35
unweighted_tilt_05,False,0.5,0.0,5,144,48,9,uniform,79.12,0.0,8.556503853850893,8.55199342375668,36
unweighted_tilt_05,False,0.5,0.0,5,144,48,9,uniform,78.0,0.0,8.556501728449376,8.525340283811179,37
unweighted_tilt_05,False,0.5,0.0,5,144,48,9,uniform,79.4,0.0,8.559856039725037,8.852889474840696,38
unweighted_tilt_05,False,0.5,0.0,5,144,48,9,uniform,79.84,0.0,8.555700273669034,8.497960372960375,39
unweighted_tilt_05,False,0.5,0.0,5,144,48,9,uniform,80.78,0.0,8.556609537364238,8.43805003460892,40
unweighted_tilt_05,False,0.5,0.0,5,144,48,9,uniform,79.14,0.0,8.554160891130472,8.179193899782135,41
unweighted_tilt_05,False,0.5,0.0,5,144,48,9,uniform,80.46,0.0,8.558340011323777,8.715135738192634,44
unweighted_tilt_05,False,0.5,0.0,5,144,48,9,uniform,79.82,0.0,8.558829692001149,8.683043063859284,45
unweighted_tilt_05,False,0.5,0.0,5,144,48,9,uniform,80.44,0.0,8.559008047582072,8.805004409171076,46
unweighted_tilt_05,False,0.5,0.0,5,144,48,9,uniform,80.66,0.0,8.556268160354145,8.50069498069498,48
unweighted_tilt_05,False,0.5,0.0,5,144,48,9,uniform,81.58,0.0,8.55639550717062,8.465273829827554,49
unweighted_tilt_05,False,0.5,0.0,5,144,48,9,uniform,81.04,0.0,8.558018661949966,8.580938833570412,50
unweighted_tilt_05,False,0.5,0.0,5,144,48,9,uniform,78.14,0.0,8.557361192548539,8.594168096054887,51
unweighted_tilt_05,False,0.5,0.0,5,144,48,9,uniform,80.1,0.0,8.55503420504561,8.444160681032189,53
unweighted_tilt_05,False,0.5,0.0,5,144,48,9,uniform,79.5,0.0,8.555640164738147,8.267142457318778,54
unweighted_tilt_05,False,0.5,0.0,5,144,48,9,uniform,80.7,0.0,8.557289779814106,8.5075743170438,55
unweighted_tilt_05,False,0.5,0.0,5,144,48,9,uniform,79.78,0.0,8.558056013260464,8.636943744752307,56
unweighted_tilt_05,False,0.5,0.0,5,144,48,9,uniform_blind,78.5,0.0,8.423242799140064,8.35949741315595,01
unweighted_tilt_05,False,0.5,0.0,5,144,48,9,uniform_blind,80.4,0.0,8.47108311165121,8.635873229939312,02
unweighted_tilt_05,False,0.5,0.0,5,144,48,9,uniform_blind,79.66,0.0,8.447236938739506,8.519881085098477,04
unweighted_tilt_05,False,0.5,0.0,5,144,48,9,uniform_blind,79.26,0.0,8.42762646464273,8.29320987654321,05
unweighted_tilt_05,False,0.5,0.0,5,144,48,9,uniform_blind,81.22,0.0,8.43378339162477,8.431945521937767,06
unweighted_tilt_05,False,0.5,0.0,5,144,48,9,uniform_blind,80.36,0.0,8.459845333813407,8.508233957978423,08
unweighted_tilt_05,False,0.5,0.0,5,144,48,9,uniform_blind,80.62,0.0,8.477677265822335,8.553915436577434,09
unweighted_tilt_05,False,0.5,0.0,5,144,48,9,uniform_blind,80.24,0.0,8.473057607078395,8.68655574679671,10
unweighted_tilt_05,False,0.5,0.0,5,144,48,9,uniform_blind,79.5,0.0,8.460035142260477,8.715625586193958,11
unweighted_tilt_05,False,0.5,0.0,5,144,48,9,uniform_blind,79.04,0.0,8.475094904227582,8.560529336304098,12
unweighted_tilt_05,False,0.5,0.0,5,144,48,9,uniform_blind,80.04,0.0,8.44585661728011,8.443810730882975,13
unweighted_tilt_05,False,0.5,0.0,5,144,48,9,uniform_blind,82.32,0.0,8.459361843445045,8.658482845451683,15
unweighted_tilt_05,False,0.5,0.0,5,144,48,9,uniform_blind,81.26,0.0,8.462389587077768,8.519994162288384,16
unweighted_tilt_05,False,0.5,0.0,5,144,48,9,uniform_blind,81.48,0.0,8.489437251689182,8.66492682427592,17
unweighted_tilt_05,False,0.5,0.0,5,144,48,9,uniform_blind,78.08,0.0,8.455246184071868,8.485706993363962,18
unweighted_tilt_05,False,0.5,0.0,5,144,48,9,uniform_blind,81.48,0.0,8.463672780181863,8.577984966753396,19
unweighted_tilt_05,False,0.5,0.0,5,144,48,9,uniform_blind,79.04,0.0,8.458992630448568,8.534743722050223,20
unweighted_tilt_05,False,0.5,0.0,5,144,48,9,uniform_blind,78.94,0.0,8.445495150446895,8.30594265577447,22
unweighted_tilt_05,False,0.5,0.0,5,144,48,9,uniform_blind,78.86,0.0,8.466482948539547,8.594057633792733,23
unweighted_tilt_05,False,0.5,0.0,5,144,48,9,uniform_blind,78.52,0.0,8.471950882150757,8.630635650276268,24
unweighted_tilt_05,False,0.5,0.0,5,144,48,9,uniform_blind,80.68,0.0,8.47397007029812,8.637808611816821,25
unweighted_tilt_05,False,0.5,0.0,5,144,48,9,uniform_blind,81.38,0.0,8.472834224205359,8.529325204961111,26
unweighted_tilt_05,False,0.5,0.0,5,144,48,9,uniform_blind,79.28,0.0,8.465965609241412,8.632127728901924,27
unweighted_tilt_05,False,0.5,0.0,5,144,48,9,uniform_blind,79.02,0.0,8.48752529519597,8.698599093531108,28
unweighted_tilt_05,False,0.5,0.0,5,144,48,9,uniform_blind,80.02,0.0,8.438955341510603,8.384601691143747,29
unweighted_tilt_05,False,0.5,0.0,5,144,48,9,uniform_blind,78.58,0.0,8.460276385484987,8.572748028227481,30
unweighted_tilt_05,False,0.5,0.0,5,144,48,9,uniform_blind,80.6,0.0,8.48695260394855,8.814423125346226,31
unweighted_tilt_05,False,0.5,0.0,5,144,48,9,uniform_blind,82.02,0.0,8.439537593056695,8.271645021645021,32
unweighted_tilt_05,False,0.5,0.0,5,144,48,9,uniform_blind,80.56,0.0,8.476590409515353,8.757779437391088,33
unweighted_tilt_05,False,0.5,0.0,5,144,48,9,uniform_blind,79.66,0.0,8.476184730906267,8.648255191607793,34
unweighted_tilt_05,False,0.5,0.0,5,144,48,9,uniform_blind,80.88,0.0,8.41712927329568,8.344547053649956,35
unweighted_tilt_05,False,0.5,0.0,5,144,48,9,uniform_blind,79.12,0.0,8.448542974190035,8.55199342375668,36
unweighted_tilt_05,False,0.5,0.0,5,144,48,9,uniform_blind,78.0,0.0,8.458950826518013,8.525340283811179,37
unweighted_tilt_05,False,0.5,0.0,5,144,48,9,uniform_blind,79.4,0.0,8.490531502124119,8.852889474840696,38
unweighted_tilt_05,False,0.5,0.0,5,144,48,9,uniform_blind,79.84,0.0,8.441081709712208,8.497960372960375,39
unweighted_tilt_05,False,0.5,0.0,5,144,48,9,uniform_blind,80.78,0.0,8.456364245289397,8.43805003460892,40
unweighted_tilt_05,False,0.5,0.0,5,144,48,9,uniform_blind,79.14,0.0,8.420123413964118,8.179193899782135,41
unweighted_tilt_05,False,0.5,0.0,5,144,48,9,uniform_blind,80.46,0.0,8.476583626793062,8.715135738192634,44
unweighted_tilt_05,False,0.5,0.0,5,144,48,9,uniform_blind,79.82,0.0,8.4908618510083,8.683043063859284,45
unweighted_tilt_05,False,0.5,0.0,5,144,48,9,uniform_blind,80.44,0.0,8.493849635299801,8.805004409171076,46
unweighted_tilt_05,False,0.5,0.0,5,144,48,9,uniform_blind,80.66,0.0,8.451384577856688,8.50069498069498,48
unweighted_tilt_05,False,0.5,0.0,5,144,48,9,uniform_blind,81.58,0.0,8.45435063231635,8.465273829827554,49
unweighted_tilt_05,False,0.5,0.0,5,144,48,9,uniform_blind,81.04,0.0,8.47048875110105,8.580938833570412,50
unweighted_tilt_05,False,0.5,0.0,5,144,48,9,uniform_blind,78.14,0.0,8.46432278435698,8.594168096054887,51
unweighted_tilt_05,False,0.5,0.0,5,144,48,9,uniform_blind,80.1,0.0,8.427224565935042,8.444160681032189,53
unweighted_tilt_05,False,0.5,0.0,5,144,48,9,uniform_blind,79.5,0.0,8.460094750739561,8.267142457318778,54
unweighted_tilt_05,False,0.5,0.0,5,144,48,9,uniform_blind,80.7,0.0,8.467065128335282,8.5075743170438,55
unweighted_tilt_05,False,0.5,0.0,5,144,48,9,uniform_blind,79.78,0.0,8.476915416783992,8.636943744752307,56
unweighted_tilt_05,False,0.5,0.0,5,144,48,9,uncertainty,40.0,0.0,8.554622217445505,8.35949741315595,01
unweighted_tilt_05,False,0.5,0.0,5,144,48,9,uncertainty,20.0,0.0,8.557842231021674,8.635873229939312,02
unweighted_tilt_05,False,0.5,0.0,5,144,48,9,uncertainty,40.0,0.0,8.556101913672356,8.519881085098477,04
unweighted_tilt_05,False,0.5,0.0,5,144,48,9,uncertainty,40.0,0.0,8.554756272620956,8.29320987654321,05
unweighted_tilt_05,False,0.5,0.0,5,144,48,9,uncertainty,40.0,0.0,8.555721045899533,8.431945521937767,06
unweighted_tilt_05,False,0.5,0.0,5,144,48,9,uncertainty,20.0,0.0,8.556657242323745,8.508233957978423,08
unweighted_tilt_05,False,0.5,0.0,5,144,48,9,uncertainty,20.0,0.0,8.557808368097252,8.553915436577434,09
unweighted_tilt_05,False,0.5,0.0,5,144,48,9,uncertainty,40.0,0.0,8.557702450578038,8.68655574679671,10
unweighted_tilt_05,False,0.5,0.0,5,144,48,9,uncertainty,20.0,0.0,8.55794253464733,8.715625586193958,11
unweighted_tilt_05,False,0.5,0.0,5,144,48,9,uncertainty,60.0,0.0,8.55712695345962,8.560529336304098,12
unweighted_tilt_05,False,0.5,0.0,5,144,48,9,uncertainty,40.0,0.0,8.556027513295422,8.443810730882975,13
unweighted_tilt_05,False,0.5,0.0,5,144,48,9,uncertainty,40.0,0.0,8.557461105067652,8.658482845451683,15
unweighted_tilt_05,False,0.5,0.0,5,144,48,9,uncertainty,40.0,0.0,8.55672687439613,8.519994162288384,16
unweighted_tilt_05,False,0.5,0.0,5,144,48,9,uncertainty,20.0,0.0,8.558529222340463,8.66492682427592,17
unweighted_tilt_05,False,0.5,0.0,5,144,48,9,uncertainty,40.0,0.0,8.556557213726013,8.485706993363962,18
unweighted_tilt_05,False,0.5,0.0,5,144,48,9,uncertainty,40.0,0.0,8.556977145661468,8.577984966753396,19
unweighted_tilt_05,False,0.5,0.0,5,144,48,9,uncertainty,40.0,0.0,8.556944657377441,8.534743722050223,20
unweighted_tilt_05,False,0.5,0.0,5,144,48,9,uncertainty,60.0,0.0,8.555298390483763,8.30594265577447,22
unweighted_tilt_05,False,0.5,0.0,5,144,48,9,uncertainty,40.0,0.0,8.557287867267227,8.594057633792733,23
unweighted_tilt_05,False,0.5,0.0,5,144,48,9,uncertainty,20.0,0.0,8.557524483081298,8.630635650276268,24
unweighted_tilt_05,False,0.5,0.0,5,144,48,9,uncertainty,20.0,0.0,8.557571430621115,8.637808611816821,25
unweighted_tilt_05,False,0.5,0.0,5,144,48,9,uncertainty,40.0,0.0,8.557375798467366,8.529325204961111,26
unweighted_tilt_05,False,0.5,0.0,5,144,48,9,uncertainty,20.0,0.0,8.55783730981169,8.632127728901924,27
unweighted_tilt_05,False,0.5,0.0,5,144,48,9,uncertainty,40.0,0.0,8.558126836863561,8.698599093531108,28
unweighted_tilt_05,False,0.5,0.0,5,144,48,9,uncertainty,40.0,0.0,8.555359604820543,8.384601691143747,29
unweighted_tilt_05,False,0.5,0.0,5,144,48,9,uncertainty,40.0,0.0,8.556274565675356,8.572748028227481,30
unweighted_tilt_05,False,0.5,0.0,5,144,48,9,uncertainty,20.0,0.0,8.558937640880695,8.814423125346226,31
unweighted_tilt_05,False,0.5,0.0,5,144,48,9,uncertainty,40.0,0.0,8.555023484966284,8.271645021645021,32
unweighted_tilt_05,False,0.5,0.0,5,144,48,9,uncertainty,20.0,0.0,8.558323011355435,8.757779437391088,33
unweighted_tilt_05,False,0.5,0.0,5,144,48,9,uncertainty,20.0,0.0,8.55813742880687,8.648255191607793,34
unweighted_tilt_05,False,0.5,0.0,5,144,48,9,uncertainty,20.0,0.0,8.555024229216059,8.344547053649956,35
unweighted_tilt_05,False,0.5,0.0,5,144,48,9,uncertainty,20.0,0.0,8.556327990755296,8.55199342375668,36
unweighted_tilt_05,False,0.5,0.0,5,144,48,9,uncertainty,40.0,0.0,8.556363380186195,8.525340283811179,37
unweighted_tilt_05,False,0.5,0.0,5,144,48,9,uncertainty,20.0,0.0,8.559420078166339,8.852889474840696,38
unweighted_tilt_05,False,0.5,0.0,5,144,48,9,uncertainty,20.0,0.0,8.555800773579978,8.497960372960375,39
unweighted_tilt_05,False,0.5,0.0,5,144,48,9,uncertainty,40.0,0.0,8.556622611574424,8.43805003460892,40
unweighted_tilt_05,False,0.5,0.0,5,144,48,9,uncertainty,40.0,0.0,8.5542070420293,8.179193899782135,41
unweighted_tilt_05,False,0.5,0.0,5,144,48,9,uncertainty,20.0,0.0,8.558232366912252,8.715135738192634,44
unweighted_tilt_05,False,0.5,0.0,5,144,48,9,uncertainty,40.0,0.0,8.558645338645517,8.683043063859284,45
unweighted_tilt_05,False,0.5,0.0,5,144,48,9,uncertainty,20.0,0.0,8.55874365573738,8.805004409171076,46
unweighted_tilt_05,False,0.5,0.0,5,144,48,9,uncertainty,40.0,0.0,8.556193391657759,8.50069498069498,48
unweighted_tilt_05,False,0.5,0.0,5,144,48,9,uncertainty,40.0,0.0,8.556448642070576,8.465273829827554,49
unweighted_tilt_05,False,0.5,0.0,5,144,48,9,uncertainty,20.0,0.0,8.557778454255512,8.580938833570412,50
unweighted_tilt_05,False,0.5,0.0,5,144,48,9,uncertainty,20.0,0.0,8.557276534840208,8.594168096054887,51
unweighted_tilt_05,False,0.5,0.0,5,144,48,9,uncertainty,20.0,0.0,8.555275872387023,8.444160681032189,53
unweighted_tilt_05,False,0.5,0.0,5,144,48,9,uncertainty,2320.0,0.0,8.555583030194217,8.267142457318778,54
unweighted_tilt_05,False,0.5,0.0,5,144,48,9,uncertainty,40.0,0.0,8.557248318023682,8.5075743170438,55
unweighted_tilt_05,False,0.5,0.0,5,144,48,9,uncertainty,40.0,0.0,8.557959774067504,8.636943744752307,56
unweighted_tilt_05,False,0.5,0.0,5,144,48,9,boundary,69.22,0.0,8.554057075673573,8.35949741315595,01
unweighted_tilt_05,False,0.5,0.0,5,144,48,9,boundary,58.76,0.0,8.55796511062639,8.635873229939312,02
unweighted_tilt_05,False,0.5,0.0,5,144,48,9,boundary,82.24,0.0,8.556014399313346,8.519881085098477,04
unweighted_tilt_05,False,0.5,0.0,5,144,48,9,boundary,132.82,0.0,8.554491193816302,8.29320987654321,05
unweighted_tilt_05,False,0.5,0.0,5,144,48,9,boundary,92.48,0.0,8.555690799003063,8.431945521937767,06
unweighted_tilt_05,False,0.5,0.0,5,144,48,9,boundary,43.36,0.0,8.556612717594936,8.508233957978423,08
unweighted_tilt_05,False,0.5,0.0,5,144,48,9,boundary,63.9,0.0,8.557840579145445,8.553915436577434,09
unweighted_tilt_05,False,0.5,0.0,5,144,48,9,boundary,71.76,0.0,8.557828235823738,8.68655574679671,10
unweighted_tilt_05,False,0.5,0.0,5,144,48,9,boundary,21.7,0.0,8.557922637474023,8.715625586193958,11
unweighted_tilt_05,False,0.5,0.0,5,144,48,9,boundary,103.92,0.0,8.557641232725382,8.560529336304098,12
unweighted_tilt_05,False,0.5,0.0,5,144,48,9,boundary,98.4,0.0,8.555817401909405,8.443810730882975,13
unweighted_tilt_05,False,0.5,0.0,5,144,48,9,boundary,91.82,0.0,8.557655429869472,8.658482845451683,15
unweighted_tilt_05,False,0.5,0.0,5,144,48,9,boundary,128.34,0.0,8.556802698976957,8.519994162288384,16
unweighted_tilt_05,False,0.5,0.0,5,144,48,9,boundary,69.8,0.0,8.55867210978568,8.66492682427592,17
unweighted_tilt_05,False,0.5,0.0,5,144,48,9,boundary,108.34,0.0,8.556587939864384,8.485706993363962,18
unweighted_tilt_05,False,0.5,0.0,5,144,48,9,boundary,117.78,0.0,8.557287390599965,8.577984966753396,19
unweighted_tilt_05,False,0.5,0.0,5,144,48,9,boundary,151.38,0.0,8.556845751880733,8.534743722050223,20
unweighted_tilt_05,False,0.5,0.0,5,144,48,9,boundary,133.48,0.0,8.555443169079348,8.30594265577447,22
unweighted_tilt_05,False,0.5,0.0,5,144,48,9,boundary,105.58,0.0,8.557580962141662,8.594057633792733,23
unweighted_tilt_05,False,0.5,0.0,5,144,48,9,boundary,41.26,0.0,8.557593657217684,8.630635650276268,24
unweighted_tilt_05,False,0.5,0.0,5,144,48,9,boundary,35.98,0.0,8.557638889781286,8.637808611816821,25
unweighted_tilt_05,False,0.5,0.0,5,144,48,9,boundary,101.32,0.0,8.557470490044837,8.529325204961111,26
unweighted_tilt_05,False,0.5,0.0,5,144,48,9,boundary,28.68,0.0,8.557770269237226,8.632127728901924,27
unweighted_tilt_05,False,0.5,0.0,5,144,48,9,boundary,61.78,0.0,8.558492715452594,8.698599093531108,28
unweighted_tilt_05,False,0.5,0.0,5,144,48,9,boundary,164.16,0.0,8.555222596469543,8.384601691143747,29
unweighted_tilt_05,False,0.5,0.0,5,144,48,9,boundary,99.1,0.0,8.556295979696063,8.572748028227481,30
unweighted_tilt_05,False,0.5,0.0,5,144,48,9,boundary,38.36,0.0,8.559180289070643,8.814423125346226,31
unweighted_tilt_05,False,0.5,0.0,5,144,48,9,boundary,144.04,0.0,8.554846805540077,8.271645021645021,32
unweighted_tilt_05,False,0.5,0.0,5,144,48,9,boundary,50.7,0.0,8.558460629746966,8.757779437391088,33
unweighted_tilt_05,False,0.5,0.0,5,144,48,9,boundary,46.18,0.0,8.558134098462556,8.648255191607793,34
unweighted_tilt_05,False,0.5,0.0,5,144,48,9,boundary,32.98,0.0,8.554361281054014,8.344547053649956,35
unweighted_tilt_05,False,0.5,0.0,5,144,48,9,boundary,33.6,0.0,8.556076640121743,8.55199342375668,36
unweighted_tilt_05,False,0.5,0.0,5,144,48,9,boundary,98.34,0.0,8.556333780634814,8.525340283811179,37
unweighted_tilt_05,False,0.5,0.0,5,144,48,9,boundary,34.62,0.0,8.55958622313753,8.852889474840696,38
unweighted_tilt_05,False,0.5,0.0,5,144,48,9,boundary,68.74,0.0,8.555478044656432,8.497960372960375,39
unweighted_tilt_05,False,0.5,0.0,5,144,48,9,boundary,113.22,0.0,8.556543071034701,8.43805003460892,40
unweighted_tilt_05,False,0.5,0.0,5,144,48,9,boundary,53.24,0.0,8.55388825050899,8.179193899782135,41
unweighted_tilt_05,False,0.5,0.0,5,144,48,9,boundary,39.52,0.0,8.558452773591762,8.715135738192634,44
unweighted_tilt_05,False,0.5,0.0,5,144,48,9,boundary,65.64,0.0,8.558731225024783,8.683043063859284,45
unweighted_tilt_05,False,0.5,0.0,5,144,48,9,boundary,39.92,0.0,8.55901281796071,8.805004409171076,46
unweighted_tilt_05,False,0.5,0.0,5,144,48,9,boundary,93.54,0.0,8.556120357766364,8.50069498069498,48
unweighted_tilt_05,False,0.5,0.0,5,144,48,9,boundary,101.38,0.0,8.556296655794467,8.465273829827554,49
unweighted_tilt_05,False,0.5,0.0,5,144,48,9,boundary,53.06,0.0,8.557755376306563,8.580938833570412,50
unweighted_tilt_05,False,0.5,0.0,5,144,48,9,boundary,66.14,0.0,8.557402582080547,8.594168096054887,51
unweighted_tilt_05,False,0.5,0.0,5,144,48,9,boundary,27.1,0.0,8.555040695375439,8.444160681032189,53
unweighted_tilt_05,False,0.5,0.0,5,144,48,9,boundary,209.14,0.0,8.555730823853137,8.267142457318778,54
unweighted_tilt_05,False,0.5,0.0,5,144,48,9,boundary,74.3,0.0,8.557018226224514,8.5075743170438,55
unweighted_tilt_05,False,0.5,0.0,5,144,48,9,boundary,78.88,0.0,8.558192579029027,8.636943744752307,56
unweighted_tilt_05,False,0.5,0.0,5,144,48,9,bias_blind_kg,89.88,0.0,8.284283769193832,8.35949741315595,01
unweighted_tilt_05,False,0.5,0.0,5,144,48,9,bias_blind_kg,73.78,0.0,8.403788649894961,8.635873229939312,02
unweighted_tilt_05,False,0.5,0.0,5,144,48,9,bias_blind_kg,89.36,0.0,8.335337089561836,8.519881085098477,04
unweighted_tilt_05,False,0.5,0.0,5,144,48,9,bias_blind_kg,86.04,0.0,8.322375474177814,8.29320987654321,05
unweighted_tilt_05,False,0.5,0.0,5,144,48,9,bias_blind_kg,88.66,0.0,8.32352089120031,8.431945521937767,06
unweighted_tilt_05,False,0.5,0.0,5,144,48,9,bias_blind_kg,86.36,0.0,8.362705448705576,8.508233957978423,08
unweighted_tilt_05,False,0.5,0.0,5,144,48,9,bias_blind_kg,72.02,0.0,8.395402169752662,8.553915436577434,09
unweighted_tilt_05,False,0.5,0.0,5,144,48,9,bias_blind_kg,78.24,0.0,8.406261137250127,8.68655574679671,10
unweighted_tilt_05,False,0.5,0.0,5,144,48,9,bias_blind_kg,94.86,0.0,8.325569718657567,8.715625586193958,11
unweighted_tilt_05,False,0.5,0.0,5,144,48,9,bias_blind_kg,60.56,0.0,8.44532748575499,8.560529336304098,12
unweighted_tilt_05,False,0.5,0.0,5,144,48,9,bias_blind_kg,80.82,0.0,8.341142495668105,8.443810730882975,13
unweighted_tilt_05,False,0.5,0.0,5,144,48,9,bias_blind_kg,78.56,0.0,8.392087816078995,8.658482845451683,15
unweighted_tilt_05,False,0.5,0.0,5,144,48,9,bias_blind_kg,77.26,0.0,8.38267282396058,8.519994162288384,16
unweighted_tilt_05,False,0.5,0.0,5,144,48,9,bias_blind_kg,70.72,0.0,8.425200785482906,8.66492682427592,17
unweighted_tilt_05,False,0.5,0.0,5,144,48,9,bias_blind_kg,79.74,0.0,8.36523393244647,8.485706993363962,18
unweighted_tilt_05,False,0.5,0.0,5,144,48,9,bias_blind_kg,73.8,0.0,8.409432854856881,8.577984966753396,19
unweighted_tilt_05,False,0.5,0.0,5,144,48,9,bias_blind_kg,80.06,0.0,8.366432711027791,8.534743722050223,20
unweighted_tilt_05,False,0.5,0.0,5,144,48,9,bias_blind_kg,74.46,0.0,8.362610044259217,8.30594265577447,22
unweighted_tilt_05,False,0.5,0.0,5,144,48,9,bias_blind_kg,71.08,0.0,8.417829792443207,8.594057633792733,23
unweighted_tilt_05,False,0.5,0.0,5,144,48,9,bias_blind_kg,81.24,0.0,8.380203434282087,8.630635650276268,24
unweighted_tilt_05,False,0.5,0.0,5,144,48,9,bias_blind_kg,81.06,0.0,8.386843035815389,8.637808611816821,25
unweighted_tilt_05,False,0.5,0.0,5,144,48,9,bias_blind_kg,72.54,0.0,8.408249003189955,8.529325204961111,26
unweighted_tilt_05,False,0.5,0.0,5,144,48,9,bias_blind_kg,83.84,0.0,8.363016789377474,8.632127728901924,27
unweighted_tilt_05,False,0.5,0.0,5,144,48,9,bias_blind_kg,60.2,0.0,8.457981181446804,8.698599093531108,28
unweighted_tilt_05,False,0.5,0.0,5,144,48,9,bias_blind_kg,84.24,0.0,8.339254003540063,8.384601691143747,29
unweighted_tilt_05,False,0.5,0.0,5,144,48,9,bias_blind_kg,87.64,0.0,8.355591866577086,8.572748028227481,30
unweighted_tilt_05,False,0.5,0.0,5,144,48,9,bias_blind_kg,82.66,0.0,8.388977234110069,8.814423125346226,31
unweighted_tilt_05,False,0.5,0.0,5,144,48,9,bias_blind_kg,82.8,0.0,8.336985341120057,8.271645021645021,32
unweighted_tilt_05,False,0.5,0.0,5,144,48,9,bias_blind_kg,77.9,0.0,8.395801929729958,8.757779437391088,33
unweighted_tilt_05,False,0.5,0.0,5,144,48,9,bias_blind_kg,81.18,0.0,8.37246812114994,8.648255191607793,34
unweighted_tilt_05,False,0.5,0.0,5,144,48,9,bias_blind_kg,92.34,0.0,8.24490135995182,8.344547053649956,35
unweighted_tilt_05,False,0.5,0.0,5,144,48,9,bias_blind_kg,90.48,0.0,8.308535401658023,8.55199342375668,36
unweighted_tilt_05,False,0.5,0.0,5,144,48,9,bias_blind_kg,79.26,0.0,8.362817774160499,8.525340283811179,37
unweighted_tilt_05,False,0.5,0.0,5,144,48,9,bias_blind_kg,78.0,0.0,8.410454490744318,8.852889474840696,38
unweighted_tilt_05,False,0.5,0.0,5,144,48,9,bias_blind_kg,95.42,0.0,8.299757303859092,8.497960372960375,39
unweighted_tilt_05,False,0.5,0.0,5,144,48,9,bias_blind_kg,73.6,0.0,8.385204586520059,8.43805003460892,40
unweighted_tilt_05,False,0.5,0.0,5,144,48,9,bias_blind_kg,92.68,0.0,8.274404766867352,8.179193899782135,41
unweighted_tilt_05,False,0.5,0.0,5,144,48,9,bias_blind_kg,80.58,0.0,8.400506569478228,8.715135738192634,44
unweighted_tilt_05,False,0.5,0.0,5,144,48,9,bias_blind_kg,67.1,0.0,8.434088631003563,8.683043063859284,45
unweighted_tilt_05,False,0.5,0.0,5,144,48,9,bias_blind_kg,74.26,0.0,8.423201322474698,8.805004409171076,46
unweighted_tilt_05,False,0.5,0.0,5,144,48,9,bias_blind_kg,87.38,0.0,8.341189390677846,8.50069498069498,48
unweighted_tilt_05,False,0.5,0.0,5,144,48,9,bias_blind_kg,83.56,0.0,8.361991018195024,8.465273829827554,49
unweighted_tilt_05,False,0.5,0.0,5,144,48,9,bias_blind_kg,79.42,0.0,8.3831738707074,8.580938833570412,50
unweighted_tilt_05,False,0.5,0.0,5,144,48,9,bias_blind_kg,78.76,0.0,8.386016949381442,8.594168096054887,51
unweighted_tilt_05,False,0.5,0.0,5,144,48,9,bias_blind_kg,94.14,0.0,8.296538629225426,8.444160681032189,53
unweighted_tilt_05,False,0.5,0.0,5,144,48,9,bias_blind_kg,55.06,0.0,8.441847599779466,8.267142457318778,54
unweighted_tilt_05,False,0.5,0.0,5,144,48,9,bias_blind_kg,82.24,0.0,8.356351869029865,8.5075743170438,55
unweighted_tilt_05,False,0.5,0.0,5,144,48,9,bias_blind_kg,74.16,0.0,8.40308885002738,8.636943744752307,56
unweighted_tilt_05,False,0.5,0.0,5,144,48,9,ordinary_kg,78.42,0.0,8.553148250144739,8.35949741315595,01
unweighted_tilt_05,False,0.5,0.0,5,144,48,9,ordinary_kg,77.78,0.0,8.557701322616985,8.635873229939312,02
unweighted_tilt_05,False,0.5,0.0,5,144,48,9,ordinary_kg,91.06,0.0,8.555593128654658,8.519881085098477,04
unweighted_tilt_05,False,0.5,0.0,5,144,48,9,ordinary_kg,86.4,0.0,8.553862232849424,8.29320987654321,05
unweighted_tilt_05,False,0.5,0.0,5,144,48,9,ordinary_kg,88.72,0.0,8.554788521474515,8.431945521937767,06
unweighted_tilt_05,False,0.5,0.0,5,144,48,9,ordinary_kg,87.8,0.0,8.55618141661604,8.508233957978423,08
unweighted_tilt_05,False,0.5,0.0,5,144,48,9,ordinary_kg,81.24,0.0,8.557329758037028,8.553915436577434,09
unweighted_tilt_05,False,0.5,0.0,5,144,48,9,ordinary_kg,71.68,0.0,8.557834501555215,8.68655574679671,10
unweighted_tilt_05,False,0.5,0.0,5,144,48,9,ordinary_kg,88.72,0.0,8.55692010634061,8.715625586193958,11
unweighted_tilt_05,False,0.5,0.0,5,144,48,9,ordinary_kg,69.0,0.0,8.557283596167684,8.560529336304098,12
unweighted_tilt_05,False,0.5,0.0,5,144,48,9,ordinary_kg,85.66,0.0,8.55502486464225,8.443810730882975,13
unweighted_tilt_05,False,0.5,0.0,5,144,48,9,ordinary_kg,78.52,0.0,8.55748180234159,8.658482845451683,15
unweighted_tilt_05,False,0.5,0.0,5,144,48,9,ordinary_kg,85.72,0.0,8.556419762340578,8.519994162288384,16
unweighted_tilt_05,False,0.5,0.0,5,144,48,9,ordinary_kg,71.26,0.0,8.558591442049579,8.66492682427592,17
unweighted_tilt_05,False,0.5,0.0,5,144,48,9,ordinary_kg,90.58,0.0,8.556093952907911,8.485706993363962,18
unweighted_tilt_05,False,0.5,0.0,5,144,48,9,ordinary_kg,76.36,0.0,8.557113354843489,8.577984966753396,19
unweighted_tilt_05,False,0.5,0.0,5,144,48,9,ordinary_kg,85.38,0.0,8.55632156211181,8.534743722050223,20
unweighted_tilt_05,False,0.5,0.0,5,144,48,9,ordinary_kg,83.24,0.0,8.554747486488662,8.30594265577447,22
unweighted_tilt_05,False,0.5,0.0,5,144,48,9,ordinary_kg,73.38,0.0,8.557458928310101,8.594057633792733,23
unweighted_tilt_05,False,0.5,0.0,5,144,48,9,ordinary_kg,85.62,0.0,8.557428269603527,8.630635650276268,24
unweighted_tilt_05,False,0.5,0.0,5,144,48,9,ordinary_kg,82.36,0.0,8.557467717649175,8.637808611816821,25
unweighted_tilt_05,False,0.5,0.0,5,144,48,9,ordinary_kg,80.34,0.0,8.557253823747276,8.529325204961111,26
unweighted_tilt_05,False,0.5,0.0,5,144,48,9,ordinary_kg,85.36,0.0,8.557326077553467,8.632127728901924,27
unweighted_tilt_05,False,0.5,0.0,5,144,48,9,ordinary_kg,58.56,0.0,8.55854013105638,8.698599093531108,28
unweighted_tilt_05,False,0.5,0.0,5,144,48,9,ordinary_kg,88.54,0.0,8.55477698567528,8.384601691143747,29
unweighted_tilt_05,False,0.5,0.0,5,144,48,9,ordinary_kg,85.08,0.0,8.5561626946308,8.572748028227481,30
unweighted_tilt_05,False,0.5,0.0,5,144,48,9,ordinary_kg,69.4,0.0,8.55928197289593,8.814423125346226,31
unweighted_tilt_05,False,0.5,0.0,5,144,48,9,ordinary_kg,84.08,0.0,8.554267659602479,8.271645021645021,32
unweighted_tilt_05,False,0.5,0.0,5,144,48,9,ordinary_kg,72.06,0.0,8.558598855600591,8.757779437391088,33
unweighted_tilt_05,False,0.5,0.0,5,144,48,9,ordinary_kg,85.3,0.0,8.557575778008989,8.648255191607793,34
unweighted_tilt_05,False,0.5,0.0,5,144,48,9,ordinary_kg,57.78,0.0,8.553336430201876,8.344547053649956,35
unweighted_tilt_05,False,0.5,0.0,5,144,48,9,ordinary_kg,82.74,0.0,8.555427803356645,8.55199342375668,36
unweighted_tilt_05,False,0.5,0.0,5,144,48,9,ordinary_kg,84.86,0.0,8.555663139307692,8.525340283811179,37
unweighted_tilt_05,False,0.5,0.0,5,144,48,9,ordinary_kg,69.7,0.0,8.559790041266675,8.852889474840696,38
unweighted_tilt_05,False,0.5,0.0,5,144,48,9,ordinary_kg,88.44,0.0,8.554843978381868,8.497960372960375,39
unweighted_tilt_05,False,0.5,0.0,5,144,48,9,ordinary_kg,90.82,0.0,8.55621359393818,8.43805003460892,40
unweighted_tilt_05,False,0.5,0.0,5,144,48,9,ordinary_kg,69.44,0.0,8.553019842135901,8.179193899782135,41
unweighted_tilt_05,False,0.5,0.0,5,144,48,9,ordinary_kg,68.54,0.0,8.558515901725533,8.715135738192634,44
unweighted_tilt_05,False,0.5,0.0,5,144,48,9,ordinary_kg,64.02,0.0,8.55878120942726,8.683043063859284,45
unweighted_tilt_05,False,0.5,0.0,5,144,48,9,ordinary_kg,66.02,0.0,8.559056164316637,8.805004409171076,46
unweighted_tilt_05,False,0.5,0.0,5,144,48,9,ordinary_kg,89.3,0.0,8.555527422964646,8.50069498069498,48
unweighted_tilt_05,False,0.5,0.0,5,144,48,9,ordinary_kg,87.0,0.0,8.555966365510589,8.465273829827554,49
unweighted_tilt_05,False,0.5,0.0,5,144,48,9,ordinary_kg,79.84,0.0,8.557507171683064,8.580938833570412,50
unweighted_tilt_05,False,0.5,0.0,5,144,48,9,ordinary_kg,85.14,0.0,8.557271512223647,8.594168096054887,51
unweighted_tilt_05,False,0.5,0.0,5,144,48,9,ordinary_kg,84.68,0.0,8.553954777551594,8.444160681032189,53
unweighted_tilt_05,False,0.5,0.0,5,144,48,9,ordinary_kg,81.84,0.0,8.555572414781928,8.267142457318778,54
unweighted_tilt_05,False,0.5,0.0,5,144,48,9,ordinary_kg,85.06,0.0,8.556702107932729,8.5075743170438,55
unweighted_tilt_05,False,0.5,0.0,5,144,48,9,ordinary_kg,77.16,0.0,8.557997096968466,8.636943744752307,56
unweighted_tilt_05,False,0.5,0.0,5,144,48,9,two_channel_uniform,30.02,9.72,8.550770705429276,8.35949741315595,01
unweighted_tilt_05,False,0.5,0.0,5,144,48,9,two_channel_uniform,30.6,9.52,8.558852389389271,8.635873229939312,02
unweighted_tilt_05,False,0.5,0.0,5,144,48,9,two_channel_uniform,30.96,10.38,8.555724952399078,8.519881085098477,04
unweighted_tilt_05,False,0.5,0.0,5,144,48,9,two_channel_uniform,30.9,10.46,8.548024542144391,8.29320987654321,05
unweighted_tilt_05,False,0.5,0.0,5,144,48,9,two_channel_uniform,30.94,9.88,8.552386423935474,8.431945521937767,06
unweighted_tilt_05,False,0.5,0.0,5,144,48,9,two_channel_uniform,30.88,9.88,8.555030865701173,8.508233957978423,08
unweighted_tilt_05,False,0.5,0.0,5,144,48,9,two_channel_uniform,30.98,10.22,8.558238989396898,8.553915436577434,09
unweighted_tilt_05,False,0.5,0.0,5,144,48,9,two_channel_uniform,31.1,9.9,8.560820468988082,8.68655574679671,10
unweighted_tilt_05,False,0.5,0.0,5,144,48,9,two_channel_uniform,31.16,9.68,8.563913243118527,8.715625586193958,11
unweighted_tilt_05,False,0.5,0.0,5,144,48,9,two_channel_uniform,30.62,10.44,8.557536565595553,8.560529336304098,12
unweighted_tilt_05,False,0.5,0.0,5,144,48,9,two_channel_uniform,30.62,9.7,8.553354936563425,8.443810730882975,13
unweighted_tilt_05,False,0.5,0.0,5,144,48,9,two_channel_uniform,30.74,10.02,8.559652172471855,8.658482845451683,15
unweighted_tilt_05,False,0.5,0.0,5,144,48,9,two_channel_uniform,30.56,9.86,8.555968186623806,8.519994162288384,16
unweighted_tilt_05,False,0.5,0.0,5,144,48,9,two_channel_uniform,31.22,9.5,8.559744287367614,8.66492682427592,17
unweighted_tilt_05,False,0.5,0.0,5,144,48,9,two_channel_uniform,31.06,9.84,8.55399078887006,8.485706993363962,18
unweighted_tilt_05,False,0.5,0.0,5,144,48,9,two_channel_uniform,30.82,9.44,8.55761767304784,8.577984966753396,19
unweighted_tilt_05,False,0.5,0.0,5,144,48,9,two_channel_uniform,30.88,10.34,8.555146481169078,8.534743722050223,20
unweighted_tilt_05,False,0.5,0.0,5,144,48,9,two_channel_uniform,30.58,10.06,8.550152014177954,8.30594265577447,22
unweighted_tilt_05,False,0.5,0.0,5,144,48,9,two_channel_uniform,30.1,9.96,8.558528173746462,8.594057633792733,23
unweighted_tilt_05,False,0.5,0.0,5,144,48,9,two_channel_uniform,31.06,9.66,8.558761941310868,8.630635650276268,24
unweighted_tilt_05,False,0.5,0.0,5,144,48,9,two_channel_uniform,30.88,10.2,8.559025935202017,8.637808611816821,25
unweighted_tilt_05,False,0.5,0.0,5,144,48,9,two_channel_uniform,30.68,9.96,8.555840548328025,8.529325204961111,26
unweighted_tilt_05,False,0.5,0.0,5,144,48,9,two_channel_uniform,30.72,9.78,8.559775522305202,8.632127728901924,27
unweighted_tilt_05,False,0.5,0.0,5,144,48,9,two_channel_uniform,31.34,9.44,8.560984014456732,8.698599093531108,28
unweighted_tilt_05,False,0.5,0.0,5,144,48,9,two_channel_uniform,30.6,9.96,8.551979060424092,8.384601691143747,29
unweighted_tilt_05,False,0.5,0.0,5,144,48,9,two_channel_uniform,30.86,9.44,8.556867641140226,8.572748028227481,30
unweighted_tilt_05,False,0.5,0.0,5,144,48,9,two_channel_uniform,31.36,8.7,8.56568539283644,8.814423125346226,31
unweighted_tilt_05,False,0.5,0.0,5,144,48,9,two_channel_uniform,31.06,9.7,8.548469568949589,8.271645021645021,32
unweighted_tilt_05,False,0.5,0.0,5,144,48,9,two_channel_uniform,31.34,9.84,8.564131501876581,8.757779437391088,33
unweighted_tilt_05,False,0.5,0.0,5,144,48,9,two_channel_uniform,31.56,9.24,8.561427987101593,8.648255191607793,34
unweighted_tilt_05,False,0.5,0.0,5,144,48,9,two_channel_uniform,30.48,10.0,8.549248593586144,8.344547053649956,35
unweighted_tilt_05,False,0.5,0.0,5,144,48,9,two_channel_uniform,30.28,9.42,8.555935699428987,8.55199342375668,36
unweighted_tilt_05,False,0.5,0.0,5,144,48,9,two_channel_uniform,30.86,9.3,8.555719924740647,8.525340283811179,37
unweighted_tilt_05,False,0.5,0.0,5,144,48,9,two_channel_uniform,30.56,10.26,8.569183017336702,8.852889474840696,38
unweighted_tilt_05,False,0.5,0.0,5,144,48,9,two_channel_uniform,31.16,9.44,8.554390168897175,8.497960372960375,39
unweighted_tilt_05,False,0.5,0.0,5,144,48,9,two_channel_uniform,30.7,9.52,8.553287336852707,8.43805003460892,40
unweighted_tilt_05,False,0.5,0.0,5,144,48,9,two_channel_uniform,30.46,10.28,8.543855767704434,8.179193899782135,41
unweighted_tilt_05,False,0.5,0.0,5,144,48,9,two_channel_uniform,31.7,9.9,8.562000972277957,8.715135738192634,44
unweighted_tilt_05,False,0.5,0.0,5,144,48,9,two_channel_uniform,31.18,9.24,8.56117989765093,8.683043063859284,45
unweighted_tilt_05,False,0.5,0.0,5,144,48,9,two_channel_uniform,31.16,9.84,8.565337204552703,8.805004409171076,46
unweighted_tilt_05,False,0.5,0.0,5,144,48,9,two_channel_uniform,31.58,9.98,8.553934978027433,8.50069498069498,48
unweighted_tilt_05,False,0.5,0.0,5,144,48,9,two_channel_uniform,31.22,10.04,8.554151320663898,8.465273829827554,49
unweighted_tilt_05,False,0.5,0.0,5,144,48,9,two_channel_uniform,31.78,10.22,8.557385164839404,8.580938833570412,50
unweighted_tilt_05,False,0.5,0.0,5,144,48,9,two_channel_uniform,30.16,9.68,8.558715728090814,8.594168096054887,51
unweighted_tilt_05,False,0.5,0.0,5,144,48,9,two_channel_uniform,30.52,9.26,8.551421537477887,8.444160681032189,53
unweighted_tilt_05,False,0.5,0.0,5,144,48,9,two_channel_uniform,30.36,9.66,8.551066808734767,8.267142457318778,54
unweighted_tilt_05,False,0.5,0.0,5,144,48,9,two_channel_uniform,31.32,10.88,8.556074703260114,8.5075743170438,55
unweighted_tilt_05,False,0.5,0.0,5,144,48,9,two_channel_uniform,30.32,9.96,8.559580153594412,8.636943744752307,56
unweighted_tilt_05,False,0.5,0.0,5,144,48,9,balanced_mix,50.58,5.96,8.552072137219431,8.35949741315595,01
unweighted_tilt_05,False,0.5,0.0,5,144,48,9,balanced_mix,51.92,6.26,8.558343189795352,8.635873229939312,02
unweighted_tilt_05,False,0.5,0.0,5,144,48,9,balanced_mix,50.82,6.38,8.55515958061949,8.519881085098477,04
unweighted_tilt_05,False,0.5,0.0,5,144,48,9,balanced_mix,51.24,6.34,8.551414045673466,8.29320987654321,05
unweighted_tilt_05,False,0.5,0.0,5,144,48,9,balanced_mix,49.42,6.26,8.553267381667744,8.431945521937767,06
unweighted_tilt_05,False,0.5,0.0,5,144,48,9,balanced_mix,50.08,6.06,8.556054210343554,8.508233957978423,08
unweighted_tilt_05,False,0.5,0.0,5,144,48,9,balanced_mix,50.46,5.6,8.557608552633296,8.553915436577434,09
unweighted_tilt_05,False,0.5,0.0,5,144,48,9,balanced_mix,49.66,5.68,8.559680734070493,8.68655574679671,10
unweighted_tilt_05,False,0.5,0.0,5,144,48,9,balanced_mix,51.52,6.04,8.560945181864415,8.715625586193958,11
unweighted_tilt_05,False,0.5,0.0,5,144,48,9,balanced_mix,51.0,6.12,8.556725684415728,8.560529336304098,12
unweighted_tilt_05,False,0.5,0.0,5,144,48,9,balanced_mix,49.18,5.7,8.553851404011146,8.443810730882975,13
unweighted_tilt_05,False,0.5,0.0,5,144,48,9,balanced_mix,51.88,5.3,8.559248023624443,8.658482845451683,15
unweighted_tilt_05,False,0.5,0.0,5,144,48,9,balanced_mix,51.1,6.44,8.556508841222403,8.519994162288384,16
unweighted_tilt_05,False,0.5,0.0,5,144,48,9,balanced_mix,49.94,5.84,8.560302482851679,8.66492682427592,17
unweighted_tilt_05,False,0.5,0.0,5,144,48,9,balanced_mix,48.82,5.86,8.55380476639628,8.485706993363962,18
unweighted_tilt_05,False,0.5,0.0,5,144,48,9,balanced_mix,49.9,6.0,8.557115639812526,8.577984966753396,19
unweighted_tilt_05,False,0.5,0.0,5,144,48,9,balanced_mix,50.14,5.48,8.556027978742502,8.534743722050223,20
unweighted_tilt_05,False,0.5,0.0,5,144,48,9,balanced_mix,49.58,5.62,8.55244732590544,8.30594265577447,22
unweighted_tilt_05,False,0.5,0.0,5,144,48,9,balanced_mix,49.96,5.76,8.557377689916407,8.594057633792733,23
unweighted_tilt_05,False,0.5,0.0,5,144,48,9,balanced_mix,50.56,6.04,8.558333784036222,8.630635650276268,24
unweighted_tilt_05,False,0.5,0.0,5,144,48,9,balanced_mix,51.12,5.6,8.559327739176567,8.637808611816821,25
unweighted_tilt_05,False,0.5,0.0,5,144,48,9,balanced_mix,50.58,5.32,8.557092457882012,8.529325204961111,26
unweighted_tilt_05,False,0.5,0.0,5,144,48,9,balanced_mix,49.86,6.32,8.559452150844647,8.632127728901924,27
unweighted_tilt_05,False,0.5,0.0,5,144,48,9,balanced_mix,51.28,5.96,8.559956222919938,8.698599093531108,28
unweighted_tilt_05,False,0.5,0.0,5,144,48,9,balanced_mix,50.46,5.88,8.553269769468727,8.384601691143747,29
unweighted_tilt_05,False,0.5,0.0,5,144,48,9,balanced_mix,49.78,6.0,8.557441855500727,8.572748028227481,30
unweighted_tilt_05,False,0.5,0.0,5,144,48,9,balanced_mix,50.74,5.96,8.562130787516177,8.814423125346226,31
unweighted_tilt_05,False,0.5,0.0,5,144,48,9,balanced_mix,50.12,5.74,8.551690695914237,8.271645021645021,32
unweighted_tilt_05,False,0.5,0.0,5,144,48,9,balanced_mix,49.56,6.18,8.562003900137803,8.757779437391088,33
unweighted_tilt_05,False,0.5,0.0,5,144,48,9,balanced_mix,50.62,5.34,8.560199579214263,8.648255191607793,34
unweighted_tilt_05,False,0.5,0.0,5,144,48,9,balanced_mix,51.58,6.1,8.551432066315767,8.344547053649956,35
unweighted_tilt_05,False,0.5,0.0,5,144,48,9,balanced_mix,49.48,6.3,8.555717268435046,8.55199342375668,36
unweighted_tilt_05,False,0.5,0.0,5,144,48,9,balanced_mix,51.56,5.96,8.555477317437951,8.525340283811179,37
unweighted_tilt_05,False,0.5,0.0,5,144,48,9,balanced_mix,50.3,5.74,8.564957029462391,8.852889474840696,38
unweighted_tilt_05,False,0.5,0.0,5,144,48,9,balanced_mix,51.04,5.72,8.556158995528317,8.497960372960375,39
unweighted_tilt_05,False,0.5,0.0,5,144,48,9,balanced_mix,49.66,6.04,8.55469968676352,8.43805003460892,40
unweighted_tilt_05,False,0.5,0.0,5,144,48,9,balanced_mix,48.66,5.44,8.549313539419792,8.179193899782135,41
unweighted_tilt_05,False,0.5,0.0,5,144,48,9,balanced_mix,50.14,6.32,8.561496349266251,8.715135738192634,44
unweighted_tilt_05,False,0.5,0.0,5,144,48,9,balanced_mix,50.26,5.9,8.561032023676061,8.683043063859284,45
unweighted_tilt_05,False,0.5,0.0,5,144,48,9,balanced_mix,51.02,6.46,8.563343474111962,8.805004409171076,46
unweighted_tilt_05,False,0.5,0.0,5,144,48,9,balanced_mix,50.36,6.68,8.556257030581834,8.50069498069498,48
unweighted_tilt_05,False,0.5,0.0,5,144,48,9,balanced_mix,50.3,5.7,8.554871044936146,8.465273829827554,49
unweighted_tilt_05,False,0.5,0.0,5,144,48,9,balanced_mix,50.12,5.98,8.558706920822365,8.580938833570412,50
unweighted_tilt_05,False,0.5,0.0,5,144,48,9,balanced_mix,49.52,5.82,8.559104456196792,8.594168096054887,51
unweighted_tilt_05,False,0.5,0.0,5,144,48,9,balanced_mix,50.16,5.34,8.553549475862576,8.444160681032189,53
unweighted_tilt_05,False,0.5,0.0,5,144,48,9,balanced_mix,51.66,5.96,8.552493669682885,8.267142457318778,54
unweighted_tilt_05,False,0.5,0.0,5,144,48,9,balanced_mix,50.8,5.54,8.55643009131265,8.5075743170438,55
unweighted_tilt_05,False,0.5,0.0,5,144,48,9,balanced_mix,50.4,6.18,8.55964419371515,8.636943744752307,56
unweighted_tilt_05,False,0.5,0.0,5,144,48,9,validation_only,20.0,11.38,8.55003120216612,8.35949741315595,01
unweighted_tilt_05,False,0.5,0.0,5,144,48,9,validation_only,20.0,11.56,8.559530734698065,8.635873229939312,02
unweighted_tilt_05,False,0.5,0.0,5,144,48,9,validation_only,20.0,12.26,8.555861984903757,8.519881085098477,04
unweighted_tilt_05,False,0.5,0.0,5,144,48,9,validation_only,20.0,11.96,8.547700320298704,8.29320987654321,05
unweighted_tilt_05,False,0.5,0.0,5,144,48,9,validation_only,20.0,12.26,8.551700132838794,8.431945521937767,06
unweighted_tilt_05,False,0.5,0.0,5,144,48,9,validation_only,20.0,12.12,8.554458883568678,8.508233957978423,08
unweighted_tilt_05,False,0.5,0.0,5,144,48,9,validation_only,20.0,11.7,8.557416889545436,8.553915436577434,09
unweighted_tilt_05,False,0.5,0.0,5,144,48,9,validation_only,20.0,11.8,8.560740931006395,8.68655574679671,10
unweighted_tilt_05,False,0.5,0.0,5,144,48,9,validation_only,20.0,11.6,8.56382729823387,8.715625586193958,11
unweighted_tilt_05,False,0.5,0.0,5,144,48,9,validation_only,20.0,11.6,8.557075532356285,8.560529336304098,12
unweighted_tilt_05,False,0.5,0.0,5,144,48,9,validation_only,20.0,11.36,8.552913575108796,8.443810730882975,13
unweighted_tilt_05,False,0.5,0.0,5,144,48,9,validation_only,20.0,11.82,8.559691491628374,8.658482845451683,15
unweighted_tilt_05,False,0.5,0.0,5,144,48,9,validation_only,20.0,11.64,8.556194807394984,8.519994162288384,16
unweighted_tilt_05,False,0.5,0.0,5,144,48,9,validation_only,20.0,11.1,8.560251249987058,8.66492682427592,17
unweighted_tilt_05,False,0.5,0.0,5,144,48,9,validation_only,20.0,11.34,8.55383064271643,8.485706993363962,18
unweighted_tilt_05,False,0.5,0.0,5,144,48,9,validation_only,20.0,10.96,8.556349426978901,8.577984966753396,19
unweighted_tilt_05,False,0.5,0.0,5,144,48,9,validation_only,20.0,11.36,8.556024145621368,8.534743722050223,20
unweighted_tilt_05,False,0.5,0.0,5,144,48,9,validation_only,20.0,11.28,8.550125108999767,8.30594265577447,22
unweighted_tilt_05,False,0.5,0.0,5,144,48,9,validation_only,20.0,11.48,8.558292354371517,8.594057633792733,23
unweighted_tilt_05,False,0.5,0.0,5,144,48,9,validation_only,20.0,11.54,8.558626576064755,8.630635650276268,24
unweighted_tilt_05,False,0.5,0.0,5,144,48,9,validation_only,20.0,12.0,8.56009755451234,8.637808611816821,25
unweighted_tilt_05,False,0.5,0.0,5,144,48,9,validation_only,20.0,11.96,8.556948660069015,8.529325204961111,26
unweighted_tilt_05,False,0.5,0.0,5,144,48,9,validation_only,20.0,12.02,8.55951389035202,8.632127728901924,27
unweighted_tilt_05,False,0.5,0.0,5,144,48,9,validation_only,20.0,11.12,8.561264438985377,8.698599093531108,28
unweighted_tilt_05,False,0.5,0.0,5,144,48,9,validation_only,20.0,11.32,8.551414184886445,8.384601691143747,29
unweighted_tilt_05,False,0.5,0.0,5,144,48,9,validation_only,20.0,11.6,8.556997741897083,8.572748028227481,30
unweighted_tilt_05,False,0.5,0.0,5,144,48,9,validation_only,20.0,10.54,8.566574046552537,8.814423125346226,31
unweighted_tilt_05,False,0.5,0.0,5,144,48,9,validation_only,20.0,11.32,8.548615938725572,8.271645021645021,32
unweighted_tilt_05,False,0.5,0.0,5,144,48,9,validation_only,20.0,10.96,8.563779954924023,8.757779437391088,33
unweighted_tilt_05,False,0.5,0.0,5,144,48,9,validation_only,20.0,11.26,8.561106536570078,8.648255191607793,34
unweighted_tilt_05,False,0.5,0.0,5,144,48,9,validation_only,20.0,11.74,8.548365463625428,8.344547053649956,35
unweighted_tilt_05,False,0.5,0.0,5,144,48,9,validation_only,20.0,11.68,8.555718874733644,8.55199342375668,36
unweighted_tilt_05,False,0.5,0.0,5,144,48,9,validation_only,20.0,11.98,8.555459410394986,8.525340283811179,37
unweighted_tilt_05,False,0.5,0.0,5,144,48,9,validation_only,20.0,12.78,8.570836950860391,8.852889474840696,38
unweighted_tilt_05,False,0.5,0.0,5,144,48,9,validation_only,20.0,11.96,8.55446284008832,8.497960372960375,39
unweighted_tilt_05,False,0.5,0.0,5,144,48,9,validation_only,20.0,11.08,8.553499399840087,8.43805003460892,40
unweighted_tilt_05,False,0.5,0.0,5,144,48,9,validation_only,20.0,12.3,8.543111568736574,8.179193899782135,41
unweighted_tilt_05,False,0.5,0.0,5,144,48,9,validation_only,20.0,12.66,8.563833858870447,8.715135738192634,44
unweighted_tilt_05,False,0.5,0.0,5,144,48,9,validation_only,20.0,12.0,8.561228572789274,8.683043063859284,45
unweighted_tilt_05,False,0.5,0.0,5,144,48,9,validation_only,20.0,11.56,8.566407204089204,8.805004409171076,46
unweighted_tilt_05,False,0.5,0.0,5,144,48,9,validation_only,20.0,12.14,8.553442041350838,8.50069498069498,48
unweighted_tilt_05,False,0.5,0.0,5,144,48,9,validation_only,20.0,11.62,8.5538762373576,8.465273829827554,49
unweighted_tilt_05,False,0.5,0.0,5,144,48,9,validation_only,20.0,11.68,8.558653980747826,8.580938833570412,50
unweighted_tilt_05,False,0.5,0.0,5,144,48,9,validation_only,20.0,11.46,8.559667685723953,8.594168096054887,51
unweighted_tilt_05,False,0.5,0.0,5,144,48,9,validation_only,20.0,10.86,8.551829576725336,8.444160681032189,53
unweighted_tilt_05,False,0.5,0.0,5,144,48,9,validation_only,20.0,12.12,8.549212176870853,8.267142457318778,54
unweighted_tilt_05,False,0.5,0.0,5,144,48,9,validation_only,20.0,12.36,8.555979033617222,8.5075743170438,55
unweighted_tilt_05,False,0.5,0.0,5,144,48,9,validation_only,20.0,11.8,8.559989742675317,8.636943744752307,56
unweighted_tilt_05,False,0.5,0.0,5,144,48,9,two_channel_kg,21.78,13.44,8.547759345705092,8.35949741315595,01
unweighted_tilt_05,False,0.5,0.0,5,144,48,9,two_channel_kg,20.9,11.84,8.560159918744722,8.635873229939312,02
unweighted_tilt_05,False,0.5,0.0,5,144,48,9,two_channel_kg,21.2,12.7,8.55552006367358,8.519881085098477,04
unweighted_tilt_05,False,0.5,0.0,5,144,48,9,two_channel_kg,22.9,10.7,8.548450539640054,8.29320987654321,05
unweighted_tilt_05,False,0.5,0.0,5,144,48,9,two_channel_kg,21.68,12.54,8.551879970913204,8.431945521937767,06
unweighted_tilt_05,False,0.5,0.0,5,144,48,9,two_channel_kg,21.78,12.52,8.555972608533265,8.508233957978423,08
unweighted_tilt_05,False,0.5,0.0,5,144,48,9,two_channel_kg,21.18,11.68,8.557831437290512,8.553915436577434,09
unweighted_tilt_05,False,0.5,0.0,5,144,48,9,two_channel_kg,21.32,11.7,8.56186986598333,8.68655574679671,10
unweighted_tilt_05,False,0.5,0.0,5,144,48,9,two_channel_kg,20.56,15.14,8.568493814020073,8.715625586193958,11
unweighted_tilt_05,False,0.5,0.0,5,144,48,9,two_channel_kg,22.5,8.98,8.556612482708951,8.560529336304098,12
unweighted_tilt_05,False,0.5,0.0,5,144,48,9,two_channel_kg,21.28,13.1,8.55295914129923,8.443810730882975,13
unweighted_tilt_05,False,0.5,0.0,5,144,48,9,two_channel_kg,21.22,11.56,8.56005672827427,8.658482845451683,15
unweighted_tilt_05,False,0.5,0.0,5,144,48,9,two_channel_kg,21.92,11.24,8.556496006771756,8.519994162288384,16
unweighted_tilt_05,False,0.5,0.0,5,144,48,9,two_channel_kg,21.16,10.56,8.5613484615683,8.66492682427592,17
unweighted_tilt_05,False,0.5,0.0,5,144,48,9,two_channel_kg,21.4,11.9,8.55387652279429,8.485706993363962,18
unweighted_tilt_05,False,0.5,0.0,5,144,48,9,two_channel_kg,22.0,11.18,8.55802896124552,8.577984966753396,19
unweighted_tilt_05,False,0.5,0.0,5,144,48,9,two_channel_kg,21.42,12.16,8.555866882170005,8.534743722050223,20
unweighted_tilt_05,False,0.5,0.0,5,144,48,9,two_channel_kg,23.56,8.9,8.550689292687373,8.30594265577447,22
unweighted_tilt_05,False,0.5,0.0,5,144,48,9,two_channel_kg,21.26,11.8,8.55859399120162,8.594057633792733,23
unweighted_tilt_05,False,0.5,0.0,5,144,48,9,two_channel_kg,20.92,12.74,8.561056055819078,8.630635650276268,24
unweighted_tilt_05,False,0.5,0.0,5,144,48,9,two_channel_kg,21.28,12.38,8.560340205932356,8.637808611816821,25
unweighted_tilt_05,False,0.5,0.0,5,144,48,9,two_channel_kg,22.1,10.6,8.556558928724451,8.529325204961111,26
unweighted_tilt_05,False,0.5,0.0,5,144,48,9,two_channel_kg,21.12,13.42,8.56085565603598,8.632127728901924,27
unweighted_tilt_05,False,0.5,0.0,5,144,48,9,two_channel_kg,22.14,9.36,8.561089874688248,8.698599093531108,28
unweighted_tilt_05,False,0.5,0.0,5,144,48,9,two_channel_kg,23.08,10.5,8.552001182514658,8.384601691143747,29
unweighted_tilt_05,False,0.5,0.0,5,144,48,9,two_channel_kg,21.86,11.92,8.558213441337914,8.572748028227481,30
unweighted_tilt_05,False,0.5,0.0,5,144,48,9,two_channel_kg,20.32,11.78,8.567840018395554,8.814423125346226,31
unweighted_tilt_05,False,0.5,0.0,5,144,48,9,two_channel_kg,24.66,8.94,8.548638273043586,8.271645021645021,32
unweighted_tilt_05,False,0.5,0.0,5,144,48,9,two_channel_kg,20.48,12.04,8.566188870802007,8.757779437391088,33
unweighted_tilt_05,False,0.5,0.0,5,144,48,9,two_channel_kg,20.7,12.2,8.561553561961015,8.648255191607793,34
unweighted_tilt_05,False,0.5,0.0,5,144,48,9,two_channel_kg,21.34,12.62,8.549599865815347,8.344547053649956,35
unweighted_tilt_05,False,0.5,0.0,5,144,48,9,two_channel_kg,20.76,13.1,8.556373403898688,8.55199342375668,36
unweighted_tilt_05,False,0.5,0.0,5,144,48,9,two_channel_kg,21.94,11.8,8.555171340684959,8.525340283811179,37
unweighted_tilt_05,False,0.5,0.0,5,144,48,9,two_channel_kg,20.36,11.82,8.570979491326584,8.852889474840696,38
unweighted_tilt_05,False,0.5,0.0,5,144,48,9,two_channel_kg,21.84,13.64,8.554879378981445,8.497960372960375,39
unweighted_tilt_05,False,0.5,0.0,5,144,48,9,two_channel_kg,21.9,11.44,8.553789961658751,8.43805003460892,40
unweighted_tilt_05,False,0.5,0.0,5,144,48,9,two_channel_kg,22.28,12.04,8.54391796945158,8.179193899782135,41
unweighted_tilt_05,False,0.5,0.0,5,144,48,9,two_channel_kg,20.54,12.3,8.564672651816581,8.715135738192634,44
unweighted_tilt_05,False,0.5,0.0,5,144,48,9,two_channel_kg,21.22,11.12,8.56178605193246,8.683043063859284,45
unweighted_tilt_05,False,0.5,0.0,5,144,48,9,two_channel_kg,20.54,11.16,8.566222124805533,8.805004409171076,46
unweighted_tilt_05,False,0.5,0.0,5,144,48,9,two_channel_kg,21.76,13.02,8.555326395757405,8.50069498069498,48
unweighted_tilt_05,False,0.5,0.0,5,144,48,9,two_channel_kg,21.98,12.42,8.554013781843274,8.465273829827554,49
unweighted_tilt_05,False,0.5,0.0,5,144,48,9,two_channel_kg,20.62,12.66,8.559898504888862,8.580938833570412,50
unweighted_tilt_05,False,0.5,0.0,5,144,48,9,two_channel_kg,21.62,13.02,8.559131654075442,8.594168096054887,51
unweighted_tilt_05,False,0.5,0.0,5,144,48,9,two_channel_kg,21.04,13.72,8.55108496589187,8.444160681032189,53
unweighted_tilt_05,False,0.5,0.0,5,144,48,9,two_channel_kg,28.84,1.16,8.555461585479112,8.267142457318778,54
unweighted_tilt_05,False,0.5,0.0,5,144,48,9,two_channel_kg,20.8,11.22,8.555570114048718,8.5075743170438,55
unweighted_tilt_05,False,0.5,0.0,5,144,48,9,two_channel_kg,20.94,12.22,8.561337981169116,8.636943744752307,56
unweighted_tilt_05,False,0.5,0.0,10,48,48,9,uniform,39.36,0.0,8.55449397426316,8.35949741315595,01
unweighted_tilt_05,False,0.5,0.0,10,48,48,9,uniform,39.58,0.0,8.557943359927178,8.635873229939312,02
unweighted_tilt_05,False,0.5,0.0,10,48,48,9,uniform,39.54,0.0,8.556099913514334,8.519881085098477,04
unweighted_tilt_05,False,0.5,0.0,10,48,48,9,uniform,39.68,0.0,8.554949188557384,8.29320987654321,05
unweighted_tilt_05,False,0.5,0.0,10,48,48,9,uniform,40.6,0.0,8.555705688785352,8.431945521937767,06
unweighted_tilt_05,False,0.5,0.0,10,48,48,9,uniform,40.42,0.0,8.556589976472187,8.508233957978423,08
unweighted_tilt_05,False,0.5,0.0,10,48,48,9,uniform,40.04,0.0,8.557822677873588,8.553915436577434,09
unweighted_tilt_05,False,0.5,0.0,10,48,48,9,uniform,39.92,0.0,8.55749886547459,8.68655574679671,10
unweighted_tilt_05,False,0.5,0.0,10,48,48,9,uniform,39.82,0.0,8.557824137549224,8.715625586193958,11
unweighted_tilt_05,False,0.5,0.0,10,48,48,9,uniform,39.78,0.0,8.557223800913413,8.560529336304098,12
unweighted_tilt_05,False,0.5,0.0,10,48,48,9,uniform,40.04,0.0,8.55619608411675,8.443810730882975,13
unweighted_tilt_05,False,0.5,0.0,10,48,48,9,uniform,41.24,0.0,8.557531192077455,8.658482845451683,15
unweighted_tilt_05,False,0.5,0.0,10,48,48,9,uniform,40.14,0.0,8.556733993695026,8.519994162288384,16
unweighted_tilt_05,False,0.5,0.0,10,48,48,9,uniform,41.48,0.0,8.558698955742086,8.66492682427592,17
unweighted_tilt_05,False,0.5,0.0,10,48,48,9,uniform,39.8,0.0,8.55651002405776,8.485706993363962,18
unweighted_tilt_05,False,0.5,0.0,10,48,48,9,uniform,39.8,0.0,8.557063913829733,8.577984966753396,19
unweighted_tilt_05,False,0.5,0.0,10,48,48,9,uniform,39.4,0.0,8.556840710975742,8.534743722050223,20
unweighted_tilt_05,False,0.5,0.0,10,48,48,9,uniform,39.22,0.0,8.555567528672723,8.30594265577447,22
unweighted_tilt_05,False,0.5,0.0,10,48,48,9,uniform,39.44,0.0,8.557357692956804,8.594057633792733,23
unweighted_tilt_05,False,0.5,0.0,10,48,48,9,uniform,39.8,0.0,8.55763328545055,8.630635650276268,24
unweighted_tilt_05,False,0.5,0.0,10,48,48,9,uniform,40.24,0.0,8.557666564685691,8.637808611816821,25
unweighted_tilt_05,False,0.5,0.0,10,48,48,9,uniform,40.16,0.0,8.55735575838781,8.529325204961111,26
unweighted_tilt_05,False,0.5,0.0,10,48,48,9,uniform,39.66,0.0,8.557795820472187,8.632127728901924,27
unweighted_tilt_05,False,0.5,0.0,10,48,48,9,uniform,39.6,0.0,8.558097585233863,8.698599093531108,28
unweighted_tilt_05,False,0.5,0.0,10,48,48,9,uniform,39.66,0.0,8.555239479004442,8.384601691143747,29
unweighted_tilt_05,False,0.5,0.0,10,48,48,9,uniform,40.34,0.0,8.556292198772539,8.572748028227481,30
unweighted_tilt_05,False,0.5,0.0,10,48,48,9,uniform,40.52,0.0,8.559213174952518,8.814423125346226,31
unweighted_tilt_05,False,0.5,0.0,10,48,48,9,uniform,40.0,0.0,8.554987021769575,8.271645021645021,32
unweighted_tilt_05,False,0.5,0.0,10,48,48,9,uniform,41.5,0.0,8.55845980344068,8.757779437391088,33
unweighted_tilt_05,False,0.5,0.0,10,48,48,9,uniform,40.3,0.0,8.55808714992382,8.648255191607793,34
unweighted_tilt_05,False,0.5,0.0,10,48,48,9,uniform,39.28,0.0,8.554879740346719,8.344547053649956,35
unweighted_tilt_05,False,0.5,0.0,10,48,48,9,uniform,39.2,0.0,8.556436483864502,8.55199342375668,36
unweighted_tilt_05,False,0.5,0.0,10,48,48,9,uniform,39.12,0.0,8.556441515311509,8.525340283811179,37
unweighted_tilt_05,False,0.5,0.0,10,48,48,9,uniform,39.44,0.0,8.559613406169992,8.852889474840696,38
unweighted_tilt_05,False,0.5,0.0,10,48,48,9,uniform,40.2,0.0,8.555724626954262,8.497960372960375,39
unweighted_tilt_05,False,0.5,0.0,10,48,48,9,uniform,40.5,0.0,8.556656858312678,8.43805003460892,40
unweighted_tilt_05,False,0.5,0.0,10,48,48,9,uniform,39.3,0.0,8.554243480818716,8.179193899782135,41
unweighted_tilt_05,False,0.5,0.0,10,48,48,9,uniform,41.0,0.0,8.558264012974657,8.715135738192634,44
unweighted_tilt_05,False,0.5,0.0,10,48,48,9,uniform,40.12,0.0,8.558639752938888,8.683043063859284,45
unweighted_tilt_05,False,0.5,0.0,10,48,48,9,uniform,40.4,0.0,8.55886897383367,8.805004409171076,46
unweighted_tilt_05,False,0.5,0.0,10,48,48,9,uniform,41.02,0.0,8.556260435599325,8.50069498069498,48
unweighted_tilt_05,False,0.5,0.0,10,48,48,9,uniform,40.76,0.0,8.55637475179202,8.465273829827554,49
unweighted_tilt_05,False,0.5,0.0,10,48,48,9,uniform,41.12,0.0,8.558003641247339,8.580938833570412,50
unweighted_tilt_05,False,0.5,0.0,10,48,48,9,uniform,38.98,0.0,8.557305207447563,8.594168096054887,51
unweighted_tilt_05,False,0.5,0.0,10,48,48,9,uniform,40.3,0.0,8.555180958082179,8.444160681032189,53
unweighted_tilt_05,False,0.5,0.0,10,48,48,9,uniform,38.74,0.0,8.555707769706629,8.267142457318778,54
unweighted_tilt_05,False,0.5,0.0,10,48,48,9,uniform,40.68,0.0,8.557297074272451,8.5075743170438,55
unweighted_tilt_05,False,0.5,0.0,10,48,48,9,uniform,38.76,0.0,8.55801325889274,8.636943744752307,56
unweighted_tilt_05,False,0.5,0.0,10,48,48,9,uniform_blind,39.36,0.0,8.48206230777552,8.35949741315595,01
unweighted_tilt_05,False,0.5,0.0,10,48,48,9,uniform_blind,39.58,0.0,8.511708383189264,8.635873229939312,02
unweighted_tilt_05,False,0.5,0.0,10,48,48,9,uniform_blind,39.54,0.0,8.498179441838726,8.519881085098477,04
unweighted_tilt_05,False,0.5,0.0,10,48,48,9,uniform_blind,39.68,0.0,8.491283417144594,8.29320987654321,05
unweighted_tilt_05,False,0.5,0.0,10,48,48,9,uniform_blind,40.6,0.0,8.491441603465926,8.431945521937767,06
unweighted_tilt_05,False,0.5,0.0,10,48,48,9,uniform_blind,40.42,0.0,8.505065571244934,8.508233957978423,08
unweighted_tilt_05,False,0.5,0.0,10,48,48,9,uniform_blind,40.04,0.0,8.512935881747584,8.553915436577434,09
unweighted_tilt_05,False,0.5,0.0,10,48,48,9,uniform_blind,39.92,0.0,8.510251905516606,8.68655574679671,10
unweighted_tilt_05,False,0.5,0.0,10,48,48,9,uniform_blind,39.82,0.0,8.50311434944547,8.715625586193958,11
unweighted_tilt_05,False,0.5,0.0,10,48,48,9,uniform_blind,39.78,0.0,8.514258524001983,8.560529336304098,12
unweighted_tilt_05,False,0.5,0.0,10,48,48,9,uniform_blind,40.04,0.0,8.501329384876787,8.443810730882975,13
unweighted_tilt_05,False,0.5,0.0,10,48,48,9,uniform_blind,41.24,0.0,8.504295503785274,8.658482845451683,15
unweighted_tilt_05,False,0.5,0.0,10,48,48,9,uniform_blind,40.14,0.0,8.50360451331582,8.519994162288384,16
unweighted_tilt_05,False,0.5,0.0,10,48,48,9,uniform_blind,41.48,0.0,8.520944894119188,8.66492682427592,17
unweighted_tilt_05,False,0.5,0.0,10,48,48,9,uniform_blind,39.8,0.0,8.498974646985916,8.485706993363962,18
unweighted_tilt_05,False,0.5,0.0,10,48,48,9,uniform_blind,39.8,0.0,8.508512675426891,8.577984966753396,19
unweighted_tilt_05,False,0.5,0.0,10,48,48,9,uniform_blind,39.4,0.0,8.501822237605984,8.534743722050223,20
unweighted_tilt_05,False,0.5,0.0,10,48,48,9,uniform_blind,39.22,0.0,8.496425829768105,8.30594265577447,22
unweighted_tilt_05,False,0.5,0.0,10,48,48,9,uniform_blind,39.44,0.0,8.509181615871332,8.594057633792733,23
unweighted_tilt_05,False,0.5,0.0,10,48,48,9,uniform_blind,39.8,0.0,8.509483907298694,8.630635650276268,24
unweighted_tilt_05,False,0.5,0.0,10,48,48,9,uniform_blind,40.24,0.0,8.510593792608704,8.637808611816821,25
unweighted_tilt_05,False,0.5,0.0,10,48,48,9,uniform_blind,40.16,0.0,8.512777094697409,8.529325204961111,26
unweighted_tilt_05,False,0.5,0.0,10,48,48,9,uniform_blind,39.66,0.0,8.508970564915332,8.632127728901924,27
unweighted_tilt_05,False,0.5,0.0,10,48,48,9,uniform_blind,39.6,0.0,8.519289091219438,8.698599093531108,28
unweighted_tilt_05,False,0.5,0.0,10,48,48,9,uniform_blind,39.66,0.0,8.49206417773153,8.384601691143747,29
unweighted_tilt_05,False,0.5,0.0,10,48,48,9,uniform_blind,40.34,0.0,8.501655555177367,8.572748028227481,30
unweighted_tilt_05,False,0.5,0.0,10,48,48,9,uniform_blind,40.52,0.0,8.518558355500634,8.814423125346226,31
unweighted_tilt_05,False,0.5,0.0,10,48,48,9,uniform_blind,40.0,0.0,8.49240848155758,8.271645021645021,32
unweighted_tilt_05,False,0.5,0.0,10,48,48,9,uniform_blind,41.5,0.0,8.509517804423282,8.757779437391088,33
unweighted_tilt_05,False,0.5,0.0,10,48,48,9,uniform_blind,40.3,0.0,8.511523262182388,8.648255191607793,34
unweighted_tilt_05,False,0.5,0.0,10,48,48,9,uniform_blind,39.28,0.0,8.482681170003259,8.344547053649956,35
unweighted_tilt_05,False,0.5,0.0,10,48,48,9,uniform_blind,39.2,0.0,8.497316248255771,8.55199342375668,36
unweighted_tilt_05,False,0.5,0.0,10,48,48,9,uniform_blind,39.12,0.0,8.501217413837955,8.525340283811179,37
unweighted_tilt_05,False,0.5,0.0,10,48,48,9,uniform_blind,39.44,0.0,8.520529348105486,8.852889474840696,38
unweighted_tilt_05,False,0.5,0.0,10,48,48,9,uniform_blind,40.2,0.0,8.492567407952702,8.497960372960375,39
unweighted_tilt_05,False,0.5,0.0,10,48,48,9,uniform_blind,40.5,0.0,8.501006696465442,8.43805003460892,40
unweighted_tilt_05,False,0.5,0.0,10,48,48,9,uniform_blind,39.3,0.0,8.481460118770135,8.179193899782135,41
unweighted_tilt_05,False,0.5,0.0,10,48,48,9,uniform_blind,41.0,0.0,8.510772566997838,8.715135738192634,44
unweighted_tilt_05,False,0.5,0.0,10,48,48,9,uniform_blind,40.12,0.0,8.520405212055065,8.683043063859284,45
unweighted_tilt_05,False,0.5,0.0,10,48,48,9,uniform_blind,40.4,0.0,8.521139396196824,8.805004409171076,46
unweighted_tilt_05,False,0.5,0.0,10,48,48,9,uniform_blind,41.02,0.0,8.495849682207115,8.50069498069498,48
unweighted_tilt_05,False,0.5,0.0,10,48,48,9,uniform_blind,40.76,0.0,8.50115391694013,8.465273829827554,49
unweighted_tilt_05,False,0.5,0.0,10,48,48,9,uniform_blind,41.12,0.0,8.510880746943855,8.580938833570412,50
unweighted_tilt_05,False,0.5,0.0,10,48,48,9,uniform_blind,38.98,0.0,8.506370630909862,8.594168096054887,51
unweighted_tilt_05,False,0.5,0.0,10,48,48,9,uniform_blind,40.3,0.0,8.486109681823196,8.444160681032189,53
unweighted_tilt_05,False,0.5,0.0,10,48,48,9,uniform_blind,38.74,0.0,8.504641915020903,8.267142457318778,54
unweighted_tilt_05,False,0.5,0.0,10,48,48,9,uniform_blind,40.68,0.0,8.506714596524347,8.5075743170438,55
unweighted_tilt_05,False,0.5,0.0,10,48,48,9,uniform_blind,38.76,0.0,8.513752786244138,8.636943744752307,56
unweighted_tilt_05,False,0.5,0.0,10,48,48,9,uncertainty,40.0,0.0,8.554622217445505,8.35949741315595,01
unweighted_tilt_05,False,0.5,0.0,10,48,48,9,uncertainty,20.0,0.0,8.557842231021674,8.635873229939312,02
unweighted_tilt_05,False,0.5,0.0,10,48,48,9,uncertainty,20.0,0.0,8.556133359493987,8.519881085098477,04
unweighted_tilt_05,False,0.5,0.0,10,48,48,9,uncertainty,40.0,0.0,8.554756272620956,8.29320987654321,05
unweighted_tilt_05,False,0.5,0.0,10,48,48,9,uncertainty,40.0,0.0,8.555721045899533,8.431945521937767,06
unweighted_tilt_05,False,0.5,0.0,10,48,48,9,uncertainty,20.0,0.0,8.556657242323745,8.508233957978423,08
unweighted_tilt_05,False,0.5,0.0,10,48,48,9,uncertainty,20.0,0.0,8.557808368097252,8.553915436577434,09
unweighted_tilt_05,False,0.5,0.0,10,48,48,9,uncertainty,40.0,0.0,8.557702450578038,8.68655574679671,10
unweighted_tilt_05,False,0.5,0.0,10,48,48,9,uncertainty,20.0,0.0,8.55794253464733,8.715625586193958,11
unweighted_tilt_05,False,0.5,0.0,10,48,48,9,uncertainty,40.0,0.0,8.55714279022172,8.560529336304098,12
unweighted_tilt_05,False,0.5,0.0,10,48,48,9,uncertainty,40.0,0.0,8.556027513295422,8.443810730882975,13
unweighted_tilt_05,False,0.5,0.0,10,48,48,9,uncertainty,40.0,0.0,8.557461105067652,8.658482845451683,15
unweighted_tilt_05,False,0.5,0.0,10,48,48,9,uncertainty,40.0,0.0,8.55672687439613,8.519994162288384,16
unweighted_tilt_05,False,0.5,0.0,10,48,48,9,uncertainty,20.0,0.0,8.558529222340463,8.66492682427592,17
unweighted_tilt_05,False,0.5,0.0,10,48,48,9,uncertainty,40.0,0.0,8.556557213726013,8.485706993363962,18
unweighted_tilt_05,False,0.5,0.0,10,48,48,9,uncertainty,40.0,0.0,8.556977145661468,8.577984966753396,19
unweighted_tilt_05,False,0.5,0.0,10,48,48,9,uncertainty,40.0,0.0,8.556944657377441,8.534743722050223,20
unweighted_tilt_05,False,0.5,0.0,10,48,48,9,uncertainty,60.0,0.0,8.555298390483763,8.30594265577447,22
unweighted_tilt_05,False,0.5,0.0,10,48,48,9,uncertainty,40.0,0.0,8.557287867267227,8.594057633792733,23
unweighted_tilt_05,False,0.5,0.0,10,48,48,9,uncertainty,20.0,0.0,8.557524483081298,8.630635650276268,24
unweighted_tilt_05,False,0.5,0.0,10,48,48,9,uncertainty,20.0,0.0,8.557571430621115,8.637808611816821,25
unweighted_tilt_05,False,0.5,0.0,10,48,48,9,uncertainty,40.0,0.0,8.557375798467366,8.529325204961111,26
unweighted_tilt_05,False,0.5,0.0,10,48,48,9,uncertainty,20.0,0.0,8.55783730981169,8.632127728901924,27
unweighted_tilt_05,False,0.5,0.0,10,48,48,9,uncertainty,40.0,0.0,8.558126836863561,8.698599093531108,28
unweighted_tilt_05,False,0.5,0.0,10,48,48,9,uncertainty,40.0,0.0,8.555359604820543,8.384601691143747,29
unweighted_tilt_05,False,0.5,0.0,10,48,48,9,uncertainty,40.0,0.0,8.556274565675356,8.572748028227481,30
unweighted_tilt_05,False,0.5,0.0,10,48,48,9,uncertainty,20.0,0.0,8.558937640880695,8.814423125346226,31
unweighted_tilt_05,False,0.5,0.0,10,48,48,9,uncertainty,40.0,0.0,8.555023484966284,8.271645021645021,32
unweighted_tilt_05,False,0.5,0.0,10,48,48,9,uncertainty,20.0,0.0,8.558323011355435,8.757779437391088,33
unweighted_tilt_05,False,0.5,0.0,10,48,48,9,uncertainty,20.0,0.0,8.55813742880687,8.648255191607793,34
unweighted_tilt_05,False,0.5,0.0,10,48,48,9,uncertainty,20.0,0.0,8.555024229216059,8.344547053649956,35
unweighted_tilt_05,False,0.5,0.0,10,48,48,9,uncertainty,20.0,0.0,8.556327990755296,8.55199342375668,36
unweighted_tilt_05,False,0.5,0.0,10,48,48,9,uncertainty,40.0,0.0,8.556363380186195,8.525340283811179,37
unweighted_tilt_05,False,0.5,0.0,10,48,48,9,uncertainty,20.0,0.0,8.559420078166339,8.852889474840696,38
unweighted_tilt_05,False,0.5,0.0,10,48,48,9,uncertainty,20.0,0.0,8.555800773579978,8.497960372960375,39
unweighted_tilt_05,False,0.5,0.0,10,48,48,9,uncertainty,40.0,0.0,8.556622611574424,8.43805003460892,40
unweighted_tilt_05,False,0.5,0.0,10,48,48,9,uncertainty,20.0,0.0,8.554513512077516,8.179193899782135,41
unweighted_tilt_05,False,0.5,0.0,10,48,48,9,uncertainty,20.0,0.0,8.558232366912252,8.715135738192634,44
unweighted_tilt_05,False,0.5,0.0,10,48,48,9,uncertainty,40.0,0.0,8.558645338645517,8.683043063859284,45
unweighted_tilt_05,False,0.5,0.0,10,48,48,9,uncertainty,20.0,0.0,8.55874365573738,8.805004409171076,46
unweighted_tilt_05,False,0.5,0.0,10,48,48,9,uncertainty,20.0,0.0,8.556200383567356,8.50069498069498,48
unweighted_tilt_05,False,0.5,0.0,10,48,48,9,uncertainty,20.0,0.0,8.556347799120926,8.465273829827554,49
unweighted_tilt_05,False,0.5,0.0,10,48,48,9,uncertainty,20.0,0.0,8.557778454255512,8.580938833570412,50
unweighted_tilt_05,False,0.5,0.0,10,48,48,9,uncertainty,20.0,0.0,8.557276534840208,8.594168096054887,51
unweighted_tilt_05,False,0.5,0.0,10,48,48,9,uncertainty,20.0,0.0,8.555275872387023,8.444160681032189,53
unweighted_tilt_05,False,0.5,0.0,10,48,48,9,uncertainty,520.0,0.0,8.55560061178036,8.267142457318778,54
unweighted_tilt_05,False,0.5,0.0,10,48,48,9,uncertainty,40.0,0.0,8.557248318023682,8.5075743170438,55
unweighted_tilt_05,False,0.5,0.0,10,48,48,9,uncertainty,20.0,0.0,8.557983707703505,8.636943744752307,56
unweighted_tilt_05,False,0.5,0.0,10,48,48,9,boundary,41.98,0.0,8.554137318112804,8.35949741315595,01
unweighted_tilt_05,False,0.5,0.0,10,48,48,9,boundary,35.28,0.0,8.557960343848514,8.635873229939312,02
unweighted_tilt_05,False,0.5,0.0,10,48,48,9,boundary,40.78,0.0,8.556012183343725,8.519881085098477,04
unweighted_tilt_05,False,0.5,0.0,10,48,48,9,boundary,56.1,0.0,8.554526186797906,8.29320987654321,05
unweighted_tilt_05,False,0.5,0.0,10,48,48,9,boundary,42.42,0.0,8.555726649759336,8.431945521937767,06
unweighted_tilt_05,False,0.5,0.0,10,48,48,9,boundary,30.2,0.0,8.556625001836094,8.508233957978423,08
unweighted_tilt_05,False,0.5,0.0,10,48,48,9,boundary,35.6,0.0,8.55782857536133,8.553915436577434,09
unweighted_tilt_05,False,0.5,0.0,10,48,48,9,boundary,38.4,0.0,8.557799047265528,8.68655574679671,10
unweighted_tilt_05,False,0.5,0.0,10,48,48,9,boundary,21.48,0.0,8.557913304345407,8.715625586193958,11
unweighted_tilt_05,False,0.5,0.0,10,48,48,9,boundary,48.94,0.0,8.557623209293629,8.560529336304098,12
unweighted_tilt_05,False,0.5,0.0,10,48,48,9,boundary,45.22,0.0,8.555820275656316,8.443810730882975,13
unweighted_tilt_05,False,0.5,0.0,10,48,48,9,boundary,42.12,0.0,8.557640575936981,8.658482845451683,15
unweighted_tilt_05,False,0.5,0.0,10,48,48,9,boundary,50.28,0.0,8.5567962778825,8.519994162288384,16
unweighted_tilt_05,False,0.5,0.0,10,48,48,9,boundary,36.7,0.0,8.558633180954196,8.66492682427592,17
unweighted_tilt_05,False,0.5,0.0,10,48,48,9,boundary,46.74,0.0,8.556589613451383,8.485706993363962,18
unweighted_tilt_05,False,0.5,0.0,10,48,48,9,boundary,49.5,0.0,8.557252011311514,8.577984966753396,19
unweighted_tilt_05,False,0.5,0.0,10,48,48,9,boundary,57.58,0.0,8.556857327674853,8.534743722050223,20
unweighted_tilt_05,False,0.5,0.0,10,48,48,9,boundary,55.18,0.0,8.555459586889604,8.30594265577447,22
unweighted_tilt_05,False,0.5,0.0,10,48,48,9,boundary,45.76,0.0,8.557535624275133,8.594057633792733,23
unweighted_tilt_05,False,0.5,0.0,10,48,48,9,boundary,28.28,0.0,8.557580922074187,8.630635650276268,24
unweighted_tilt_05,False,0.5,0.0,10,48,48,9,boundary,27.84,0.0,8.55763287072434,8.637808611816821,25
unweighted_tilt_05,False,0.5,0.0,10,48,48,9,boundary,43.22,0.0,8.557457078590646,8.529325204961111,26
unweighted_tilt_05,False,0.5,0.0,10,48,48,9,boundary,25.94,0.0,8.557756910686457,8.632127728901924,27
unweighted_tilt_05,False,0.5,0.0,10,48,48,9,boundary,36.0,0.0,8.558460407740748,8.698599093531108,28
unweighted_tilt_05,False,0.5,0.0,10,48,48,9,boundary,59.96,0.0,8.555244411069015,8.384601691143747,29
unweighted_tilt_05,False,0.5,0.0,10,48,48,9,boundary,45.12,0.0,8.556271129712732,8.572748028227481,30
unweighted_tilt_05,False,0.5,0.0,10,48,48,9,boundary,29.32,0.0,8.559176444393604,8.814423125346226,31
unweighted_tilt_05,False,0.5,0.0,10,48,48,9,boundary,57.3,0.0,8.554869023300089,8.271645021645021,32
unweighted_tilt_05,False,0.5,0.0,10,48,48,9,boundary,32.26,0.0,8.558436723292719,8.757779437391088,33
unweighted_tilt_05,False,0.5,0.0,10,48,48,9,boundary,30.9,0.0,8.558148376205347,8.648255191607793,34
unweighted_tilt_05,False,0.5,0.0,10,48,48,9,boundary,29.88,0.0,8.554445223029434,8.344547053649956,35
unweighted_tilt_05,False,0.5,0.0,10,48,48,9,boundary,27.08,0.0,8.55609408246006,8.55199342375668,36
unweighted_tilt_05,False,0.5,0.0,10,48,48,9,boundary,45.96,0.0,8.556347029244431,8.525340283811179,37
unweighted_tilt_05,False,0.5,0.0,10,48,48,9,boundary,27.04,0.0,8.55956729774439,8.852889474840696,38
unweighted_tilt_05,False,0.5,0.0,10,48,48,9,boundary,38.96,0.0,8.555495669619301,8.497960372960375,39
unweighted_tilt_05,False,0.5,0.0,10,48,48,9,boundary,48.06,0.0,8.556546028920762,8.43805003460892,40
unweighted_tilt_05,False,0.5,0.0,10,48,48,9,boundary,36.82,0.0,8.55392600242515,8.179193899782135,41
unweighted_tilt_05,False,0.5,0.0,10,48,48,9,boundary,27.2,0.0,8.55842461213039,8.715135738192634,44
unweighted_tilt_05,False,0.5,0.0,10,48,48,9,boundary,36.28,0.0,8.558709126705576,8.683043063859284,45
unweighted_tilt_05,False,0.5,0.0,10,48,48,9,boundary,30.14,0.0,8.558993335037979,8.805004409171076,46
unweighted_tilt_05,False,0.5,0.0,10,48,48,9,boundary,43.08,0.0,8.556097723203624,8.50069498069498,48
unweighted_tilt_05,False,0.5,0.0,10,48,48,9,boundary,45.8,0.0,8.556293318704748,8.465273829827554,49
unweighted_tilt_05,False,0.5,0.0,10,48,48,9,boundary,31.34,0.0,8.557753270709712,8.580938833570412,50
unweighted_tilt_05,False,0.5,0.0,10,48,48,9,boundary,36.7,0.0,8.557369039048584,8.594168096054887,51
unweighted_tilt_05,False,0.5,0.0,10,48,48,9,boundary,26.04,0.0,8.55506632553809,8.444160681032189,53
unweighted_tilt_05,False,0.5,0.0,10,48,48,9,boundary,74.26,0.0,8.555708422442411,8.267142457318778,54
unweighted_tilt_05,False,0.5,0.0,10,48,48,9,boundary,39.5,0.0,8.557024872508668,8.5075743170438,55
unweighted_tilt_05,False,0.5,0.0,10,48,48,9,boundary,39.46,0.0,8.558179132336418,8.636943744752307,56
unweighted_tilt_05,False,0.5,0.0,10,48,48,9,bias_blind_kg,45.0,0.0,8.413781673372066,8.35949741315595,01
unweighted_tilt_05,False,0.5,0.0,10,48,48,9,bias_blind_kg,37.38,0.0,8.475567951834055,8.635873229939312,02
unweighted_tilt_05,False,0.5,0.0,10,48,48,9,bias_blind_kg,43.4,0.0,8.440725793327116,8.519881085098477,04
unweighted_tilt_05,False,0.5,0.0,10,48,48,9,bias_blind_kg,42.8,0.0,8.433615405259971,8.29320987654321,05
unweighted_tilt_05,False,0.5,0.0,10,48,48,9,bias_blind_kg,43.5,0.0,8.43482625260115,8.431945521937767,06
unweighted_tilt_05,False,0.5,0.0,10,48,48,9,bias_blind_kg,41.56,0.0,8.455292611859345,8.508233957978423,08
unweighted_tilt_05,False,0.5,0.0,10,48,48,9,bias_blind_kg,37.42,0.0,8.47349081596607,8.553915436577434,09
unweighted_tilt_05,False,0.5,0.0,10,48,48,9,bias_blind_kg,38.62,0.0,8.47835806608265,8.68655574679671,10
unweighted_tilt_05,False,0.5,0.0,10,48,48,9,bias_blind_kg,45.26,0.0,8.436004947764731,8.715625586193958,11
unweighted_tilt_05,False,0.5,0.0,10,48,48,9,bias_blind_kg,32.66,0.0,8.496446533993982,8.560529336304098,12
unweighted_tilt_05,False,0.5,0.0,10,48,48,9,bias_blind_kg,41.28,0.0,8.444113434158526,8.443810730882975,13
unweighted_tilt_05,False,0.5,0.0,10,48,48,9,bias_blind_kg,39.06,0.0,8.470673915807806,8.658482845451683,15
unweighted_tilt_05,False,0.5,0.0,10,48,48,9,bias_blind_kg,38.7,0.0,8.464809837915418,8.519994162288384,16
unweighted_tilt_05,False,0.5,0.0,10,48,48,9,bias_blind_kg,36.36,0.0,8.487486179425748,8.66492682427592,17
unweighted_tilt_05,False,0.5,0.0,10,48,48,9,bias_blind_kg,39.88,0.0,8.457150347051403,8.485706993363962,18
unweighted_tilt_05,False,0.5,0.0,10,48,48,9,bias_blind_kg,37.22,0.0,8.478060822382115,8.577984966753396,19
unweighted_tilt_05,False,0.5,0.0,10,48,48,9,bias_blind_kg,39.86,0.0,8.45830790742693,8.534743722050223,20
unweighted_tilt_05,False,0.5,0.0,10,48,48,9,bias_blind_kg,38.5,0.0,8.455077463942398,8.30594265577447,22
unweighted_tilt_05,False,0.5,0.0,10,48,48,9,bias_blind_kg,36.0,0.0,8.482971426441344,8.594057633792733,23
unweighted_tilt_05,False,0.5,0.0,10,48,48,9,bias_blind_kg,39.98,0.0,8.464968757158205,8.630635650276268,24
unweighted_tilt_05,False,0.5,0.0,10,48,48,9,bias_blind_kg,39.5,0.0,8.467368533498997,8.637808611816821,25
unweighted_tilt_05,False,0.5,0.0,10,48,48,9,bias_blind_kg,37.04,0.0,8.479307200652679,8.529325204961111,26
unweighted_tilt_05,False,0.5,0.0,10,48,48,9,bias_blind_kg,41.38,0.0,8.456846113949602,8.632127728901924,27
unweighted_tilt_05,False,0.5,0.0,10,48,48,9,bias_blind_kg,32.66,0.0,8.504403961160621,8.698599093531108,28
unweighted_tilt_05,False,0.5,0.0,10,48,48,9,bias_blind_kg,41.22,0.0,8.442894097470303,8.384601691143747,29
unweighted_tilt_05,False,0.5,0.0,10,48,48,9,bias_blind_kg,41.72,0.0,8.45128810034352,8.572748028227481,30
unweighted_tilt_05,False,0.5,0.0,10,48,48,9,bias_blind_kg,40.82,0.0,8.470500557658491,8.814423125346226,31
unweighted_tilt_05,False,0.5,0.0,10,48,48,9,bias_blind_kg,41.5,0.0,8.442232910620133,8.271645021645021,32
unweighted_tilt_05,False,0.5,0.0,10,48,48,9,bias_blind_kg,39.32,0.0,8.472478696987503,8.757779437391088,33
unweighted_tilt_05,False,0.5,0.0,10,48,48,9,bias_blind_kg,40.82,0.0,8.461816837123129,8.648255191607793,34
unweighted_tilt_05,False,0.5,0.0,10,48,48,9,bias_blind_kg,46.32,0.0,8.395393284184296,8.344547053649956,35
unweighted_tilt_05,False,0.5,0.0,10,48,48,9,bias_blind_kg,44.94,0.0,8.428346811108847,8.55199342375668,36
unweighted_tilt_05,False,0.5,0.0,10,48,48,9,bias_blind_kg,39.96,0.0,8.454878751188986,8.525340283811179,37
unweighted_tilt_05,False,0.5,0.0,10,48,48,9,bias_blind_kg,38.82,0.0,8.481113497944815,8.852889474840696,38
unweighted_tilt_05,False,0.5,0.0,10,48,48,9,bias_blind_kg,46.3,0.0,8.424744263993151,8.497960372960375,39
unweighted_tilt_05,False,0.5,0.0,10,48,48,9,bias_blind_kg,38.04,0.0,8.466852954908973,8.43805003460892,40
unweighted_tilt_05,False,0.5,0.0,10,48,48,9,bias_blind_kg,45.5,0.0,8.409985581692375,8.179193899782135,41
unweighted_tilt_05,False,0.5,0.0,10,48,48,9,bias_blind_kg,39.48,0.0,8.47493852237422,8.715135738192634,44
unweighted_tilt_05,False,0.5,0.0,10,48,48,9,bias_blind_kg,35.12,0.0,8.492168956627927,8.683043063859284,45
unweighted_tilt_05,False,0.5,0.0,10,48,48,9,bias_blind_kg,37.66,0.0,8.48709073679712,8.805004409171076,46
unweighted_tilt_05,False,0.5,0.0,10,48,48,9,bias_blind_kg,42.68,0.0,8.444256061855045,8.50069498069498,48
unweighted_tilt_05,False,0.5,0.0,10,48,48,9,bias_blind_kg,40.8,0.0,8.45448579423868,8.465273829827554,49
unweighted_tilt_05,False,0.5,0.0,10,48,48,9,bias_blind_kg,39.68,0.0,8.465931699546273,8.580938833570412,50
unweighted_tilt_05,False,0.5,0.0,10,48,48,9,bias_blind_kg,39.5,0.0,8.466352548787722,8.594168096054887,51
unweighted_tilt_05,False,0.5,0.0,10,48,48,9,bias_blind_kg,45.42,0.0,8.420096367868009,8.444160681032189,53
unweighted_tilt_05,False,0.5,0.0,10,48,48,9,bias_blind_kg,30.82,0.0,8.493999226733358,8.267142457318778,54
unweighted_tilt_05,False,0.5,0.0,10,48,48,9,bias_blind_kg,41.14,0.0,8.453022386002994,8.5075743170438,55
unweighted_tilt_05,False,0.5,0.0,10,48,48,9,bias_blind_kg,37.4,0.0,8.476243085722857,8.636943744752307,56
unweighted_tilt_05,False,0.5,0.0,10,48,48,9,ordinary_kg,42.58,0.0,8.553667445025956,8.35949741315595,01
unweighted_tilt_05,False,0.5,0.0,10,48,48,9,ordinary_kg,38.82,0.0,8.55798825662136,8.635873229939312,02
unweighted_tilt_05,False,0.5,0.0,10,48,48,9,ordinary_kg,43.98,0.0,8.555892195731841,8.519881085098477,04
unweighted_tilt_05,False,0.5,0.0,10,48,48,9,ordinary_kg,41.28,0.0,8.554396070988666,8.29320987654321,05
unweighted_tilt_05,False,0.5,0.0,10,48,48,9,ordinary_kg,42.78,0.0,8.555359109383993,8.431945521937767,06
unweighted_tilt_05,False,0.5,0.0,10,48,48,9,ordinary_kg,39.88,0.0,8.556527224694511,8.508233957978423,08
unweighted_tilt_05,False,0.5,0.0,10,48,48,9,ordinary_kg,38.86,0.0,8.557647115043371,8.553915436577434,09
unweighted_tilt_05,False,0.5,0.0,10,48,48,9,ordinary_kg,38.66,0.0,8.557952829967064,8.68655574679671,10
unweighted_tilt_05,False,0.5,0.0,10,48,48,9,ordinary_kg,42.7,0.0,8.557528456228404,8.715625586193958,11
unweighted_tilt_05,False,0.5,0.0,10,48,48,9,ordinary_kg,36.58,0.0,8.557566338005392,8.560529336304098,12
unweighted_tilt_05,False,0.5,0.0,10,48,48,9,ordinary_kg,41.26,0.0,8.555500661402627,8.443810730882975,13
unweighted_tilt_05,False,0.5,0.0,10,48,48,9,ordinary_kg,40.98,0.0,8.557544004641926,8.658482845451683,15
unweighted_tilt_05,False,0.5,0.0,10,48,48,9,ordinary_kg,40.1,0.0,8.556672024691183,8.519994162288384,16
unweighted_tilt_05,False,0.5,0.0,10,48,48,9,ordinary_kg,37.16,0.0,8.55877647579903,8.66492682427592,17
unweighted_tilt_05,False,0.5,0.0,10,48,48,9,ordinary_kg,41.8,0.0,8.55649785103221,8.485706993363962,18
unweighted_tilt_05,False,0.5,0.0,10,48,48,9,ordinary_kg,40.58,0.0,8.557235482024028,8.577984966753396,19
unweighted_tilt_05,False,0.5,0.0,10,48,48,9,ordinary_kg,39.88,0.0,8.556657066858222,8.534743722050223,20
unweighted_tilt_05,False,0.5,0.0,10,48,48,9,ordinary_kg,40.38,0.0,8.55519820274691,8.30594265577447,22
unweighted_tilt_05,False,0.5,0.0,10,48,48,9,ordinary_kg,40.24,0.0,8.557537205515969,8.594057633792733,23
unweighted_tilt_05,False,0.5,0.0,10,48,48,9,ordinary_kg,40.3,0.0,8.557724427650694,8.630635650276268,24
unweighted_tilt_05,False,0.5,0.0,10,48,48,9,ordinary_kg,39.02,0.0,8.5576907346825,8.637808611816821,25
unweighted_tilt_05,False,0.5,0.0,10,48,48,9,ordinary_kg,38.94,0.0,8.557363967846289,8.529325204961111,26
unweighted_tilt_05,False,0.5,0.0,10,48,48,9,ordinary_kg,40.24,0.0,8.557639674636059,8.632127728901924,27
unweighted_tilt_05,False,0.5,0.0,10,48,48,9,ordinary_kg,34.14,0.0,8.558607482903634,8.698599093531108,28
unweighted_tilt_05,False,0.5,0.0,10,48,48,9,ordinary_kg,43.0,0.0,8.555048552014101,8.384601691143747,29
unweighted_tilt_05,False,0.5,0.0,10,48,48,9,ordinary_kg,39.76,0.0,8.556252891011193,8.572748028227481,30
unweighted_tilt_05,False,0.5,0.0,10,48,48,9,ordinary_kg,38.2,0.0,8.559361138927397,8.814423125346226,31
unweighted_tilt_05,False,0.5,0.0,10,48,48,9,ordinary_kg,40.48,0.0,8.554741323594687,8.271645021645021,32
unweighted_tilt_05,False,0.5,0.0,10,48,48,9,ordinary_kg,39.44,0.0,8.55852890259615,8.757779437391088,33
unweighted_tilt_05,False,0.5,0.0,10,48,48,9,ordinary_kg,40.2,0.0,8.557963027847112,8.648255191607793,34
unweighted_tilt_05,False,0.5,0.0,10,48,48,9,ordinary_kg,35.9,0.0,8.553800480893198,8.344547053649956,35
unweighted_tilt_05,False,0.5,0.0,10,48,48,9,ordinary_kg,41.08,0.0,8.555682119343768,8.55199342375668,36
unweighted_tilt_05,False,0.5,0.0,10,48,48,9,ordinary_kg,40.7,0.0,8.556086832015826,8.525340283811179,37
unweighted_tilt_05,False,0.5,0.0,10,48,48,9,ordinary_kg,37.38,0.0,8.55976034048159,8.852889474840696,38
unweighted_tilt_05,False,0.5,0.0,10,48,48,9,ordinary_kg,42.32,0.0,8.555322168675652,8.497960372960375,39
unweighted_tilt_05,False,0.5,0.0,10,48,48,9,ordinary_kg,41.92,0.0,8.556529107105863,8.43805003460892,40
unweighted_tilt_05,False,0.5,0.0,10,48,48,9,ordinary_kg,40.28,0.0,8.553462076473622,8.179193899782135,41
unweighted_tilt_05,False,0.5,0.0,10,48,48,9,ordinary_kg,38.66,0.0,8.558620338298166,8.715135738192634,44
unweighted_tilt_05,False,0.5,0.0,10,48,48,9,ordinary_kg,36.3,0.0,8.558742591328016,8.683043063859284,45
unweighted_tilt_05,False,0.5,0.0,10,48,48,9,ordinary_kg,37.6,0.0,8.559180818552152,8.805004409171076,46
unweighted_tilt_05,False,0.5,0.0,10,48,48,9,ordinary_kg,42.12,0.0,8.555811972895201,8.50069498069498,48
unweighted_tilt_05,False,0.5,0.0,10,48,48,9,ordinary_kg,42.22,0.0,8.556197701718942,8.465273829827554,49
unweighted_tilt_05,False,0.5,0.0,10,48,48,9,ordinary_kg,40.06,0.0,8.557734412613216,8.580938833570412,50
unweighted_tilt_05,False,0.5,0.0,10,48,48,9,ordinary_kg,41.2,0.0,8.55744498621974,8.594168096054887,51
unweighted_tilt_05,False,0.5,0.0,10,48,48,9,ordinary_kg,41.42,0.0,8.554484925627698,8.444160681032189,53
unweighted_tilt_05,False,0.5,0.0,10,48,48,9,ordinary_kg,40.02,0.0,8.555647619128454,8.267142457318778,54
unweighted_tilt_05,False,0.5,0.0,10,48,48,9,ordinary_kg,38.72,0.0,8.556998011845245,8.5075743170438,55
unweighted_tilt_05,False,0.5,0.0,10,48,48,9,ordinary_kg,39.88,0.0,8.55810153164968,8.636943744752307,56
unweighted_tilt_05,False,0.5,0.0,10,48,48,9,two_channel_uniform,23.54,1.7,8.553883098876966,8.35949741315595,01
unweighted_tilt_05,False,0.5,0.0,10,48,48,9,two_channel_uniform,23.66,1.38,8.557963841861856,8.635873229939312,02
unweighted_tilt_05,False,0.5,0.0,10,48,48,9,two_channel_uniform,23.52,1.92,8.55636346434766,8.519881085098477,04
unweighted_tilt_05,False,0.5,0.0,10,48,48,9,two_channel_uniform,23.48,1.92,8.55370374285271,8.29320987654321,05
unweighted_tilt_05,False,0.5,0.0,10,48,48,9,two_channel_uniform,23.48,2.02,8.5547782409344,8.431945521937767,06
unweighted_tilt_05,False,0.5,0.0,10,48,48,9,two_channel_uniform,23.88,1.74,8.556523431004937,8.508233957978423,08
unweighted_tilt_05,False,0.5,0.0,10,48,48,9,two_channel_uniform,24.2,1.4,8.557841826322043,8.553915436577434,09
unweighted_tilt_05,False,0.5,0.0,10,48,48,9,two_channel_uniform,23.6,1.54,8.557737441325479,8.68655574679671,10
unweighted_tilt_05,False,0.5,0.0,10,48,48,9,two_channel_uniform,23.72,1.8,8.559073363971162,8.715625586193958,11
unweighted_tilt_05,False,0.5,0.0,10,48,48,9,two_channel_uniform,23.78,1.52,8.557597579078093,8.560529336304098,12
unweighted_tilt_05,False,0.5,0.0,10,48,48,9,two_channel_uniform,23.76,1.56,8.55571766191411,8.443810730882975,13
unweighted_tilt_05,False,0.5,0.0,10,48,48,9,two_channel_uniform,23.32,1.64,8.557963845101494,8.658482845451683,15
unweighted_tilt_05,False,0.5,0.0,10,48,48,9,two_channel_uniform,23.42,1.64,8.556556686297364,8.519994162288384,16
unweighted_tilt_05,False,0.5,0.0,10,48,48,9,two_channel_uniform,24.24,1.62,8.5588331736576,8.66492682427592,17
unweighted_tilt_05,False,0.5,0.0,10,48,48,9,two_channel_uniform,23.66,1.72,8.555821275360614,8.485706993363962,18
unweighted_tilt_05,False,0.5,0.0,10,48,48,9,two_channel_uniform,23.94,1.4,8.557283648894954,8.577984966753396,19
unweighted_tilt_05,False,0.5,0.0,10,48,48,9,two_channel_uniform,23.54,1.6,8.55643096122227,8.534743722050223,20
unweighted_tilt_05,False,0.5,0.0,10,48,48,9,two_channel_uniform,23.38,1.5,8.555016973931254,8.30594265577447,22
unweighted_tilt_05,False,0.5,0.0,10,48,48,9,two_channel_uniform,23.22,1.4,8.557440051818663,8.594057633792733,23
unweighted_tilt_05,False,0.5,0.0,10,48,48,9,two_channel_uniform,23.7,1.7,8.55773506140874,8.630635650276268,24
unweighted_tilt_05,False,0.5,0.0,10,48,48,9,two_channel_uniform,23.5,1.64,8.557656703531158,8.637808611816821,25
unweighted_tilt_05,False,0.5,0.0,10,48,48,9,two_channel_uniform,24.04,1.8,8.557032679526296,8.529325204961111,26
unweighted_tilt_05,False,0.5,0.0,10,48,48,9,two_channel_uniform,23.28,1.76,8.558580770629012,8.632127728901924,27
unweighted_tilt_05,False,0.5,0.0,10,48,48,9,two_channel_uniform,23.42,1.6,8.55870827893757,8.698599093531108,28
unweighted_tilt_05,False,0.5,0.0,10,48,48,9,two_channel_uniform,23.14,1.66,8.554587574271013,8.384601691143747,29
unweighted_tilt_05,False,0.5,0.0,10,48,48,9,two_channel_uniform,23.96,1.5,8.556214411268833,8.572748028227481,30
unweighted_tilt_05,False,0.5,0.0,10,48,48,9,two_channel_uniform,24.0,1.36,8.56004842853666,8.814423125346226,31
unweighted_tilt_05,False,0.5,0.0,10,48,48,9,two_channel_uniform,23.7,1.8,8.554127759555595,8.271645021645021,32
unweighted_tilt_05,False,0.5,0.0,10,48,48,9,two_channel_uniform,23.48,1.96,8.560184844537936,8.757779437391088,33
unweighted_tilt_05,False,0.5,0.0,10,48,48,9,two_channel_uniform,24.0,1.36,8.558699784795788,8.648255191607793,34
unweighted_tilt_05,False,0.5,0.0,10,48,48,9,two_channel_uniform,23.02,1.82,8.554324843907386,8.344547053649956,35
unweighted_tilt_05,False,0.5,0.0,10,48,48,9,two_channel_uniform,23.02,1.34,8.556143257114615,8.55199342375668,36
unweighted_tilt_05,False,0.5,0.0,10,48,48,9,two_channel_uniform,23.74,1.5,8.556471617958211,8.525340283811179,37
unweighted_tilt_05,False,0.5,0.0,10,48,48,9,two_channel_uniform,22.98,1.74,8.561364403845314,8.852889474840696,38
unweighted_tilt_05,False,0.5,0.0,10,48,48,9,two_channel_uniform,23.82,1.54,8.555862867908997,8.497960372960375,39
unweighted_tilt_05,False,0.5,0.0,10,48,48,9,two_channel_uniform,23.52,1.58,8.556076846409303,8.43805003460892,40
unweighted_tilt_05,False,0.5,0.0,10,48,48,9,two_channel_uniform,23.06,1.92,8.552489735372511,8.179193899782135,41
unweighted_tilt_05,False,0.5,0.0,10,48,48,9,two_channel_uniform,23.94,1.64,8.558779048046059,8.715135738192634,44
unweighted_tilt_05,False,0.5,0.0,10,48,48,9,two_channel_uniform,24.0,1.9,8.559176338381883,8.683043063859284,45
unweighted_tilt_05,False,0.5,0.0,10,48,48,9,two_channel_uniform,23.46,1.42,8.560047313076044,8.805004409171076,46
unweighted_tilt_05,False,0.5,0.0,10,48,48,9,two_channel_uniform,24.22,1.86,8.55634210299834,8.50069498069498,48
unweighted_tilt_05,False,0.5,0.0,10,48,48,9,two_channel_uniform,23.78,1.64,8.556134639200351,8.465273829827554,49
unweighted_tilt_05,False,0.5,0.0,10,48,48,9,two_channel_uniform,23.84,1.54,8.557926611411302,8.580938833570412,50
unweighted_tilt_05,False,0.5,0.0,10,48,48,9,two_channel_uniform,23.4,1.54,8.55781635383359,8.594168096054887,51
unweighted_tilt_05,False,0.5,0.0,10,48,48,9,two_channel_uniform,23.92,1.5,8.554627443163927,8.444160681032189,53
unweighted_tilt_05,False,0.5,0.0,10,48,48,9,two_channel_uniform,23.38,1.76,8.554753568504013,8.267142457318778,54
unweighted_tilt_05,False,0.5,0.0,10,48,48,9,two_channel_uniform,23.42,1.52,8.557236537600595,8.5075743170438,55
unweighted_tilt_05,False,0.5,0.0,10,48,48,9,two_channel_uniform,23.52,1.72,8.557963087191277,8.636943744752307,56
unweighted_tilt_05,False,0.5,0.0,10,48,48,9,balanced_mix,31.32,1.18,8.554322803366851,8.35949741315595,01
unweighted_tilt_05,False,0.5,0.0,10,48,48,9,balanced_mix,31.96,1.02,8.557942650791276,8.635873229939312,02
unweighted_tilt_05,False,0.5,0.0,10,48,48,9,balanced_mix,30.42,1.08,8.556083993521844,8.519881085098477,04
unweighted_tilt_05,False,0.5,0.0,10,48,48,9,balanced_mix,31.84,0.84,8.554391885584915,8.29320987654321,05
unweighted_tilt_05,False,0.5,0.0,10,48,48,9,balanced_mix,30.9,0.82,8.555885452971943,8.431945521937767,06
unweighted_tilt_05,False,0.5,0.0,10,48,48,9,balanced_mix,30.54,0.7,8.556584388358603,8.508233957978423,08
unweighted_tilt_05,False,0.5,0.0,10,48,48,9,balanced_mix,31.36,0.78,8.55790413963996,8.553915436577434,09
unweighted_tilt_05,False,0.5,0.0,10,48,48,9,balanced_mix,30.78,0.58,8.557900323255431,8.68655574679671,10
unweighted_tilt_05,False,0.5,0.0,10,48,48,9,balanced_mix,30.72,0.82,8.558408036490249,8.715625586193958,11
unweighted_tilt_05,False,0.5,0.0,10,48,48,9,balanced_mix,31.2,0.72,8.557237767071856,8.560529336304098,12
unweighted_tilt_05,False,0.5,0.0,10,48,48,9,balanced_mix,31.24,0.96,8.555669147923279,8.443810730882975,13
unweighted_tilt_05,False,0.5,0.0,10,48,48,9,balanced_mix,32.06,0.92,8.557382025038713,8.658482845451683,15
unweighted_tilt_05,False,0.5,0.0,10,48,48,9,balanced_mix,31.22,0.72,8.556193362461137,8.519994162288384,16
unweighted_tilt_05,False,0.5,0.0,10,48,48,9,balanced_mix,31.32,0.68,8.558450131070211,8.66492682427592,17
unweighted_tilt_05,False,0.5,0.0,10,48,48,9,balanced_mix,30.9,0.86,8.556486265604187,8.485706993363962,18
unweighted_tilt_05,False,0.5,0.0,10,48,48,9,balanced_mix,31.28,0.9,8.557023190528461,8.577984966753396,19
unweighted_tilt_05,False,0.5,0.0,10,48,48,9,balanced_mix,31.44,0.7,8.556905619356625,8.534743722050223,20
unweighted_tilt_05,False,0.5,0.0,10,48,48,9,balanced_mix,30.84,0.88,8.555028010257773,8.30594265577447,22
unweighted_tilt_05,False,0.5,0.0,10,48,48,9,balanced_mix,30.54,0.66,8.557259170039721,8.594057633792733,23
unweighted_tilt_05,False,0.5,0.0,10,48,48,9,balanced_mix,32.1,0.68,8.557749533504605,8.630635650276268,24
unweighted_tilt_05,False,0.5,0.0,10,48,48,9,balanced_mix,31.58,0.88,8.558119989640085,8.637808611816821,25
unweighted_tilt_05,False,0.5,0.0,10,48,48,9,balanced_mix,31.46,0.8,8.557310511406106,8.529325204961111,26
unweighted_tilt_05,False,0.5,0.0,10,48,48,9,balanced_mix,31.06,1.08,8.55853034932982,8.632127728901924,27
unweighted_tilt_05,False,0.5,0.0,10,48,48,9,balanced_mix,30.38,0.84,8.558000509442758,8.698599093531108,28
unweighted_tilt_05,False,0.5,0.0,10,48,48,9,balanced_mix,31.52,0.72,8.554925771532918,8.384601691143747,29
unweighted_tilt_05,False,0.5,0.0,10,48,48,9,balanced_mix,31.48,1.0,8.556700061852611,8.572748028227481,30
unweighted_tilt_05,False,0.5,0.0,10,48,48,9,balanced_mix,31.14,0.88,8.55965829965303,8.814423125346226,31
unweighted_tilt_05,False,0.5,0.0,10,48,48,9,balanced_mix,31.58,0.76,8.554573209766541,8.271645021645021,32
unweighted_tilt_05,False,0.5,0.0,10,48,48,9,balanced_mix,31.12,0.78,8.558839915411564,8.757779437391088,33
unweighted_tilt_05,False,0.5,0.0,10,48,48,9,balanced_mix,31.6,0.86,8.558538150281336,8.648255191607793,34
unweighted_tilt_05,False,0.5,0.0,10,48,48,9,balanced_mix,31.94,0.94,8.554498470396835,8.344547053649956,35
unweighted_tilt_05,False,0.5,0.0,10,48,48,9,balanced_mix,30.82,0.86,8.556325237346488,8.55199342375668,36
unweighted_tilt_05,False,0.5,0.0,10,48,48,9,balanced_mix,31.24,1.04,8.55641406931248,8.525340283811179,37
unweighted_tilt_05,False,0.5,0.0,10,48,48,9,balanced_mix,31.0,0.98,8.560765798524564,8.852889474840696,38
unweighted_tilt_05,False,0.5,0.0,10,48,48,9,balanced_mix,31.48,0.96,8.555844380314308,8.497960372960375,39
unweighted_tilt_05,False,0.5,0.0,10,48,48,9,balanced_mix,30.12,0.98,8.556288475206788,8.43805003460892,40
unweighted_tilt_05,False,0.5,0.0,10,48,48,9,balanced_mix,31.92,0.76,8.55395037603156,8.179193899782135,41
unweighted_tilt_05,False,0.5,0.0,10,48,48,9,balanced_mix,31.38,0.92,8.55852346384798,8.715135738192634,44
unweighted_tilt_05,False,0.5,0.0,10,48,48,9,balanced_mix,30.98,0.94,8.55892216619986,8.683043063859284,45
unweighted_tilt_05,False,0.5,0.0,10,48,48,9,balanced_mix,31.6,0.88,8.559387993071619,8.805004409171076,46
unweighted_tilt_05,False,0.5,0.0,10,48,48,9,balanced_mix,31.08,1.14,8.556434975888923,8.50069498069498,48
unweighted_tilt_05,False,0.5,0.0,10,48,48,9,balanced_mix,31.46,0.94,8.556149955772216,8.465273829827554,49
unweighted_tilt_05,False,0.5,0.0,10,48,48,9,balanced_mix,31.42,0.74,8.557465324269952,8.580938833570412,50
unweighted_tilt_05,False,0.5,0.0,10,48,48,9,balanced_mix,30.94,0.92,8.557780469172034,8.594168096054887,51
unweighted_tilt_05,False,0.5,0.0,10,48,48,9,balanced_mix,31.32,0.98,8.55532095599038,8.444160681032189,53
unweighted_tilt_05,False,0.5,0.0,10,48,48,9,balanced_mix,30.82,1.2,8.554790321897888,8.267142457318778,54
unweighted_tilt_05,False,0.5,0.0,10,48,48,9,balanced_mix,31.04,0.94,8.557085237618367,8.5075743170438,55
unweighted_tilt_05,False,0.5,0.0,10,48,48,9,balanced_mix,31.54,0.88,8.557960139553643,8.636943744752307,56
unweighted_tilt_05,False,0.5,0.0,10,48,48,9,validation_only,20.0,1.76,8.554053943305773,8.35949741315595,01
unweighted_tilt_05,False,0.5,0.0,10,48,48,9,validation_only,20.0,1.42,8.558183942574313,8.635873229939312,02
unweighted_tilt_05,False,0.5,0.0,10,48,48,9,validation_only,20.0,1.9,8.556093732751611,8.519881085098477,04
unweighted_tilt_05,False,0.5,0.0,10,48,48,9,validation_only,20.0,1.84,8.553763160236024,8.29320987654321,05
unweighted_tilt_05,False,0.5,0.0,10,48,48,9,validation_only,20.0,1.74,8.55521829821855,8.431945521937767,06
unweighted_tilt_05,False,0.5,0.0,10,48,48,9,validation_only,20.0,2.04,8.556458970252505,8.508233957978423,08
unweighted_tilt_05,False,0.5,0.0,10,48,48,9,validation_only,20.0,1.62,8.557902002770229,8.553915436577434,09
unweighted_tilt_05,False,0.5,0.0,10,48,48,9,validation_only,20.0,1.58,8.557633493063832,8.68655574679671,10
unweighted_tilt_05,False,0.5,0.0,10,48,48,9,validation_only,20.0,1.76,8.55944116203411,8.715625586193958,11
unweighted_tilt_05,False,0.5,0.0,10,48,48,9,validation_only,20.0,1.36,8.55775298375227,8.560529336304098,12
unweighted_tilt_05,False,0.5,0.0,10,48,48,9,validation_only,20.0,1.38,8.555837571133157,8.443810730882975,13
unweighted_tilt_05,False,0.5,0.0,10,48,48,9,validation_only,20.0,1.78,8.557894437843945,8.658482845451683,15
unweighted_tilt_05,False,0.5,0.0,10,48,48,9,validation_only,20.0,1.74,8.556826939948886,8.519994162288384,16
unweighted_tilt_05,False,0.5,0.0,10,48,48,9,validation_only,20.0,1.68,8.559309421731541,8.66492682427592,17
unweighted_tilt_05,False,0.5,0.0,10,48,48,9,validation_only,20.0,1.58,8.55571857297019,8.485706993363962,18
unweighted_tilt_05,False,0.5,0.0,10,48,48,9,validation_only,20.0,1.42,8.557218266742446,8.577984966753396,19
unweighted_tilt_05,False,0.5,0.0,10,48,48,9,validation_only,20.0,1.8,8.55685876415813,8.534743722050223,20
unweighted_tilt_05,False,0.5,0.0,10,48,48,9,validation_only,20.0,1.7,8.55482457192478,8.30594265577447,22
unweighted_tilt_05,False,0.5,0.0,10,48,48,9,validation_only,20.0,1.34,8.557596095292697,8.594057633792733,23
unweighted_tilt_05,False,0.5,0.0,10,48,48,9,validation_only,20.0,1.7,8.557726846747176,8.630635650276268,24
unweighted_tilt_05,False,0.5,0.0,10,48,48,9,validation_only,20.0,1.62,8.55754988806722,8.637808611816821,25
unweighted_tilt_05,False,0.5,0.0,10,48,48,9,validation_only,20.0,1.86,8.557343888278004,8.529325204961111,26
unweighted_tilt_05,False,0.5,0.0,10,48,48,9,validation_only,20.0,1.76,8.55854364436982,8.632127728901924,27
unweighted_tilt_05,False,0.5,0.0,10,48,48,9,validation_only,20.0,1.62,8.558714006499224,8.698599093531108,28
unweighted_tilt_05,False,0.5,0.0,10,48,48,9,validation_only,20.0,1.58,8.554951655432,8.384601691143747,29
unweighted_tilt_05,False,0.5,0.0,10,48,48,9,validation_only,20.0,1.46,8.555952299857545,8.572748028227481,30
unweighted_tilt_05,False,0.5,0.0,10,48,48,9,validation_only,20.0,1.78,8.560191441969257,8.814423125346226,31
unweighted_tilt_05,False,0.5,0.0,10,48,48,9,validation_only,20.0,1.62,8.55477801845442,8.271645021645021,32
unweighted_tilt_05,False,0.5,0.0,10,48,48,9,validation_only,20.0,1.86,8.559687718456628,8.757779437391088,33
unweighted_tilt_05,False,0.5,0.0,10,48,48,9,validation_only,20.0,1.6,8.559006460891927,8.648255191607793,34
unweighted_tilt_05,False,0.5,0.0,10,48,48,9,validation_only,20.0,1.66,8.55443257181193,8.344547053649956,35
unweighted_tilt_05,False,0.5,0.0,10,48,48,9,validation_only,20.0,1.62,8.556311104410646,8.55199342375668,36
unweighted_tilt_05,False,0.5,0.0,10,48,48,9,validation_only,20.0,1.74,8.556182761660926,8.525340283811179,37
unweighted_tilt_05,False,0.5,0.0,10,48,48,9,validation_only,20.0,1.8,8.56103506753611,8.852889474840696,38
unweighted_tilt_05,False,0.5,0.0,10,48,48,9,validation_only,20.0,1.52,8.55588486109065,8.497960372960375,39
unweighted_tilt_05,False,0.5,0.0,10,48,48,9,validation_only,20.0,1.56,8.556176383535446,8.43805003460892,40
unweighted_tilt_05,False,0.5,0.0,10,48,48,9,validation_only,20.0,1.96,8.553001878888749,8.179193899782135,41
unweighted_tilt_05,False,0.5,0.0,10,48,48,9,validation_only,20.0,1.7,8.558593647485951,8.715135738192634,44
unweighted_tilt_05,False,0.5,0.0,10,48,48,9,validation_only,20.0,1.68,8.559215889827646,8.683043063859284,45
unweighted_tilt_05,False,0.5,0.0,10,48,48,9,validation_only,20.0,1.36,8.559563256340457,8.805004409171076,46
unweighted_tilt_05,False,0.5,0.0,10,48,48,9,validation_only,20.0,1.86,8.55600201426514,8.50069498069498,48
unweighted_tilt_05,False,0.5,0.0,10,48,48,9,validation_only,20.0,1.46,8.55588106069132,8.465273829827554,49
unweighted_tilt_05,False,0.5,0.0,10,48,48,9,validation_only,20.0,1.54,8.557890057802949,8.580938833570412,50
unweighted_tilt_05,False,0.5,0.0,10,48,48,9,validation_only,20.0,1.9,8.55733723512349,8.594168096054887,51
unweighted_tilt_05,False,0.5,0.0,10,48,48,9,validation_only,20.0,1.74,8.554451133881772,8.444160681032189,53
unweighted_tilt_05,False,0.5,0.0,10,48,48,9,validation_only,20.0,1.86,8.554606102715109,8.267142457318778,54
unweighted_tilt_05,False,0.5,0.0,10,48,48,9,validation_only,20.0,1.52,8.557111095186622,8.5075743170438,55
unweighted_tilt_05,False,0.5,0.0,10,48,48,9,validation_only,20.0,1.62,8.558395174473318,8.636943744752307,56
unweighted_tilt_05,False,0.5,0.0,10,48,48,9,two_channel_kg,24.56,1.0,8.553722199572858,8.35949741315595,01
unweighted_tilt_05,False,0.5,0.0,10,48,48,9,two_channel_kg,22.44,2.1,8.558717278135882,8.635873229939312,02
unweighted_tilt_05,False,0.5,0.0,10,48,48,9,two_channel_kg,23.22,2.5,8.555895076402644,8.519881085098477,04
unweighted_tilt_05,False,0.5,0.0,10,48,48,9,two_channel_kg,25.3,0.04,8.554544600722757,8.29320987654321,05
unweighted_tilt_05,False,0.5,0.0,10,48,48,9,two_channel_kg,24.44,1.1,8.555408353894604,8.431945521937767,06
unweighted_tilt_05,False,0.5,0.0,10,48,48,9,two_channel_kg,23.52,1.36,8.556271275166425,8.508233957978423,08
unweighted_tilt_05,False,0.5,0.0,10,48,48,9,two_channel_kg,23.16,1.6,8.557714036449717,8.553915436577434,09
unweighted_tilt_05,False,0.5,0.0,10,48,48,9,two_channel_kg,23.74,1.38,8.558136889488392,8.68655574679671,10
unweighted_tilt_05,False,0.5,0.0,10,48,48,9,two_channel_kg,20.4,6.58,8.562626807540553,8.715625586193958,11
unweighted_tilt_05,False,0.5,0.0,10,48,48,9,two_channel_kg,24.18,0.06,8.557519684541115,8.560529336304098,12
unweighted_tilt_05,False,0.5,0.0,10,48,48,9,two_channel_kg,24.18,1.24,8.556133723284104,8.443810730882975,13
unweighted_tilt_05,False,0.5,0.0,10,48,48,9,two_channel_kg,23.36,1.72,8.558009311513262,8.658482845451683,15
unweighted_tilt_05,False,0.5,0.0,10,48,48,9,two_channel_kg,24.38,0.4,8.556476898297673,8.519994162288384,16
unweighted_tilt_05,False,0.5,0.0,10,48,48,9,two_channel_kg,22.88,1.5,8.5589049046988,8.66492682427592,17
unweighted_tilt_05,False,0.5,0.0,10,48,48,9,two_channel_kg,23.96,1.16,8.55617215164271,8.485706993363962,18
unweighted_tilt_05,False,0.5,0.0,10,48,48,9,two_channel_kg,24.16,0.8,8.55712298187792,8.577984966753396,19
unweighted_tilt_05,False,0.5,0.0,10,48,48,9,two_channel_kg,23.48,1.54,8.556496491905094,8.534743722050223,20
unweighted_tilt_05,False,0.5,0.0,10,48,48,9,two_channel_kg,24.94,0.0,8.555629182707362,8.30594265577447,22
unweighted_tilt_05,False,0.5,0.0,10,48,48,9,two_channel_kg,23.86,0.92,8.557396588820438,8.594057633792733,23
unweighted_tilt_05,False,0.5,0.0,10,48,48,9,two_channel_kg,22.0,2.54,8.557993435800523,8.630635650276268,24
unweighted_tilt_05,False,0.5,0.0,10,48,48,9,two_channel_kg,22.38,2.38,8.558194940150843,8.637808611816821,25
unweighted_tilt_05,False,0.5,0.0,10,48,48,9,two_channel_kg,23.92,0.5,8.557445049861087,8.529325204961111,26
unweighted_tilt_05,False,0.5,0.0,10,48,48,9,two_channel_kg,21.54,3.42,8.558953766813579,8.632127728901924,27
unweighted_tilt_05,False,0.5,0.0,10,48,48,9,two_channel_kg,23.7,0.14,8.55843500448917,8.698599093531108,28
unweighted_tilt_05,False,0.5,0.0,10,48,48,9,two_channel_kg,25.66,0.0,8.555296282044837,8.384601691143747,29
unweighted_tilt_05,False,0.5,0.0,10,48,48,9,two_channel_kg,24.34,0.84,8.556213344507466,8.572748028227481,30
unweighted_tilt_05,False,0.5,0.0,10,48,48,9,two_channel_kg,21.04,4.08,8.561812318353503,8.814423125346226,31
unweighted_tilt_05,False,0.5,0.0,10,48,48,9,two_channel_kg,25.0,0.0,8.555009855447091,8.271645021645021,32
unweighted_tilt_05,False,0.5,0.0,10,48,48,9,two_channel_kg,21.38,3.14,8.5602746743647,8.757779437391088,33
unweighted_tilt_05,False,0.5,0.0,10,48,48,9,two_channel_kg,21.88,3.48,8.55896140231039,8.648255191607793,34
unweighted_tilt_05,False,0.5,0.0,10,48,48,9,two_channel_kg,22.44,2.0,8.553775362017522,8.344547053649956,35
unweighted_tilt_05,False,0.5,0.0,10,48,48,9,two_channel_kg,22.54,2.52,8.556259744153834,8.55199342375668,36
unweighted_tilt_05,False,0.5,0.0,10,48,48,9,two_channel_kg,23.98,0.76,8.556142497925988,8.525340283811179,37
unweighted_tilt_05,False,0.5,0.0,10,48,48,9,two_channel_kg,20.46,4.64,8.563459178316757,8.852889474840696,38
unweighted_tilt_05,False,0.5,0.0,10,48,48,9,two_channel_kg,24.76,1.38,8.555583134024246,8.497960372960375,39
unweighted_tilt_05,False,0.5,0.0,10,48,48,9,two_channel_kg,24.86,0.2,8.556640217772284,8.43805003460892,40
unweighted_tilt_05,False,0.5,0.0,10,48,48,9,two_channel_kg,24.72,0.34,8.553850674544284,8.179193899782135,41
unweighted_tilt_05,False,0.5,0.0,10,48,48,9,two_channel_kg,21.76,2.74,8.560007554020908,8.715135738192634,44
unweighted_tilt_05,False,0.5,0.0,10,48,48,9,two_channel_kg,22.8,1.6,8.55905983546725,8.683043063859284,45
unweighted_tilt_05,False,0.5,0.0,10,48,48,9,two_channel_kg,22.38,2.26,8.559830739325829,8.805004409171076,46
unweighted_tilt_05,False,0.5,0.0,10,48,48,9,two_channel_kg,24.08,1.18,8.55594328757772,8.50069498069498,48
unweighted_tilt_05,False,0.5,0.0,10,48,48,9,two_channel_kg,24.6,0.62,8.555980898191246,8.465273829827554,49
unweighted_tilt_05,False,0.5,0.0,10,48,48,9,two_channel_kg,21.88,3.16,8.558161841592336,8.580938833570412,50
unweighted_tilt_05,False,0.5,0.0,10,48,48,9,two_channel_kg,23.4,2.04,8.557482723379893,8.594168096054887,51
unweighted_tilt_05,False,0.5,0.0,10,48,48,9,two_channel_kg,23.1,2.42,8.554529867470588,8.444160681032189,53
unweighted_tilt_05,False,0.5,0.0,10,48,48,9,two_channel_kg,24.06,0.0,8.555681540098377,8.267142457318778,54
unweighted_tilt_05,False,0.5,0.0,10,48,48,9,two_channel_kg,23.14,1.88,8.556698749109104,8.5075743170438,55
unweighted_tilt_05,False,0.5,0.0,10,48,48,9,two_channel_kg,22.04,2.74,8.558153624500878,8.636943744752307,56
unweighted_tilt_05,False,0.5,0.0,10,144,48,9,uniform,78.5,0.0,8.554601359964709,8.35949741315595,01
unweighted_tilt_05,False,0.5,0.0,10,144,48,9,uniform,80.4,0.0,8.557914257061286,8.635873229939312,02
unweighted_tilt_05,False,0.5,0.0,10,144,48,9,uniform,79.66,0.0,8.556059356302073,8.519881085098477,04
unweighted_tilt_05,False,0.5,0.0,10,144,48,9,uniform,79.26,0.0,8.554627711380968,8.29320987654321,05
unweighted_tilt_05,False,0.5,0.0,10,144,48,9,uniform,81.22,0.0,8.55567333162147,8.431945521937767,06
unweighted_tilt_05,False,0.5,0.0,10,144,48,9,uniform,80.36,0.0,8.556596769676453,8.508233957978423,08
unweighted_tilt_05,False,0.5,0.0,10,144,48,9,uniform,80.62,0.0,8.55781317920146,8.553915436577434,09
unweighted_tilt_05,False,0.5,0.0,10,144,48,9,uniform,80.24,0.0,8.557678174791043,8.68655574679671,10
unweighted_tilt_05,False,0.5,0.0,10,144,48,9,uniform,79.5,0.0,8.557826236855846,8.715625586193958,11
unweighted_tilt_05,False,0.5,0.0,10,144,48,9,uniform,79.04,0.0,8.557118103167296,8.560529336304098,12
unweighted_tilt_05,False,0.5,0.0,10,144,48,9,uniform,80.04,0.0,8.555902026806644,8.443810730882975,13
unweighted_tilt_05,False,0.5,0.0,10,144,48,9,uniform,82.32,0.0,8.557487449063087,8.658482845451683,15
unweighted_tilt_05,False,0.5,0.0,10,144,48,9,uniform,81.26,0.0,8.556729541709899,8.519994162288384,16
unweighted_tilt_05,False,0.5,0.0,10,144,48,9,uniform,81.48,0.0,8.558635665045916,8.66492682427592,17
unweighted_tilt_05,False,0.5,0.0,10,144,48,9,uniform,78.08,0.0,8.55652718730158,8.485706993363962,18
unweighted_tilt_05,False,0.5,0.0,10,144,48,9,uniform,81.48,0.0,8.557116009969988,8.577984966753396,19
unweighted_tilt_05,False,0.5,0.0,10,144,48,9,uniform,79.04,0.0,8.557018994522124,8.534743722050223,20
unweighted_tilt_05,False,0.5,0.0,10,144,48,9,uniform,78.94,0.0,8.555350458700385,8.30594265577447,22
unweighted_tilt_05,False,0.5,0.0,10,144,48,9,uniform,78.86,0.0,8.557372881299656,8.594057633792733,23
unweighted_tilt_05,False,0.5,0.0,10,144,48,9,uniform,78.52,0.0,8.55774863669429,8.630635650276268,24
unweighted_tilt_05,False,0.5,0.0,10,144,48,9,uniform,80.68,0.0,8.557763870088944,8.637808611816821,25
unweighted_tilt_05,False,0.5,0.0,10,144,48,9,uniform,81.38,0.0,8.55741259671525,8.529325204961111,26
unweighted_tilt_05,False,0.5,0.0,10,144,48,9,uniform,79.28,0.0,8.557709346501047,8.632127728901924,27
unweighted_tilt_05,False,0.5,0.0,10,144,48,9,uniform,79.02,0.0,8.55824409568618,8.698599093531108,28
unweighted_tilt_05,False,0.5,0.0,10,144,48,9,uniform,80.02,0.0,8.555135142095871,8.384601691143747,29
unweighted_tilt_05,False,0.5,0.0,10,144,48,9,uniform,78.58,0.0,8.556436716323121,8.572748028227481,30
unweighted_tilt_05,False,0.5,0.0,10,144,48,9,uniform,80.6,0.0,8.559347734057113,8.814423125346226,31
unweighted_tilt_05,False,0.5,0.0,10,144,48,9,uniform,82.02,0.0,8.555025223029006,8.271645021645021,32
unweighted_tilt_05,False,0.5,0.0,10,144,48,9,uniform,80.56,0.0,8.558556592637018,8.757779437391088,33
unweighted_tilt_05,False,0.5,0.0,10,144,48,9,uniform,79.66,0.0,8.558163511620204,8.648255191607793,34
unweighted_tilt_05,False,0.5,0.0,10,144,48,9,uniform,80.88,0.0,8.554797302584845,8.344547053649956,35
unweighted_tilt_05,False,0.5,0.0,10,144,48,9,uniform,79.12,0.0,8.556503853850893,8.55199342375668,36
unweighted_tilt_05,False,0.5,0.0,10,144,48,9,uniform,78.0,0.0,8.556501728449376,8.525340283811179,37
unweighted_tilt_05,False,0.5,0.0,10,144,48,9,uniform,79.4,0.0,8.559856039725037,8.852889474840696,38
unweighted_tilt_05,False,0.5,0.0,10,144,48,9,uniform,79.84,0.0,8.555700273669034,8.497960372960375,39
unweighted_tilt_05,False,0.5,0.0,10,144,48,9,uniform,80.78,0.0,8.556609537364238,8.43805003460892,40
unweighted_tilt_05,False,0.5,0.0,10,144,48,9,uniform,79.14,0.0,8.554160891130472,8.179193899782135,41
unweighted_tilt_05,False,0.5,0.0,10,144,48,9,uniform,80.46,0.0,8.558340011323777,8.715135738192634,44
unweighted_tilt_05,False,0.5,0.0,10,144,48,9,uniform,79.82,0.0,8.558829692001149,8.683043063859284,45
unweighted_tilt_05,False,0.5,0.0,10,144,48,9,uniform,80.44,0.0,8.559008047582072,8.805004409171076,46
unweighted_tilt_05,False,0.5,0.0,10,144,48,9,uniform,80.66,0.0,8.556268160354145,8.50069498069498,48
unweighted_tilt_05,False,0.5,0.0,10,144,48,9,uniform,81.58,0.0,8.55639550717062,8.465273829827554,49
unweighted_tilt_05,False,0.5,0.0,10,144,48,9,uniform,81.04,0.0,8.558018661949966,8.580938833570412,50
unweighted_tilt_05,False,0.5,0.0,10,144,48,9,uniform,78.14,0.0,8.557361192548539,8.594168096054887,51
unweighted_tilt_05,False,0.5,0.0,10,144,48,9,uniform,80.1,0.0,8.55503420504561,8.444160681032189,53
unweighted_tilt_05,False,0.5,0.0,10,144,48,9,uniform,79.5,0.0,8.555640164738147,8.267142457318778,54
unweighted_tilt_05,False,0.5,0.0,10,144,48,9,uniform,80.7,0.0,8.557289779814106,8.5075743170438,55
unweighted_tilt_05,False,0.5,0.0,10,144,48,9,uniform,79.78,0.0,8.558056013260464,8.636943744752307,56
unweighted_tilt_05,False,0.5,0.0,10,144,48,9,uniform_blind,78.5,0.0,8.423242799140064,8.35949741315595,01
unweighted_tilt_05,False,0.5,0.0,10,144,48,9,uniform_blind,80.4,0.0,8.47108311165121,8.635873229939312,02
unweighted_tilt_05,False,0.5,0.0,10,144,48,9,uniform_blind,79.66,0.0,8.447236938739506,8.519881085098477,04
unweighted_tilt_05,False,0.5,0.0,10,144,48,9,uniform_blind,79.26,0.0,8.42762646464273,8.29320987654321,05
unweighted_tilt_05,False,0.5,0.0,10,144,48,9,uniform_blind,81.22,0.0,8.43378339162477,8.431945521937767,06
unweighted_tilt_05,False,0.5,0.0,10,144,48,9,uniform_blind,80.36,0.0,8.459845333813407,8.508233957978423,08
unweighted_tilt_05,False,0.5,0.0,10,144,48,9,uniform_blind,80.62,0.0,8.477677265822335,8.553915436577434,09
unweighted_tilt_05,False,0.5,0.0,10,144,48,9,uniform_blind,80.24,0.0,8.473057607078395,8.68655574679671,10
unweighted_tilt_05,False,0.5,0.0,10,144,48,9,uniform_blind,79.5,0.0,8.460035142260477,8.715625586193958,11
unweighted_tilt_05,False,0.5,0.0,10,144,48,9,uniform_blind,79.04,0.0,8.475094904227582,8.560529336304098,12
unweighted_tilt_05,False,0.5,0.0,10,144,48,9,uniform_blind,80.04,0.0,8.44585661728011,8.443810730882975,13
unweighted_tilt_05,False,0.5,0.0,10,144,48,9,uniform_blind,82.32,0.0,8.459361843445045,8.658482845451683,15
unweighted_tilt_05,False,0.5,0.0,10,144,48,9,uniform_blind,81.26,0.0,8.462389587077768,8.519994162288384,16
unweighted_tilt_05,False,0.5,0.0,10,144,48,9,uniform_blind,81.48,0.0,8.489437251689182,8.66492682427592,17
unweighted_tilt_05,False,0.5,0.0,10,144,48,9,uniform_blind,78.08,0.0,8.455246184071868,8.485706993363962,18
unweighted_tilt_05,False,0.5,0.0,10,144,48,9,uniform_blind,81.48,0.0,8.463672780181863,8.577984966753396,19
unweighted_tilt_05,False,0.5,0.0,10,144,48,9,uniform_blind,79.04,0.0,8.458992630448568,8.534743722050223,20
unweighted_tilt_05,False,0.5,0.0,10,144,48,9,uniform_blind,78.94,0.0,8.445495150446895,8.30594265577447,22
unweighted_tilt_05,False,0.5,0.0,10,144,48,9,uniform_blind,78.86,0.0,8.466482948539547,8.594057633792733,23
unweighted_tilt_05,False,0.5,0.0,10,144,48,9,uniform_blind,78.52,0.0,8.471950882150757,8.630635650276268,24
unweighted_tilt_05,False,0.5,0.0,10,144,48,9,uniform_blind,80.68,0.0,8.47397007029812,8.637808611816821,25
unweighted_tilt_05,False,0.5,0.0,10,144,48,9,uniform_blind,81.38,0.0,8.472834224205359,8.529325204961111,26
unweighted_tilt_05,False,0.5,0.0,10,144,48,9,uniform_blind,79.28,0.0,8.465965609241412,8.632127728901924,27
unweighted_tilt_05,False,0.5,0.0,10,144,48,9,uniform_blind,79.02,0.0,8.48752529519597,8.698599093531108,28
unweighted_tilt_05,False,0.5,0.0,10,144,48,9,uniform_blind,80.02,0.0,8.438955341510603,8.384601691143747,29
unweighted_tilt_05,False,0.5,0.0,10,144,48,9,uniform_blind,78.58,0.0,8.460276385484987,8.572748028227481,30
unweighted_tilt_05,False,0.5,0.0,10,144,48,9,uniform_blind,80.6,0.0,8.48695260394855,8.814423125346226,31
unweighted_tilt_05,False,0.5,0.0,10,144,48,9,uniform_blind,82.02,0.0,8.439537593056695,8.271645021645021,32
unweighted_tilt_05,False,0.5,0.0,10,144,48,9,uniform_blind,80.56,0.0,8.476590409515353,8.757779437391088,33
unweighted_tilt_05,False,0.5,0.0,10,144,48,9,uniform_blind,79.66,0.0,8.476184730906267,8.648255191607793,34
unweighted_tilt_05,False,0.5,0.0,10,144,48,9,uniform_blind,80.88,0.0,8.41712927329568,8.344547053649956,35
unweighted_tilt_05,False,0.5,0.0,10,144,48,9,uniform_blind,79.12,0.0,8.448542974190035,8.55199342375668,36
unweighted_tilt_05,False,0.5,0.0,10,144,48,9,uniform_blind,78.0,0.0,8.458950826518013,8.525340283811179,37
unweighted_tilt_05,False,0.5,0.0,10,144,48,9,uniform_blind,79.4,0.0,8.490531502124119,8.852889474840696,38
unweighted_tilt_05,False,0.5,0.0,10,144,48,9,uniform_blind,79.84,0.0,8.441081709712208,8.497960372960375,39
unweighted_tilt_05,False,0.5,0.0,10,144,48,9,uniform_blind,80.78,0.0,8.456364245289397,8.43805003460892,40
unweighted_tilt_05,False,0.5,0.0,10,144,48,9,uniform_blind,79.14,0.0,8.420123413964118,8.179193899782135,41
unweighted_tilt_05,False,0.5,0.0,10,144,48,9,uniform_blind,80.46,0.0,8.476583626793062,8.715135738192634,44
unweighted_tilt_05,False,0.5,0.0,10,144,48,9,uniform_blind,79.82,0.0,8.4908618510083,8.683043063859284,45
unweighted_tilt_05,False,0.5,0.0,10,144,48,9,uniform_blind,80.44,0.0,8.493849635299801,8.805004409171076,46
unweighted_tilt_05,False,0.5,0.0,10,144,48,9,uniform_blind,80.66,0.0,8.451384577856688,8.50069498069498,48
unweighted_tilt_05,False,0.5,0.0,10,144,48,9,uniform_blind,81.58,0.0,8.45435063231635,8.465273829827554,49
unweighted_tilt_05,False,0.5,0.0,10,144,48,9,uniform_blind,81.04,0.0,8.47048875110105,8.580938833570412,50
unweighted_tilt_05,False,0.5,0.0,10,144,48,9,uniform_blind,78.14,0.0,8.46432278435698,8.594168096054887,51
unweighted_tilt_05,False,0.5,0.0,10,144,48,9,uniform_blind,80.1,0.0,8.427224565935042,8.444160681032189,53
unweighted_tilt_05,False,0.5,0.0,10,144,48,9,uniform_blind,79.5,0.0,8.460094750739561,8.267142457318778,54
unweighted_tilt_05,False,0.5,0.0,10,144,48,9,uniform_blind,80.7,0.0,8.467065128335282,8.5075743170438,55
unweighted_tilt_05,False,0.5,0.0,10,144,48,9,uniform_blind,79.78,0.0,8.476915416783992,8.636943744752307,56
unweighted_tilt_05,False,0.5,0.0,10,144,48,9,uncertainty,40.0,0.0,8.554622217445505,8.35949741315595,01
unweighted_tilt_05,False,0.5,0.0,10,144,48,9,uncertainty,20.0,0.0,8.557842231021674,8.635873229939312,02
unweighted_tilt_05,False,0.5,0.0,10,144,48,9,uncertainty,40.0,0.0,8.556101913672356,8.519881085098477,04
unweighted_tilt_05,False,0.5,0.0,10,144,48,9,uncertainty,40.0,0.0,8.554756272620956,8.29320987654321,05
unweighted_tilt_05,False,0.5,0.0,10,144,48,9,uncertainty,40.0,0.0,8.555721045899533,8.431945521937767,06
unweighted_tilt_05,False,0.5,0.0,10,144,48,9,uncertainty,20.0,0.0,8.556657242323745,8.508233957978423,08
unweighted_tilt_05,False,0.5,0.0,10,144,48,9,uncertainty,20.0,0.0,8.557808368097252,8.553915436577434,09
unweighted_tilt_05,False,0.5,0.0,10,144,48,9,uncertainty,40.0,0.0,8.557702450578038,8.68655574679671,10
unweighted_tilt_05,False,0.5,0.0,10,144,48,9,uncertainty,20.0,0.0,8.55794253464733,8.715625586193958,11
unweighted_tilt_05,False,0.5,0.0,10,144,48,9,uncertainty,60.0,0.0,8.55712695345962,8.560529336304098,12
unweighted_tilt_05,False,0.5,0.0,10,144,48,9,uncertainty,40.0,0.0,8.556027513295422,8.443810730882975,13
unweighted_tilt_05,False,0.5,0.0,10,144,48,9,uncertainty,40.0,0.0,8.557461105067652,8.658482845451683,15
unweighted_tilt_05,False,0.5,0.0,10,144,48,9,uncertainty,40.0,0.0,8.55672687439613,8.519994162288384,16
unweighted_tilt_05,False,0.5,0.0,10,144,48,9,uncertainty,20.0,0.0,8.558529222340463,8.66492682427592,17
unweighted_tilt_05,False,0.5,0.0,10,144,48,9,uncertainty,40.0,0.0,8.556557213726013,8.485706993363962,18
unweighted_tilt_05,False,0.5,0.0,10,144,48,9,uncertainty,40.0,0.0,8.556977145661468,8.577984966753396,19
unweighted_tilt_05,False,0.5,0.0,10,144,48,9,uncertainty,40.0,0.0,8.556944657377441,8.534743722050223,20
unweighted_tilt_05,False,0.5,0.0,10,144,48,9,uncertainty,60.0,0.0,8.555298390483763,8.30594265577447,22
unweighted_tilt_05,False,0.5,0.0,10,144,48,9,uncertainty,40.0,0.0,8.557287867267227,8.594057633792733,23
unweighted_tilt_05,False,0.5,0.0,10,144,48,9,uncertainty,20.0,0.0,8.557524483081298,8.630635650276268,24
unweighted_tilt_05,False,0.5,0.0,10,144,48,9,uncertainty,20.0,0.0,8.557571430621115,8.637808611816821,25
unweighted_tilt_05,False,0.5,0.0,10,144,48,9,uncertainty,40.0,0.0,8.557375798467366,8.529325204961111,26
unweighted_tilt_05,False,0.5,0.0,10,144,48,9,uncertainty,20.0,0.0,8.55783730981169,8.632127728901924,27
unweighted_tilt_05,False,0.5,0.0,10,144,48,9,uncertainty,40.0,0.0,8.558126836863561,8.698599093531108,28
unweighted_tilt_05,False,0.5,0.0,10,144,48,9,uncertainty,40.0,0.0,8.555359604820543,8.384601691143747,29
unweighted_tilt_05,False,0.5,0.0,10,144,48,9,uncertainty,40.0,0.0,8.556274565675356,8.572748028227481,30
unweighted_tilt_05,False,0.5,0.0,10,144,48,9,uncertainty,20.0,0.0,8.558937640880695,8.814423125346226,31
unweighted_tilt_05,False,0.5,0.0,10,144,48,9,uncertainty,40.0,0.0,8.555023484966284,8.271645021645021,32
unweighted_tilt_05,False,0.5,0.0,10,144,48,9,uncertainty,20.0,0.0,8.558323011355435,8.757779437391088,33
unweighted_tilt_05,False,0.5,0.0,10,144,48,9,uncertainty,20.0,0.0,8.55813742880687,8.648255191607793,34
unweighted_tilt_05,False,0.5,0.0,10,144,48,9,uncertainty,20.0,0.0,8.555024229216059,8.344547053649956,35
unweighted_tilt_05,False,0.5,0.0,10,144,48,9,uncertainty,20.0,0.0,8.556327990755296,8.55199342375668,36
unweighted_tilt_05,False,0.5,0.0,10,144,48,9,uncertainty,40.0,0.0,8.556363380186195,8.525340283811179,37
unweighted_tilt_05,False,0.5,0.0,10,144,48,9,uncertainty,20.0,0.0,8.559420078166339,8.852889474840696,38
unweighted_tilt_05,False,0.5,0.0,10,144,48,9,uncertainty,20.0,0.0,8.555800773579978,8.497960372960375,39
unweighted_tilt_05,False,0.5,0.0,10,144,48,9,uncertainty,40.0,0.0,8.556622611574424,8.43805003460892,40
unweighted_tilt_05,False,0.5,0.0,10,144,48,9,uncertainty,40.0,0.0,8.5542070420293,8.179193899782135,41
unweighted_tilt_05,False,0.5,0.0,10,144,48,9,uncertainty,20.0,0.0,8.558232366912252,8.715135738192634,44
unweighted_tilt_05,False,0.5,0.0,10,144,48,9,uncertainty,40.0,0.0,8.558645338645517,8.683043063859284,45
unweighted_tilt_05,False,0.5,0.0,10,144,48,9,uncertainty,20.0,0.0,8.55874365573738,8.805004409171076,46
unweighted_tilt_05,False,0.5,0.0,10,144,48,9,uncertainty,40.0,0.0,8.556193391657759,8.50069498069498,48
unweighted_tilt_05,False,0.5,0.0,10,144,48,9,uncertainty,40.0,0.0,8.556448642070576,8.465273829827554,49
unweighted_tilt_05,False,0.5,0.0,10,144,48,9,uncertainty,20.0,0.0,8.557778454255512,8.580938833570412,50
unweighted_tilt_05,False,0.5,0.0,10,144,48,9,uncertainty,20.0,0.0,8.557276534840208,8.594168096054887,51
unweighted_tilt_05,False,0.5,0.0,10,144,48,9,uncertainty,20.0,0.0,8.555275872387023,8.444160681032189,53
unweighted_tilt_05,False,0.5,0.0,10,144,48,9,uncertainty,2320.0,0.0,8.555583030194217,8.267142457318778,54
unweighted_tilt_05,False,0.5,0.0,10,144,48,9,uncertainty,40.0,0.0,8.557248318023682,8.5075743170438,55
unweighted_tilt_05,False,0.5,0.0,10,144,48,9,uncertainty,40.0,0.0,8.557959774067504,8.636943744752307,56
unweighted_tilt_05,False,0.5,0.0,10,144,48,9,boundary,69.22,0.0,8.554057075673573,8.35949741315595,01
unweighted_tilt_05,False,0.5,0.0,10,144,48,9,boundary,58.76,0.0,8.55796511062639,8.635873229939312,02
unweighted_tilt_05,False,0.5,0.0,10,144,48,9,boundary,82.24,0.0,8.556014399313346,8.519881085098477,04
unweighted_tilt_05,False,0.5,0.0,10,144,48,9,boundary,132.82,0.0,8.554491193816302,8.29320987654321,05
unweighted_tilt_05,False,0.5,0.0,10,144,48,9,boundary,92.48,0.0,8.555690799003063,8.431945521937767,06
unweighted_tilt_05,False,0.5,0.0,10,144,48,9,boundary,43.36,0.0,8.556612717594936,8.508233957978423,08
unweighted_tilt_05,False,0.5,0.0,10,144,48,9,boundary,63.9,0.0,8.557840579145445,8.553915436577434,09
unweighted_tilt_05,False,0.5,0.0,10,144,48,9,boundary,71.76,0.0,8.557828235823738,8.68655574679671,10
unweighted_tilt_05,False,0.5,0.0,10,144,48,9,boundary,21.7,0.0,8.557922637474023,8.715625586193958,11
unweighted_tilt_05,False,0.5,0.0,10,144,48,9,boundary,103.92,0.0,8.557641232725382,8.560529336304098,12
unweighted_tilt_05,False,0.5,0.0,10,144,48,9,boundary,98.4,0.0,8.555817401909405,8.443810730882975,13
unweighted_tilt_05,False,0.5,0.0,10,144,48,9,boundary,91.82,0.0,8.557655429869472,8.658482845451683,15
unweighted_tilt_05,False,0.5,0.0,10,144,48,9,boundary,128.34,0.0,8.556802698976957,8.519994162288384,16
unweighted_tilt_05,False,0.5,0.0,10,144,48,9,boundary,69.8,0.0,8.55867210978568,8.66492682427592,17
unweighted_tilt_05,False,0.5,0.0,10,144,48,9,boundary,108.34,0.0,8.556587939864384,8.485706993363962,18
unweighted_tilt_05,False,0.5,0.0,10,144,48,9,boundary,117.78,0.0,8.557287390599965,8.577984966753396,19
unweighted_tilt_05,False,0.5,0.0,10,144,48,9,boundary,151.38,0.0,8.556845751880733,8.534743722050223,20
unweighted_tilt_05,False,0.5,0.0,10,144,48,9,boundary,133.48,0.0,8.555443169079348,8.30594265577447,22
unweighted_tilt_05,False,0.5,0.0,10,144,48,9,boundary,105.58,0.0,8.557580962141662,8.594057633792733,23
unweighted_tilt_05,False,0.5,0.0,10,144,48,9,boundary,41.26,0.0,8.557593657217684,8.630635650276268,24
unweighted_tilt_05,False,0.5,0.0,10,144,48,9,boundary,35.98,0.0,8.557638889781286,8.637808611816821,25
unweighted_tilt_05,False,0.5,0.0,10,144,48,9,boundary,101.32,0.0,8.557470490044837,8.529325204961111,26
unweighted_tilt_05,False,0.5,0.0,10,144,48,9,boundary,28.68,0.0,8.557770269237226,8.632127728901924,27
unweighted_tilt_05,False,0.5,0.0,10,144,48,9,boundary,61.78,0.0,8.558492715452594,8.698599093531108,28
unweighted_tilt_05,False,0.5,0.0,10,144,48,9,boundary,164.16,0.0,8.555222596469543,8.384601691143747,29
unweighted_tilt_05,False,0.5,0.0,10,144,48,9,boundary,99.1,0.0,8.556295979696063,8.572748028227481,30
unweighted_tilt_05,False,0.5,0.0,10,144,48,9,boundary,38.36,0.0,8.559180289070643,8.814423125346226,31
unweighted_tilt_05,False,0.5,0.0,10,144,48,9,boundary,144.04,0.0,8.554846805540077,8.271645021645021,32
unweighted_tilt_05,False,0.5,0.0,10,144,48,9,boundary,50.7,0.0,8.558460629746966,8.757779437391088,33
unweighted_tilt_05,False,0.5,0.0,10,144,48,9,boundary,46.18,0.0,8.558134098462556,8.648255191607793,34
unweighted_tilt_05,False,0.5,0.0,10,144,48,9,boundary,32.98,0.0,8.554361281054014,8.344547053649956,35
unweighted_tilt_05,False,0.5,0.0,10,144,48,9,boundary,33.6,0.0,8.556076640121743,8.55199342375668,36
unweighted_tilt_05,False,0.5,0.0,10,144,48,9,boundary,98.34,0.0,8.556333780634814,8.525340283811179,37
unweighted_tilt_05,False,0.5,0.0,10,144,48,9,boundary,34.62,0.0,8.55958622313753,8.852889474840696,38
unweighted_tilt_05,False,0.5,0.0,10,144,48,9,boundary,68.74,0.0,8.555478044656432,8.497960372960375,39
unweighted_tilt_05,False,0.5,0.0,10,144,48,9,boundary,113.22,0.0,8.556543071034701,8.43805003460892,40
unweighted_tilt_05,False,0.5,0.0,10,144,48,9,boundary,53.24,0.0,8.55388825050899,8.179193899782135,41
unweighted_tilt_05,False,0.5,0.0,10,144,48,9,boundary,39.52,0.0,8.558452773591762,8.715135738192634,44
unweighted_tilt_05,False,0.5,0.0,10,144,48,9,boundary,65.64,0.0,8.558731225024783,8.683043063859284,45
unweighted_tilt_05,False,0.5,0.0,10,144,48,9,boundary,39.92,0.0,8.55901281796071,8.805004409171076,46
unweighted_tilt_05,False,0.5,0.0,10,144,48,9,boundary,93.54,0.0,8.556120357766364,8.50069498069498,48
unweighted_tilt_05,False,0.5,0.0,10,144,48,9,boundary,101.38,0.0,8.556296655794467,8.465273829827554,49
unweighted_tilt_05,False,0.5,0.0,10,144,48,9,boundary,53.06,0.0,8.557755376306563,8.580938833570412,50
unweighted_tilt_05,False,0.5,0.0,10,144,48,9,boundary,66.14,0.0,8.557402582080547,8.594168096054887,51
unweighted_tilt_05,False,0.5,0.0,10,144,48,9,boundary,27.1,0.0,8.555040695375439,8.444160681032189,53
unweighted_tilt_05,False,0.5,0.0,10,144,48,9,boundary,209.14,0.0,8.555730823853137,8.267142457318778,54
unweighted_tilt_05,False,0.5,0.0,10,144,48,9,boundary,74.3,0.0,8.557018226224514,8.5075743170438,55
unweighted_tilt_05,False,0.5,0.0,10,144,48,9,boundary,78.88,0.0,8.558192579029027,8.636943744752307,56
unweighted_tilt_05,False,0.5,0.0,10,144,48,9,bias_blind_kg,89.88,0.0,8.284283769193832,8.35949741315595,01
unweighted_tilt_05,False,0.5,0.0,10,144,48,9,bias_blind_kg,73.78,0.0,8.403788649894961,8.635873229939312,02
unweighted_tilt_05,False,0.5,0.0,10,144,48,9,bias_blind_kg,89.36,0.0,8.335337089561836,8.519881085098477,04
unweighted_tilt_05,False,0.5,0.0,10,144,48,9,bias_blind_kg,86.04,0.0,8.322375474177814,8.29320987654321,05
unweighted_tilt_05,False,0.5,0.0,10,144,48,9,bias_blind_kg,88.66,0.0,8.32352089120031,8.431945521937767,06
unweighted_tilt_05,False,0.5,0.0,10,144,48,9,bias_blind_kg,86.36,0.0,8.362705448705576,8.508233957978423,08
unweighted_tilt_05,False,0.5,0.0,10,144,48,9,bias_blind_kg,72.02,0.0,8.395402169752662,8.553915436577434,09
unweighted_tilt_05,False,0.5,0.0,10,144,48,9,bias_blind_kg,78.24,0.0,8.406261137250127,8.68655574679671,10
unweighted_tilt_05,False,0.5,0.0,10,144,48,9,bias_blind_kg,94.86,0.0,8.325569718657567,8.715625586193958,11
unweighted_tilt_05,False,0.5,0.0,10,144,48,9,bias_blind_kg,60.56,0.0,8.44532748575499,8.560529336304098,12
unweighted_tilt_05,False,0.5,0.0,10,144,48,9,bias_blind_kg,80.82,0.0,8.341142495668105,8.443810730882975,13
unweighted_tilt_05,False,0.5,0.0,10,144,48,9,bias_blind_kg,78.56,0.0,8.392087816078995,8.658482845451683,15
unweighted_tilt_05,False,0.5,0.0,10,144,48,9,bias_blind_kg,77.26,0.0,8.38267282396058,8.519994162288384,16
unweighted_tilt_05,False,0.5,0.0,10,144,48,9,bias_blind_kg,70.72,0.0,8.425200785482906,8.66492682427592,17
unweighted_tilt_05,False,0.5,0.0,10,144,48,9,bias_blind_kg,79.74,0.0,8.36523393244647,8.485706993363962,18
unweighted_tilt_05,False,0.5,0.0,10,144,48,9,bias_blind_kg,73.8,0.0,8.409432854856881,8.577984966753396,19
unweighted_tilt_05,False,0.5,0.0,10,144,48,9,bias_blind_kg,80.06,0.0,8.366432711027791,8.534743722050223,20
unweighted_tilt_05,False,0.5,0.0,10,144,48,9,bias_blind_kg,74.46,0.0,8.362610044259217,8.30594265577447,22
unweighted_tilt_05,False,0.5,0.0,10,144,48,9,bias_blind_kg,71.08,0.0,8.417829792443207,8.594057633792733,23
unweighted_tilt_05,False,0.5,0.0,10,144,48,9,bias_blind_kg,81.24,0.0,8.380203434282087,8.630635650276268,24
unweighted_tilt_05,False,0.5,0.0,10,144,48,9,bias_blind_kg,81.06,0.0,8.386843035815389,8.637808611816821,25
unweighted_tilt_05,False,0.5,0.0,10,144,48,9,bias_blind_kg,72.54,0.0,8.408249003189955,8.529325204961111,26
unweighted_tilt_05,False,0.5,0.0,10,144,48,9,bias_blind_kg,83.84,0.0,8.363016789377474,8.632127728901924,27
unweighted_tilt_05,False,0.5,0.0,10,144,48,9,bias_blind_kg,60.2,0.0,8.457981181446804,8.698599093531108,28
unweighted_tilt_05,False,0.5,0.0,10,144,48,9,bias_blind_kg,84.24,0.0,8.339254003540063,8.384601691143747,29
unweighted_tilt_05,False,0.5,0.0,10,144,48,9,bias_blind_kg,87.64,0.0,8.355591866577086,8.572748028227481,30
unweighted_tilt_05,False,0.5,0.0,10,144,48,9,bias_blind_kg,82.66,0.0,8.388977234110069,8.814423125346226,31
unweighted_tilt_05,False,0.5,0.0,10,144,48,9,bias_blind_kg,82.8,0.0,8.336985341120057,8.271645021645021,32
unweighted_tilt_05,False,0.5,0.0,10,144,48,9,bias_blind_kg,77.9,0.0,8.395801929729958,8.757779437391088,33
unweighted_tilt_05,False,0.5,0.0,10,144,48,9,bias_blind_kg,81.18,0.0,8.37246812114994,8.648255191607793,34
unweighted_tilt_05,False,0.5,0.0,10,144,48,9,bias_blind_kg,92.34,0.0,8.24490135995182,8.344547053649956,35
unweighted_tilt_05,False,0.5,0.0,10,144,48,9,bias_blind_kg,90.48,0.0,8.308535401658023,8.55199342375668,36
unweighted_tilt_05,False,0.5,0.0,10,144,48,9,bias_blind_kg,79.26,0.0,8.362817774160499,8.525340283811179,37
unweighted_tilt_05,False,0.5,0.0,10,144,48,9,bias_blind_kg,78.0,0.0,8.410454490744318,8.852889474840696,38
unweighted_tilt_05,False,0.5,0.0,10,144,48,9,bias_blind_kg,95.42,0.0,8.299757303859092,8.497960372960375,39
unweighted_tilt_05,False,0.5,0.0,10,144,48,9,bias_blind_kg,73.6,0.0,8.385204586520059,8.43805003460892,40
unweighted_tilt_05,False,0.5,0.0,10,144,48,9,bias_blind_kg,92.68,0.0,8.274404766867352,8.179193899782135,41
unweighted_tilt_05,False,0.5,0.0,10,144,48,9,bias_blind_kg,80.58,0.0,8.400506569478228,8.715135738192634,44
unweighted_tilt_05,False,0.5,0.0,10,144,48,9,bias_blind_kg,67.1,0.0,8.434088631003563,8.683043063859284,45
unweighted_tilt_05,False,0.5,0.0,10,144,48,9,bias_blind_kg,74.26,0.0,8.423201322474698,8.805004409171076,46
unweighted_tilt_05,False,0.5,0.0,10,144,48,9,bias_blind_kg,87.38,0.0,8.341189390677846,8.50069498069498,48
unweighted_tilt_05,False,0.5,0.0,10,144,48,9,bias_blind_kg,83.56,0.0,8.361991018195024,8.465273829827554,49
unweighted_tilt_05,False,0.5,0.0,10,144,48,9,bias_blind_kg,79.42,0.0,8.3831738707074,8.580938833570412,50
unweighted_tilt_05,False,0.5,0.0,10,144,48,9,bias_blind_kg,78.76,0.0,8.386016949381442,8.594168096054887,51
unweighted_tilt_05,False,0.5,0.0,10,144,48,9,bias_blind_kg,94.14,0.0,8.296538629225426,8.444160681032189,53
unweighted_tilt_05,False,0.5,0.0,10,144,48,9,bias_blind_kg,55.06,0.0,8.441847599779466,8.267142457318778,54
unweighted_tilt_05,False,0.5,0.0,10,144,48,9,bias_blind_kg,82.24,0.0,8.356351869029865,8.5075743170438,55
unweighted_tilt_05,False,0.5,0.0,10,144,48,9,bias_blind_kg,74.16,0.0,8.40308885002738,8.636943744752307,56
unweighted_tilt_05,False,0.5,0.0,10,144,48,9,ordinary_kg,78.42,0.0,8.553148250144739,8.35949741315595,01
unweighted_tilt_05,False,0.5,0.0,10,144,48,9,ordinary_kg,77.78,0.0,8.557701322616985,8.635873229939312,02
unweighted_tilt_05,False,0.5,0.0,10,144,48,9,ordinary_kg,91.06,0.0,8.555593128654658,8.519881085098477,04
unweighted_tilt_05,False,0.5,0.0,10,144,48,9,ordinary_kg,86.4,0.0,8.553862232849424,8.29320987654321,05
unweighted_tilt_05,False,0.5,0.0,10,144,48,9,ordinary_kg,88.72,0.0,8.554788521474515,8.431945521937767,06
unweighted_tilt_05,False,0.5,0.0,10,144,48,9,ordinary_kg,87.8,0.0,8.55618141661604,8.508233957978423,08
unweighted_tilt_05,False,0.5,0.0,10,144,48,9,ordinary_kg,81.24,0.0,8.557329758037028,8.553915436577434,09
unweighted_tilt_05,False,0.5,0.0,10,144,48,9,ordinary_kg,71.68,0.0,8.557834501555215,8.68655574679671,10
unweighted_tilt_05,False,0.5,0.0,10,144,48,9,ordinary_kg,88.72,0.0,8.55692010634061,8.715625586193958,11
unweighted_tilt_05,False,0.5,0.0,10,144,48,9,ordinary_kg,69.0,0.0,8.557283596167684,8.560529336304098,12
unweighted_tilt_05,False,0.5,0.0,10,144,48,9,ordinary_kg,85.66,0.0,8.55502486464225,8.443810730882975,13
unweighted_tilt_05,False,0.5,0.0,10,144,48,9,ordinary_kg,78.52,0.0,8.55748180234159,8.658482845451683,15
unweighted_tilt_05,False,0.5,0.0,10,144,48,9,ordinary_kg,85.72,0.0,8.556419762340578,8.519994162288384,16
unweighted_tilt_05,False,0.5,0.0,10,144,48,9,ordinary_kg,71.26,0.0,8.558591442049579,8.66492682427592,17
unweighted_tilt_05,False,0.5,0.0,10,144,48,9,ordinary_kg,90.58,0.0,8.556093952907911,8.485706993363962,18
unweighted_tilt_05,False,0.5,0.0,10,144,48,9,ordinary_kg,76.36,0.0,8.557113354843489,8.577984966753396,19
unweighted_tilt_05,False,0.5,0.0,10,144,48,9,ordinary_kg,85.38,0.0,8.55632156211181,8.534743722050223,20
unweighted_tilt_05,False,0.5,0.0,10,144,48,9,ordinary_kg,83.24,0.0,8.554747486488662,8.30594265577447,22
unweighted_tilt_05,False,0.5,0.0,10,144,48,9,ordinary_kg,73.38,0.0,8.557458928310101,8.594057633792733,23
unweighted_tilt_05,False,0.5,0.0,10,144,48,9,ordinary_kg,85.62,0.0,8.557428269603527,8.630635650276268,24
unweighted_tilt_05,False,0.5,0.0,10,144,48,9,ordinary_kg,82.36,0.0,8.557467717649175,8.637808611816821,25
unweighted_tilt_05,False,0.5,0.0,10,144,48,9,ordinary_kg,80.34,0.0,8.557253823747276,8.529325204961111,26
unweighted_tilt_05,False,0.5,0.0,10,144,48,9,ordinary_kg,85.36,0.0,8.557326077553467,8.632127728901924,27
unweighted_tilt_05,False,0.5,0.0,10,144,48,9,ordinary_kg,58.56,0.0,8.55854013105638,8.698599093531108,28
unweighted_tilt_05,False,0.5,0.0,10,144,48,9,ordinary_kg,88.54,0.0,8.55477698567528,8.384601691143747,29
unweighted_tilt_05,False,0.5,0.0,10,144,48,9,ordinary_kg,85.08,0.0,8.5561626946308,8.572748028227481,30
unweighted_tilt_05,False,0.5,0.0,10,144,48,9,ordinary_kg,69.4,0.0,8.55928197289593,8.814423125346226,31
unweighted_tilt_05,False,0.5,0.0,10,144,48,9,ordinary_kg,84.08,0.0,8.554267659602479,8.271645021645021,32
unweighted_tilt_05,False,0.5,0.0,10,144,48,9,ordinary_kg,72.06,0.0,8.558598855600591,8.757779437391088,33
unweighted_tilt_05,False,0.5,0.0,10,144,48,9,ordinary_kg,85.3,0.0,8.557575778008989,8.648255191607793,34
unweighted_tilt_05,False,0.5,0.0,10,144,48,9,ordinary_kg,57.78,0.0,8.553336430201876,8.344547053649956,35
unweighted_tilt_05,False,0.5,0.0,10,144,48,9,ordinary_kg,82.74,0.0,8.555427803356645,8.55199342375668,36
unweighted_tilt_05,False,0.5,0.0,10,144,48,9,ordinary_kg,84.86,0.0,8.555663139307692,8.525340283811179,37
unweighted_tilt_05,False,0.5,0.0,10,144,48,9,ordinary_kg,69.7,0.0,8.559790041266675,8.852889474840696,38
unweighted_tilt_05,False,0.5,0.0,10,144,48,9,ordinary_kg,88.44,0.0,8.554843978381868,8.497960372960375,39
unweighted_tilt_05,False,0.5,0.0,10,144,48,9,ordinary_kg,90.82,0.0,8.55621359393818,8.43805003460892,40
unweighted_tilt_05,False,0.5,0.0,10,144,48,9,ordinary_kg,69.44,0.0,8.553019842135901,8.179193899782135,41
unweighted_tilt_05,False,0.5,0.0,10,144,48,9,ordinary_kg,68.54,0.0,8.558515901725533,8.715135738192634,44
unweighted_tilt_05,False,0.5,0.0,10,144,48,9,ordinary_kg,64.02,0.0,8.55878120942726,8.683043063859284,45
unweighted_tilt_05,False,0.5,0.0,10,144,48,9,ordinary_kg,66.02,0.0,8.559056164316637,8.805004409171076,46
unweighted_tilt_05,False,0.5,0.0,10,144,48,9,ordinary_kg,89.3,0.0,8.555527422964646,8.50069498069498,48
unweighted_tilt_05,False,0.5,0.0,10,144,48,9,ordinary_kg,87.0,0.0,8.555966365510589,8.465273829827554,49
unweighted_tilt_05,False,0.5,0.0,10,144,48,9,ordinary_kg,79.84,0.0,8.557507171683064,8.580938833570412,50
unweighted_tilt_05,False,0.5,0.0,10,144,48,9,ordinary_kg,85.14,0.0,8.557271512223647,8.594168096054887,51
unweighted_tilt_05,False,0.5,0.0,10,144,48,9,ordinary_kg,84.68,0.0,8.553954777551594,8.444160681032189,53
unweighted_tilt_05,False,0.5,0.0,10,144,48,9,ordinary_kg,81.84,0.0,8.555572414781928,8.267142457318778,54
unweighted_tilt_05,False,0.5,0.0,10,144,48,9,ordinary_kg,85.06,0.0,8.556702107932729,8.5075743170438,55
unweighted_tilt_05,False,0.5,0.0,10,144,48,9,ordinary_kg,77.16,0.0,8.557997096968466,8.636943744752307,56
unweighted_tilt_05,False,0.5,0.0,10,144,48,9,two_channel_uniform,27.24,5.04,8.55296363582839,8.35949741315595,01
unweighted_tilt_05,False,0.5,0.0,10,144,48,9,two_channel_uniform,27.04,5.04,8.558818296407074,8.635873229939312,02
unweighted_tilt_05,False,0.5,0.0,10,144,48,9,two_channel_uniform,27.44,5.92,8.556171365162445,8.519881085098477,04
unweighted_tilt_05,False,0.5,0.0,10,144,48,9,two_channel_uniform,27.2,5.84,8.550916410069659,8.29320987654321,05
unweighted_tilt_05,False,0.5,0.0,10,144,48,9,two_channel_uniform,27.18,5.68,8.553824342977727,8.431945521937767,06
unweighted_tilt_05,False,0.5,0.0,10,144,48,9,two_channel_uniform,27.16,5.52,8.555849061636634,8.508233957978423,08
unweighted_tilt_05,False,0.5,0.0,10,144,48,9,two_channel_uniform,27.82,5.38,8.55786532058733,8.553915436577434,09
unweighted_tilt_05,False,0.5,0.0,10,144,48,9,two_channel_uniform,27.6,5.22,8.55889107743528,8.68655574679671,10
unweighted_tilt_05,False,0.5,0.0,10,144,48,9,two_channel_uniform,27.38,5.52,8.560830367339102,8.715625586193958,11
unweighted_tilt_05,False,0.5,0.0,10,144,48,9,two_channel_uniform,27.02,5.06,8.557479014361238,8.560529336304098,12
unweighted_tilt_05,False,0.5,0.0,10,144,48,9,two_channel_uniform,27.56,5.28,8.55493166634011,8.443810730882975,13
unweighted_tilt_05,False,0.5,0.0,10,144,48,9,two_channel_uniform,27.22,5.52,8.559080108998213,8.658482845451683,15
unweighted_tilt_05,False,0.5,0.0,10,144,48,9,two_channel_uniform,27.28,5.26,8.55643763119544,8.519994162288384,16
unweighted_tilt_05,False,0.5,0.0,10,144,48,9,two_channel_uniform,28.24,5.2,8.559043576159759,8.66492682427592,17
unweighted_tilt_05,False,0.5,0.0,10,144,48,9,two_channel_uniform,27.22,5.2,8.55497755365059,8.485706993363962,18
unweighted_tilt_05,False,0.5,0.0,10,144,48,9,two_channel_uniform,27.18,4.7,8.557139023957832,8.577984966753396,19
unweighted_tilt_05,False,0.5,0.0,10,144,48,9,two_channel_uniform,27.3,5.32,8.555911157906072,8.534743722050223,20
unweighted_tilt_05,False,0.5,0.0,10,144,48,9,two_channel_uniform,26.38,5.14,8.5533452245421,8.30594265577447,22
unweighted_tilt_05,False,0.5,0.0,10,144,48,9,two_channel_uniform,26.6,5.34,8.55807532596144,8.594057633792733,23
unweighted_tilt_05,False,0.5,0.0,10,144,48,9,two_channel_uniform,27.2,5.16,8.557751963732368,8.630635650276268,24
unweighted_tilt_05,False,0.5,0.0,10,144,48,9,two_channel_uniform,27.44,5.46,8.558538211383325,8.637808611816821,25
unweighted_tilt_05,False,0.5,0.0,10,144,48,9,two_channel_uniform,27.4,5.44,8.556454361619998,8.529325204961111,26
unweighted_tilt_05,False,0.5,0.0,10,144,48,9,two_channel_uniform,26.7,5.56,8.558961544703699,8.632127728901924,27
unweighted_tilt_05,False,0.5,0.0,10,144,48,9,two_channel_uniform,27.38,4.86,8.559132309871588,8.698599093531108,28
unweighted_tilt_05,False,0.5,0.0,10,144,48,9,two_channel_uniform,26.52,5.22,8.553303857033255,8.384601691143747,29
unweighted_tilt_05,False,0.5,0.0,10,144,48,9,two_channel_uniform,27.34,5.02,8.556478860066298,8.572748028227481,30
unweighted_tilt_05,False,0.5,0.0,10,144,48,9,two_channel_uniform,27.42,4.18,8.561956683058252,8.814423125346226,31
unweighted_tilt_05,False,0.5,0.0,10,144,48,9,two_channel_uniform,27.72,5.52,8.551241122602827,8.271645021645021,32
unweighted_tilt_05,False,0.5,0.0,10,144,48,9,two_channel_uniform,27.04,5.28,8.561508464658617,8.757779437391088,33
unweighted_tilt_05,False,0.5,0.0,10,144,48,9,two_channel_uniform,27.36,4.66,8.559613872204675,8.648255191607793,34
unweighted_tilt_05,False,0.5,0.0,10,144,48,9,two_channel_uniform,26.74,5.42,8.55181947321492,8.344547053649956,35
unweighted_tilt_05,False,0.5,0.0,10,144,48,9,two_channel_uniform,27.02,4.98,8.555805335055023,8.55199342375668,36
unweighted_tilt_05,False,0.5,0.0,10,144,48,9,two_channel_uniform,27.1,4.92,8.556123550254803,8.525340283811179,37
unweighted_tilt_05,False,0.5,0.0,10,144,48,9,two_channel_uniform,27.06,5.42,8.564859374121736,8.852889474840696,38
unweighted_tilt_05,False,0.5,0.0,10,144,48,9,two_channel_uniform,27.28,5.24,8.55523599251311,8.497960372960375,39
unweighted_tilt_05,False,0.5,0.0,10,144,48,9,two_channel_uniform,27.18,5.44,8.554891468397793,8.43805003460892,40
unweighted_tilt_05,False,0.5,0.0,10,144,48,9,two_channel_uniform,26.78,5.62,8.547440081327418,8.179193899782135,41
unweighted_tilt_05,False,0.5,0.0,10,144,48,9,two_channel_uniform,27.82,5.64,8.560656980064314,8.715135738192634,44
unweighted_tilt_05,False,0.5,0.0,10,144,48,9,two_channel_uniform,27.64,5.32,8.559952933960131,8.683043063859284,45
unweighted_tilt_05,False,0.5,0.0,10,144,48,9,two_channel_uniform,27.42,5.22,8.562408059150851,8.805004409171076,46
unweighted_tilt_05,False,0.5,0.0,10,144,48,9,two_channel_uniform,28.34,5.56,8.554827664782293,8.50069498069498,48
unweighted_tilt_05,False,0.5,0.0,10,144,48,9,two_channel_uniform,27.44,5.58,8.555109540983565,8.465273829827554,49
unweighted_tilt_05,False,0.5,0.0,10,144,48,9,two_channel_uniform,27.92,5.54,8.557968511879007,8.580938833570412,50
unweighted_tilt_05,False,0.5,0.0,10,144,48,9,two_channel_uniform,26.98,4.9,8.558101931166089,8.594168096054887,51
unweighted_tilt_05,False,0.5,0.0,10,144,48,9,two_channel_uniform,27.56,4.76,8.55351754080418,8.444160681032189,53
unweighted_tilt_05,False,0.5,0.0,10,144,48,9,two_channel_uniform,26.56,5.44,8.552637861799061,8.267142457318778,54
unweighted_tilt_05,False,0.5,0.0,10,144,48,9,two_channel_uniform,27.96,5.34,8.556718467277166,8.5075743170438,55
unweighted_tilt_05,False,0.5,0.0,10,144,48,9,two_channel_uniform,26.62,5.22,8.559051535159012,8.636943744752307,56
unweighted_tilt_05,False,0.5,0.0,10,144,48,9,balanced_mix,51.52,3.14,8.552875631553944,8.35949741315595,01
unweighted_tilt_05,False,0.5,0.0,10,144,48,9,balanced_mix,52.54,2.84,8.557878113261351,8.635873229939312,02
unweighted_tilt_05,False,0.5,0.0,10,144,48,9,balanced_mix,50.58,3.04,8.554953418887758,8.519881085098477,04
unweighted_tilt_05,False,0.5,0.0,10,144,48,9,balanced_mix,53.04,2.88,8.552810825517088,8.29320987654321,05
unweighted_tilt_05,False,0.5,0.0,10,144,48,9,balanced_mix,51.12,3.08,8.555163063186034,8.431945521937767,06
unweighted_tilt_05,False,0.5,0.0,10,144,48,9,balanced_mix,51.84,2.64,8.556440541545065,8.508233957978423,08
unweighted_tilt_05,False,0.5,0.0,10,144,48,9,balanced_mix,51.34,2.74,8.557633888138591,8.553915436577434,09
unweighted_tilt_05,False,0.5,0.0,10,144,48,9,balanced_mix,51.2,2.26,8.558661478410366,8.68655574679671,10
unweighted_tilt_05,False,0.5,0.0,10,144,48,9,balanced_mix,51.3,2.78,8.559548457062935,8.715625586193958,11
unweighted_tilt_05,False,0.5,0.0,10,144,48,9,balanced_mix,51.94,2.82,8.55736438447386,8.560529336304098,12
unweighted_tilt_05,False,0.5,0.0,10,144,48,9,balanced_mix,50.16,2.62,8.554636729623693,8.443810730882975,13
unweighted_tilt_05,False,0.5,0.0,10,144,48,9,balanced_mix,52.64,2.96,8.558352342699433,8.658482845451683,15
unweighted_tilt_05,False,0.5,0.0,10,144,48,9,balanced_mix,50.96,3.06,8.556420038257347,8.519994162288384,16
unweighted_tilt_05,False,0.5,0.0,10,144,48,9,balanced_mix,52.02,2.74,8.55940454476422,8.66492682427592,17
unweighted_tilt_05,False,0.5,0.0,10,144,48,9,balanced_mix,50.72,2.66,8.555133130575907,8.485706993363962,18
unweighted_tilt_05,False,0.5,0.0,10,144,48,9,balanced_mix,51.44,2.82,8.55720304744016,8.577984966753396,19
unweighted_tilt_05,False,0.5,0.0,10,144,48,9,balanced_mix,50.86,2.78,8.556516607374896,8.534743722050223,20
unweighted_tilt_05,False,0.5,0.0,10,144,48,9,balanced_mix,51.44,2.8,8.554149848482242,8.30594265577447,22
unweighted_tilt_05,False,0.5,0.0,10,144,48,9,balanced_mix,50.56,2.32,8.55710651576619,8.594057633792733,23
unweighted_tilt_05,False,0.5,0.0,10,144,48,9,balanced_mix,51.78,2.34,8.558035698861978,8.630635650276268,24
unweighted_tilt_05,False,0.5,0.0,10,144,48,9,balanced_mix,51.42,2.88,8.558013257155821,8.637808611816821,25
unweighted_tilt_05,False,0.5,0.0,10,144,48,9,balanced_mix,51.64,2.92,8.55732559863161,8.529325204961111,26
unweighted_tilt_05,False,0.5,0.0,10,144,48,9,balanced_mix,50.34,3.14,8.559303993836506,8.632127728901924,27
unweighted_tilt_05,False,0.5,0.0,10,144,48,9,balanced_mix,52.36,2.92,8.558708584292516,8.698599093531108,28
unweighted_tilt_05,False,0.5,0.0,10,144,48,9,balanced_mix,51.74,2.84,8.5545667451961,8.384601691143747,29
unweighted_tilt_05,False,0.5,0.0,10,144,48,9,balanced_mix,51.5,2.78,8.556906082239875,8.572748028227481,30
unweighted_tilt_05,False,0.5,0.0,10,144,48,9,balanced_mix,51.74,3.02,8.560251343426378,8.814423125346226,31
unweighted_tilt_05,False,0.5,0.0,10,144,48,9,balanced_mix,50.56,2.68,8.553601071106261,8.271645021645021,32
unweighted_tilt_05,False,0.5,0.0,10,144,48,9,balanced_mix,50.94,2.86,8.560441507494208,8.757779437391088,33
unweighted_tilt_05,False,0.5,0.0,10,144,48,9,balanced_mix,51.54,2.56,8.558696402643573,8.648255191607793,34
unweighted_tilt_05,False,0.5,0.0,10,144,48,9,balanced_mix,51.4,3.12,8.552576310728059,8.344547053649956,35
unweighted_tilt_05,False,0.5,0.0,10,144,48,9,balanced_mix,50.3,2.98,8.555368525355199,8.55199342375668,36
unweighted_tilt_05,False,0.5,0.0,10,144,48,9,balanced_mix,51.6,3.26,8.555989803238205,8.525340283811179,37
unweighted_tilt_05,False,0.5,0.0,10,144,48,9,balanced_mix,51.4,3.12,8.563047822325522,8.852889474840696,38
unweighted_tilt_05,False,0.5,0.0,10,144,48,9,balanced_mix,52.54,3.04,8.555857454675769,8.497960372960375,39
unweighted_tilt_05,False,0.5,0.0,10,144,48,9,balanced_mix,51.0,2.86,8.555634087345352,8.43805003460892,40
unweighted_tilt_05,False,0.5,0.0,10,144,48,9,balanced_mix,51.68,2.98,8.551994857768452,8.179193899782135,41
unweighted_tilt_05,False,0.5,0.0,10,144,48,9,balanced_mix,50.1,3.1,8.559784288669295,8.715135738192634,44
unweighted_tilt_05,False,0.5,0.0,10,144,48,9,balanced_mix,51.56,2.96,8.559381346752481,8.683043063859284,45
unweighted_tilt_05,False,0.5,0.0,10,144,48,9,balanced_mix,50.76,3.2,8.560930779774994,8.805004409171076,46
unweighted_tilt_05,False,0.5,0.0,10,144,48,9,balanced_mix,51.22,3.34,8.556264691249078,8.50069498069498,48
unweighted_tilt_05,False,0.5,0.0,10,144,48,9,balanced_mix,50.0,2.8,8.556062238287705,8.465273829827554,49
unweighted_tilt_05,False,0.5,0.0,10,144,48,9,balanced_mix,51.46,2.6,8.558045451067603,8.580938833570412,50
unweighted_tilt_05,False,0.5,0.0,10,144,48,9,balanced_mix,50.82,2.88,8.557788205007327,8.594168096054887,51
unweighted_tilt_05,False,0.5,0.0,10,144,48,9,balanced_mix,52.46,2.54,8.554372643879965,8.444160681032189,53
unweighted_tilt_05,False,0.5,0.0,10,144,48,9,balanced_mix,51.68,2.7,8.553873985839783,8.267142457318778,54
unweighted_tilt_05,False,0.5,0.0,10,144,48,9,balanced_mix,52.2,2.98,8.556515811059823,8.5075743170438,55
unweighted_tilt_05,False,0.5,0.0,10,144,48,9,balanced_mix,52.04,2.92,8.558603411717552,8.636943744752307,56
unweighted_tilt_05,False,0.5,0.0,10,144,48,9,validation_only,20.0,5.96,8.55215244726998,8.35949741315595,01
unweighted_tilt_05,False,0.5,0.0,10,144,48,9,validation_only,20.0,5.64,8.558943306278204,8.635873229939312,02
unweighted_tilt_05,False,0.5,0.0,10,144,48,9,validation_only,20.0,6.2,8.556322867781295,8.519881085098477,04
unweighted_tilt_05,False,0.5,0.0,10,144,48,9,validation_only,20.0,6.26,8.55149543996594,8.29320987654321,05
unweighted_tilt_05,False,0.5,0.0,10,144,48,9,validation_only,20.0,6.22,8.55371909460772,8.431945521937767,06
unweighted_tilt_05,False,0.5,0.0,10,144,48,9,validation_only,20.0,6.44,8.555129116703734,8.508233957978423,08
unweighted_tilt_05,False,0.5,0.0,10,144,48,9,validation_only,20.0,6.32,8.558388362781484,8.553915436577434,09
unweighted_tilt_05,False,0.5,0.0,10,144,48,9,validation_only,20.0,5.82,8.558974604973049,8.68655574679671,10
unweighted_tilt_05,False,0.5,0.0,10,144,48,9,validation_only,20.0,6.34,8.561329261608265,8.715625586193958,11
unweighted_tilt_05,False,0.5,0.0,10,144,48,9,validation_only,20.0,5.36,8.557801687297,8.560529336304098,12
unweighted_tilt_05,False,0.5,0.0,10,144,48,9,validation_only,20.0,5.46,8.554574882183836,8.443810730882975,13
unweighted_tilt_05,False,0.5,0.0,10,144,48,9,validation_only,20.0,5.88,8.558696464128815,8.658482845451683,15
unweighted_tilt_05,False,0.5,0.0,10,144,48,9,validation_only,20.0,5.98,8.556674419767,8.519994162288384,16
unweighted_tilt_05,False,0.5,0.0,10,144,48,9,validation_only,20.0,5.32,8.559569531470368,8.66492682427592,17
unweighted_tilt_05,False,0.5,0.0,10,144,48,9,validation_only,20.0,6.0,8.555157140799052,8.485706993363962,18
unweighted_tilt_05,False,0.5,0.0,10,144,48,9,validation_only,20.0,5.5,8.556775931210682,8.577984966753396,19
unweighted_tilt_05,False,0.5,0.0,10,144,48,9,validation_only,20.0,5.86,8.557116429187468,8.534743722050223,20
unweighted_tilt_05,False,0.5,0.0,10,144,48,9,validation_only,20.0,5.52,8.55231867080162,8.30594265577447,22
unweighted_tilt_05,False,0.5,0.0,10,144,48,9,validation_only,20.0,5.36,8.557820168962278,8.594057633792733,23
unweighted_tilt_05,False,0.5,0.0,10,144,48,9,validation_only,20.0,5.94,8.558149845433025,8.630635650276268,24
unweighted_tilt_05,False,0.5,0.0,10,144,48,9,validation_only,20.0,6.12,8.558795450668635,8.637808611816821,25
unweighted_tilt_05,False,0.5,0.0,10,144,48,9,validation_only,20.0,6.0,8.556485868807409,8.529325204961111,26
unweighted_tilt_05,False,0.5,0.0,10,144,48,9,validation_only,20.0,6.02,8.558603619215683,8.632127728901924,27
unweighted_tilt_05,False,0.5,0.0,10,144,48,9,validation_only,20.0,5.56,8.559875559648152,8.698599093531108,28
unweighted_tilt_05,False,0.5,0.0,10,144,48,9,validation_only,20.0,5.7,8.552826862635,8.384601691143747,29
unweighted_tilt_05,False,0.5,0.0,10,144,48,9,validation_only,20.0,5.78,8.556640544147605,8.572748028227481,30
unweighted_tilt_05,False,0.5,0.0,10,144,48,9,validation_only,20.0,5.12,8.56336113596743,8.814423125346226,31
unweighted_tilt_05,False,0.5,0.0,10,144,48,9,validation_only,20.0,5.7,8.551765823196893,8.271645021645021,32
unweighted_tilt_05,False,0.5,0.0,10,144,48,9,validation_only,20.0,5.64,8.561921567579564,8.757779437391088,33
unweighted_tilt_05,False,0.5,0.0,10,144,48,9,validation_only,20.0,5.8,8.559261575464047,8.648255191607793,34
unweighted_tilt_05,False,0.5,0.0,10,144,48,9,validation_only,20.0,5.88,8.551683863456063,8.344547053649956,35
unweighted_tilt_05,False,0.5,0.0,10,144,48,9,validation_only,20.0,5.52,8.555988517118891,8.55199342375668,36
unweighted_tilt_05,False,0.5,0.0,10,144,48,9,validation_only,20.0,5.84,8.556199787067031,8.525340283811179,37
unweighted_tilt_05,False,0.5,0.0,10,144,48,9,validation_only,20.0,6.14,8.564532070968067,8.852889474840696,38
unweighted_tilt_05,False,0.5,0.0,10,144,48,9,validation_only,20.0,5.62,8.55519241530702,8.497960372960375,39
unweighted_tilt_05,False,0.5,0.0,10,144,48,9,validation_only,20.0,5.4,8.554623884069523,8.43805003460892,40
unweighted_tilt_05,False,0.5,0.0,10,144,48,9,validation_only,20.0,6.18,8.548014958625126,8.179193899782135,41
unweighted_tilt_05,False,0.5,0.0,10,144,48,9,validation_only,20.0,6.58,8.56159376824631,8.715135738192634,44
unweighted_tilt_05,False,0.5,0.0,10,144,48,9,validation_only,20.0,6.1,8.560183381451669,8.683043063859284,45
unweighted_tilt_05,False,0.5,0.0,10,144,48,9,validation_only,20.0,5.76,8.562705999514524,8.805004409171076,46
unweighted_tilt_05,False,0.5,0.0,10,144,48,9,validation_only,20.0,6.28,8.554864732488996,8.50069498069498,48
unweighted_tilt_05,False,0.5,0.0,10,144,48,9,validation_only,20.0,5.58,8.554864054357106,8.465273829827554,49
unweighted_tilt_05,False,0.5,0.0,10,144,48,9,validation_only,20.0,5.76,8.558475930419903,8.580938833570412,50
unweighted_tilt_05,False,0.5,0.0,10,144,48,9,validation_only,20.0,5.98,8.558320719814267,8.594168096054887,51
unweighted_tilt_05,False,0.5,0.0,10,144,48,9,validation_only,20.0,5.28,8.55319718086491,8.444160681032189,53
unweighted_tilt_05,False,0.5,0.0,10,144,48,9,validation_only,20.0,5.92,8.552651049007803,8.267142457318778,54
unweighted_tilt_05,False,0.5,0.0,10,144,48,9,validation_only,20.0,5.62,8.556443010341722,8.5075743170438,55
unweighted_tilt_05,False,0.5,0.0,10,144,48,9,validation_only,20.0,5.74,8.559122442328587,8.636943744752307,56
unweighted_tilt_05,False,0.5,0.0,10,144,48,9,two_channel_kg,21.76,6.34,8.550936701292212,8.35949741315595,01
unweighted_tilt_05,False,0.5,0.0,10,144,48,9,two_channel_kg,21.04,6.44,8.55919505648194,8.635873229939312,02
unweighted_tilt_05,False,0.5,0.0,10,144,48,9,two_channel_kg,21.68,7.16,8.556090537491315,8.519881085098477,04
unweighted_tilt_05,False,0.5,0.0,10,144,48,9,two_channel_kg,23.74,3.3,8.552211853614715,8.29320987654321,05
unweighted_tilt_05,False,0.5,0.0,10,144,48,9,two_channel_kg,21.72,6.3,8.553363625672391,8.431945521937767,06
unweighted_tilt_05,False,0.5,0.0,10,144,48,9,two_channel_kg,21.26,6.16,8.556172921840592,8.508233957978423,08
unweighted_tilt_05,False,0.5,0.0,10,144,48,9,two_channel_kg,21.26,5.98,8.557908467859123,8.553915436577434,09
unweighted_tilt_05,False,0.5,0.0,10,144,48,9,two_channel_kg,21.46,5.88,8.55985652930382,8.68655574679671,10
unweighted_tilt_05,False,0.5,0.0,10,144,48,9,two_channel_kg,20.28,9.86,8.564999674773393,8.715625586193958,11
unweighted_tilt_05,False,0.5,0.0,10,144,48,9,two_channel_kg,22.88,3.08,8.55739561402372,8.560529336304098,12
unweighted_tilt_05,False,0.5,0.0,10,144,48,9,two_channel_kg,21.56,6.58,8.554667914983568,8.443810730882975,13
unweighted_tilt_05,False,0.5,0.0,10,144,48,9,two_channel_kg,21.18,6.18,8.559151278164121,8.658482845451683,15
unweighted_tilt_05,False,0.5,0.0,10,144,48,9,two_channel_kg,22.02,5.04,8.556500535445126,8.519994162288384,16
unweighted_tilt_05,False,0.5,0.0,10,144,48,9,two_channel_kg,21.16,5.56,8.559648843126542,8.66492682427592,17
unweighted_tilt_05,False,0.5,0.0,10,144,48,9,two_channel_kg,21.68,6.04,8.555449504133266,8.485706993363962,18
unweighted_tilt_05,False,0.5,0.0,10,144,48,9,two_channel_kg,21.88,5.28,8.557942457876363,8.577984966753396,19
unweighted_tilt_05,False,0.5,0.0,10,144,48,9,two_channel_kg,21.22,6.3,8.556415092655438,8.534743722050223,20
unweighted_tilt_05,False,0.5,0.0,10,144,48,9,two_channel_kg,24.32,1.52,8.554450958574641,8.30594265577447,22
unweighted_tilt_05,False,0.5,0.0,10,144,48,9,two_channel_kg,21.7,5.28,8.557490404281998,8.594057633792733,23
unweighted_tilt_05,False,0.5,0.0,10,144,48,9,two_channel_kg,20.76,6.78,8.559461192115577,8.630635650276268,24
unweighted_tilt_05,False,0.5,0.0,10,144,48,9,two_channel_kg,21.08,6.58,8.558671176869193,8.637808611816821,25
unweighted_tilt_05,False,0.5,0.0,10,144,48,9,two_channel_kg,22.04,4.64,8.557502030068088,8.529325204961111,26
unweighted_tilt_05,False,0.5,0.0,10,144,48,9,two_channel_kg,20.8,7.76,8.559103167208498,8.632127728901924,27
unweighted_tilt_05,False,0.5,0.0,10,144,48,9,two_channel_kg,22.06,3.62,8.558995246615469,8.698599093531108,28
unweighted_tilt_05,False,0.5,0.0,10,144,48,9,two_channel_kg,24.42,3.06,8.554986572113418,8.384601691143747,29
unweighted_tilt_05,False,0.5,0.0,10,144,48,9,two_channel_kg,21.84,5.68,8.557295815748752,8.572748028227481,30
unweighted_tilt_05,False,0.5,0.0,10,144,48,9,two_channel_kg,20.52,7.64,8.564819144362337,8.814423125346226,31
unweighted_tilt_05,False,0.5,0.0,10,144,48,9,two_channel_kg,25.16,1.1,8.554413610512503,8.271645021645021,32
unweighted_tilt_05,False,0.5,0.0,10,144,48,9,two_channel_kg,20.64,6.94,8.562390675845055,8.757779437391088,33
unweighted_tilt_05,False,0.5,0.0,10,144,48,9,two_channel_kg,20.8,7.26,8.560387456311492,8.648255191607793,34
unweighted_tilt_05,False,0.5,0.0,10,144,48,9,two_channel_kg,21.22,6.9,8.552416271492678,8.344547053649956,35
unweighted_tilt_05,False,0.5,0.0,10,144,48,9,two_channel_kg,21.04,7.28,8.556428901822239,8.55199342375668,36
unweighted_tilt_05,False,0.5,0.0,10,144,48,9,two_channel_kg,21.78,5.44,8.555666972162166,8.525340283811179,37
unweighted_tilt_05,False,0.5,0.0,10,144,48,9,two_channel_kg,20.22,8.0,8.567003757238751,8.852889474840696,38
unweighted_tilt_05,False,0.5,0.0,10,144,48,9,two_channel_kg,21.92,6.74,8.555631934948208,8.497960372960375,39
unweighted_tilt_05,False,0.5,0.0,10,144,48,9,two_channel_kg,22.38,4.84,8.555075531304887,8.43805003460892,40
unweighted_tilt_05,False,0.5,0.0,10,144,48,9,two_channel_kg,23.16,4.88,8.550166717654339,8.179193899782135,41
unweighted_tilt_05,False,0.5,0.0,10,144,48,9,two_channel_kg,20.6,6.84,8.562033330316183,8.715135738192634,44
unweighted_tilt_05,False,0.5,0.0,10,144,48,9,two_channel_kg,20.86,5.8,8.56056812946036,8.683043063859284,45
unweighted_tilt_05,False,0.5,0.0,10,144,48,9,two_channel_kg,20.9,6.24,8.562770396548743,8.805004409171076,46
unweighted_tilt_05,False,0.5,0.0,10,144,48,9,two_channel_kg,21.84,6.3,8.556008605263385,8.50069498069498,48
unweighted_tilt_05,False,0.5,0.0,10,144,48,9,two_channel_kg,22.28,5.78,8.555123567545973,8.465273829827554,49
unweighted_tilt_05,False,0.5,0.0,10,144,48,9,two_channel_kg,20.62,7.56,8.558995426255905,8.580938833570412,50
unweighted_tilt_05,False,0.5,0.0,10,144,48,9,two_channel_kg,21.3,6.9,8.558863896851667,8.594168096054887,51
unweighted_tilt_05,False,0.5,0.0,10,144,48,9,two_channel_kg,21.4,7.56,8.553175681442783,8.444160681032189,53
unweighted_tilt_05,False,0.5,0.0,10,144,48,9,two_channel_kg,24.88,0.02,8.55565316004532,8.267142457318778,54
unweighted_tilt_05,False,0.5,0.0,10,144,48,9,two_channel_kg,21.4,6.16,8.555838380695397,8.5075743170438,55
unweighted_tilt_05,False,0.5,0.0,10,144,48,9,two_channel_kg,20.68,7.18,8.55933526383946,8.636943744752307,56
weighted_tilt_05,True,0.5,0.0,5,48,48,9,uniform,40.22,0.0,8.410793255186608,8.18553918356744,01
weighted_tilt_05,True,0.5,0.0,5,48,48,9,uniform,40.72,0.0,8.413881418128232,8.453158602726667,02
weighted_tilt_05,True,0.5,0.0,5,48,48,9,uniform,39.38,0.0,8.415464118233642,8.528739082642922,04
weighted_tilt_05,True,0.5,0.0,5,48,48,9,uniform,39.96,0.0,8.411230258212814,8.125483974844077,05
weighted_tilt_05,True,0.5,0.0,5,48,48,9,uniform,39.44,0.0,8.414894101887167,8.545610825853306,06
weighted_tilt_05,True,0.5,0.0,5,48,48,9,uniform,40.98,0.0,8.413933246592864,8.431772620340405,08
weighted_tilt_05,True,0.5,0.0,5,48,48,9,uniform,40.14,0.0,8.414852675871003,8.571202187754889,09
weighted_tilt_05,True,0.5,0.0,5,48,48,9,uniform,40.38,0.0,8.41278132225712,8.36921200429395,10
weighted_tilt_05,True,0.5,0.0,5,48,48,9,uniform,39.78,0.0,8.412792972927656,8.477254998856875,11
weighted_tilt_05,True,0.5,0.0,5,48,48,9,uniform,41.32,0.0,8.413511365642746,8.406697482815567,12
weighted_tilt_05,True,0.5,0.0,5,48,48,9,uniform,39.52,0.0,8.41327309815412,8.399907718405041,13
weighted_tilt_05,True,0.5,0.0,5,48,48,9,uniform,40.56,0.0,8.415828638415983,8.684882285436716,15
weighted_tilt_05,True,0.5,0.0,5,48,48,9,uniform,39.54,0.0,8.41348192136796,8.493202223290083,16
weighted_tilt_05,True,0.5,0.0,5,48,48,9,uniform,40.18,0.0,8.4159375578539,8.664274133705685,17
weighted_tilt_05,True,0.5,0.0,5,48,48,9,uniform,40.02,0.0,8.413516724810425,8.373495465995754,18
weighted_tilt_05,True,0.5,0.0,5,48,48,9,uniform,39.72,0.0,8.413696987235555,8.462328445598875,19
weighted_tilt_05,True,0.5,0.0,5,48,48,9,uniform,39.76,0.0,8.41363651001379,8.40036415756487,20
weighted_tilt_05,True,0.5,0.0,5,48,48,9,uniform,39.48,0.0,8.411666202643847,8.155509579901851,22
weighted_tilt_05,True,0.5,0.0,5,48,48,9,uniform,39.32,0.0,8.414447867057344,8.418535903280018,23
weighted_tilt_05,True,0.5,0.0,5,48,48,9,uniform,39.44,0.0,8.414910582584017,8.52570483423363,24
weighted_tilt_05,True,0.5,0.0,5,48,48,9,uniform,40.08,0.0,8.415401958158022,8.58565374289698,25
weighted_tilt_05,True,0.5,0.0,5,48,48,9,uniform,40.16,0.0,8.412869753213538,8.34080205961211,26
weighted_tilt_05,True,0.5,0.0,5,48,48,9,uniform,39.86,0.0,8.413697843638168,8.497693445419998,27
weighted_tilt_05,True,0.5,0.0,5,48,48,9,uniform,41.1,0.0,8.41664657681654,8.67303532914812,28
weighted_tilt_05,True,0.5,0.0,5,48,48,9,uniform,40.36,0.0,8.412051401950427,8.254406939916864,29
weighted_tilt_05,True,0.5,0.0,5,48,48,9,uniform,40.04,0.0,8.413136569366,8.346851358581285,30
weighted_tilt_05,True,0.5,0.0,5,48,48,9,uniform,40.18,0.0,8.415018259899202,8.621145751517249,31
weighted_tilt_05,True,0.5,0.0,5,48,48,9,uniform,39.64,0.0,8.412767466551337,8.248930114977139,32
weighted_tilt_05,True,0.5,0.0,5,48,48,9,uniform,38.8,0.0,8.413600554731449,8.480327288728562,33
weighted_tilt_05,True,0.5,0.0,5,48,48,9,uniform,40.34,0.0,8.415362858017245,8.622958112053597,34
weighted_tilt_05,True,0.5,0.0,5,48,48,9,uniform,38.9,0.0,8.410723807271621,8.222772906317472,35
weighted_tilt_05,True,0.5,0.0,5,48,48,9,uniform,39.26,0.0,8.41426643557936,8.58475279976088,36
weighted_tilt_05,True,0.5,0.0,5,48,48,9,uniform,39.32,0.0,8.412783295212302,8.474979293157938,37
weighted_tilt_05,True,0.5,0.0,5,48,48,9,uniform,40.26,0.0,8.415230958079148,8.614374217774369,38
weighted_tilt_05,True,0.5,0.0,5,48,48,9,uniform,39.92,0.0,8.412858355068416,8.34324525178922,39
weighted_tilt_05,True,0.5,0.0,5,48,48,9,uniform,39.72,0.0,8.41299886079933,8.319702945150361,40
weighted_tilt_05,True,0.5,0.0,5,48,48,9,uniform,39.68,0.0,8.411238079323612,8.14608806816787,41
weighted_tilt_05,True,0.5,0.0,5,48,48,9,uniform,40.6,0.0,8.415496740909138,8.549108185125382,44
weighted_tilt_05,True,0.5,0.0,5,48,48,9,uniform,39.98,0.0,8.414738724481522,8.519476138969033,45
weighted_tilt_05,True,0.5,0.0,5,48,48,9,uniform,40.0,0.0,8.414857280659959,8.602846020611363,46
weighted_tilt_05,True,0.5,0.0,5,48,48,9,uniform,40.32,0.0,8.41395285602266,8.463546951488787,48
weighted_tilt_05,True,0.5,0.0,5,48,48,9,uniform,40.84,0.0,8.41281838804609,8.371584607286696,49
weighted_tilt_05,True,0.5,0.0,5,48,48,9,uniform,39.8,0.0,8.413711054813717,8.435935212451806,50
weighted_tilt_05,True,0.5,0.0,5,48,48,9,uniform,39.82,0.0,8.413548303983077,8.438255666578883,51
weighted_tilt_05,True,0.5,0.0,5,48,48,9,uniform,40.5,0.0,8.411754637721119,8.318313372346504,53
weighted_tilt_05,True,0.5,0.0,5,48,48,9,uniform,39.64,0.0,8.411116922174966,8.072244905595552,54
weighted_tilt_05,True,0.5,0.0,5,48,48,9,uniform,40.58,0.0,8.412074885942738,8.275769313386743,55
weighted_tilt_05,True,0.5,0.0,5,48,48,9,uniform,40.44,0.0,8.413830835964871,8.460539736891711,56
weighted_tilt_05,True,0.5,0.0,5,48,48,9,uniform_blind,40.22,0.0,8.33203851861539,8.18553918356744,01
weighted_tilt_05,True,0.5,0.0,5,48,48,9,uniform_blind,40.72,0.0,8.366502897066628,8.453158602726667,02
weighted_tilt_05,True,0.5,0.0,5,48,48,9,uniform_blind,39.38,0.0,8.381778300129179,8.528739082642922,04
weighted_tilt_05,True,0.5,0.0,5,48,48,9,uniform_blind,39.96,0.0,8.347496107791526,8.125483974844077,05
weighted_tilt_05,True,0.5,0.0,5,48,48,9,uniform_blind,39.44,0.0,8.372870597108024,8.545610825853306,06
weighted_tilt_05,True,0.5,0.0,5,48,48,9,uniform_blind,40.98,0.0,8.367489151784095,8.431772620340405,08
weighted_tilt_05,True,0.5,0.0,5,48,48,9,uniform_blind,40.14,0.0,8.370992800963897,8.571202187754889,09
weighted_tilt_05,True,0.5,0.0,5,48,48,9,uniform_blind,40.38,0.0,8.355277943070778,8.36921200429395,10
weighted_tilt_05,True,0.5,0.0,5,48,48,9,uniform_blind,39.78,0.0,8.34793718168621,8.477254998856875,11
weighted_tilt_05,True,0.5,0.0,5,48,48,9,uniform_blind,41.32,0.0,8.365625615943152,8.406697482815567,12
weighted_tilt_05,True,0.5,0.0,5,48,48,9,uniform_blind,39.52,0.0,8.36112623871452,8.399907718405041,13
weighted_tilt_05,True,0.5,0.0,5,48,48,9,uniform_blind,40.56,0.0,8.378364282678469,8.684882285436716,15
weighted_tilt_05,True,0.5,0.0,5,48,48,9,uniform_blind,39.54,0.0,8.362439984231646,8.493202223290083,16
weighted_tilt_05,True,0.5,0.0,5,48,48,9,uniform_blind,40.18,0.0,8.382962625728597,8.664274133705685,17
weighted_tilt_05,True,0.5,0.0,5,48,48,9,uniform_blind,40.02,0.0,8.363388405183098,8.373495465995754,18
weighted_tilt_05,True,0.5,0.0,5,48,48,9,uniform_blind,39.72,0.0,8.363518531258674,8.462328445598875,19
weighted_tilt_05,True,0.5,0.0,5,48,48,9,uniform_blind,39.76,0.0,8.362904917608747,8.40036415756487,20
weighted_tilt_05,True,0.5,0.0,5,48,48,9,uniform_blind,39.48,0.0,8.350983690052656,8.155509579901851,22
weighted_tilt_05,True,0.5,0.0,5,48,48,9,uniform_blind,39.32,0.0,8.37988436880057,8.418535903280018,23
weighted_tilt_05,True,0.5,0.0,5,48,48,9,uniform_blind,39.44,0.0,8.371824299799291,8.52570483423363,24
weighted_tilt_05,True,0.5,0.0,5,48,48,9,uniform_blind,40.08,0.0,8.37669681193669,8.58565374289698,25
weighted_tilt_05,True,0.5,0.0,5,48,48,9,uniform_blind,40.16,0.0,8.360083127252915,8.34080205961211,26
weighted_tilt_05,True,0.5,0.0,5,48,48,9,uniform_blind,39.86,0.0,8.359134725908891,8.497693445419998,27
weighted_tilt_05,True,0.5,0.0,5,48,48,9,uniform_blind,41.1,0.0,8.393969608918477,8.67303532914812,28
weighted_tilt_05,True,0.5,0.0,5,48,48,9,uniform_blind,40.36,0.0,8.352906610872123,8.254406939916864,29
weighted_tilt_05,True,0.5,0.0,5,48,48,9,uniform_blind,40.04,0.0,8.367884242557855,8.346851358581285,30
weighted_tilt_05,True,0.5,0.0,5,48,48,9,uniform_blind,40.18,0.0,8.375000159335109,8.621145751517249,31
weighted_tilt_05,True,0.5,0.0,5,48,48,9,uniform_blind,39.64,0.0,8.364385955279216,8.248930114977139,32
weighted_tilt_05,True,0.5,0.0,5,48,48,9,uniform_blind,38.8,0.0,8.362231490208673,8.480327288728562,33
weighted_tilt_05,True,0.5,0.0,5,48,48,9,uniform_blind,40.34,0.0,8.375608968216643,8.622958112053597,34
weighted_tilt_05,True,0.5,0.0,5,48,48,9,uniform_blind,38.9,0.0,8.333170914869473,8.222772906317472,35
weighted_tilt_05,True,0.5,0.0,5,48,48,9,uniform_blind,39.26,0.0,8.365295705964833,8.58475279976088,36
weighted_tilt_05,True,0.5,0.0,5,48,48,9,uniform_blind,39.32,0.0,8.354062606431055,8.474979293157938,37
weighted_tilt_05,True,0.5,0.0,5,48,48,9,uniform_blind,40.26,0.0,8.373042475857558,8.614374217774369,38
weighted_tilt_05,True,0.5,0.0,5,48,48,9,uniform_blind,39.92,0.0,8.358053022134209,8.34324525178922,39
weighted_tilt_05,True,0.5,0.0,5,48,48,9,uniform_blind,39.72,0.0,8.357325935089664,8.319702945150361,40
weighted_tilt_05,True,0.5,0.0,5,48,48,9,uniform_blind,39.68,0.0,8.344676907773966,8.14608806816787,41
weighted_tilt_05,True,0.5,0.0,5,48,48,9,uniform_blind,40.6,0.0,8.378417360153296,8.549108185125382,44
weighted_tilt_05,True,0.5,0.0,5,48,48,9,uniform_blind,39.98,0.0,8.3763938493491,8.519476138969033,45
weighted_tilt_05,True,0.5,0.0,5,48,48,9,uniform_blind,40.0,0.0,8.376854433824848,8.602846020611363,46
weighted_tilt_05,True,0.5,0.0,5,48,48,9,uniform_blind,40.32,0.0,8.367877297974962,8.463546951488787,48
weighted_tilt_05,True,0.5,0.0,5,48,48,9,uniform_blind,40.84,0.0,8.354382453435313,8.371584607286696,49
weighted_tilt_05,True,0.5,0.0,5,48,48,9,uniform_blind,39.8,0.0,8.366187263472446,8.435935212451806,50
weighted_tilt_05,True,0.5,0.0,5,48,48,9,uniform_blind,39.82,0.0,8.360854152597986,8.438255666578883,51
weighted_tilt_05,True,0.5,0.0,5,48,48,9,uniform_blind,40.5,0.0,8.345529881623094,8.318313372346504,53
weighted_tilt_05,True,0.5,0.0,5,48,48,9,uniform_blind,39.64,0.0,8.348145726073618,8.072244905595552,54
weighted_tilt_05,True,0.5,0.0,5,48,48,9,uniform_blind,40.58,0.0,8.347339862824702,8.275769313386743,55
weighted_tilt_05,True,0.5,0.0,5,48,48,9,uniform_blind,40.44,0.0,8.365023390025657,8.460539736891711,56
weighted_tilt_05,True,0.5,0.0,5,48,48,9,uncertainty,20.0,0.0,8.411009833679843,8.18553918356744,01
weighted_tilt_05,True,0.5,0.0,5,48,48,9,uncertainty,40.0,0.0,8.413803201512161,8.453158602726667,02
weighted_tilt_05,True,0.5,0.0,5,48,48,9,uncertainty,40.0,0.0,8.415521927592456,8.528739082642922,04
weighted_tilt_05,True,0.5,0.0,5,48,48,9,uncertainty,60.0,0.0,8.411176506966717,8.125483974844077,05
weighted_tilt_05,True,0.5,0.0,5,48,48,9,uncertainty,20.0,0.0,8.414785739993333,8.545610825853306,06
weighted_tilt_05,True,0.5,0.0,5,48,48,9,uncertainty,20.0,0.0,8.41395898054885,8.431772620340405,08
weighted_tilt_05,True,0.5,0.0,5,48,48,9,uncertainty,20.0,0.0,8.414913871882597,8.571202187754889,09
weighted_tilt_05,True,0.5,0.0,5,48,48,9,uncertainty,40.0,0.0,8.412686098440117,8.36921200429395,10
weighted_tilt_05,True,0.5,0.0,5,48,48,9,uncertainty,20.0,0.0,8.412790579509739,8.477254998856875,11
weighted_tilt_05,True,0.5,0.0,5,48,48,9,uncertainty,40.0,0.0,8.413477843078887,8.406697482815567,12
weighted_tilt_05,True,0.5,0.0,5,48,48,9,uncertainty,40.0,0.0,8.413378176016607,8.399907718405041,13
weighted_tilt_05,True,0.5,0.0,5,48,48,9,uncertainty,40.0,0.0,8.416033260692213,8.684882285436716,15
weighted_tilt_05,True,0.5,0.0,5,48,48,9,uncertainty,40.0,0.0,8.413426626552777,8.493202223290083,16
weighted_tilt_05,True,0.5,0.0,5,48,48,9,uncertainty,20.0,0.0,8.415851788624051,8.664274133705685,17
weighted_tilt_05,True,0.5,0.0,5,48,48,9,uncertainty,40.0,0.0,8.41357690521139,8.373495465995754,18
weighted_tilt_05,True,0.5,0.0,5,48,48,9,uncertainty,20.0,0.0,8.413811878416928,8.462328445598875,19
weighted_tilt_05,True,0.5,0.0,5,48,48,9,uncertainty,40.0,0.0,8.413520664655673,8.40036415756487,20
weighted_tilt_05,True,0.5,0.0,5,48,48,9,uncertainty,60.0,0.0,8.411572904697616,8.155509579901851,22
weighted_tilt_05,True,0.5,0.0,5,48,48,9,uncertainty,40.0,0.0,8.414367937678731,8.418535903280018,23
weighted_tilt_05,True,0.5,0.0,5,48,48,9,uncertainty,20.0,0.0,8.414616186610376,8.52570483423363,24
weighted_tilt_05,True,0.5,0.0,5,48,48,9,uncertainty,20.0,0.0,8.415240810429067,8.58565374289698,25
weighted_tilt_05,True,0.5,0.0,5,48,48,9,uncertainty,40.0,0.0,8.41284118525024,8.34080205961211,26
weighted_tilt_05,True,0.5,0.0,5,48,48,9,uncertainty,20.0,0.0,8.413886971814213,8.497693445419998,27
weighted_tilt_05,True,0.5,0.0,5,48,48,9,uncertainty,40.0,0.0,8.416619260907458,8.67303532914812,28
weighted_tilt_05,True,0.5,0.0,5,48,48,9,uncertainty,40.0,0.0,8.412058819058041,8.254406939916864,29
weighted_tilt_05,True,0.5,0.0,5,48,48,9,uncertainty,40.0,0.0,8.413081379050105,8.346851358581285,30
weighted_tilt_05,True,0.5,0.0,5,48,48,9,uncertainty,20.0,0.0,8.414809559710895,8.621145751517249,31
weighted_tilt_05,True,0.5,0.0,5,48,48,9,uncertainty,160.0,0.0,8.412815809569473,8.248930114977139,32
weighted_tilt_05,True,0.5,0.0,5,48,48,9,uncertainty,20.0,0.0,8.413488216920937,8.480327288728562,33
weighted_tilt_05,True,0.5,0.0,5,48,48,9,uncertainty,20.0,0.0,8.415199962300049,8.622958112053597,34
weighted_tilt_05,True,0.5,0.0,5,48,48,9,uncertainty,20.0,0.0,8.410934658594357,8.222772906317472,35
weighted_tilt_05,True,0.5,0.0,5,48,48,9,uncertainty,20.0,0.0,8.414307881698319,8.58475279976088,36
weighted_tilt_05,True,0.5,0.0,5,48,48,9,uncertainty,20.0,0.0,8.412693368397976,8.474979293157938,37
weighted_tilt_05,True,0.5,0.0,5,48,48,9,uncertainty,20.0,0.0,8.415012085849062,8.614374217774369,38
weighted_tilt_05,True,0.5,0.0,5,48,48,9,uncertainty,40.0,0.0,8.412788275745767,8.34324525178922,39
weighted_tilt_05,True,0.5,0.0,5,48,48,9,uncertainty,40.0,0.0,8.412947644354377,8.319702945150361,40
weighted_tilt_05,True,0.5,0.0,5,48,48,9,uncertainty,20.0,0.0,8.41127010623885,8.14608806816787,41
weighted_tilt_05,True,0.5,0.0,5,48,48,9,uncertainty,20.0,0.0,8.415311737638522,8.549108185125382,44
weighted_tilt_05,True,0.5,0.0,5,48,48,9,uncertainty,40.0,0.0,8.414802809190478,8.519476138969033,45
weighted_tilt_05,True,0.5,0.0,5,48,48,9,uncertainty,20.0,0.0,8.414735551141465,8.602846020611363,46
weighted_tilt_05,True,0.5,0.0,5,48,48,9,uncertainty,40.0,0.0,8.413881761005705,8.463546951488787,48
weighted_tilt_05,True,0.5,0.0,5,48,48,9,uncertainty,20.0,0.0,8.412908636820928,8.371584607286696,49
weighted_tilt_05,True,0.5,0.0,5,48,48,9,uncertainty,40.0,0.0,8.413737174745958,8.435935212451806,50
weighted_tilt_05,True,0.5,0.0,5,48,48,9,uncertainty,40.0,0.0,8.413596686820139,8.438255666578883,51
weighted_tilt_05,True,0.5,0.0,5,48,48,9,uncertainty,20.0,0.0,8.411953859474016,8.318313372346504,53
weighted_tilt_05,True,0.5,0.0,5,48,48,9,uncertainty,340.0,0.0,8.410596391564306,8.072244905595552,54
weighted_tilt_05,True,0.5,0.0,5,48,48,9,uncertainty,40.0,0.0,8.412056044667459,8.275769313386743,55
weighted_tilt_05,True,0.5,0.0,5,48,48,9,uncertainty,20.0,0.0,8.413730056924507,8.460539736891711,56
weighted_tilt_05,True,0.5,0.0,5,48,48,9,boundary,29.08,0.0,8.410317742803425,8.18553918356744,01
weighted_tilt_05,True,0.5,0.0,5,48,48,9,boundary,45.1,0.0,8.413739676059969,8.453158602726667,02
weighted_tilt_05,True,0.5,0.0,5,48,48,9,boundary,39.36,0.0,8.415780622952642,8.528739082642922,04
weighted_tilt_05,True,0.5,0.0,5,48,48,9,boundary,50.24,0.0,8.410865160489104,8.125483974844077,05
weighted_tilt_05,True,0.5,0.0,5,48,48,9,boundary,32.14,0.0,8.414749825796315,8.545610825853306,06
weighted_tilt_05,True,0.5,0.0,5,48,48,9,boundary,32.52,0.0,8.41398131143496,8.431772620340405,08
weighted_tilt_05,True,0.5,0.0,5,48,48,9,boundary,32.8,0.0,8.415102057477949,8.571202187754889,09
weighted_tilt_05,True,0.5,0.0,5,48,48,9,boundary,52.08,0.0,8.412736385846431,8.36921200429395,10
weighted_tilt_05,True,0.5,0.0,5,48,48,9,boundary,20.58,0.0,8.412715441010434,8.477254998856875,11
weighted_tilt_05,True,0.5,0.0,5,48,48,9,boundary,55.56,0.0,8.413570812913541,8.406697482815567,12
weighted_tilt_05,True,0.5,0.0,5,48,48,9,boundary,47.4,0.0,8.412945833627466,8.399907718405041,13
weighted_tilt_05,True,0.5,0.0,5,48,48,9,boundary,37.72,0.0,8.416142589832118,8.684882285436716,15
weighted_tilt_05,True,0.5,0.0,5,48,48,9,boundary,40.82,0.0,8.413695815542106,8.493202223290083,16
weighted_tilt_05,True,0.5,0.0,5,48,48,9,boundary,27.24,0.0,8.416006688309354,8.664274133705685,17
weighted_tilt_05,True,0.5,0.0,5,48,48,9,boundary,40.14,0.0,8.413536167559661,8.373495465995754,18
weighted_tilt_05,True,0.5,0.0,5,48,48,9,boundary,36.74,0.0,8.41392993658446,8.462328445598875,19
weighted_tilt_05,True,0.5,0.0,5,48,48,9,boundary,52.4,0.0,8.413596966826061,8.40036415756487,20
weighted_tilt_05,True,0.5,0.0,5,48,48,9,boundary,66.56,0.0,8.41155651711945,8.155509579901851,22
weighted_tilt_05,True,0.5,0.0,5,48,48,9,boundary,43.18,0.0,8.414576519365477,8.418535903280018,23
weighted_tilt_05,True,0.5,0.0,5,48,48,9,boundary,27.18,0.0,8.41463198806794,8.52570483423363,24
weighted_tilt_05,True,0.5,0.0,5,48,48,9,boundary,26.3,0.0,8.415389908416644,8.58565374289698,25
weighted_tilt_05,True,0.5,0.0,5,48,48,9,boundary,51.2,0.0,8.412863809277281,8.34080205961211,26
weighted_tilt_05,True,0.5,0.0,5,48,48,9,boundary,27.08,0.0,8.41377250752406,8.497693445419998,27
weighted_tilt_05,True,0.5,0.0,5,48,48,9,boundary,25.62,0.0,8.416810280049951,8.67303532914812,28
weighted_tilt_05,True,0.5,0.0,5,48,48,9,boundary,57.62,0.0,8.411868237670104,8.254406939916864,29
weighted_tilt_05,True,0.5,0.0,5,48,48,9,boundary,46.16,0.0,8.41317193646081,8.346851358581285,30
weighted_tilt_05,True,0.5,0.0,5,48,48,9,boundary,28.34,0.0,8.414844529116518,8.621145751517249,31
weighted_tilt_05,True,0.5,0.0,5,48,48,9,boundary,70.88,0.0,8.412873804391715,8.248930114977139,32
weighted_tilt_05,True,0.5,0.0,5,48,48,9,boundary,36.6,0.0,8.413481320684422,8.480327288728562,33
weighted_tilt_05,True,0.5,0.0,5,48,48,9,boundary,27.64,0.0,8.41523297452768,8.622958112053597,34
weighted_tilt_05,True,0.5,0.0,5,48,48,9,boundary,24.4,0.0,8.410365841978953,8.222772906317472,35
weighted_tilt_05,True,0.5,0.0,5,48,48,9,boundary,28.64,0.0,8.414234081299414,8.58475279976088,36
weighted_tilt_05,True,0.5,0.0,5,48,48,9,boundary,30.64,0.0,8.412468950022436,8.474979293157938,37
weighted_tilt_05,True,0.5,0.0,5,48,48,9,boundary,29.86,0.0,8.415027118573674,8.614374217774369,38
weighted_tilt_05,True,0.5,0.0,5,48,48,9,boundary,53.66,0.0,8.412496913630667,8.34324525178922,39
weighted_tilt_05,True,0.5,0.0,5,48,48,9,boundary,59.56,0.0,8.413039599931937,8.319702945150361,40
weighted_tilt_05,True,0.5,0.0,5,48,48,9,boundary,33.88,0.0,8.410738273058994,8.14608806816787,41
weighted_tilt_05,True,0.5,0.0,5,48,48,9,boundary,33.06,0.0,8.415625609695443,8.549108185125382,44
weighted_tilt_05,True,0.5,0.0,5,48,48,9,boundary,38.98,0.0,8.414950071815863,8.519476138969033,45
weighted_tilt_05,True,0.5,0.0,5,48,48,9,boundary,31.42,0.0,8.415002584452152,8.602846020611363,46
weighted_tilt_05,True,0.5,0.0,5,48,48,9,boundary,49.92,0.0,8.414066797104097,8.463546951488787,48
weighted_tilt_05,True,0.5,0.0,5,48,48,9,boundary,33.56,0.0,8.412847498454893,8.371584607286696,49
weighted_tilt_05,True,0.5,0.0,5,48,48,9,boundary,40.32,0.0,8.413769801676905,8.435935212451806,50
weighted_tilt_05,True,0.5,0.0,5,48,48,9,boundary,40.04,0.0,8.413639079001985,8.438255666578883,51
weighted_tilt_05,True,0.5,0.0,5,48,48,9,boundary,30.64,0.0,8.411655303469997,8.318313372346504,53
weighted_tilt_05,True,0.5,0.0,5,48,48,9,boundary,71.2,0.0,8.411152054091426,8.072244905595552,54
weighted_tilt_05,True,0.5,0.0,5,48,48,9,boundary,45.58,0.0,8.411743307788143,8.275769313386743,55
weighted_tilt_05,True,0.5,0.0,5,48,48,9,boundary,38.36,0.0,8.413811832539158,8.460539736891711,56
weighted_tilt_05,True,0.5,0.0,5,48,48,9,bias_blind_kg,45.42,0.0,8.252426217251218,8.18553918356744,01
weighted_tilt_05,True,0.5,0.0,5,48,48,9,bias_blind_kg,40.82,0.0,8.314110393373793,8.453158602726667,02
weighted_tilt_05,True,0.5,0.0,5,48,48,9,bias_blind_kg,36.48,0.0,8.348810934269093,8.528739082642922,04
weighted_tilt_05,True,0.5,0.0,5,48,48,9,bias_blind_kg,41.8,0.0,8.290850159549034,8.125483974844077,05
weighted_tilt_05,True,0.5,0.0,5,48,48,9,bias_blind_kg,39.42,0.0,8.322295726399986,8.545610825853306,06
weighted_tilt_05,True,0.5,0.0,5,48,48,9,bias_blind_kg,40.34,0.0,8.323233779768874,8.431772620340405,08
weighted_tilt_05,True,0.5,0.0,5,48,48,9,bias_blind_kg,37.44,0.0,8.337429813548667,8.571202187754889,09
weighted_tilt_05,True,0.5,0.0,5,48,48,9,bias_blind_kg,40.88,0.0,8.307859466363206,8.36921200429395,10
weighted_tilt_05,True,0.5,0.0,5,48,48,9,bias_blind_kg,47.08,0.0,8.257434188161602,8.477254998856875,11
weighted_tilt_05,True,0.5,0.0,5,48,48,9,bias_blind_kg,37.6,0.0,8.330243360401424,8.406697482815567,12
weighted_tilt_05,True,0.5,0.0,5,48,48,9,bias_blind_kg,42.12,0.0,8.29968047164282,8.399907718405041,13
weighted_tilt_05,True,0.5,0.0,5,48,48,9,bias_blind_kg,34.72,0.0,8.353281186727854,8.684882285436716,15
weighted_tilt_05,True,0.5,0.0,5,48,48,9,bias_blind_kg,38.34,0.0,8.32324353696239,8.493202223290083,16
weighted_tilt_05,True,0.5,0.0,5,48,48,9,bias_blind_kg,37.84,0.0,8.340297554231958,8.664274133705685,17
weighted_tilt_05,True,0.5,0.0,5,48,48,9,bias_blind_kg,40.54,0.0,8.316387333142519,8.373495465995754,18
weighted_tilt_05,True,0.5,0.0,5,48,48,9,bias_blind_kg,39.8,0.0,8.321187488410255,8.462328445598875,19
weighted_tilt_05,True,0.5,0.0,5,48,48,9,bias_blind_kg,38.82,0.0,8.322038027629146,8.40036415756487,20
weighted_tilt_05,True,0.5,0.0,5,48,48,9,bias_blind_kg,38.54,0.0,8.308097488484252,8.155509579901851,22
weighted_tilt_05,True,0.5,0.0,5,48,48,9,bias_blind_kg,34.84,0.0,8.349458556608308,8.418535903280018,23
weighted_tilt_05,True,0.5,0.0,5,48,48,9,bias_blind_kg,41.48,0.0,8.312953349967753,8.52570483423363,24
weighted_tilt_05,True,0.5,0.0,5,48,48,9,bias_blind_kg,40.84,0.0,8.327022915900002,8.58565374289698,25
weighted_tilt_05,True,0.5,0.0,5,48,48,9,bias_blind_kg,39.28,0.0,8.320419139476147,8.34080205961211,26
weighted_tilt_05,True,0.5,0.0,5,48,48,9,bias_blind_kg,40.78,0.0,8.309558397738106,8.497693445419998,27
weighted_tilt_05,True,0.5,0.0,5,48,48,9,bias_blind_kg,28.2,0.0,8.38301179031117,8.67303532914812,28
weighted_tilt_05,True,0.5,0.0,5,48,48,9,bias_blind_kg,40.04,0.0,8.304953871608541,8.254406939916864,29
weighted_tilt_05,True,0.5,0.0,5,48,48,9,bias_blind_kg,37.44,0.0,8.32988277245955,8.346851358581285,30
weighted_tilt_05,True,0.5,0.0,5,48,48,9,bias_blind_kg,41.66,0.0,8.315291719823374,8.621145751517249,31
weighted_tilt_05,True,0.5,0.0,5,48,48,9,bias_blind_kg,34.68,0.0,8.339974842181327,8.248930114977139,32
weighted_tilt_05,True,0.5,0.0,5,48,48,9,bias_blind_kg,42.36,0.0,8.30445916285668,8.480327288728562,33
weighted_tilt_05,True,0.5,0.0,5,48,48,9,bias_blind_kg,41.1,0.0,8.3198833865306,8.622958112053597,34
weighted_tilt_05,True,0.5,0.0,5,48,48,9,bias_blind_kg,46.38,0.0,8.23365209848078,8.222772906317472,35
weighted_tilt_05,True,0.5,0.0,5,48,48,9,bias_blind_kg,41.2,0.0,8.310027979235493,8.58475279976088,36
weighted_tilt_05,True,0.5,0.0,5,48,48,9,bias_blind_kg,45.86,0.0,8.280568982143315,8.474979293157938,37
weighted_tilt_05,True,0.5,0.0,5,48,48,9,bias_blind_kg,40.78,0.0,8.320212627646404,8.614374217774369,38
weighted_tilt_05,True,0.5,0.0,5,48,48,9,bias_blind_kg,41.14,0.0,8.30721380436249,8.34324525178922,39
weighted_tilt_05,True,0.5,0.0,5,48,48,9,bias_blind_kg,40.32,0.0,8.31343105908192,8.319702945150361,40
weighted_tilt_05,True,0.5,0.0,5,48,48,9,bias_blind_kg,45.42,0.0,8.267000979254334,8.14608806816787,41
weighted_tilt_05,True,0.5,0.0,5,48,48,9,bias_blind_kg,36.88,0.0,8.343690858082796,8.549108185125382,44
weighted_tilt_05,True,0.5,0.0,5,48,48,9,bias_blind_kg,33.24,0.0,8.356421243682083,8.519476138969033,45
weighted_tilt_05,True,0.5,0.0,5,48,48,9,bias_blind_kg,38.38,0.0,8.334140762843067,8.602846020611363,46
weighted_tilt_05,True,0.5,0.0,5,48,48,9,bias_blind_kg,39.0,0.0,8.329520000865601,8.463546951488787,48
weighted_tilt_05,True,0.5,0.0,5,48,48,9,bias_blind_kg,42.66,0.0,8.300978618208308,8.371584607286696,49
weighted_tilt_05,True,0.5,0.0,5,48,48,9,bias_blind_kg,40.72,0.0,8.322251974505052,8.435935212451806,50
weighted_tilt_05,True,0.5,0.0,5,48,48,9,bias_blind_kg,40.32,0.0,8.314627898054486,8.438255666578883,51
weighted_tilt_05,True,0.5,0.0,5,48,48,9,bias_blind_kg,44.9,0.0,8.27913449048956,8.318313372346504,53
weighted_tilt_05,True,0.5,0.0,5,48,48,9,bias_blind_kg,34.8,0.0,8.325846174743198,8.072244905595552,54
weighted_tilt_05,True,0.5,0.0,5,48,48,9,bias_blind_kg,44.66,0.0,8.281621881356335,8.275769313386743,55
weighted_tilt_05,True,0.5,0.0,5,48,48,9,bias_blind_kg,42.64,0.0,8.309749352187184,8.460539736891711,56
weighted_tilt_05,True,0.5,0.0,5,48,48,9,ordinary_kg,37.36,0.0,8.409575335472061,8.18553918356744,01
weighted_tilt_05,True,0.5,0.0,5,48,48,9,ordinary_kg,42.12,0.0,8.413637123040704,8.453158602726667,02
weighted_tilt_05,True,0.5,0.0,5,48,48,9,ordinary_kg,36.78,0.0,8.41577482003289,8.528739082642922,04
weighted_tilt_05,True,0.5,0.0,5,48,48,9,ordinary_kg,41.36,0.0,8.410641123354868,8.125483974844077,05
weighted_tilt_05,True,0.5,0.0,5,48,48,9,ordinary_kg,40.22,0.0,8.414688536390672,8.545610825853306,06
weighted_tilt_05,True,0.5,0.0,5,48,48,9,ordinary_kg,40.24,0.0,8.414000023758858,8.431772620340405,08
weighted_tilt_05,True,0.5,0.0,5,48,48,9,ordinary_kg,37.6,0.0,8.41505591244839,8.571202187754889,09
weighted_tilt_05,True,0.5,0.0,5,48,48,9,ordinary_kg,42.4,0.0,8.412536796456093,8.36921200429395,10
weighted_tilt_05,True,0.5,0.0,5,48,48,9,ordinary_kg,40.16,0.0,8.411421612232868,8.477254998856875,11
weighted_tilt_05,True,0.5,0.0,5,48,48,9,ordinary_kg,38.98,0.0,8.413680824642318,8.406697482815567,12
weighted_tilt_05,True,0.5,0.0,5,48,48,9,ordinary_kg,42.08,0.0,8.4126974493346,8.399907718405041,13
weighted_tilt_05,True,0.5,0.0,5,48,48,9,ordinary_kg,35.12,0.0,8.416290239163587,8.684882285436716,15
weighted_tilt_05,True,0.5,0.0,5,48,48,9,ordinary_kg,41.54,0.0,8.413462043560171,8.493202223290083,16
weighted_tilt_05,True,0.5,0.0,5,48,48,9,ordinary_kg,38.16,0.0,8.416016310217573,8.664274133705685,17
weighted_tilt_05,True,0.5,0.0,5,48,48,9,ordinary_kg,40.14,0.0,8.413384455479477,8.373495465995754,18
weighted_tilt_05,True,0.5,0.0,5,48,48,9,ordinary_kg,40.82,0.0,8.413831857465848,8.462328445598875,19
weighted_tilt_05,True,0.5,0.0,5,48,48,9,ordinary_kg,41.22,0.0,8.41341620816485,8.40036415756487,20
weighted_tilt_05,True,0.5,0.0,5,48,48,9,ordinary_kg,42.44,0.0,8.411286711435919,8.155509579901851,22
weighted_tilt_05,True,0.5,0.0,5,48,48,9,ordinary_kg,37.34,0.0,8.414657224318177,8.418535903280018,23
weighted_tilt_05,True,0.5,0.0,5,48,48,9,ordinary_kg,40.64,0.0,8.414389605896382,8.52570483423363,24
weighted_tilt_05,True,0.5,0.0,5,48,48,9,ordinary_kg,39.36,0.0,8.415402560530762,8.58565374289698,25
weighted_tilt_05,True,0.5,0.0,5,48,48,9,ordinary_kg,41.06,0.0,8.412841592846442,8.34080205961211,26
weighted_tilt_05,True,0.5,0.0,5,48,48,9,ordinary_kg,41.86,0.0,8.41361548789676,8.497693445419998,27
weighted_tilt_05,True,0.5,0.0,5,48,48,9,ordinary_kg,30.36,0.0,8.416875518233114,8.67303532914812,28
weighted_tilt_05,True,0.5,0.0,5,48,48,9,ordinary_kg,40.44,0.0,8.411706327081603,8.254406939916864,29
weighted_tilt_05,True,0.5,0.0,5,48,48,9,ordinary_kg,40.04,0.0,8.413190873407835,8.346851358581285,30
weighted_tilt_05,True,0.5,0.0,5,48,48,9,ordinary_kg,40.8,0.0,8.414813523197777,8.621145751517249,31
weighted_tilt_05,True,0.5,0.0,5,48,48,9,ordinary_kg,40.72,0.0,8.412848808848471,8.248930114977139,32
weighted_tilt_05,True,0.5,0.0,5,48,48,9,ordinary_kg,41.76,0.0,8.413269823786523,8.480327288728562,33
weighted_tilt_05,True,0.5,0.0,5,48,48,9,ordinary_kg,41.84,0.0,8.415345696340509,8.622958112053597,34
weighted_tilt_05,True,0.5,0.0,5,48,48,9,ordinary_kg,33.72,0.0,8.409394206997142,8.222772906317472,35
weighted_tilt_05,True,0.5,0.0,5,48,48,9,ordinary_kg,41.2,0.0,8.414081655749667,8.58475279976088,36
weighted_tilt_05,True,0.5,0.0,5,48,48,9,ordinary_kg,40.7,0.0,8.412223762963063,8.474979293157938,37
weighted_tilt_05,True,0.5,0.0,5,48,48,9,ordinary_kg,39.12,0.0,8.415230852159922,8.614374217774369,38
weighted_tilt_05,True,0.5,0.0,5,48,48,9,ordinary_kg,41.68,0.0,8.412572349631798,8.34324525178922,39
weighted_tilt_05,True,0.5,0.0,5,48,48,9,ordinary_kg,41.08,0.0,8.41298188208332,8.319702945150361,40
weighted_tilt_05,True,0.5,0.0,5,48,48,9,ordinary_kg,41.0,0.0,8.41016827709832,8.14608806816787,41
weighted_tilt_05,True,0.5,0.0,5,48,48,9,ordinary_kg,37.46,0.0,8.415800542991946,8.549108185125382,44
weighted_tilt_05,True,0.5,0.0,5,48,48,9,ordinary_kg,35.08,0.0,8.415058011747044,8.519476138969033,45
weighted_tilt_05,True,0.5,0.0,5,48,48,9,ordinary_kg,37.68,0.0,8.414958177624193,8.602846020611363,46
weighted_tilt_05,True,0.5,0.0,5,48,48,9,ordinary_kg,41.3,0.0,8.414217546108045,8.463546951488787,48
weighted_tilt_05,True,0.5,0.0,5,48,48,9,ordinary_kg,41.72,0.0,8.412742853490697,8.371584607286696,49
weighted_tilt_05,True,0.5,0.0,5,48,48,9,ordinary_kg,41.16,0.0,8.413815270502665,8.435935212451806,50
weighted_tilt_05,True,0.5,0.0,5,48,48,9,ordinary_kg,41.04,0.0,8.41347884646868,8.438255666578883,51
weighted_tilt_05,True,0.5,0.0,5,48,48,9,ordinary_kg,42.84,0.0,8.411127982136533,8.318313372346504,53
weighted_tilt_05,True,0.5,0.0,5,48,48,9,ordinary_kg,43.4,0.0,8.41100884626564,8.072244905595552,54
weighted_tilt_05,True,0.5,0.0,5,48,48,9,ordinary_kg,42.76,0.0,8.411509946345879,8.275769313386743,55
weighted_tilt_05,True,0.5,0.0,5,48,48,9,ordinary_kg,42.1,0.0,8.413870947834683,8.460539736891711,56
weighted_tilt_05,True,0.5,0.0,5,48,48,9,two_channel_uniform,24.0,3.24,8.409193373014485,8.18553918356744,01
weighted_tilt_05,True,0.5,0.0,5,48,48,9,two_channel_uniform,24.56,2.98,8.413237682706248,8.453158602726667,02
weighted_tilt_05,True,0.5,0.0,5,48,48,9,two_channel_uniform,23.88,3.04,8.41646220741281,8.528739082642922,04
weighted_tilt_05,True,0.5,0.0,5,48,48,9,two_channel_uniform,24.56,2.92,8.409571959963268,8.125483974844077,05
weighted_tilt_05,True,0.5,0.0,5,48,48,9,two_channel_uniform,24.18,3.18,8.416157162669894,8.545610825853306,06
weighted_tilt_05,True,0.5,0.0,5,48,48,9,two_channel_uniform,23.98,3.44,8.414078728459353,8.431772620340405,08
weighted_tilt_05,True,0.5,0.0,5,48,48,9,two_channel_uniform,23.88,3.14,8.415851304405473,8.571202187754889,09
weighted_tilt_05,True,0.5,0.0,5,48,48,9,two_channel_uniform,24.0,3.32,8.412422562880202,8.36921200429395,10
weighted_tilt_05,True,0.5,0.0,5,48,48,9,two_channel_uniform,24.0,3.48,8.41275512965375,8.477254998856875,11
weighted_tilt_05,True,0.5,0.0,5,48,48,9,two_channel_uniform,24.74,2.98,8.414130130837844,8.406697482815567,12
weighted_tilt_05,True,0.5,0.0,5,48,48,9,two_channel_uniform,23.84,2.94,8.413304499851638,8.399907718405041,13
weighted_tilt_05,True,0.5,0.0,5,48,48,9,two_channel_uniform,24.24,3.52,8.417993291375343,8.684882285436716,15
weighted_tilt_05,True,0.5,0.0,5,48,48,9,two_channel_uniform,24.24,3.2,8.413312241283595,8.493202223290083,16
weighted_tilt_05,True,0.5,0.0,5,48,48,9,two_channel_uniform,24.62,3.38,8.418714389308374,8.664274133705685,17
weighted_tilt_05,True,0.5,0.0,5,48,48,9,two_channel_uniform,24.64,3.3,8.412946452464315,8.373495465995754,18
weighted_tilt_05,True,0.5,0.0,5,48,48,9,two_channel_uniform,24.18,3.12,8.414256853959781,8.462328445598875,19
weighted_tilt_05,True,0.5,0.0,5,48,48,9,two_channel_uniform,23.98,3.5,8.413049559196617,8.40036415756487,20
weighted_tilt_05,True,0.5,0.0,5,48,48,9,two_channel_uniform,24.18,2.64,8.410759450643399,8.155509579901851,22
weighted_tilt_05,True,0.5,0.0,5,48,48,9,two_channel_uniform,24.36,3.46,8.414829457716477,8.418535903280018,23
weighted_tilt_05,True,0.5,0.0,5,48,48,9,two_channel_uniform,24.1,3.18,8.41583798909946,8.52570483423363,24
weighted_tilt_05,True,0.5,0.0,5,48,48,9,two_channel_uniform,24.18,2.84,8.416767365256023,8.58565374289698,25
weighted_tilt_05,True,0.5,0.0,5,48,48,9,two_channel_uniform,24.02,2.98,8.412253119491668,8.34080205961211,26
weighted_tilt_05,True,0.5,0.0,5,48,48,9,two_channel_uniform,24.34,3.02,8.414632226841267,8.497693445419998,27
weighted_tilt_05,True,0.5,0.0,5,48,48,9,two_channel_uniform,24.1,3.38,8.41861131798714,8.67303532914812,28
weighted_tilt_05,True,0.5,0.0,5,48,48,9,two_channel_uniform,23.9,3.46,8.41077724166404,8.254406939916864,29
weighted_tilt_05,True,0.5,0.0,5,48,48,9,two_channel_uniform,23.8,2.56,8.412702201065123,8.346851358581285,30
weighted_tilt_05,True,0.5,0.0,5,48,48,9,two_channel_uniform,23.74,2.82,8.417258342043134,8.621145751517249,31
weighted_tilt_05,True,0.5,0.0,5,48,48,9,two_channel_uniform,24.14,3.32,8.411438802564199,8.248930114977139,32
weighted_tilt_05,True,0.5,0.0,5,48,48,9,two_channel_uniform,24.14,3.62,8.413654434037728,8.480327288728562,33
weighted_tilt_05,True,0.5,0.0,5,48,48,9,two_channel_uniform,24.34,2.82,8.417074458136856,8.622958112053597,34
weighted_tilt_05,True,0.5,0.0,5,48,48,9,two_channel_uniform,23.96,2.96,8.408580681489493,8.222772906317472,35
weighted_tilt_05,True,0.5,0.0,5,48,48,9,two_channel_uniform,24.04,3.34,8.41606209970279,8.58475279976088,36
weighted_tilt_05,True,0.5,0.0,5,48,48,9,two_channel_uniform,24.04,2.6,8.413494394076112,8.474979293157938,37
weighted_tilt_05,True,0.5,0.0,5,48,48,9,two_channel_uniform,24.02,3.12,8.416749037592016,8.614374217774369,38
weighted_tilt_05,True,0.5,0.0,5,48,48,9,two_channel_uniform,24.3,2.84,8.412015233970232,8.34324525178922,39
weighted_tilt_05,True,0.5,0.0,5,48,48,9,two_channel_uniform,24.08,3.08,8.411851776330446,8.319702945150361,40
weighted_tilt_05,True,0.5,0.0,5,48,48,9,two_channel_uniform,24.3,2.72,8.409345015819982,8.14608806816787,41
weighted_tilt_05,True,0.5,0.0,5,48,48,9,two_channel_uniform,24.54,3.22,8.416392478593684,8.549108185125382,44
weighted_tilt_05,True,0.5,0.0,5,48,48,9,two_channel_uniform,24.48,3.5,8.415758059020627,8.519476138969033,45
weighted_tilt_05,True,0.5,0.0,5,48,48,9,two_channel_uniform,24.38,3.58,8.415566638052143,8.602846020611363,46
weighted_tilt_05,True,0.5,0.0,5,48,48,9,two_channel_uniform,24.3,2.94,8.414343159386744,8.463546951488787,48
weighted_tilt_05,True,0.5,0.0,5,48,48,9,two_channel_uniform,24.34,3.5,8.412368858891444,8.371584607286696,49
weighted_tilt_05,True,0.5,0.0,5,48,48,9,two_channel_uniform,23.48,3.08,8.414037650861125,8.435935212451806,50
weighted_tilt_05,True,0.5,0.0,5,48,48,9,two_channel_uniform,23.74,2.94,8.413117553232453,8.438255666578883,51
weighted_tilt_05,True,0.5,0.0,5,48,48,9,two_channel_uniform,24.18,3.54,8.41131433347413,8.318313372346504,53
weighted_tilt_05,True,0.5,0.0,5,48,48,9,two_channel_uniform,24.1,3.48,8.408898712902069,8.072244905595552,54
weighted_tilt_05,True,0.5,0.0,5,48,48,9,two_channel_uniform,24.0,3.12,8.410345026626215,8.275769313386743,55
weighted_tilt_05,True,0.5,0.0,5,48,48,9,two_channel_uniform,24.36,3.76,8.414001282136251,8.460539736891711,56
weighted_tilt_05,True,0.5,0.0,5,48,48,9,balanced_mix,30.78,1.98,8.410177746879302,8.18553918356744,01
weighted_tilt_05,True,0.5,0.0,5,48,48,9,balanced_mix,30.42,2.02,8.414033294893843,8.453158602726667,02
weighted_tilt_05,True,0.5,0.0,5,48,48,9,balanced_mix,30.64,1.94,8.416235542743594,8.528739082642922,04
weighted_tilt_05,True,0.5,0.0,5,48,48,9,balanced_mix,31.94,1.86,8.41035384827176,8.125483974844077,05
weighted_tilt_05,True,0.5,0.0,5,48,48,9,balanced_mix,30.26,1.78,8.415524011655378,8.545610825853306,06
weighted_tilt_05,True,0.5,0.0,5,48,48,9,balanced_mix,31.0,1.94,8.414598953106761,8.431772620340405,08
weighted_tilt_05,True,0.5,0.0,5,48,48,9,balanced_mix,30.94,1.8,8.41599039197478,8.571202187754889,09
weighted_tilt_05,True,0.5,0.0,5,48,48,9,balanced_mix,31.6,2.04,8.412940464304258,8.36921200429395,10
weighted_tilt_05,True,0.5,0.0,5,48,48,9,balanced_mix,30.26,1.7,8.41336557467074,8.477254998856875,11
weighted_tilt_05,True,0.5,0.0,5,48,48,9,balanced_mix,30.86,1.82,8.413850141031622,8.406697482815567,12
weighted_tilt_05,True,0.5,0.0,5,48,48,9,balanced_mix,30.36,1.64,8.413108668412756,8.399907718405041,13
weighted_tilt_05,True,0.5,0.0,5,48,48,9,balanced_mix,30.84,2.0,8.4175081853828,8.684882285436716,15
weighted_tilt_05,True,0.5,0.0,5,48,48,9,balanced_mix,31.2,1.94,8.41458091826502,8.493202223290083,16
weighted_tilt_05,True,0.5,0.0,5,48,48,9,balanced_mix,30.8,1.74,8.416764026300958,8.664274133705685,17
weighted_tilt_05,True,0.5,0.0,5,48,48,9,balanced_mix,30.56,1.68,8.41323563929533,8.373495465995754,18
weighted_tilt_05,True,0.5,0.0,5,48,48,9,balanced_mix,30.52,2.02,8.414334188652525,8.462328445598875,19
weighted_tilt_05,True,0.5,0.0,5,48,48,9,balanced_mix,30.5,1.58,8.413432851718076,8.40036415756487,20
weighted_tilt_05,True,0.5,0.0,5,48,48,9,balanced_mix,31.0,1.94,8.411184611941392,8.155509579901851,22
weighted_tilt_05,True,0.5,0.0,5,48,48,9,balanced_mix,30.5,1.96,8.414164652261627,8.418535903280018,23
weighted_tilt_05,True,0.5,0.0,5,48,48,9,balanced_mix,29.86,1.54,8.415091584292389,8.52570483423363,24
weighted_tilt_05,True,0.5,0.0,5,48,48,9,balanced_mix,30.32,2.14,8.416016669997422,8.58565374289698,25
weighted_tilt_05,True,0.5,0.0,5,48,48,9,balanced_mix,30.76,1.68,8.41272571174015,8.34080205961211,26
weighted_tilt_05,True,0.5,0.0,5,48,48,9,balanced_mix,30.76,1.58,8.414430142160397,8.497693445419998,27
weighted_tilt_05,True,0.5,0.0,5,48,48,9,balanced_mix,30.9,2.0,8.418170388900561,8.67303532914812,28
weighted_tilt_05,True,0.5,0.0,5,48,48,9,balanced_mix,30.18,1.78,8.411374496381967,8.254406939916864,29
weighted_tilt_05,True,0.5,0.0,5,48,48,9,balanced_mix,30.16,1.86,8.413294753636208,8.346851358581285,30
weighted_tilt_05,True,0.5,0.0,5,48,48,9,balanced_mix,30.62,1.84,8.415759788417686,8.621145751517249,31
weighted_tilt_05,True,0.5,0.0,5,48,48,9,balanced_mix,30.54,2.08,8.412124464142703,8.248930114977139,32
weighted_tilt_05,True,0.5,0.0,5,48,48,9,balanced_mix,30.92,2.08,8.413987503433761,8.480327288728562,33
weighted_tilt_05,True,0.5,0.0,5,48,48,9,balanced_mix,30.84,2.18,8.416564672537861,8.622958112053597,34
weighted_tilt_05,True,0.5,0.0,5,48,48,9,balanced_mix,31.08,1.94,8.409828562091977,8.222772906317472,35
weighted_tilt_05,True,0.5,0.0,5,48,48,9,balanced_mix,30.64,2.24,8.41514181684515,8.58475279976088,36
weighted_tilt_05,True,0.5,0.0,5,48,48,9,balanced_mix,31.08,1.68,8.413601173562423,8.474979293157938,37
weighted_tilt_05,True,0.5,0.0,5,48,48,9,balanced_mix,30.88,1.84,8.416229095179682,8.614374217774369,38
weighted_tilt_05,True,0.5,0.0,5,48,48,9,balanced_mix,31.06,1.68,8.412296885892005,8.34324525178922,39
weighted_tilt_05,True,0.5,0.0,5,48,48,9,balanced_mix,31.56,1.8,8.412546273587504,8.319702945150361,40
weighted_tilt_05,True,0.5,0.0,5,48,48,9,balanced_mix,30.5,2.0,8.409919153845888,8.14608806816787,41
weighted_tilt_05,True,0.5,0.0,5,48,48,9,balanced_mix,30.84,1.84,8.416095827258287,8.549108185125382,44
weighted_tilt_05,True,0.5,0.0,5,48,48,9,balanced_mix,30.54,1.76,8.415347516485507,8.519476138969033,45
weighted_tilt_05,True,0.5,0.0,5,48,48,9,balanced_mix,31.26,1.78,8.41508510000095,8.602846020611363,46
weighted_tilt_05,True,0.5,0.0,5,48,48,9,balanced_mix,31.36,1.76,8.414349438674641,8.463546951488787,48
weighted_tilt_05,True,0.5,0.0,5,48,48,9,balanced_mix,30.52,1.96,8.41267130656478,8.371584607286696,49
weighted_tilt_05,True,0.5,0.0,5,48,48,9,balanced_mix,30.58,1.86,8.413754239207593,8.435935212451806,50
weighted_tilt_05,True,0.5,0.0,5,48,48,9,balanced_mix,30.08,1.78,8.413836309043186,8.438255666578883,51
weighted_tilt_05,True,0.5,0.0,5,48,48,9,balanced_mix,30.0,1.74,8.411323345098651,8.318313372346504,53
weighted_tilt_05,True,0.5,0.0,5,48,48,9,balanced_mix,30.54,2.02,8.409968431568657,8.072244905595552,54
weighted_tilt_05,True,0.5,0.0,5,48,48,9,balanced_mix,30.62,1.64,8.411367688373867,8.275769313386743,55
weighted_tilt_05,True,0.5,0.0,5,48,48,9,balanced_mix,30.22,1.7,8.413937987061894,8.460539736891711,56
weighted_tilt_05,True,0.5,0.0,5,48,48,9,validation_only,20.0,3.76,8.408714402249993,8.18553918356744,01
weighted_tilt_05,True,0.5,0.0,5,48,48,9,validation_only,20.0,3.6,8.41373900174693,8.453158602726667,02
weighted_tilt_05,True,0.5,0.0,5,48,48,9,validation_only,20.0,4.06,8.416236913931211,8.528739082642922,04
weighted_tilt_05,True,0.5,0.0,5,48,48,9,validation_only,20.0,3.48,8.408624305658023,8.125483974844077,05
weighted_tilt_05,True,0.5,0.0,5,48,48,9,validation_only,20.0,3.56,8.416303670317,8.545610825853306,06
weighted_tilt_05,True,0.5,0.0,5,48,48,9,validation_only,20.0,3.82,8.414000188620578,8.431772620340405,08
weighted_tilt_05,True,0.5,0.0,5,48,48,9,validation_only,20.0,4.0,8.4163660103252,8.571202187754889,09
weighted_tilt_05,True,0.5,0.0,5,48,48,9,validation_only,20.0,3.7,8.412418680457339,8.36921200429395,10
weighted_tilt_05,True,0.5,0.0,5,48,48,9,validation_only,20.0,4.06,8.413154959594767,8.477254998856875,11
weighted_tilt_05,True,0.5,0.0,5,48,48,9,validation_only,20.0,3.72,8.414013677028723,8.406697482815567,12
weighted_tilt_05,True,0.5,0.0,5,48,48,9,validation_only,20.0,3.58,8.413135791652572,8.399907718405041,13
weighted_tilt_05,True,0.5,0.0,5,48,48,9,validation_only,20.0,4.06,8.418025393253886,8.684882285436716,15
weighted_tilt_05,True,0.5,0.0,5,48,48,9,validation_only,20.0,3.58,8.413946268397929,8.493202223290083,16
weighted_tilt_05,True,0.5,0.0,5,48,48,9,validation_only,20.0,4.04,8.419186859353461,8.664274133705685,17
weighted_tilt_05,True,0.5,0.0,5,48,48,9,validation_only,20.0,3.5,8.413066880581846,8.373495465995754,18
weighted_tilt_05,True,0.5,0.0,5,48,48,9,validation_only,20.0,3.56,8.414254698971797,8.462328445598875,19
weighted_tilt_05,True,0.5,0.0,5,48,48,9,validation_only,20.0,3.66,8.413145218099835,8.40036415756487,20
weighted_tilt_05,True,0.5,0.0,5,48,48,9,validation_only,20.0,3.34,8.41058448011393,8.155509579901851,22
weighted_tilt_05,True,0.5,0.0,5,48,48,9,validation_only,20.0,3.52,8.414786642634619,8.418535903280018,23
weighted_tilt_05,True,0.5,0.0,5,48,48,9,validation_only,20.0,3.6,8.415530715223476,8.52570483423363,24
weighted_tilt_05,True,0.5,0.0,5,48,48,9,validation_only,20.0,3.62,8.417002140554176,8.58565374289698,25
weighted_tilt_05,True,0.5,0.0,5,48,48,9,validation_only,20.0,3.84,8.412500493809102,8.34080205961211,26
weighted_tilt_05,True,0.5,0.0,5,48,48,9,validation_only,20.0,3.7,8.414979892899563,8.497693445419998,27
weighted_tilt_05,True,0.5,0.0,5,48,48,9,validation_only,20.0,3.74,8.418868125639445,8.67303532914812,28
weighted_tilt_05,True,0.5,0.0,5,48,48,9,validation_only,20.0,3.82,8.410236243198746,8.254406939916864,29
weighted_tilt_05,True,0.5,0.0,5,48,48,9,validation_only,20.0,3.8,8.412714600555402,8.346851358581285,30
weighted_tilt_05,True,0.5,0.0,5,48,48,9,validation_only,20.0,3.38,8.416683973277374,8.621145751517249,31
weighted_tilt_05,True,0.5,0.0,5,48,48,9,validation_only,20.0,4.24,8.410936551567062,8.248930114977139,32
weighted_tilt_05,True,0.5,0.0,5,48,48,9,validation_only,20.0,3.76,8.413619335705757,8.480327288728562,33
weighted_tilt_05,True,0.5,0.0,5,48,48,9,validation_only,20.0,3.46,8.418005082541994,8.622958112053597,34
weighted_tilt_05,True,0.5,0.0,5,48,48,9,validation_only,20.0,3.46,8.408369122515483,8.222772906317472,35
weighted_tilt_05,True,0.5,0.0,5,48,48,9,validation_only,20.0,4.28,8.416279992125869,8.58475279976088,36
weighted_tilt_05,True,0.5,0.0,5,48,48,9,validation_only,20.0,3.24,8.413011743838133,8.474979293157938,37
weighted_tilt_05,True,0.5,0.0,5,48,48,9,validation_only,20.0,3.4,8.417553718305616,8.614374217774369,38
weighted_tilt_05,True,0.5,0.0,5,48,48,9,validation_only,20.0,3.7,8.411833518545762,8.34324525178922,39
weighted_tilt_05,True,0.5,0.0,5,48,48,9,validation_only,20.0,3.92,8.412394911869013,8.319702945150361,40
weighted_tilt_05,True,0.5,0.0,5,48,48,9,validation_only,20.0,3.1,8.40904722153783,8.14608806816787,41
weighted_tilt_05,True,0.5,0.0,5,48,48,9,validation_only,20.0,3.36,8.416889551932115,8.549108185125382,44
weighted_tilt_05,True,0.5,0.0,5,48,48,9,validation_only,20.0,4.14,8.415716972460489,8.519476138969033,45
weighted_tilt_05,True,0.5,0.0,5,48,48,9,validation_only,20.0,4.48,8.415962176020534,8.602846020611363,46
weighted_tilt_05,True,0.5,0.0,5,48,48,9,validation_only,20.0,3.46,8.414087379042638,8.463546951488787,48
weighted_tilt_05,True,0.5,0.0,5,48,48,9,validation_only,20.0,4.48,8.411781152608862,8.371584607286696,49
weighted_tilt_05,True,0.5,0.0,5,48,48,9,validation_only,20.0,3.96,8.413500971166997,8.435935212451806,50
weighted_tilt_05,True,0.5,0.0,5,48,48,9,validation_only,20.0,3.24,8.4138702483281,8.438255666578883,51
weighted_tilt_05,True,0.5,0.0,5,48,48,9,validation_only,20.0,4.38,8.410885513551555,8.318313372346504,53
weighted_tilt_05,True,0.5,0.0,5,48,48,9,validation_only,20.0,3.44,8.409052375626802,8.072244905595552,54
weighted_tilt_05,True,0.5,0.0,5,48,48,9,validation_only,20.0,4.1,8.410539670744468,8.275769313386743,55
weighted_tilt_05,True,0.5,0.0,5,48,48,9,validation_only,20.0,4.3,8.414004065075249,8.460539736891711,56
weighted_tilt_05,True,0.5,0.0,5,48,48,9,two_channel_kg,20.8,4.78,8.40851222067124,8.18553918356744,01
weighted_tilt_05,True,0.5,0.0,5,48,48,9,two_channel_kg,20.92,4.28,8.413934229282685,8.453158602726667,02
weighted_tilt_05,True,0.5,0.0,5,48,48,9,two_channel_kg,20.86,3.44,8.417116007115112,8.528739082642922,04
weighted_tilt_05,True,0.5,0.0,5,48,48,9,two_channel_kg,23.54,0.66,8.410677610043852,8.125483974844077,05
weighted_tilt_05,True,0.5,0.0,5,48,48,9,two_channel_kg,20.36,4.62,8.41743816904744,8.545610825853306,06
weighted_tilt_05,True,0.5,0.0,5,48,48,9,two_channel_kg,20.8,3.8,8.414420288568142,8.431772620340405,08
weighted_tilt_05,True,0.5,0.0,5,48,48,9,two_channel_kg,20.38,4.38,8.417015630646414,8.571202187754889,09
weighted_tilt_05,True,0.5,0.0,5,48,48,9,two_channel_kg,21.68,3.76,8.411923257463684,8.36921200429395,10
weighted_tilt_05,True,0.5,0.0,5,48,48,9,two_channel_kg,20.02,8.22,8.415721836220476,8.477254998856875,11
weighted_tilt_05,True,0.5,0.0,5,48,48,9,two_channel_kg,22.38,1.7,8.413199579011904,8.406697482815567,12
weighted_tilt_05,True,0.5,0.0,5,48,48,9,two_channel_kg,21.14,4.12,8.413042245609649,8.399907718405041,13
weighted_tilt_05,True,0.5,0.0,5,48,48,9,two_channel_kg,20.36,4.18,8.418986309542884,8.684882285436716,15
weighted_tilt_05,True,0.5,0.0,5,48,48,9,two_channel_kg,20.8,3.98,8.415322677823799,8.493202223290083,16
weighted_tilt_05,True,0.5,0.0,5,48,48,9,two_channel_kg,20.24,4.86,8.419911345884838,8.664274133705685,17
weighted_tilt_05,True,0.5,0.0,5,48,48,9,two_channel_kg,21.76,2.98,8.413698363116255,8.373495465995754,18
weighted_tilt_05,True,0.5,0.0,5,48,48,9,two_channel_kg,20.9,4.36,8.41501091179328,8.462328445598875,19
weighted_tilt_05,True,0.5,0.0,5,48,48,9,two_channel_kg,20.94,3.44,8.413333119055888,8.40036415756487,20
weighted_tilt_05,True,0.5,0.0,5,48,48,9,two_channel_kg,23.98,0.48,8.411212951397388,8.155509579901851,22
weighted_tilt_05,True,0.5,0.0,5,48,48,9,two_channel_kg,22.46,1.6,8.414714671341185,8.418535903280018,23
weighted_tilt_05,True,0.5,0.0,5,48,48,9,two_channel_kg,20.3,5.9,8.416745383142363,8.52570483423363,24
weighted_tilt_05,True,0.5,0.0,5,48,48,9,two_channel_kg,20.38,5.24,8.417224103443274,8.58565374289698,25
weighted_tilt_05,True,0.5,0.0,5,48,48,9,two_channel_kg,22.64,1.78,8.413447509192652,8.34080205961211,26
weighted_tilt_05,True,0.5,0.0,5,48,48,9,two_channel_kg,20.34,5.5,8.415936216336034,8.497693445419998,27
weighted_tilt_05,True,0.5,0.0,5,48,48,9,two_channel_kg,21.1,1.82,8.417436528709924,8.67303532914812,28
weighted_tilt_05,True,0.5,0.0,5,48,48,9,two_channel_kg,23.34,1.06,8.412005929357413,8.254406939916864,29
weighted_tilt_05,True,0.5,0.0,5,48,48,9,two_channel_kg,22.64,1.34,8.413056452563103,8.346851358581285,30
weighted_tilt_05,True,0.5,0.0,5,48,48,9,two_channel_kg,20.2,5.66,8.4184997349381,8.621145751517249,31
weighted_tilt_05,True,0.5,0.0,5,48,48,9,two_channel_kg,23.56,0.06,8.412623198608664,8.248930114977139,32
weighted_tilt_05,True,0.5,0.0,5,48,48,9,two_channel_kg,20.56,4.96,8.414200066906595,8.480327288728562,33
weighted_tilt_05,True,0.5,0.0,5,48,48,9,two_channel_kg,20.12,5.64,8.41910800387063,8.622958112053597,34
weighted_tilt_05,True,0.5,0.0,5,48,48,9,two_channel_kg,20.36,5.0,8.408320403552045,8.222772906317472,35
weighted_tilt_05,True,0.5,0.0,5,48,48,9,two_channel_kg,20.32,5.76,8.417900818219863,8.58475279976088,36
weighted_tilt_05,True,0.5,0.0,5,48,48,9,two_channel_kg,20.6,4.66,8.413790929866469,8.474979293157938,37
weighted_tilt_05,True,0.5,0.0,5,48,48,9,two_channel_kg,20.12,5.64,8.418862413513361,8.614374217774369,38
weighted_tilt_05,True,0.5,0.0,5,48,48,9,two_channel_kg,21.46,3.74,8.412453072134294,8.34324525178922,39
weighted_tilt_05,True,0.5,0.0,5,48,48,9,two_channel_kg,22.1,3.0,8.412833897104676,8.319702945150361,40
weighted_tilt_05,True,0.5,0.0,5,48,48,9,two_channel_kg,21.46,3.24,8.409143218202088,8.14608806816787,41
weighted_tilt_05,True,0.5,0.0,5,48,48,9,two_channel_kg,20.48,4.48,8.417502959526479,8.549108185125382,44
weighted_tilt_05,True,0.5,0.0,5,48,48,9,two_channel_kg,21.96,2.1,8.415418754398637,8.519476138969033,45
weighted_tilt_05,True,0.5,0.0,5,48,48,9,two_channel_kg,20.48,4.02,8.41650844016884,8.602846020611363,46
weighted_tilt_05,True,0.5,0.0,5,48,48,9,two_channel_kg,21.82,3.12,8.414502063615725,8.463546951488787,48
weighted_tilt_05,True,0.5,0.0,5,48,48,9,two_channel_kg,21.06,4.56,8.411928573928556,8.371584607286696,49
weighted_tilt_05,True,0.5,0.0,5,48,48,9,two_channel_kg,21.34,3.62,8.413629402814447,8.435935212451806,50
weighted_tilt_05,True,0.5,0.0,5,48,48,9,two_channel_kg,20.76,4.62,8.412677031591283,8.438255666578883,51
weighted_tilt_05,True,0.5,0.0,5,48,48,9,two_channel_kg,20.74,4.8,8.411590788187734,8.318313372346504,53
weighted_tilt_05,True,0.5,0.0,5,48,48,9,two_channel_kg,23.86,0.0,8.411311958972156,8.072244905595552,54
weighted_tilt_05,True,0.5,0.0,5,48,48,9,two_channel_kg,20.94,4.36,8.409794004977822,8.275769313386743,55
weighted_tilt_05,True,0.5,0.0,5,48,48,9,two_channel_kg,20.64,4.68,8.414560395558764,8.460539736891711,56
weighted_tilt_05,True,0.5,0.0,5,144,48,9,uniform,79.66,0.0,8.410550051655632,8.18553918356744,01
weighted_tilt_05,True,0.5,0.0,5,144,48,9,uniform,81.46,0.0,8.413850407358124,8.453158602726667,02
weighted_tilt_05,True,0.5,0.0,5,144,48,9,uniform,80.22,0.0,8.415385846558468,8.528739082642922,04
weighted_tilt_05,True,0.5,0.0,5,144,48,9,uniform,80.22,0.0,8.411145263187557,8.125483974844077,05
weighted_tilt_05,True,0.5,0.0,5,144,48,9,uniform,80.64,0.0,8.414871406732079,8.545610825853306,06
weighted_tilt_05,True,0.5,0.0,5,144,48,9,uniform,80.74,0.0,8.414044883603056,8.431772620340405,08
weighted_tilt_05,True,0.5,0.0,5,144,48,9,uniform,79.96,0.0,8.414976372524169,8.571202187754889,09
weighted_tilt_05,True,0.5,0.0,5,144,48,9,uniform,80.38,0.0,8.412768950112884,8.36921200429395,10
weighted_tilt_05,True,0.5,0.0,5,144,48,9,uniform,80.14,0.0,8.412746460569767,8.477254998856875,11
weighted_tilt_05,True,0.5,0.0,5,144,48,9,uniform,80.86,0.0,8.413572447217952,8.406697482815567,12
weighted_tilt_05,True,0.5,0.0,5,144,48,9,uniform,79.92,0.0,8.413284412115587,8.399907718405041,13
weighted_tilt_05,True,0.5,0.0,5,144,48,9,uniform,80.88,0.0,8.415935113370997,8.684882285436716,15
weighted_tilt_05,True,0.5,0.0,5,144,48,9,uniform,79.68,0.0,8.41344722767145,8.493202223290083,16
weighted_tilt_05,True,0.5,0.0,5,144,48,9,uniform,79.34,0.0,8.41584691850129,8.664274133705685,17
weighted_tilt_05,True,0.5,0.0,5,144,48,9,uniform,80.14,0.0,8.413588260144868,8.373495465995754,18
weighted_tilt_05,True,0.5,0.0,5,144,48,9,uniform,79.94,0.0,8.41382850676739,8.462328445598875,19
weighted_tilt_05,True,0.5,0.0,5,144,48,9,uniform,79.56,0.0,8.413687954313765,8.40036415756487,20
weighted_tilt_05,True,0.5,0.0,5,144,48,9,uniform,78.62,0.0,8.41154851992401,8.155509579901851,22
weighted_tilt_05,True,0.5,0.0,5,144,48,9,uniform,78.84,0.0,8.41437471866673,8.418535903280018,23
weighted_tilt_05,True,0.5,0.0,5,144,48,9,uniform,77.32,0.0,8.414789480362455,8.52570483423363,24
weighted_tilt_05,True,0.5,0.0,5,144,48,9,uniform,79.38,0.0,8.41552010841446,8.58565374289698,25
weighted_tilt_05,True,0.5,0.0,5,144,48,9,uniform,78.5,0.0,8.41293980738828,8.34080205961211,26
weighted_tilt_05,True,0.5,0.0,5,144,48,9,uniform,79.98,0.0,8.413594715496329,8.497693445419998,27
weighted_tilt_05,True,0.5,0.0,5,144,48,9,uniform,81.52,0.0,8.416661718277032,8.67303532914812,28
weighted_tilt_05,True,0.5,0.0,5,144,48,9,uniform,80.74,0.0,8.412056030300723,8.254406939916864,29
weighted_tilt_05,True,0.5,0.0,5,144,48,9,uniform,78.62,0.0,8.413151861861483,8.346851358581285,30
weighted_tilt_05,True,0.5,0.0,5,144,48,9,uniform,80.58,0.0,8.41492292053412,8.621145751517249,31
weighted_tilt_05,True,0.5,0.0,5,144,48,9,uniform,80.2,0.0,8.412825347110644,8.248930114977139,32
weighted_tilt_05,True,0.5,0.0,5,144,48,9,uniform,77.84,0.0,8.413531375325444,8.480327288728562,33
weighted_tilt_05,True,0.5,0.0,5,144,48,9,uniform,79.66,0.0,8.415384172402765,8.622958112053597,34
weighted_tilt_05,True,0.5,0.0,5,144,48,9,uniform,78.94,0.0,8.410619497516096,8.222772906317472,35
weighted_tilt_05,True,0.5,0.0,5,144,48,9,uniform,81.3,0.0,8.414352807873303,8.58475279976088,36
weighted_tilt_05,True,0.5,0.0,5,144,48,9,uniform,80.5,0.0,8.412990073490601,8.474979293157938,37
weighted_tilt_05,True,0.5,0.0,5,144,48,9,uniform,79.66,0.0,8.41540151226742,8.614374217774369,38
weighted_tilt_05,True,0.5,0.0,5,144,48,9,uniform,81.5,0.0,8.412843715323424,8.34324525178922,39
weighted_tilt_05,True,0.5,0.0,5,144,48,9,uniform,79.36,0.0,8.413072346284142,8.319702945150361,40
weighted_tilt_05,True,0.5,0.0,5,144,48,9,uniform,78.6,0.0,8.411148005368453,8.14608806816787,41
weighted_tilt_05,True,0.5,0.0,5,144,48,9,uniform,81.18,0.0,8.415497669440644,8.549108185125382,44
weighted_tilt_05,True,0.5,0.0,5,144,48,9,uniform,80.04,0.0,8.414871744764064,8.519476138969033,45
weighted_tilt_05,True,0.5,0.0,5,144,48,9,uniform,81.4,0.0,8.414928812144812,8.602846020611363,46
weighted_tilt_05,True,0.5,0.0,5,144,48,9,uniform,80.7,0.0,8.41397250553431,8.463546951488787,48
weighted_tilt_05,True,0.5,0.0,5,144,48,9,uniform,81.32,0.0,8.412891574610887,8.371584607286696,49
weighted_tilt_05,True,0.5,0.0,5,144,48,9,uniform,80.86,0.0,8.4139543471855,8.435935212451806,50
weighted_tilt_05,True,0.5,0.0,5,144,48,9,uniform,79.88,0.0,8.413473613124003,8.438255666578883,51
weighted_tilt_05,True,0.5,0.0,5,144,48,9,uniform,79.88,0.0,8.411569039560884,8.318313372346504,53
weighted_tilt_05,True,0.5,0.0,5,144,48,9,uniform,78.86,0.0,8.410895998570846,8.072244905595552,54
weighted_tilt_05,True,0.5,0.0,5,144,48,9,uniform,80.08,0.0,8.411927364836057,8.275769313386743,55
weighted_tilt_05,True,0.5,0.0,5,144,48,9,uniform,80.4,0.0,8.413946579097596,8.460539736891711,56
weighted_tilt_05,True,0.5,0.0,5,144,48,9,uniform_blind,79.66,0.0,8.267914617606941,8.18553918356744,01
weighted_tilt_05,True,0.5,0.0,5,144,48,9,uniform_blind,81.46,0.0,8.321917080144226,8.453158602726667,02
weighted_tilt_05,True,0.5,0.0,5,144,48,9,uniform_blind,80.22,0.0,8.349695607778408,8.528739082642922,04
weighted_tilt_05,True,0.5,0.0,5,144,48,9,uniform_blind,80.22,0.0,8.290991450727743,8.125483974844077,05
weighted_tilt_05,True,0.5,0.0,5,144,48,9,uniform_blind,80.64,0.0,8.330589171169617,8.545610825853306,06
weighted_tilt_05,True,0.5,0.0,5,144,48,9,uniform_blind,80.74,0.0,8.328463483531351,8.431772620340405,08
weighted_tilt_05,True,0.5,0.0,5,144,48,9,uniform_blind,79.96,0.0,8.336728378743617,8.571202187754889,09
weighted_tilt_05,True,0.5,0.0,5,144,48,9,uniform_blind,80.38,0.0,8.305759246864346,8.36921200429395,10
weighted_tilt_05,True,0.5,0.0,5,144,48,9,uniform_blind,80.14,0.0,8.293570053282268,8.477254998856875,11
weighted_tilt_05,True,0.5,0.0,5,144,48,9,uniform_blind,80.86,0.0,8.325652935147318,8.406697482815567,12
weighted_tilt_05,True,0.5,0.0,5,144,48,9,uniform_blind,79.92,0.0,8.312492630355415,8.399907718405041,13
weighted_tilt_05,True,0.5,0.0,5,144,48,9,uniform_blind,80.88,0.0,8.35192422141866,8.684882285436716,15
weighted_tilt_05,True,0.5,0.0,5,144,48,9,uniform_blind,79.68,0.0,8.31982690224233,8.493202223290083,16
weighted_tilt_05,True,0.5,0.0,5,144,48,9,uniform_blind,79.34,0.0,8.354630363988504,8.664274133705685,17
weighted_tilt_05,True,0.5,0.0,5,144,48,9,uniform_blind,80.14,0.0,8.321705339796363,8.373495465995754,18
weighted_tilt_05,True,0.5,0.0,5,144,48,9,uniform_blind,79.94,0.0,8.323791275746476,8.462328445598875,19
weighted_tilt_05,True,0.5,0.0,5,144,48,9,uniform_blind,79.56,0.0,8.324910287081108,8.40036415756487,20
weighted_tilt_05,True,0.5,0.0,5,144,48,9,uniform_blind,78.62,0.0,8.298029295206348,8.155509579901851,22
weighted_tilt_05,True,0.5,0.0,5,144,48,9,uniform_blind,78.84,0.0,8.346531550754628,8.418535903280018,23
weighted_tilt_05,True,0.5,0.0,5,144,48,9,uniform_blind,77.32,0.0,8.335058496724368,8.52570483423363,24
weighted_tilt_05,True,0.5,0.0,5,144,48,9,uniform_blind,79.38,0.0,8.348281486511773,8.58565374289698,25
weighted_tilt_05,True,0.5,0.0,5,144,48,9,uniform_blind,78.5,0.0,8.320296510524404,8.34080205961211,26
weighted_tilt_05,True,0.5,0.0,5,144,48,9,uniform_blind,79.98,0.0,8.311906058538728,8.497693445419998,27
weighted_tilt_05,True,0.5,0.0,5,144,48,9,uniform_blind,81.52,0.0,8.375168058903098,8.67303532914812,28
weighted_tilt_05,True,0.5,0.0,5,144,48,9,uniform_blind,80.74,0.0,8.300855961501375,8.254406939916864,29
weighted_tilt_05,True,0.5,0.0,5,144,48,9,uniform_blind,78.62,0.0,8.330841579905876,8.346851358581285,30
weighted_tilt_05,True,0.5,0.0,5,144,48,9,uniform_blind,80.58,0.0,8.334639032579782,8.621145751517249,31
weighted_tilt_05,True,0.5,0.0,5,144,48,9,uniform_blind,80.2,0.0,8.321488911717097,8.248930114977139,32
weighted_tilt_05,True,0.5,0.0,5,144,48,9,uniform_blind,77.84,0.0,8.315494595842763,8.480327288728562,33
weighted_tilt_05,True,0.5,0.0,5,144,48,9,uniform_blind,79.66,0.0,8.34237944706237,8.622958112053597,34
weighted_tilt_05,True,0.5,0.0,5,144,48,9,uniform_blind,78.94,0.0,8.268950101431374,8.222772906317472,35
weighted_tilt_05,True,0.5,0.0,5,144,48,9,uniform_blind,81.3,0.0,8.323582607808865,8.58475279976088,36
weighted_tilt_05,True,0.5,0.0,5,144,48,9,uniform_blind,80.5,0.0,8.305198379387217,8.474979293157938,37
weighted_tilt_05,True,0.5,0.0,5,144,48,9,uniform_blind,79.66,0.0,8.343116253891498,8.614374217774369,38
weighted_tilt_05,True,0.5,0.0,5,144,48,9,uniform_blind,81.5,0.0,8.311075507054992,8.34324525178922,39
weighted_tilt_05,True,0.5,0.0,5,144,48,9,uniform_blind,79.36,0.0,8.310404145471692,8.319702945150361,40
weighted_tilt_05,True,0.5,0.0,5,144,48,9,uniform_blind,78.6,0.0,8.288172127723982,8.14608806816787,41
weighted_tilt_05,True,0.5,0.0,5,144,48,9,uniform_blind,81.18,0.0,8.348654850273535,8.549108185125382,44
weighted_tilt_05,True,0.5,0.0,5,144,48,9,uniform_blind,80.04,0.0,8.345388522931183,8.519476138969033,45
weighted_tilt_05,True,0.5,0.0,5,144,48,9,uniform_blind,81.4,0.0,8.342093890135645,8.602846020611363,46
weighted_tilt_05,True,0.5,0.0,5,144,48,9,uniform_blind,80.7,0.0,8.327991708351217,8.463546951488787,48
weighted_tilt_05,True,0.5,0.0,5,144,48,9,uniform_blind,81.32,0.0,8.305246228642506,8.371584607286696,49
weighted_tilt_05,True,0.5,0.0,5,144,48,9,uniform_blind,80.86,0.0,8.326964643674561,8.435935212451806,50
weighted_tilt_05,True,0.5,0.0,5,144,48,9,uniform_blind,79.88,0.0,8.313389839117455,8.438255666578883,51
weighted_tilt_05,True,0.5,0.0,5,144,48,9,uniform_blind,79.88,0.0,8.291447166793176,8.318313372346504,53
weighted_tilt_05,True,0.5,0.0,5,144,48,9,uniform_blind,78.86,0.0,8.2942417923291,8.072244905595552,54
weighted_tilt_05,True,0.5,0.0,5,144,48,9,uniform_blind,80.08,0.0,8.291180456341133,8.275769313386743,55
weighted_tilt_05,True,0.5,0.0,5,144,48,9,uniform_blind,80.4,0.0,8.324766189157813,8.460539736891711,56
weighted_tilt_05,True,0.5,0.0,5,144,48,9,uncertainty,40.0,0.0,8.410700433392671,8.18553918356744,01
weighted_tilt_05,True,0.5,0.0,5,144,48,9,uncertainty,40.0,0.0,8.413803201512161,8.453158602726667,02
weighted_tilt_05,True,0.5,0.0,5,144,48,9,uncertainty,40.0,0.0,8.415521927592456,8.528739082642922,04
weighted_tilt_05,True,0.5,0.0,5,144,48,9,uncertainty,60.0,0.0,8.411176506966717,8.125483974844077,05
weighted_tilt_05,True,0.5,0.0,5,144,48,9,uncertainty,20.0,0.0,8.414785739993333,8.545610825853306,06
weighted_tilt_05,True,0.5,0.0,5,144,48,9,uncertainty,20.0,0.0,8.41395898054885,8.431772620340405,08
weighted_tilt_05,True,0.5,0.0,5,144,48,9,uncertainty,20.0,0.0,8.414913871882597,8.571202187754889,09
weighted_tilt_05,True,0.5,0.0,5,144,48,9,uncertainty,40.0,0.0,8.412686098440117,8.36921200429395,10
weighted_tilt_05,True,0.5,0.0,5,144,48,9,uncertainty,20.0,0.0,8.412790579509739,8.477254998856875,11
weighted_tilt_05,True,0.5,0.0,5,144,48,9,uncertainty,60.0,0.0,8.413576888858467,8.406697482815567,12
weighted_tilt_05,True,0.5,0.0,5,144,48,9,uncertainty,40.0,0.0,8.413378176016607,8.399907718405041,13
weighted_tilt_05,True,0.5,0.0,5,144,48,9,uncertainty,40.0,0.0,8.416033260692213,8.684882285436716,15
weighted_tilt_05,True,0.5,0.0,5,144,48,9,uncertainty,40.0,0.0,8.413426626552777,8.493202223290083,16
weighted_tilt_05,True,0.5,0.0,5,144,48,9,uncertainty,20.0,0.0,8.415851788624051,8.664274133705685,17
weighted_tilt_05,True,0.5,0.0,5,144,48,9,uncertainty,40.0,0.0,8.41357690521139,8.373495465995754,18
weighted_tilt_05,True,0.5,0.0,5,144,48,9,uncertainty,40.0,0.0,8.413841759343653,8.462328445598875,19
weighted_tilt_05,True,0.5,0.0,5,144,48,9,uncertainty,40.0,0.0,8.413520664655673,8.40036415756487,20
weighted_tilt_05,True,0.5,0.0,5,144,48,9,uncertainty,80.0,0.0,8.411479923713664,8.155509579901851,22
weighted_tilt_05,True,0.5,0.0,5,144,48,9,uncertainty,40.0,0.0,8.414367937678731,8.418535903280018,23
weighted_tilt_05,True,0.5,0.0,5,144,48,9,uncertainty,20.0,0.0,8.414616186610376,8.52570483423363,24
weighted_tilt_05,True,0.5,0.0,5,144,48,9,uncertainty,20.0,0.0,8.415240810429067,8.58565374289698,25
weighted_tilt_05,True,0.5,0.0,5,144,48,9,uncertainty,40.0,0.0,8.41284118525024,8.34080205961211,26
weighted_tilt_05,True,0.5,0.0,5,144,48,9,uncertainty,20.0,0.0,8.413886971814213,8.497693445419998,27
weighted_tilt_05,True,0.5,0.0,5,144,48,9,uncertainty,40.0,0.0,8.416619260907458,8.67303532914812,28
weighted_tilt_05,True,0.5,0.0,5,144,48,9,uncertainty,60.0,0.0,8.411989428973113,8.254406939916864,29
weighted_tilt_05,True,0.5,0.0,5,144,48,9,uncertainty,40.0,0.0,8.413081379050105,8.346851358581285,30
weighted_tilt_05,True,0.5,0.0,5,144,48,9,uncertainty,20.0,0.0,8.414809559710895,8.621145751517249,31
weighted_tilt_05,True,0.5,0.0,5,144,48,9,uncertainty,240.0,0.0,8.412858138469042,8.248930114977139,32
weighted_tilt_05,True,0.5,0.0,5,144,48,9,uncertainty,20.0,0.0,8.413488216920937,8.480327288728562,33
weighted_tilt_05,True,0.5,0.0,5,144,48,9,uncertainty,20.0,0.0,8.415199962300049,8.622958112053597,34
weighted_tilt_05,True,0.5,0.0,5,144,48,9,uncertainty,20.0,0.0,8.410934658594357,8.222772906317472,35
weighted_tilt_05,True,0.5,0.0,5,144,48,9,uncertainty,20.0,0.0,8.414307881698319,8.58475279976088,36
weighted_tilt_05,True,0.5,0.0,5,144,48,9,uncertainty,20.0,0.0,8.412693368397976,8.474979293157938,37
weighted_tilt_05,True,0.5,0.0,5,144,48,9,uncertainty,20.0,0.0,8.415012085849062,8.614374217774369,38
weighted_tilt_05,True,0.5,0.0,5,144,48,9,uncertainty,40.0,0.0,8.412788275745767,8.34324525178922,39
weighted_tilt_05,True,0.5,0.0,5,144,48,9,uncertainty,40.0,0.0,8.412947644354377,8.319702945150361,40
weighted_tilt_05,True,0.5,0.0,5,144,48,9,uncertainty,20.0,0.0,8.41127010623885,8.14608806816787,41
weighted_tilt_05,True,0.5,0.0,5,144,48,9,uncertainty,20.0,0.0,8.415311737638522,8.549108185125382,44
weighted_tilt_05,True,0.5,0.0,5,144,48,9,uncertainty,40.0,0.0,8.414802809190478,8.519476138969033,45
weighted_tilt_05,True,0.5,0.0,5,144,48,9,uncertainty,20.0,0.0,8.414735551141465,8.602846020611363,46
weighted_tilt_05,True,0.5,0.0,5,144,48,9,uncertainty,40.0,0.0,8.413881761005705,8.463546951488787,48
weighted_tilt_05,True,0.5,0.0,5,144,48,9,uncertainty,20.0,0.0,8.412908636820928,8.371584607286696,49
weighted_tilt_05,True,0.5,0.0,5,144,48,9,uncertainty,40.0,0.0,8.413737174745958,8.435935212451806,50
weighted_tilt_05,True,0.5,0.0,5,144,48,9,uncertainty,40.0,0.0,8.413596686820139,8.438255666578883,51
weighted_tilt_05,True,0.5,0.0,5,144,48,9,uncertainty,20.0,0.0,8.411953859474016,8.318313372346504,53
weighted_tilt_05,True,0.5,0.0,5,144,48,9,uncertainty,2060.0,0.0,8.41062791121859,8.072244905595552,54
weighted_tilt_05,True,0.5,0.0,5,144,48,9,uncertainty,40.0,0.0,8.412056044667459,8.275769313386743,55
weighted_tilt_05,True,0.5,0.0,5,144,48,9,uncertainty,40.0,0.0,8.413769526057258,8.460539736891711,56
weighted_tilt_05,True,0.5,0.0,5,144,48,9,boundary,29.98,0.0,8.410313312542913,8.18553918356744,01
weighted_tilt_05,True,0.5,0.0,5,144,48,9,boundary,99.66,0.0,8.413761721261682,8.453158602726667,02
weighted_tilt_05,True,0.5,0.0,5,144,48,9,boundary,73.04,0.0,8.415785509361879,8.528739082642922,04
weighted_tilt_05,True,0.5,0.0,5,144,48,9,boundary,107.2,0.0,8.410834503711712,8.125483974844077,05
weighted_tilt_05,True,0.5,0.0,5,144,48,9,boundary,49.4,0.0,8.414750726956841,8.545610825853306,06
weighted_tilt_05,True,0.5,0.0,5,144,48,9,boundary,51.28,0.0,8.41400659955349,8.431772620340405,08
weighted_tilt_05,True,0.5,0.0,5,144,48,9,boundary,53.78,0.0,8.415134722599017,8.571202187754889,09
weighted_tilt_05,True,0.5,0.0,5,144,48,9,boundary,121.84,0.0,8.412729462416088,8.36921200429395,10
weighted_tilt_05,True,0.5,0.0,5,144,48,9,boundary,20.66,0.0,8.412709600387196,8.477254998856875,11
weighted_tilt_05,True,0.5,0.0,5,144,48,9,boundary,134.26,0.0,8.413583709436685,8.406697482815567,12
weighted_tilt_05,True,0.5,0.0,5,144,48,9,boundary,111.86,0.0,8.412927704112258,8.399907718405041,13
weighted_tilt_05,True,0.5,0.0,5,144,48,9,boundary,68.52,0.0,8.416169948175229,8.684882285436716,15
weighted_tilt_05,True,0.5,0.0,5,144,48,9,boundary,82.44,0.0,8.413690404920935,8.493202223290083,16
weighted_tilt_05,True,0.5,0.0,5,144,48,9,boundary,33.02,0.0,8.416015234490128,8.664274133705685,17
weighted_tilt_05,True,0.5,0.0,5,144,48,9,boundary,81.96,0.0,8.413527032920145,8.373495465995754,18
weighted_tilt_05,True,0.5,0.0,5,144,48,9,boundary,75.38,0.0,8.413947109214432,8.462328445598875,19
weighted_tilt_05,True,0.5,0.0,5,144,48,9,boundary,133.02,0.0,8.413612754521752,8.40036415756487,20
weighted_tilt_05,True,0.5,0.0,5,144,48,9,boundary,168.72,0.0,8.411532951767512,8.155509579901851,22
weighted_tilt_05,True,0.5,0.0,5,144,48,9,boundary,83.28,0.0,8.414596046856312,8.418535903280018,23
weighted_tilt_05,True,0.5,0.0,5,144,48,9,boundary,30.92,0.0,8.41460761032892,8.52570483423363,24
weighted_tilt_05,True,0.5,0.0,5,144,48,9,boundary,31.96,0.0,8.415416222978372,8.58565374289698,25
weighted_tilt_05,True,0.5,0.0,5,144,48,9,boundary,127.22,0.0,8.41287692578192,8.34080205961211,26
weighted_tilt_05,True,0.5,0.0,5,144,48,9,boundary,33.02,0.0,8.413777344212996,8.497693445419998,27
weighted_tilt_05,True,0.5,0.0,5,144,48,9,boundary,28.66,0.0,8.416806614556794,8.67303532914812,28
weighted_tilt_05,True,0.5,0.0,5,144,48,9,boundary,145.76,0.0,8.411832986297492,8.254406939916864,29
weighted_tilt_05,True,0.5,0.0,5,144,48,9,boundary,103.18,0.0,8.413190388942876,8.346851358581285,30
weighted_tilt_05,True,0.5,0.0,5,144,48,9,boundary,36.32,0.0,8.414860162259524,8.621145751517249,31
weighted_tilt_05,True,0.5,0.0,5,144,48,9,boundary,198.58,0.0,8.412889010694295,8.248930114977139,32
weighted_tilt_05,True,0.5,0.0,5,144,48,9,boundary,73.48,0.0,8.413492714762409,8.480327288728562,33
weighted_tilt_05,True,0.5,0.0,5,144,48,9,boundary,39.68,0.0,8.415253502110499,8.622958112053597,34
weighted_tilt_05,True,0.5,0.0,5,144,48,9,boundary,24.76,0.0,8.410338826498517,8.222772906317472,35
weighted_tilt_05,True,0.5,0.0,5,144,48,9,boundary,40.02,0.0,8.414240460987742,8.58475279976088,36
weighted_tilt_05,True,0.5,0.0,5,144,48,9,boundary,45.72,0.0,8.412454173149937,8.474979293157938,37
weighted_tilt_05,True,0.5,0.0,5,144,48,9,boundary,39.54,0.0,8.415035745839242,8.614374217774369,38
weighted_tilt_05,True,0.5,0.0,5,144,48,9,boundary,136.52,0.0,8.412484548154398,8.34324525178922,39
weighted_tilt_05,True,0.5,0.0,5,144,48,9,boundary,155.42,0.0,8.413042606481046,8.319702945150361,40
weighted_tilt_05,True,0.5,0.0,5,144,48,9,boundary,47.12,0.0,8.410712887258953,8.14608806816787,41
weighted_tilt_05,True,0.5,0.0,5,144,48,9,boundary,52.86,0.0,8.415637418968059,8.549108185125382,44
weighted_tilt_05,True,0.5,0.0,5,144,48,9,boundary,74.86,0.0,8.414980232170642,8.519476138969033,45
weighted_tilt_05,True,0.5,0.0,5,144,48,9,boundary,52.58,0.0,8.415020348942457,8.602846020611363,46
weighted_tilt_05,True,0.5,0.0,5,144,48,9,boundary,113.68,0.0,8.414071495685054,8.463546951488787,48
weighted_tilt_05,True,0.5,0.0,5,144,48,9,boundary,61.22,0.0,8.412831463278627,8.371584607286696,49
weighted_tilt_05,True,0.5,0.0,5,144,48,9,boundary,74.32,0.0,8.413775482039988,8.435935212451806,50
weighted_tilt_05,True,0.5,0.0,5,144,48,9,boundary,79.14,0.0,8.41363056636917,8.438255666578883,51
weighted_tilt_05,True,0.5,0.0,5,144,48,9,boundary,43.62,0.0,8.411624474317481,8.318313372346504,53
weighted_tilt_05,True,0.5,0.0,5,144,48,9,boundary,205.16,0.0,8.411138897192384,8.072244905595552,54
weighted_tilt_05,True,0.5,0.0,5,144,48,9,boundary,96.0,0.0,8.411713383736588,8.275769313386743,55
weighted_tilt_05,True,0.5,0.0,5,144,48,9,boundary,69.38,0.0,8.413822965553416,8.460539736891711,56
weighted_tilt_05,True,0.5,0.0,5,144,48,9,bias_blind_kg,90.56,0.0,8.106344093050003,8.18553918356744,01
weighted_tilt_05,True,0.5,0.0,5,144,48,9,bias_blind_kg,82.52,0.0,8.222318553443507,8.453158602726667,02
weighted_tilt_05,True,0.5,0.0,5,144,48,9,bias_blind_kg,70.74,0.0,8.288118338162509,8.528739082642922,04
weighted_tilt_05,True,0.5,0.0,5,144,48,9,bias_blind_kg,81.68,0.0,8.18240459982163,8.125483974844077,05
weighted_tilt_05,True,0.5,0.0,5,144,48,9,bias_blind_kg,78.94,0.0,8.236908713941956,8.545610825853306,06
weighted_tilt_05,True,0.5,0.0,5,144,48,9,bias_blind_kg,82.82,0.0,8.24268157154991,8.431772620340405,08
weighted_tilt_05,True,0.5,0.0,5,144,48,9,bias_blind_kg,73.52,0.0,8.26994963216838,8.571202187754889,09
weighted_tilt_05,True,0.5,0.0,5,144,48,9,bias_blind_kg,82.16,0.0,8.212815063577857,8.36921200429395,10
weighted_tilt_05,True,0.5,0.0,5,144,48,9,bias_blind_kg,99.08,0.0,8.112827433217555,8.477254998856875,11
weighted_tilt_05,True,0.5,0.0,5,144,48,9,bias_blind_kg,74.44,0.0,8.255729171133027,8.406697482815567,12
weighted_tilt_05,True,0.5,0.0,5,144,48,9,bias_blind_kg,86.36,0.0,8.195838780874798,8.399907718405041,13
weighted_tilt_05,True,0.5,0.0,5,144,48,9,bias_blind_kg,66.26,0.0,8.301279683269598,8.684882285436716,15
weighted_tilt_05,True,0.5,0.0,5,144,48,9,bias_blind_kg,74.88,0.0,8.24435935602601,8.493202223290083,16
weighted_tilt_05,True,0.5,0.0,5,144,48,9,bias_blind_kg,75.7,0.0,8.271719967363861,8.664274133705685,17
weighted_tilt_05,True,0.5,0.0,5,144,48,9,bias_blind_kg,81.44,0.0,8.22759195164692,8.373495465995754,18
weighted_tilt_05,True,0.5,0.0,5,144,48,9,bias_blind_kg,79.7,0.0,8.239111588810996,8.462328445598875,19
weighted_tilt_05,True,0.5,0.0,5,144,48,9,bias_blind_kg,76.92,0.0,8.239160683088416,8.40036415756487,20
weighted_tilt_05,True,0.5,0.0,5,144,48,9,bias_blind_kg,74.44,0.0,8.217117727057566,8.155509579901851,22
weighted_tilt_05,True,0.5,0.0,5,144,48,9,bias_blind_kg,66.6,0.0,8.293200178875141,8.418535903280018,23
weighted_tilt_05,True,0.5,0.0,5,144,48,9,bias_blind_kg,84.68,0.0,8.22065423667832,8.52570483423363,24
weighted_tilt_05,True,0.5,0.0,5,144,48,9,bias_blind_kg,85.08,0.0,8.245602545271604,8.58565374289698,25
weighted_tilt_05,True,0.5,0.0,5,144,48,9,bias_blind_kg,77.76,0.0,8.239186004499107,8.34080205961211,26
weighted_tilt_05,True,0.5,0.0,5,144,48,9,bias_blind_kg,83.98,0.0,8.217139848715762,8.497693445419998,27
weighted_tilt_05,True,0.5,0.0,5,144,48,9,bias_blind_kg,46.42,0.0,8.357015709744125,8.67303532914812,28
weighted_tilt_05,True,0.5,0.0,5,144,48,9,bias_blind_kg,77.72,0.0,8.209334669652506,8.254406939916864,29
weighted_tilt_05,True,0.5,0.0,5,144,48,9,bias_blind_kg,73.52,0.0,8.257140395035755,8.346851358581285,30
weighted_tilt_05,True,0.5,0.0,5,144,48,9,bias_blind_kg,86.06,0.0,8.224248572502699,8.621145751517249,31
weighted_tilt_05,True,0.5,0.0,5,144,48,9,bias_blind_kg,67.64,0.0,8.271908608237862,8.248930114977139,32
weighted_tilt_05,True,0.5,0.0,5,144,48,9,bias_blind_kg,86.32,0.0,8.205038819909467,8.480327288728562,33
weighted_tilt_05,True,0.5,0.0,5,144,48,9,bias_blind_kg,84.02,0.0,8.234576734252427,8.622958112053597,34
weighted_tilt_05,True,0.5,0.0,5,144,48,9,bias_blind_kg,91.6,0.0,8.068308645240332,8.222772906317472,35
weighted_tilt_05,True,0.5,0.0,5,144,48,9,bias_blind_kg,84.06,0.0,8.216277243878283,8.58475279976088,36
weighted_tilt_05,True,0.5,0.0,5,144,48,9,bias_blind_kg,95.26,0.0,8.159688687271036,8.474979293157938,37
weighted_tilt_05,True,0.5,0.0,5,144,48,9,bias_blind_kg,83.92,0.0,8.232891751240702,8.614374217774369,38
weighted_tilt_05,True,0.5,0.0,5,144,48,9,bias_blind_kg,82.34,0.0,8.213117370402168,8.34324525178922,39
weighted_tilt_05,True,0.5,0.0,5,144,48,9,bias_blind_kg,81.72,0.0,8.222507843720795,8.319702945150361,40
weighted_tilt_05,True,0.5,0.0,5,144,48,9,bias_blind_kg,91.74,0.0,8.13453918564694,8.14608806816787,41
weighted_tilt_05,True,0.5,0.0,5,144,48,9,bias_blind_kg,72.1,0.0,8.28124810691399,8.549108185125382,44
weighted_tilt_05,True,0.5,0.0,5,144,48,9,bias_blind_kg,62.6,0.0,8.306488059141833,8.519476138969033,45
weighted_tilt_05,True,0.5,0.0,5,144,48,9,bias_blind_kg,76.06,0.0,8.263403729315113,8.602846020611363,46
weighted_tilt_05,True,0.5,0.0,5,144,48,9,bias_blind_kg,79.54,0.0,8.254459467991044,8.463546951488787,48
weighted_tilt_05,True,0.5,0.0,5,144,48,9,bias_blind_kg,87.5,0.0,8.20111356877008,8.371584607286696,49
weighted_tilt_05,True,0.5,0.0,5,144,48,9,bias_blind_kg,82.98,0.0,8.242462041355637,8.435935212451806,50
weighted_tilt_05,True,0.5,0.0,5,144,48,9,bias_blind_kg,80.82,0.0,8.226532437150864,8.438255666578883,51
weighted_tilt_05,True,0.5,0.0,5,144,48,9,bias_blind_kg,93.4,0.0,8.159647995023043,8.318313372346504,53
weighted_tilt_05,True,0.5,0.0,5,144,48,9,bias_blind_kg,64.82,0.0,8.254706628641438,8.072244905595552,54
weighted_tilt_05,True,0.5,0.0,5,144,48,9,bias_blind_kg,89.9,0.0,8.162019006436482,8.275769313386743,55
weighted_tilt_05,True,0.5,0.0,5,144,48,9,bias_blind_kg,87.68,0.0,8.21489939857952,8.460539736891711,56
weighted_tilt_05,True,0.5,0.0,5,144,48,9,ordinary_kg,60.98,0.0,8.409100569297944,8.18553918356744,01
weighted_tilt_05,True,0.5,0.0,5,144,48,9,ordinary_kg,84.48,0.0,8.413480608984628,8.453158602726667,02
weighted_tilt_05,True,0.5,0.0,5,144,48,9,ordinary_kg,65.92,0.0,8.41563980272808,8.528739082642922,04
weighted_tilt_05,True,0.5,0.0,5,144,48,9,ordinary_kg,85.74,0.0,8.409968449988865,8.125483974844077,05
weighted_tilt_05,True,0.5,0.0,5,144,48,9,ordinary_kg,84.86,0.0,8.414436775341684,8.545610825853306,06
weighted_tilt_05,True,0.5,0.0,5,144,48,9,ordinary_kg,83.24,0.0,8.413778618391607,8.431772620340405,08
weighted_tilt_05,True,0.5,0.0,5,144,48,9,ordinary_kg,72.08,0.0,8.414914931163777,8.571202187754889,09
weighted_tilt_05,True,0.5,0.0,5,144,48,9,ordinary_kg,91.42,0.0,8.412241573096493,8.36921200429395,10
weighted_tilt_05,True,0.5,0.0,5,144,48,9,ordinary_kg,70.02,0.0,8.41082700259789,8.477254998856875,11
weighted_tilt_05,True,0.5,0.0,5,144,48,9,ordinary_kg,78.24,0.0,8.413457709938664,8.406697482815567,12
weighted_tilt_05,True,0.5,0.0,5,144,48,9,ordinary_kg,84.64,0.0,8.412447027412943,8.399907718405041,13
weighted_tilt_05,True,0.5,0.0,5,144,48,9,ordinary_kg,60.06,0.0,8.41618283143235,8.684882285436716,15
weighted_tilt_05,True,0.5,0.0,5,144,48,9,ordinary_kg,87.4,0.0,8.413126450022496,8.493202223290083,16
weighted_tilt_05,True,0.5,0.0,5,144,48,9,ordinary_kg,73.48,0.0,8.415850841700188,8.664274133705685,17
weighted_tilt_05,True,0.5,0.0,5,144,48,9,ordinary_kg,83.26,0.0,8.413250798887017,8.373495465995754,18
weighted_tilt_05,True,0.5,0.0,5,144,48,9,ordinary_kg,84.88,0.0,8.413564665293784,8.462328445598875,19
weighted_tilt_05,True,0.5,0.0,5,144,48,9,ordinary_kg,84.68,0.0,8.413336687543172,8.40036415756487,20
weighted_tilt_05,True,0.5,0.0,5,144,48,9,ordinary_kg,90.06,0.0,8.410778803789231,8.155509579901851,22
weighted_tilt_05,True,0.5,0.0,5,144,48,9,ordinary_kg,71.22,0.0,8.414498425275864,8.418535903280018,23
weighted_tilt_05,True,0.5,0.0,5,144,48,9,ordinary_kg,86.24,0.0,8.414036870385457,8.52570483423363,24
weighted_tilt_05,True,0.5,0.0,5,144,48,9,ordinary_kg,75.04,0.0,8.415340380919497,8.58565374289698,25
weighted_tilt_05,True,0.5,0.0,5,144,48,9,ordinary_kg,90.08,0.0,8.412581793139458,8.34080205961211,26
weighted_tilt_05,True,0.5,0.0,5,144,48,9,ordinary_kg,89.56,0.0,8.413137303075764,8.497693445419998,27
weighted_tilt_05,True,0.5,0.0,5,144,48,9,ordinary_kg,44.82,0.0,8.416843166492697,8.67303532914812,28
weighted_tilt_05,True,0.5,0.0,5,144,48,9,ordinary_kg,83.84,0.0,8.411374862444932,8.254406939916864,29
weighted_tilt_05,True,0.5,0.0,5,144,48,9,ordinary_kg,81.04,0.0,8.413061625912876,8.346851358581285,30
weighted_tilt_05,True,0.5,0.0,5,144,48,9,ordinary_kg,86.5,0.0,8.41453415295366,8.621145751517249,31
weighted_tilt_05,True,0.5,0.0,5,144,48,9,ordinary_kg,80.5,0.0,8.41270643270792,8.248930114977139,32
weighted_tilt_05,True,0.5,0.0,5,144,48,9,ordinary_kg,90.58,0.0,8.412925324455111,8.480327288728562,33
weighted_tilt_05,True,0.5,0.0,5,144,48,9,ordinary_kg,81.16,0.0,8.414987020759657,8.622958112053597,34
weighted_tilt_05,True,0.5,0.0,5,144,48,9,ordinary_kg,49.22,0.0,8.408976732537203,8.222772906317472,35
weighted_tilt_05,True,0.5,0.0,5,144,48,9,ordinary_kg,89.42,0.0,8.41363967897475,8.58475279976088,36
weighted_tilt_05,True,0.5,0.0,5,144,48,9,ordinary_kg,83.96,0.0,8.411919737584153,8.474979293157938,37
weighted_tilt_05,True,0.5,0.0,5,144,48,9,ordinary_kg,78.06,0.0,8.415053946970282,8.614374217774369,38
weighted_tilt_05,True,0.5,0.0,5,144,48,9,ordinary_kg,92.1,0.0,8.41220182616375,8.34324525178922,39
weighted_tilt_05,True,0.5,0.0,5,144,48,9,ordinary_kg,87.82,0.0,8.412778644557784,8.319702945150361,40
weighted_tilt_05,True,0.5,0.0,5,144,48,9,ordinary_kg,72.14,0.0,8.409771517978069,8.14608806816787,41
weighted_tilt_05,True,0.5,0.0,5,144,48,9,ordinary_kg,71.84,0.0,8.415601348897566,8.549108185125382,44
weighted_tilt_05,True,0.5,0.0,5,144,48,9,ordinary_kg,60.3,0.0,8.41504790174222,8.519476138969033,45
weighted_tilt_05,True,0.5,0.0,5,144,48,9,ordinary_kg,73.3,0.0,8.414685056015294,8.602846020611363,46
weighted_tilt_05,True,0.5,0.0,5,144,48,9,ordinary_kg,77.52,0.0,8.414092322112309,8.463546951488787,48
weighted_tilt_05,True,0.5,0.0,5,144,48,9,ordinary_kg,92.18,0.0,8.412402499114856,8.371584607286696,49
weighted_tilt_05,True,0.5,0.0,5,144,48,9,ordinary_kg,83.4,0.0,8.41379337120619,8.435935212451806,50
weighted_tilt_05,True,0.5,0.0,5,144,48,9,ordinary_kg,87.3,0.0,8.413127958554293,8.438255666578883,51
weighted_tilt_05,True,0.5,0.0,5,144,48,9,ordinary_kg,90.66,0.0,8.410543094921483,8.318313372346504,53
weighted_tilt_05,True,0.5,0.0,5,144,48,9,ordinary_kg,93.56,0.0,8.410572733559452,8.072244905595552,54
weighted_tilt_05,True,0.5,0.0,5,144,48,9,ordinary_kg,85.72,0.0,8.410961501118425,8.275769313386743,55
weighted_tilt_05,True,0.5,0.0,5,144,48,9,ordinary_kg,85.48,0.0,8.413610252130534,8.460539736891711,56
weighted_tilt_05,True,0.5,0.0,5,144,48,9,two_channel_uniform,30.8,10.06,8.404971819409418,8.18553918356744,01
weighted_tilt_05,True,0.5,0.0,5,144,48,9,two_channel_uniform,31.46,9.4,8.413256467370756,8.453158602726667,02
weighted_tilt_05,True,0.5,0.0,5,144,48,9,two_channel_uniform,30.22,9.72,8.418964927608782,8.528739082642922,04
weighted_tilt_05,True,0.5,0.0,5,144,48,9,two_channel_uniform,31.34,9.26,8.405910388278192,8.125483974844077,05
weighted_tilt_05,True,0.5,0.0,5,144,48,9,two_channel_uniform,31.14,10.4,8.420064812205045,8.545610825853306,06
weighted_tilt_05,True,0.5,0.0,5,144,48,9,two_channel_uniform,31.4,10.16,8.414180408046793,8.431772620340405,08
weighted_tilt_05,True,0.5,0.0,5,144,48,9,two_channel_uniform,31.06,10.42,8.4186691382518,8.571202187754889,09
weighted_tilt_05,True,0.5,0.0,5,144,48,9,two_channel_uniform,30.68,9.64,8.410982784678563,8.36921200429395,10
weighted_tilt_05,True,0.5,0.0,5,144,48,9,two_channel_uniform,30.62,10.12,8.415034302011039,8.477254998856875,11
weighted_tilt_05,True,0.5,0.0,5,144,48,9,two_channel_uniform,31.92,10.78,8.414010142761994,8.406697482815567,12
weighted_tilt_05,True,0.5,0.0,5,144,48,9,two_channel_uniform,30.46,9.58,8.412966157955296,8.399907718405041,13
weighted_tilt_05,True,0.5,0.0,5,144,48,9,two_channel_uniform,30.66,9.84,8.42297005091968,8.684882285436716,15
weighted_tilt_05,True,0.5,0.0,5,144,48,9,two_channel_uniform,29.92,10.22,8.415207344431481,8.493202223290083,16
weighted_tilt_05,True,0.5,0.0,5,144,48,9,two_channel_uniform,31.1,10.38,8.422414592052064,8.664274133705685,17
weighted_tilt_05,True,0.5,0.0,5,144,48,9,two_channel_uniform,30.66,10.2,8.41223581189867,8.373495465995754,18
weighted_tilt_05,True,0.5,0.0,5,144,48,9,two_channel_uniform,30.6,9.9,8.414663498581113,8.462328445598875,19
weighted_tilt_05,True,0.5,0.0,5,144,48,9,two_channel_uniform,30.58,10.44,8.411780342938632,8.40036415756487,20
weighted_tilt_05,True,0.5,0.0,5,144,48,9,two_channel_uniform,29.84,9.76,8.40671650311912,8.155509579901851,22
weighted_tilt_05,True,0.5,0.0,5,144,48,9,two_channel_uniform,30.44,9.52,8.414740504358589,8.418535903280018,23
weighted_tilt_05,True,0.5,0.0,5,144,48,9,two_channel_uniform,30.06,9.86,8.416898105648409,8.52570483423363,24
weighted_tilt_05,True,0.5,0.0,5,144,48,9,two_channel_uniform,30.84,9.96,8.420106474275897,8.58565374289698,25
weighted_tilt_05,True,0.5,0.0,5,144,48,9,two_channel_uniform,30.74,9.62,8.411283235199061,8.34080205961211,26
weighted_tilt_05,True,0.5,0.0,5,144,48,9,two_channel_uniform,31.2,9.12,8.416373267892974,8.497693445419998,27
weighted_tilt_05,True,0.5,0.0,5,144,48,9,two_channel_uniform,30.78,9.3,8.421545308661534,8.67303532914812,28
weighted_tilt_05,True,0.5,0.0,5,144,48,9,two_channel_uniform,30.68,9.68,8.408712151600579,8.254406939916864,29
weighted_tilt_05,True,0.5,0.0,5,144,48,9,two_channel_uniform,30.5,9.66,8.41110923516138,8.346851358581285,30
weighted_tilt_05,True,0.5,0.0,5,144,48,9,two_channel_uniform,30.48,9.76,8.421406169722973,8.621145751517249,31
weighted_tilt_05,True,0.5,0.0,5,144,48,9,two_channel_uniform,30.54,10.02,8.409064894572102,8.248930114977139,32
weighted_tilt_05,True,0.5,0.0,5,144,48,9,two_channel_uniform,30.26,10.08,8.414724689163176,8.480327288728562,33
weighted_tilt_05,True,0.5,0.0,5,144,48,9,two_channel_uniform,30.94,9.58,8.422055058125286,8.622958112053597,34
weighted_tilt_05,True,0.5,0.0,5,144,48,9,two_channel_uniform,30.62,9.68,8.404599972798595,8.222772906317472,35
weighted_tilt_05,True,0.5,0.0,5,144,48,9,two_channel_uniform,29.96,9.72,8.419009553892913,8.58475279976088,36
weighted_tilt_05,True,0.5,0.0,5,144,48,9,two_channel_uniform,30.42,9.68,8.415278181666869,8.474979293157938,37
weighted_tilt_05,True,0.5,0.0,5,144,48,9,two_channel_uniform,30.5,9.7,8.42056627490484,8.614374217774369,38
weighted_tilt_05,True,0.5,0.0,5,144,48,9,two_channel_uniform,31.1,9.88,8.411843802378014,8.34324525178922,39
weighted_tilt_05,True,0.5,0.0,5,144,48,9,two_channel_uniform,30.4,9.58,8.410844740993031,8.319702945150361,40
weighted_tilt_05,True,0.5,0.0,5,144,48,9,two_channel_uniform,30.52,8.94,8.404802354467762,8.14608806816787,41
weighted_tilt_05,True,0.5,0.0,5,144,48,9,two_channel_uniform,31.46,10.0,8.41873024120702,8.549108185125382,44
weighted_tilt_05,True,0.5,0.0,5,144,48,9,two_channel_uniform,30.82,10.04,8.417766694468279,8.519476138969033,45
weighted_tilt_05,True,0.5,0.0,5,144,48,9,two_channel_uniform,31.0,10.86,8.419187028343629,8.602846020611363,46
weighted_tilt_05,True,0.5,0.0,5,144,48,9,two_channel_uniform,31.1,9.02,8.415305175622626,8.463546951488787,48
weighted_tilt_05,True,0.5,0.0,5,144,48,9,two_channel_uniform,31.26,10.32,8.412306851940274,8.371584607286696,49
weighted_tilt_05,True,0.5,0.0,5,144,48,9,two_channel_uniform,30.24,10.14,8.41355234872398,8.435935212451806,50
weighted_tilt_05,True,0.5,0.0,5,144,48,9,two_channel_uniform,30.82,9.44,8.413327603616446,8.438255666578883,51
weighted_tilt_05,True,0.5,0.0,5,144,48,9,two_channel_uniform,31.12,9.52,8.410518124157353,8.318313372346504,53
weighted_tilt_05,True,0.5,0.0,5,144,48,9,two_channel_uniform,30.7,10.22,8.404577830194986,8.072244905595552,54
weighted_tilt_05,True,0.5,0.0,5,144,48,9,two_channel_uniform,30.62,10.0,8.408143851048113,8.275769313386743,55
weighted_tilt_05,True,0.5,0.0,5,144,48,9,two_channel_uniform,31.02,9.7,8.414863567116063,8.460539736891711,56
weighted_tilt_05,True,0.5,0.0,5,144,48,9,balanced_mix,51.02,6.56,8.407550199388417,8.18553918356744,01
weighted_tilt_05,True,0.5,0.0,5,144,48,9,balanced_mix,49.42,6.08,8.413658435421024,8.453158602726667,02
weighted_tilt_05,True,0.5,0.0,5,144,48,9,balanced_mix,49.68,6.0,8.416517592944109,8.528739082642922,04
weighted_tilt_05,True,0.5,0.0,5,144,48,9,balanced_mix,52.26,6.1,8.407688727409361,8.125483974844077,05
weighted_tilt_05,True,0.5,0.0,5,144,48,9,balanced_mix,50.32,5.52,8.418124818398958,8.545610825853306,06
weighted_tilt_05,True,0.5,0.0,5,144,48,9,balanced_mix,50.9,6.08,8.414234082946493,8.431772620340405,08
weighted_tilt_05,True,0.5,0.0,5,144,48,9,balanced_mix,51.18,6.12,8.417335946095914,8.571202187754889,09
weighted_tilt_05,True,0.5,0.0,5,144,48,9,balanced_mix,51.68,6.06,8.41231615063273,8.36921200429395,10
weighted_tilt_05,True,0.5,0.0,5,144,48,9,balanced_mix,49.22,6.02,8.412819192408957,8.477254998856875,11
weighted_tilt_05,True,0.5,0.0,5,144,48,9,balanced_mix,50.26,5.62,8.414407472151012,8.406697482815567,12
weighted_tilt_05,True,0.5,0.0,5,144,48,9,balanced_mix,51.06,5.96,8.412530566998232,8.399907718405041,13
weighted_tilt_05,True,0.5,0.0,5,144,48,9,balanced_mix,49.82,5.84,8.420098769961525,8.684882285436716,15
weighted_tilt_05,True,0.5,0.0,5,144,48,9,balanced_mix,50.12,6.28,8.414600826263452,8.493202223290083,16
weighted_tilt_05,True,0.5,0.0,5,144,48,9,balanced_mix,49.44,5.88,8.420685138277038,8.664274133705685,17
weighted_tilt_05,True,0.5,0.0,5,144,48,9,balanced_mix,50.22,6.16,8.413274508522546,8.373495465995754,18
weighted_tilt_05,True,0.5,0.0,5,144,48,9,balanced_mix,49.88,6.24,8.41572610186931,8.462328445598875,19
weighted_tilt_05,True,0.5,0.0,5,144,48,9,balanced_mix,50.04,5.52,8.41295305316333,8.40036415756487,20
weighted_tilt_05,True,0.5,0.0,5,144,48,9,balanced_mix,51.48,5.38,8.409442749647965,8.155509579901851,22
weighted_tilt_05,True,0.5,0.0,5,144,48,9,balanced_mix,49.7,6.12,8.414843491355091,8.418535903280018,23
weighted_tilt_05,True,0.5,0.0,5,144,48,9,balanced_mix,49.66,6.0,8.416530958943497,8.52570483423363,24
weighted_tilt_05,True,0.5,0.0,5,144,48,9,balanced_mix,50.26,5.82,8.418361407454332,8.58565374289698,25
weighted_tilt_05,True,0.5,0.0,5,144,48,9,balanced_mix,50.1,5.84,8.412039551245089,8.34080205961211,26
weighted_tilt_05,True,0.5,0.0,5,144,48,9,balanced_mix,49.76,5.72,8.415684602905696,8.497693445419998,27
weighted_tilt_05,True,0.5,0.0,5,144,48,9,balanced_mix,51.14,5.38,8.419850510768963,8.67303532914812,28
weighted_tilt_05,True,0.5,0.0,5,144,48,9,balanced_mix,50.06,6.1,8.409895121239733,8.254406939916864,29
weighted_tilt_05,True,0.5,0.0,5,144,48,9,balanced_mix,50.28,5.32,8.412563256963749,8.346851358581285,30
weighted_tilt_05,True,0.5,0.0,5,144,48,9,balanced_mix,50.82,5.72,8.418346074561303,8.621145751517249,31
weighted_tilt_05,True,0.5,0.0,5,144,48,9,balanced_mix,51.36,6.06,8.409739667610898,8.248930114977139,32
weighted_tilt_05,True,0.5,0.0,5,144,48,9,balanced_mix,49.76,5.78,8.414818975388936,8.480327288728562,33
weighted_tilt_05,True,0.5,0.0,5,144,48,9,balanced_mix,49.24,6.22,8.419702618348182,8.622958112053597,34
weighted_tilt_05,True,0.5,0.0,5,144,48,9,balanced_mix,50.42,5.36,8.408444830705568,8.222772906317472,35
weighted_tilt_05,True,0.5,0.0,5,144,48,9,balanced_mix,50.68,6.0,8.417411760148095,8.58475279976088,36
weighted_tilt_05,True,0.5,0.0,5,144,48,9,balanced_mix,50.18,5.94,8.414286268685766,8.474979293157938,37
weighted_tilt_05,True,0.5,0.0,5,144,48,9,balanced_mix,50.98,6.58,8.418999366300083,8.614374217774369,38
weighted_tilt_05,True,0.5,0.0,5,144,48,9,balanced_mix,51.1,6.58,8.412563194893695,8.34324525178922,39
weighted_tilt_05,True,0.5,0.0,5,144,48,9,balanced_mix,50.52,5.6,8.412173141042636,8.319702945150361,40
weighted_tilt_05,True,0.5,0.0,5,144,48,9,balanced_mix,50.18,6.08,8.407136569134375,8.14608806816787,41
weighted_tilt_05,True,0.5,0.0,5,144,48,9,balanced_mix,49.94,6.34,8.417807417514679,8.549108185125382,44
weighted_tilt_05,True,0.5,0.0,5,144,48,9,balanced_mix,49.96,6.26,8.4153179340186,8.519476138969033,45
weighted_tilt_05,True,0.5,0.0,5,144,48,9,balanced_mix,50.54,6.32,8.417306698019132,8.602846020611363,46
weighted_tilt_05,True,0.5,0.0,5,144,48,9,balanced_mix,50.32,6.06,8.414572781409463,8.463546951488787,48
weighted_tilt_05,True,0.5,0.0,5,144,48,9,balanced_mix,50.2,6.2,8.412283088820416,8.371584607286696,49
weighted_tilt_05,True,0.5,0.0,5,144,48,9,balanced_mix,49.96,5.38,8.413356273660423,8.435935212451806,50
weighted_tilt_05,True,0.5,0.0,5,144,48,9,balanced_mix,49.76,5.4,8.412603512674783,8.438255666578883,51
weighted_tilt_05,True,0.5,0.0,5,144,48,9,balanced_mix,50.58,5.94,8.410853624875681,8.318313372346504,53
weighted_tilt_05,True,0.5,0.0,5,144,48,9,balanced_mix,50.12,6.08,8.407945828126074,8.072244905595552,54
weighted_tilt_05,True,0.5,0.0,5,144,48,9,balanced_mix,49.88,5.58,8.409939003257366,8.275769313386743,55
weighted_tilt_05,True,0.5,0.0,5,144,48,9,balanced_mix,49.84,5.74,8.414155651420737,8.460539736891711,56
weighted_tilt_05,True,0.5,0.0,5,144,48,9,validation_only,20.0,11.62,8.40388096857841,8.18553918356744,01
weighted_tilt_05,True,0.5,0.0,5,144,48,9,validation_only,20.0,12.08,8.414178894221543,8.453158602726667,02
weighted_tilt_05,True,0.5,0.0,5,144,48,9,validation_only,20.0,12.0,8.418899998396585,8.528739082642922,04
weighted_tilt_05,True,0.5,0.0,5,144,48,9,validation_only,20.0,11.5,8.405278069811175,8.125483974844077,05
weighted_tilt_05,True,0.5,0.0,5,144,48,9,validation_only,20.0,11.08,8.42030380108997,8.545610825853306,06
weighted_tilt_05,True,0.5,0.0,5,144,48,9,validation_only,20.0,11.54,8.413944372031333,8.431772620340405,08
weighted_tilt_05,True,0.5,0.0,5,144,48,9,validation_only,20.0,11.88,8.418616752920098,8.571202187754889,09
weighted_tilt_05,True,0.5,0.0,5,144,48,9,validation_only,20.0,11.62,8.411843323349238,8.36921200429395,10
weighted_tilt_05,True,0.5,0.0,5,144,48,9,validation_only,20.0,11.44,8.415239403915864,8.477254998856875,11
weighted_tilt_05,True,0.5,0.0,5,144,48,9,validation_only,20.0,12.36,8.414180517957568,8.406697482815567,12
weighted_tilt_05,True,0.5,0.0,5,144,48,9,validation_only,20.0,11.46,8.412832729256872,8.399907718405041,13
weighted_tilt_05,True,0.5,0.0,5,144,48,9,validation_only,20.0,11.78,8.42400795039641,8.684882285436716,15
weighted_tilt_05,True,0.5,0.0,5,144,48,9,validation_only,20.0,12.3,8.416007538750714,8.493202223290083,16
weighted_tilt_05,True,0.5,0.0,5,144,48,9,validation_only,20.0,12.2,8.424277618634788,8.664274133705685,17
weighted_tilt_05,True,0.5,0.0,5,144,48,9,validation_only,20.0,12.24,8.412999305794752,8.373495465995754,18
weighted_tilt_05,True,0.5,0.0,5,144,48,9,validation_only,20.0,11.52,8.415460090279437,8.462328445598875,19
weighted_tilt_05,True,0.5,0.0,5,144,48,9,validation_only,20.0,11.5,8.412206700881702,8.40036415756487,20
weighted_tilt_05,True,0.5,0.0,5,144,48,9,validation_only,20.0,10.96,8.406929854075393,8.155509579901851,22
weighted_tilt_05,True,0.5,0.0,5,144,48,9,validation_only,20.0,11.64,8.414532654258563,8.418535903280018,23
weighted_tilt_05,True,0.5,0.0,5,144,48,9,validation_only,20.0,11.52,8.417405555938785,8.52570483423363,24
weighted_tilt_05,True,0.5,0.0,5,144,48,9,validation_only,20.0,11.84,8.419931257627137,8.58565374289698,25
weighted_tilt_05,True,0.5,0.0,5,144,48,9,validation_only,20.0,11.72,8.411081843381991,8.34080205961211,26
weighted_tilt_05,True,0.5,0.0,5,144,48,9,validation_only,20.0,10.52,8.41771273847351,8.497693445419998,27
weighted_tilt_05,True,0.5,0.0,5,144,48,9,validation_only,20.0,11.8,8.424270174300403,8.67303532914812,28
weighted_tilt_05,True,0.5,0.0,5,144,48,9,validation_only,20.0,11.66,8.408164906732372,8.254406939916864,29
weighted_tilt_05,True,0.5,0.0,5,144,48,9,validation_only,20.0,11.58,8.410559038278121,8.346851358581285,30
weighted_tilt_05,True,0.5,0.0,5,144,48,9,validation_only,20.0,11.56,8.421675481797836,8.621145751517249,31
weighted_tilt_05,True,0.5,0.0,5,144,48,9,validation_only,20.0,12.16,8.407083171577604,8.248930114977139,32
weighted_tilt_05,True,0.5,0.0,5,144,48,9,validation_only,20.0,12.58,8.41531037618736,8.480327288728562,33
weighted_tilt_05,True,0.5,0.0,5,144,48,9,validation_only,20.0,11.12,8.422858605820268,8.622958112053597,34
weighted_tilt_05,True,0.5,0.0,5,144,48,9,validation_only,20.0,11.24,8.404173194701572,8.222772906317472,35
weighted_tilt_05,True,0.5,0.0,5,144,48,9,validation_only,20.0,12.4,8.419700669242244,8.58475279976088,36
weighted_tilt_05,True,0.5,0.0,5,144,48,9,validation_only,20.0,11.32,8.415273939106774,8.474979293157938,37
weighted_tilt_05,True,0.5,0.0,5,144,48,9,validation_only,20.0,11.16,8.421791497751046,8.614374217774369,38
weighted_tilt_05,True,0.5,0.0,5,144,48,9,validation_only,20.0,11.44,8.411406590778341,8.34324525178922,39
weighted_tilt_05,True,0.5,0.0,5,144,48,9,validation_only,20.0,11.52,8.410914168103778,8.319702945150361,40
weighted_tilt_05,True,0.5,0.0,5,144,48,9,validation_only,20.0,10.96,8.40334387389332,8.14608806816787,41
weighted_tilt_05,True,0.5,0.0,5,144,48,9,validation_only,20.0,11.44,8.419902792751577,8.549108185125382,44
weighted_tilt_05,True,0.5,0.0,5,144,48,9,validation_only,20.0,11.7,8.417971787037406,8.519476138969033,45
weighted_tilt_05,True,0.5,0.0,5,144,48,9,validation_only,20.0,12.82,8.420155974342007,8.602846020611363,46
weighted_tilt_05,True,0.5,0.0,5,144,48,9,validation_only,20.0,10.72,8.415382773273066,8.463546951488787,48
weighted_tilt_05,True,0.5,0.0,5,144,48,9,validation_only,20.0,12.48,8.410790220826174,8.371584607286696,49
weighted_tilt_05,True,0.5,0.0,5,144,48,9,validation_only,20.0,11.72,8.414014501594668,8.435935212451806,50
weighted_tilt_05,True,0.5,0.0,5,144,48,9,validation_only,20.0,11.4,8.414004125735344,8.438255666578883,51
weighted_tilt_05,True,0.5,0.0,5,144,48,9,validation_only,20.0,11.8,8.410288019216535,8.318313372346504,53
weighted_tilt_05,True,0.5,0.0,5,144,48,9,validation_only,20.0,11.18,8.404249504822449,8.072244905595552,54
weighted_tilt_05,True,0.5,0.0,5,144,48,9,validation_only,20.0,11.62,8.408355069513256,8.275769313386743,55
weighted_tilt_05,True,0.5,0.0,5,144,48,9,validation_only,20.0,12.3,8.41531212400851,8.460539736891711,56
weighted_tilt_05,True,0.5,0.0,5,144,48,9,two_channel_kg,21.24,13.06,8.402507043282752,8.18553918356744,01
weighted_tilt_05,True,0.5,0.0,5,144,48,9,two_channel_kg,21.0,12.6,8.414653261977401,8.453158602726667,02
weighted_tilt_05,True,0.5,0.0,5,144,48,9,two_channel_kg,21.2,10.0,8.419085391275315,8.528739082642922,04
weighted_tilt_05,True,0.5,0.0,5,144,48,9,two_channel_kg,23.64,9.62,8.405105485952985,8.125483974844077,05
weighted_tilt_05,True,0.5,0.0,5,144,48,9,two_channel_kg,20.74,11.32,8.42064187118087,8.545610825853306,06
weighted_tilt_05,True,0.5,0.0,5,144,48,9,two_channel_kg,21.7,12.46,8.414814718509463,8.431772620340405,08
weighted_tilt_05,True,0.5,0.0,5,144,48,9,two_channel_kg,20.74,11.42,8.419631746541937,8.571202187754889,09
weighted_tilt_05,True,0.5,0.0,5,144,48,9,two_channel_kg,21.66,12.54,8.410858645782627,8.36921200429395,10
weighted_tilt_05,True,0.5,0.0,5,144,48,9,two_channel_kg,20.44,16.1,8.416822588509254,8.477254998856875,11
weighted_tilt_05,True,0.5,0.0,5,144,48,9,two_channel_kg,22.14,10.5,8.413764648688797,8.406697482815567,12
weighted_tilt_05,True,0.5,0.0,5,144,48,9,two_channel_kg,21.3,12.14,8.412460049502833,8.399907718405041,13
weighted_tilt_05,True,0.5,0.0,5,144,48,9,two_channel_kg,20.66,10.88,8.424428560344296,8.684882285436716,15
weighted_tilt_05,True,0.5,0.0,5,144,48,9,two_channel_kg,21.42,12.32,8.417228659477303,8.493202223290083,16
weighted_tilt_05,True,0.5,0.0,5,144,48,9,two_channel_kg,20.68,11.08,8.423986098509424,8.664274133705685,17
weighted_tilt_05,True,0.5,0.0,5,144,48,9,two_channel_kg,21.54,12.2,8.413460774297972,8.373495465995754,18
weighted_tilt_05,True,0.5,0.0,5,144,48,9,two_channel_kg,21.38,12.96,8.416358563538767,8.462328445598875,19
weighted_tilt_05,True,0.5,0.0,5,144,48,9,two_channel_kg,21.58,12.16,8.413768099102162,8.40036415756487,20
weighted_tilt_05,True,0.5,0.0,5,144,48,9,two_channel_kg,23.78,9.72,8.406854550839137,8.155509579901851,22
weighted_tilt_05,True,0.5,0.0,5,144,48,9,two_channel_kg,22.58,9.92,8.41541944508268,8.418535903280018,23
weighted_tilt_05,True,0.5,0.0,5,144,48,9,two_channel_kg,20.66,13.3,8.418839217411696,8.52570483423363,24
weighted_tilt_05,True,0.5,0.0,5,144,48,9,two_channel_kg,20.92,12.62,8.419893343916186,8.58565374289698,25
weighted_tilt_05,True,0.5,0.0,5,144,48,9,two_channel_kg,22.34,11.3,8.411716859317632,8.34080205961211,26
weighted_tilt_05,True,0.5,0.0,5,144,48,9,two_channel_kg,20.76,13.9,8.419102342228777,8.497693445419998,27
weighted_tilt_05,True,0.5,0.0,5,144,48,9,two_channel_kg,21.02,8.66,8.421200839929703,8.67303532914812,28
weighted_tilt_05,True,0.5,0.0,5,144,48,9,two_channel_kg,22.52,10.8,8.40953161879053,8.254406939916864,29
weighted_tilt_05,True,0.5,0.0,5,144,48,9,two_channel_kg,22.84,10.22,8.411700618539761,8.346851358581285,30
weighted_tilt_05,True,0.5,0.0,5,144,48,9,two_channel_kg,20.44,12.74,8.42373023951663,8.621145751517249,31
weighted_tilt_05,True,0.5,0.0,5,144,48,9,two_channel_kg,26.26,5.58,8.410132524989807,8.248930114977139,32
weighted_tilt_05,True,0.5,0.0,5,144,48,9,two_channel_kg,20.86,13.18,8.416093293040202,8.480327288728562,33
weighted_tilt_05,True,0.5,0.0,5,144,48,9,two_channel_kg,20.68,12.4,8.423988369477128,8.622958112053597,34
weighted_tilt_05,True,0.5,0.0,5,144,48,9,two_channel_kg,20.76,12.6,8.404616991261184,8.222772906317472,35
weighted_tilt_05,True,0.5,0.0,5,144,48,9,two_channel_kg,20.44,13.04,8.42132408590567,8.58475279976088,36
weighted_tilt_05,True,0.5,0.0,5,144,48,9,two_channel_kg,20.94,12.72,8.415330920773117,8.474979293157938,37
weighted_tilt_05,True,0.5,0.0,5,144,48,9,two_channel_kg,20.46,12.36,8.42245356441647,8.614374217774369,38
weighted_tilt_05,True,0.5,0.0,5,144,48,9,two_channel_kg,21.66,12.44,8.411659322734762,8.34324525178922,39
weighted_tilt_05,True,0.5,0.0,5,144,48,9,two_channel_kg,22.06,11.7,8.412135941834517,8.319702945150361,40
weighted_tilt_05,True,0.5,0.0,5,144,48,9,two_channel_kg,21.9,12.14,8.403621931595794,8.14608806816787,41
weighted_tilt_05,True,0.5,0.0,5,144,48,9,two_channel_kg,20.96,11.28,8.420374175129474,8.549108185125382,44
weighted_tilt_05,True,0.5,0.0,5,144,48,9,two_channel_kg,22.02,10.64,8.417193214233716,8.519476138969033,45
weighted_tilt_05,True,0.5,0.0,5,144,48,9,two_channel_kg,20.98,11.32,8.419991978961622,8.602846020611363,46
weighted_tilt_05,True,0.5,0.0,5,144,48,9,two_channel_kg,21.76,11.5,8.415575195344362,8.463546951488787,48
weighted_tilt_05,True,0.5,0.0,5,144,48,9,two_channel_kg,21.6,13.08,8.411127846331688,8.371584607286696,49
weighted_tilt_05,True,0.5,0.0,5,144,48,9,two_channel_kg,21.38,12.06,8.414872109981399,8.435935212451806,50
weighted_tilt_05,True,0.5,0.0,5,144,48,9,two_channel_kg,21.36,12.94,8.414003813979518,8.438255666578883,51
weighted_tilt_05,True,0.5,0.0,5,144,48,9,two_channel_kg,21.24,13.76,8.410335486189517,8.318313372346504,53
weighted_tilt_05,True,0.5,0.0,5,144,48,9,two_channel_kg,29.26,2.78,8.409217958611775,8.072244905595552,54
weighted_tilt_05,True,0.5,0.0,5,144,48,9,two_channel_kg,21.62,13.34,8.407077929766373,8.275769313386743,55
weighted_tilt_05,True,0.5,0.0,5,144,48,9,two_channel_kg,20.88,12.6,8.415523610120488,8.460539736891711,56
validation_tilt_025,False,0.5,0.25,5,48,48,9,uniform,38.48,0.0,8.555446422696535,8.35949741315595,01
validation_tilt_025,False,0.5,0.25,5,48,48,9,uniform,40.86,0.0,8.558324567569478,8.635873229939312,02
validation_tilt_025,False,0.5,0.25,5,48,48,9,uniform,39.88,0.0,8.556062388464506,8.519881085098477,04
validation_tilt_025,False,0.5,0.25,5,48,48,9,uniform,40.76,0.0,8.555329081183398,8.29320987654321,05
validation_tilt_025,False,0.5,0.25,5,48,48,9,uniform,39.44,0.0,8.555611026212832,8.431945521937767,06
validation_tilt_025,False,0.5,0.25,5,48,48,9,uniform,38.86,0.0,8.55635304382399,8.508233957978423,08
validation_tilt_025,False,0.5,0.25,5,48,48,9,uniform,40.12,0.0,8.557102605344562,8.553915436577434,09
validation_tilt_025,False,0.5,0.25,5,48,48,9,uniform,40.86,0.0,8.55808082828185,8.68655574679671,10
validation_tilt_025,False,0.5,0.25,5,48,48,9,uniform,38.9,0.0,8.558351984928121,8.715625586193958,11
validation_tilt_025,False,0.5,0.25,5,48,48,9,uniform,39.1,0.0,8.55715285901069,8.560529336304098,12
validation_tilt_025,False,0.5,0.25,5,48,48,9,uniform,41.06,0.0,8.555401812400484,8.443810730882975,13
validation_tilt_025,False,0.5,0.25,5,48,48,9,uniform,41.24,0.0,8.55790584456159,8.658482845451683,15
validation_tilt_025,False,0.5,0.25,5,48,48,9,uniform,40.48,0.0,8.555902193832267,8.519994162288384,16
validation_tilt_025,False,0.5,0.25,5,48,48,9,uniform,39.08,0.0,8.558224400437652,8.66492682427592,17
validation_tilt_025,False,0.5,0.25,5,48,48,9,uniform,40.8,0.0,8.556548417909024,8.485706993363962,18
validation_tilt_025,False,0.5,0.25,5,48,48,9,uniform,41.38,0.0,8.5567662943234,8.577984966753396,19
validation_tilt_025,False,0.5,0.25,5,48,48,9,uniform,39.96,0.0,8.556698994424924,8.534743722050223,20
validation_tilt_025,False,0.5,0.25,5,48,48,9,uniform,40.58,0.0,8.555349965895505,8.30594265577447,22
validation_tilt_025,False,0.5,0.25,5,48,48,9,uniform,40.96,0.0,8.557928007206879,8.594057633792733,23
validation_tilt_025,False,0.5,0.25,5,48,48,9,uniform,40.14,0.0,8.557674625906461,8.630635650276268,24
validation_tilt_025,False,0.5,0.25,5,48,48,9,uniform,39.38,0.0,8.557732485752364,8.637808611816821,25
validation_tilt_025,False,0.5,0.25,5,48,48,9,uniform,39.44,0.0,8.556363030222673,8.529325204961111,26
validation_tilt_025,False,0.5,0.25,5,48,48,9,uniform,40.02,0.0,8.557647952557698,8.632127728901924,27
validation_tilt_025,False,0.5,0.25,5,48,48,9,uniform,40.52,0.0,8.557849350739714,8.698599093531108,28
validation_tilt_025,False,0.5,0.25,5,48,48,9,uniform,40.66,0.0,8.55533057547101,8.384601691143747,29
validation_tilt_025,False,0.5,0.25,5,48,48,9,uniform,38.84,0.0,8.557014072720287,8.572748028227481,30
validation_tilt_025,False,0.5,0.25,5,48,48,9,uniform,39.86,0.0,8.558738091885642,8.814423125346226,31
validation_tilt_025,False,0.5,0.25,5,48,48,9,uniform,39.34,0.0,8.554713912636116,8.271645021645021,32
validation_tilt_025,False,0.5,0.25,5,48,48,9,uniform,39.88,0.0,8.558610724576825,8.757779437391088,33
validation_tilt_025,False,0.5,0.25,5,48,48,9,uniform,39.9,0.0,8.557694561897714,8.648255191607793,34
validation_tilt_025,False,0.5,0.25,5,48,48,9,uniform,39.14,0.0,8.553477791823177,8.344547053649956,35
validation_tilt_025,False,0.5,0.25,5,48,48,9,uniform,40.64,0.0,8.55532965517996,8.55199342375668,36
validation_tilt_025,False,0.5,0.25,5,48,48,9,uniform,39.16,0.0,8.55661583740718,8.525340283811179,37
validation_tilt_025,False,0.5,0.25,5,48,48,9,uniform,40.06,0.0,8.558941908155397,8.852889474840696,38
validation_tilt_025,False,0.5,0.25,5,48,48,9,uniform,39.32,0.0,8.556391145896212,8.497960372960375,39
validation_tilt_025,False,0.5,0.25,5,48,48,9,uniform,41.08,0.0,8.556149660358813,8.43805003460892,40
validation_tilt_025,False,0.5,0.25,5,48,48,9,uniform,39.74,0.0,8.553977946604718,8.179193899782135,41
validation_tilt_025,False,0.5,0.25,5,48,48,9,uniform,40.3,0.0,8.55754993060574,8.715135738192634,44
validation_tilt_025,False,0.5,0.25,5,48,48,9,uniform,39.3,0.0,8.559374810556415,8.683043063859284,45
validation_tilt_025,False,0.5,0.25,5,48,48,9,uniform,40.8,0.0,8.558769888280231,8.805004409171076,46
validation_tilt_025,False,0.5,0.25,5,48,48,9,uniform,39.9,0.0,8.55710366840788,8.50069498069498,48
validation_tilt_025,False,0.5,0.25,5,48,48,9,uniform,40.18,0.0,8.556431381756617,8.465273829827554,49
validation_tilt_025,False,0.5,0.25,5,48,48,9,uniform,40.4,0.0,8.557748125829217,8.580938833570412,50
validation_tilt_025,False,0.5,0.25,5,48,48,9,uniform,39.98,0.0,8.557846536743627,8.594168096054887,51
validation_tilt_025,False,0.5,0.25,5,48,48,9,uniform,39.62,0.0,8.555176584105341,8.444160681032189,53
validation_tilt_025,False,0.5,0.25,5,48,48,9,uniform,39.28,0.0,8.555538627455983,8.267142457318778,54
validation_tilt_025,False,0.5,0.25,5,48,48,9,uniform,39.88,0.0,8.556444075029198,8.5075743170438,55
validation_tilt_025,False,0.5,0.25,5,48,48,9,uniform,40.44,0.0,8.558202000352312,8.636943744752307,56
validation_tilt_025,False,0.5,0.25,5,48,48,9,uniform_blind,38.48,0.0,8.49303458837247,8.35949741315595,01
validation_tilt_025,False,0.5,0.25,5,48,48,9,uniform_blind,40.86,0.0,8.515558781043085,8.635873229939312,02
validation_tilt_025,False,0.5,0.25,5,48,48,9,uniform_blind,39.88,0.0,8.494979275316133,8.519881085098477,04
validation_tilt_025,False,0.5,0.25,5,48,48,9,uniform_blind,40.76,0.0,8.493299956550237,8.29320987654321,05
validation_tilt_025,False,0.5,0.25,5,48,48,9,uniform_blind,39.44,0.0,8.493232984116487,8.431945521937767,06
validation_tilt_025,False,0.5,0.25,5,48,48,9,uniform_blind,38.86,0.0,8.504897971563162,8.508233957978423,08
validation_tilt_025,False,0.5,0.25,5,48,48,9,uniform_blind,40.12,0.0,8.503377674720708,8.553915436577434,09
validation_tilt_025,False,0.5,0.25,5,48,48,9,uniform_blind,40.86,0.0,8.51472954884841,8.68655574679671,10
validation_tilt_025,False,0.5,0.25,5,48,48,9,uniform_blind,38.9,0.0,8.510287726959072,8.715625586193958,11
validation_tilt_025,False,0.5,0.25,5,48,48,9,uniform_blind,39.1,0.0,8.511966767119308,8.560529336304098,12
validation_tilt_025,False,0.5,0.25,5,48,48,9,uniform_blind,41.06,0.0,8.485440112611448,8.443810730882975,13
validation_tilt_025,False,0.5,0.25,5,48,48,9,uniform_blind,41.24,0.0,8.512106312013524,8.658482845451683,15
validation_tilt_025,False,0.5,0.25,5,48,48,9,uniform_blind,40.48,0.0,8.497343711625115,8.519994162288384,16
validation_tilt_025,False,0.5,0.25,5,48,48,9,uniform_blind,39.08,0.0,8.518649383245744,8.66492682427592,17
validation_tilt_025,False,0.5,0.25,5,48,48,9,uniform_blind,40.8,0.0,8.500949677981456,8.485706993363962,18
validation_tilt_025,False,0.5,0.25,5,48,48,9,uniform_blind,41.38,0.0,8.501890834948046,8.577984966753396,19
validation_tilt_025,False,0.5,0.25,5,48,48,9,uniform_blind,39.96,0.0,8.502760833714309,8.534743722050223,20
validation_tilt_025,False,0.5,0.25,5,48,48,9,uniform_blind,40.58,0.0,8.492765564612869,8.30594265577447,22
validation_tilt_025,False,0.5,0.25,5,48,48,9,uniform_blind,40.96,0.0,8.513055403499484,8.594057633792733,23
validation_tilt_025,False,0.5,0.25,5,48,48,9,uniform_blind,40.14,0.0,8.505207797585559,8.630635650276268,24
validation_tilt_025,False,0.5,0.25,5,48,48,9,uniform_blind,39.38,0.0,8.510820005275333,8.637808611816821,25
validation_tilt_025,False,0.5,0.25,5,48,48,9,uniform_blind,39.44,0.0,8.50425130302313,8.529325204961111,26
validation_tilt_025,False,0.5,0.25,5,48,48,9,uniform_blind,40.02,0.0,8.510295033679755,8.632127728901924,27
validation_tilt_025,False,0.5,0.25,5,48,48,9,uniform_blind,40.52,0.0,8.516540862567242,8.698599093531108,28
validation_tilt_025,False,0.5,0.25,5,48,48,9,uniform_blind,40.66,0.0,8.493653513228331,8.384601691143747,29
validation_tilt_025,False,0.5,0.25,5,48,48,9,uniform_blind,38.84,0.0,8.507327450123343,8.572748028227481,30
validation_tilt_025,False,0.5,0.25,5,48,48,9,uniform_blind,39.86,0.0,8.513751701730667,8.814423125346226,31
validation_tilt_025,False,0.5,0.25,5,48,48,9,uniform_blind,39.34,0.0,8.492276080973097,8.271645021645021,32
validation_tilt_025,False,0.5,0.25,5,48,48,9,uniform_blind,39.88,0.0,8.515259011071622,8.757779437391088,33
validation_tilt_025,False,0.5,0.25,5,48,48,9,uniform_blind,39.9,0.0,8.506249479527348,8.648255191607793,34
validation_tilt_025,False,0.5,0.25,5,48,48,9,uniform_blind,39.14,0.0,8.471202745551945,8.344547053649956,35
validation_tilt_025,False,0.5,0.25,5,48,48,9,uniform_blind,40.64,0.0,8.483313798917864,8.55199342375668,36
validation_tilt_025,False,0.5,0.25,5,48,48,9,uniform_blind,39.16,0.0,8.502183614043359,8.525340283811179,37
validation_tilt_025,False,0.5,0.25,5,48,48,9,uniform_blind,40.06,0.0,8.511900146162125,8.852889474840696,38
validation_tilt_025,False,0.5,0.25,5,48,48,9,uniform_blind,39.32,0.0,8.502908222111559,8.497960372960375,39
validation_tilt_025,False,0.5,0.25,5,48,48,9,uniform_blind,41.08,0.0,8.495843352134088,8.43805003460892,40
validation_tilt_025,False,0.5,0.25,5,48,48,9,uniform_blind,39.74,0.0,8.480108889943105,8.179193899782135,41
validation_tilt_025,False,0.5,0.25,5,48,48,9,uniform_blind,40.3,0.0,8.505499508182135,8.715135738192634,44
validation_tilt_025,False,0.5,0.25,5,48,48,9,uniform_blind,39.3,0.0,8.52888680452716,8.683043063859284,45
validation_tilt_025,False,0.5,0.25,5,48,48,9,uniform_blind,40.8,0.0,8.516613272582081,8.805004409171076,46
validation_tilt_025,False,0.5,0.25,5,48,48,9,uniform_blind,39.9,0.0,8.502946133428052,8.50069498069498,48
validation_tilt_025,False,0.5,0.25,5,48,48,9,uniform_blind,40.18,0.0,8.50143405169783,8.465273829827554,49
validation_tilt_025,False,0.5,0.25,5,48,48,9,uniform_blind,40.4,0.0,8.509085365117283,8.580938833570412,50
validation_tilt_025,False,0.5,0.25,5,48,48,9,uniform_blind,39.98,0.0,8.514395209019796,8.594168096054887,51
validation_tilt_025,False,0.5,0.25,5,48,48,9,uniform_blind,39.62,0.0,8.487274569507155,8.444160681032189,53
validation_tilt_025,False,0.5,0.25,5,48,48,9,uniform_blind,39.28,0.0,8.502536632318098,8.267142457318778,54
validation_tilt_025,False,0.5,0.25,5,48,48,9,uniform_blind,39.88,0.0,8.50039677787429,8.5075743170438,55
validation_tilt_025,False,0.5,0.25,5,48,48,9,uniform_blind,40.44,0.0,8.510990453444064,8.636943744752307,56
validation_tilt_025,False,0.5,0.25,5,48,48,9,uncertainty,40.0,0.0,8.555274823573429,8.35949741315595,01
validation_tilt_025,False,0.5,0.25,5,48,48,9,uncertainty,20.0,0.0,8.558215036514634,8.635873229939312,02
validation_tilt_025,False,0.5,0.25,5,48,48,9,uncertainty,20.0,0.0,8.556133834387813,8.519881085098477,04
validation_tilt_025,False,0.5,0.25,5,48,48,9,uncertainty,40.0,0.0,8.555308119781865,8.29320987654321,05
validation_tilt_025,False,0.5,0.25,5,48,48,9,uncertainty,40.0,0.0,8.555672873993522,8.431945521937767,06
validation_tilt_025,False,0.5,0.25,5,48,48,9,uncertainty,20.0,0.0,8.556260096192384,8.508233957978423,08
validation_tilt_025,False,0.5,0.25,5,48,48,9,uncertainty,20.0,0.0,8.557054373961222,8.553915436577434,09
validation_tilt_025,False,0.5,0.25,5,48,48,9,uncertainty,40.0,0.0,8.558130186182806,8.68655574679671,10
validation_tilt_025,False,0.5,0.25,5,48,48,9,uncertainty,20.0,0.0,8.558439129275042,8.715625586193958,11
validation_tilt_025,False,0.5,0.25,5,48,48,9,uncertainty,40.0,0.0,8.557200309222837,8.560529336304098,12
validation_tilt_025,False,0.5,0.25,5,48,48,9,uncertainty,40.0,0.0,8.555299945594662,8.443810730882975,13
validation_tilt_025,False,0.5,0.25,5,48,48,9,uncertainty,40.0,0.0,8.557915385902126,8.658482845451683,15
validation_tilt_025,False,0.5,0.25,5,48,48,9,uncertainty,40.0,0.0,8.555937418225437,8.519994162288384,16
validation_tilt_025,False,0.5,0.25,5,48,48,9,uncertainty,20.0,0.0,8.558037168404057,8.66492682427592,17
validation_tilt_025,False,0.5,0.25,5,48,48,9,uncertainty,40.0,0.0,8.55648825860424,8.485706993363962,18
validation_tilt_025,False,0.5,0.25,5,48,48,9,uncertainty,40.0,0.0,8.55683637830427,8.577984966753396,19
validation_tilt_025,False,0.5,0.25,5,48,48,9,uncertainty,40.0,0.0,8.556579572267472,8.534743722050223,20
validation_tilt_025,False,0.5,0.25,5,48,48,9,uncertainty,60.0,0.0,8.555251885688838,8.30594265577447,22
validation_tilt_025,False,0.5,0.25,5,48,48,9,uncertainty,40.0,0.0,8.557946490087398,8.594057633792733,23
validation_tilt_025,False,0.5,0.25,5,48,48,9,uncertainty,20.0,0.0,8.557735311118297,8.630635650276268,24
validation_tilt_025,False,0.5,0.25,5,48,48,9,uncertainty,20.0,0.0,8.55770861650473,8.637808611816821,25
validation_tilt_025,False,0.5,0.25,5,48,48,9,uncertainty,40.0,0.0,8.556488336153674,8.529325204961111,26
validation_tilt_025,False,0.5,0.25,5,48,48,9,uncertainty,20.0,0.0,8.557691069029365,8.632127728901924,27
validation_tilt_025,False,0.5,0.25,5,48,48,9,uncertainty,40.0,0.0,8.557953715829347,8.698599093531108,28
validation_tilt_025,False,0.5,0.25,5,48,48,9,uncertainty,40.0,0.0,8.55530228253218,8.384601691143747,29
validation_tilt_025,False,0.5,0.25,5,48,48,9,uncertainty,40.0,0.0,8.556961033663327,8.572748028227481,30
validation_tilt_025,False,0.5,0.25,5,48,48,9,uncertainty,20.0,0.0,8.558643620604196,8.814423125346226,31
validation_tilt_025,False,0.5,0.25,5,48,48,9,uncertainty,40.0,0.0,8.554696576501302,8.271645021645021,32
validation_tilt_025,False,0.5,0.25,5,48,48,9,uncertainty,20.0,0.0,8.558571063096027,8.757779437391088,33
validation_tilt_025,False,0.5,0.25,5,48,48,9,uncertainty,20.0,0.0,8.557753645747864,8.648255191607793,34
validation_tilt_025,False,0.5,0.25,5,48,48,9,uncertainty,20.0,0.0,8.553810774977016,8.344547053649956,35
validation_tilt_025,False,0.5,0.25,5,48,48,9,uncertainty,20.0,0.0,8.555406187482735,8.55199342375668,36
validation_tilt_025,False,0.5,0.25,5,48,48,9,uncertainty,40.0,0.0,8.556774281214322,8.525340283811179,37
validation_tilt_025,False,0.5,0.25,5,48,48,9,uncertainty,20.0,0.0,8.559061671891874,8.852889474840696,38
validation_tilt_025,False,0.5,0.25,5,48,48,9,uncertainty,20.0,0.0,8.556535185469322,8.497960372960375,39
validation_tilt_025,False,0.5,0.25,5,48,48,9,uncertainty,40.0,0.0,8.55616672705159,8.43805003460892,40
validation_tilt_025,False,0.5,0.25,5,48,48,9,uncertainty,20.0,0.0,8.5540539374129,8.179193899782135,41
validation_tilt_025,False,0.5,0.25,5,48,48,9,uncertainty,20.0,0.0,8.557643989041251,8.715135738192634,44
validation_tilt_025,False,0.5,0.25,5,48,48,9,uncertainty,40.0,0.0,8.559474061313628,8.683043063859284,45
validation_tilt_025,False,0.5,0.25,5,48,48,9,uncertainty,20.0,0.0,8.55874594974324,8.805004409171076,46
validation_tilt_025,False,0.5,0.25,5,48,48,9,uncertainty,20.0,0.0,8.55690951096805,8.50069498069498,48
validation_tilt_025,False,0.5,0.25,5,48,48,9,uncertainty,20.0,0.0,8.556428677027242,8.465273829827554,49
validation_tilt_025,False,0.5,0.25,5,48,48,9,uncertainty,20.0,0.0,8.55774129795566,8.580938833570412,50
validation_tilt_025,False,0.5,0.25,5,48,48,9,uncertainty,20.0,0.0,8.557739401560088,8.594168096054887,51
validation_tilt_025,False,0.5,0.25,5,48,48,9,uncertainty,20.0,0.0,8.555432593906342,8.444160681032189,53
validation_tilt_025,False,0.5,0.25,5,48,48,9,uncertainty,520.0,0.0,8.55515232830109,8.267142457318778,54
validation_tilt_025,False,0.5,0.25,5,48,48,9,uncertainty,40.0,0.0,8.556465368350942,8.5075743170438,55
validation_tilt_025,False,0.5,0.25,5,48,48,9,uncertainty,20.0,0.0,8.558284742000492,8.636943744752307,56
validation_tilt_025,False,0.5,0.25,5,48,48,9,boundary,33.86,0.0,8.555048083440127,8.35949741315595,01
validation_tilt_025,False,0.5,0.25,5,48,48,9,boundary,34.38,0.0,8.558302198048285,8.635873229939312,02
validation_tilt_025,False,0.5,0.25,5,48,48,9,boundary,42.64,0.0,8.556046945438204,8.519881085098477,04
validation_tilt_025,False,0.5,0.25,5,48,48,9,boundary,50.06,0.0,8.555154396870643,8.29320987654321,05
validation_tilt_025,False,0.5,0.25,5,48,48,9,boundary,44.62,0.0,8.555396244814126,8.431945521937767,06
validation_tilt_025,False,0.5,0.25,5,48,48,9,boundary,31.48,0.0,8.556248820361947,8.508233957978423,08
validation_tilt_025,False,0.5,0.25,5,48,48,9,boundary,40.18,0.0,8.55707437923757,8.553915436577434,09
validation_tilt_025,False,0.5,0.25,5,48,48,9,boundary,36.62,0.0,8.558274364528264,8.68655574679671,10
validation_tilt_025,False,0.5,0.25,5,48,48,9,boundary,21.22,0.0,8.558383852887571,8.715625586193958,11
validation_tilt_025,False,0.5,0.25,5,48,48,9,boundary,53.56,0.0,8.557387313198593,8.560529336304098,12
validation_tilt_025,False,0.5,0.25,5,48,48,9,boundary,52.58,0.0,8.555202515369432,8.443810730882975,13
validation_tilt_025,False,0.5,0.25,5,48,48,9,boundary,44.04,0.0,8.558062205984646,8.658482845451683,15
validation_tilt_025,False,0.5,0.25,5,48,48,9,boundary,58.08,0.0,8.555913044480123,8.519994162288384,16
validation_tilt_025,False,0.5,0.25,5,48,48,9,boundary,31.24,0.0,8.558189588823868,8.66492682427592,17
validation_tilt_025,False,0.5,0.25,5,48,48,9,boundary,45.34,0.0,8.55624022354783,8.485706993363962,18
validation_tilt_025,False,0.5,0.25,5,48,48,9,boundary,47.06,0.0,8.557239748805221,8.577984966753396,19
validation_tilt_025,False,0.5,0.25,5,48,48,9,boundary,45.58,0.0,8.556679881237262,8.534743722050223,20
validation_tilt_025,False,0.5,0.25,5,48,48,9,boundary,63.06,0.0,8.55513598292581,8.30594265577447,22
validation_tilt_025,False,0.5,0.25,5,48,48,9,boundary,46.2,0.0,8.558185423213315,8.594057633792733,23
validation_tilt_025,False,0.5,0.25,5,48,48,9,boundary,34.82,0.0,8.557629251910503,8.630635650276268,24
validation_tilt_025,False,0.5,0.25,5,48,48,9,boundary,27.96,0.0,8.557801064032883,8.637808611816821,25
validation_tilt_025,False,0.5,0.25,5,48,48,9,boundary,40.44,0.0,8.556547170708374,8.529325204961111,26
validation_tilt_025,False,0.5,0.25,5,48,48,9,boundary,25.92,0.0,8.557681638283032,8.632127728901924,27
validation_tilt_025,False,0.5,0.25,5,48,48,9,boundary,35.64,0.0,8.558170682221585,8.698599093531108,28
validation_tilt_025,False,0.5,0.25,5,48,48,9,boundary,58.52,0.0,8.555189767089498,8.384601691143747,29
validation_tilt_025,False,0.5,0.25,5,48,48,9,boundary,36.36,0.0,8.556910699894328,8.572748028227481,30
validation_tilt_025,False,0.5,0.25,5,48,48,9,boundary,28.26,0.0,8.558787495295213,8.814423125346226,31
validation_tilt_025,False,0.5,0.25,5,48,48,9,boundary,60.14,0.0,8.55468595035844,8.271645021645021,32
validation_tilt_025,False,0.5,0.25,5,48,48,9,boundary,35.92,0.0,8.558741507193082,8.757779437391088,33
validation_tilt_025,False,0.5,0.25,5,48,48,9,boundary,28.74,0.0,8.55767243365341,8.648255191607793,34
validation_tilt_025,False,0.5,0.25,5,48,48,9,boundary,29.18,0.0,8.553072073776693,8.344547053649956,35
validation_tilt_025,False,0.5,0.25,5,48,48,9,boundary,29.26,0.0,8.555082701720664,8.55199342375668,36
validation_tilt_025,False,0.5,0.25,5,48,48,9,boundary,47.06,0.0,8.556539030116797,8.525340283811179,37
validation_tilt_025,False,0.5,0.25,5,48,48,9,boundary,25.38,0.0,8.559319110676286,8.852889474840696,38
validation_tilt_025,False,0.5,0.25,5,48,48,9,boundary,36.94,0.0,8.556277349242242,8.497960372960375,39
validation_tilt_025,False,0.5,0.25,5,48,48,9,boundary,52.56,0.0,8.556031700039707,8.43805003460892,40
validation_tilt_025,False,0.5,0.25,5,48,48,9,boundary,36.66,0.0,8.553502324048283,8.179193899782135,41
validation_tilt_025,False,0.5,0.25,5,48,48,9,boundary,27.24,0.0,8.557862494646098,8.715135738192634,44
validation_tilt_025,False,0.5,0.25,5,48,48,9,boundary,37.62,0.0,8.559505397702283,8.683043063859284,45
validation_tilt_025,False,0.5,0.25,5,48,48,9,boundary,29.82,0.0,8.55899636302456,8.805004409171076,46
validation_tilt_025,False,0.5,0.25,5,48,48,9,boundary,41.9,0.0,8.556748562740772,8.50069498069498,48
validation_tilt_025,False,0.5,0.25,5,48,48,9,boundary,46.04,0.0,8.55633787241993,8.465273829827554,49
validation_tilt_025,False,0.5,0.25,5,48,48,9,boundary,30.66,0.0,8.55771362093374,8.580938833570412,50
validation_tilt_025,False,0.5,0.25,5,48,48,9,boundary,40.24,0.0,8.557895751548083,8.594168096054887,51
validation_tilt_025,False,0.5,0.25,5,48,48,9,boundary,26.84,0.0,8.55514873497562,8.444160681032189,53
validation_tilt_025,False,0.5,0.25,5,48,48,9,boundary,69.94,0.0,8.555714915970059,8.267142457318778,54
validation_tilt_025,False,0.5,0.25,5,48,48,9,boundary,39.42,0.0,8.556328671583797,8.5075743170438,55
validation_tilt_025,False,0.5,0.25,5,48,48,9,boundary,38.72,0.0,8.558431656326809,8.636943744752307,56
validation_tilt_025,False,0.5,0.25,5,48,48,9,bias_blind_kg,41.68,0.0,8.429010173225775,8.35949741315595,01
validation_tilt_025,False,0.5,0.25,5,48,48,9,bias_blind_kg,39.1,0.0,8.472947182624008,8.635873229939312,02
validation_tilt_025,False,0.5,0.25,5,48,48,9,bias_blind_kg,42.86,0.0,8.440845768051547,8.519881085098477,04
validation_tilt_025,False,0.5,0.25,5,48,48,9,bias_blind_kg,40.56,0.0,8.444267821378151,8.29320987654321,05
validation_tilt_025,False,0.5,0.25,5,48,48,9,bias_blind_kg,44.26,0.0,8.432158278456708,8.431945521937767,06
validation_tilt_025,False,0.5,0.25,5,48,48,9,bias_blind_kg,42.44,0.0,8.448334971173624,8.508233957978423,08
validation_tilt_025,False,0.5,0.25,5,48,48,9,bias_blind_kg,40.78,0.0,8.456644635581725,8.553915436577434,09
validation_tilt_025,False,0.5,0.25,5,48,48,9,bias_blind_kg,36.08,0.0,8.486993383762732,8.68655574679671,10
validation_tilt_025,False,0.5,0.25,5,48,48,9,bias_blind_kg,43.6,0.0,8.443680195471122,8.715625586193958,11
validation_tilt_025,False,0.5,0.25,5,48,48,9,bias_blind_kg,33.76,0.0,8.491542439245054,8.560529336304098,12
validation_tilt_025,False,0.5,0.25,5,48,48,9,bias_blind_kg,43.82,0.0,8.429740238663216,8.443810730882975,13
validation_tilt_025,False,0.5,0.25,5,48,48,9,bias_blind_kg,38.06,0.0,8.476128824393864,8.658482845451683,15
validation_tilt_025,False,0.5,0.25,5,48,48,9,bias_blind_kg,40.54,0.0,8.453883997477538,8.519994162288384,16
validation_tilt_025,False,0.5,0.25,5,48,48,9,bias_blind_kg,36.52,0.0,8.485044284522393,8.66492682427592,17
validation_tilt_025,False,0.5,0.25,5,48,48,9,bias_blind_kg,41.04,0.0,8.45187832456107,8.485706993363962,18
validation_tilt_025,False,0.5,0.25,5,48,48,9,bias_blind_kg,37.16,0.0,8.479866612011126,8.577984966753396,19
validation_tilt_025,False,0.5,0.25,5,48,48,9,bias_blind_kg,39.18,0.0,8.460060356597072,8.534743722050223,20
validation_tilt_025,False,0.5,0.25,5,48,48,9,bias_blind_kg,40.6,0.0,8.446830537899412,8.30594265577447,22
validation_tilt_025,False,0.5,0.25,5,48,48,9,bias_blind_kg,35.1,0.0,8.488874927191759,8.594057633792733,23
validation_tilt_025,False,0.5,0.25,5,48,48,9,bias_blind_kg,41.38,0.0,8.458998507172325,8.630635650276268,24
validation_tilt_025,False,0.5,0.25,5,48,48,9,bias_blind_kg,39.16,0.0,8.47187428071642,8.637808611816821,25
validation_tilt_025,False,0.5,0.25,5,48,48,9,bias_blind_kg,41.18,0.0,8.460505588694588,8.529325204961111,26
validation_tilt_025,False,0.5,0.25,5,48,48,9,bias_blind_kg,41.54,0.0,8.45656496901666,8.632127728901924,27
validation_tilt_025,False,0.5,0.25,5,48,48,9,bias_blind_kg,32.32,0.0,8.503020736798339,8.698599093531108,28
validation_tilt_025,False,0.5,0.25,5,48,48,9,bias_blind_kg,38.96,0.0,8.454613642548164,8.384601691143747,29
validation_tilt_025,False,0.5,0.25,5,48,48,9,bias_blind_kg,39.04,0.0,8.466497583605587,8.572748028227481,30
validation_tilt_025,False,0.5,0.25,5,48,48,9,bias_blind_kg,40.06,0.0,8.472167963672955,8.814423125346226,31
validation_tilt_025,False,0.5,0.25,5,48,48,9,bias_blind_kg,41.78,0.0,8.44058433936357,8.271645021645021,32
validation_tilt_025,False,0.5,0.25,5,48,48,9,bias_blind_kg,39.06,0.0,8.474662948676327,8.757779437391088,33
validation_tilt_025,False,0.5,0.25,5,48,48,9,bias_blind_kg,41.38,0.0,8.454795178565812,8.648255191607793,34
validation_tilt_025,False,0.5,0.25,5,48,48,9,bias_blind_kg,47.54,0.0,8.378251156266339,8.344547053649956,35
validation_tilt_025,False,0.5,0.25,5,48,48,9,bias_blind_kg,45.88,0.0,8.41602984255336,8.55199342375668,36
validation_tilt_025,False,0.5,0.25,5,48,48,9,bias_blind_kg,40.4,0.0,8.454070519227944,8.525340283811179,37
validation_tilt_025,False,0.5,0.25,5,48,48,9,bias_blind_kg,40.18,0.0,8.475047063872847,8.852889474840696,38
validation_tilt_025,False,0.5,0.25,5,48,48,9,bias_blind_kg,41.2,0.0,8.446027356214618,8.497960372960375,39
validation_tilt_025,False,0.5,0.25,5,48,48,9,bias_blind_kg,42.04,0.0,8.44572178666588,8.43805003460892,40
validation_tilt_025,False,0.5,0.25,5,48,48,9,bias_blind_kg,45.54,0.0,8.409033074704384,8.179193899782135,41
validation_tilt_025,False,0.5,0.25,5,48,48,9,bias_blind_kg,37.18,0.0,8.47905679147672,8.715135738192634,44
validation_tilt_025,False,0.5,0.25,5,48,48,9,bias_blind_kg,32.8,0.0,8.503593900639299,8.683043063859284,45
validation_tilt_025,False,0.5,0.25,5,48,48,9,bias_blind_kg,37.92,0.0,8.486059939150508,8.805004409171076,46
validation_tilt_025,False,0.5,0.25,5,48,48,9,bias_blind_kg,42.8,0.0,8.445513755550534,8.50069498069498,48
validation_tilt_025,False,0.5,0.25,5,48,48,9,bias_blind_kg,40.96,0.0,8.454762755371226,8.465273829827554,49
validation_tilt_025,False,0.5,0.25,5,48,48,9,bias_blind_kg,39.14,0.0,8.467085415154488,8.580938833570412,50
validation_tilt_025,False,0.5,0.25,5,48,48,9,bias_blind_kg,39.96,0.0,8.46943672028957,8.594168096054887,51
validation_tilt_025,False,0.5,0.25,5,48,48,9,bias_blind_kg,45.12,0.0,8.422408783238227,8.444160681032189,53
validation_tilt_025,False,0.5,0.25,5,48,48,9,bias_blind_kg,31.58,0.0,8.49103261126379,8.267142457318778,54
validation_tilt_025,False,0.5,0.25,5,48,48,9,bias_blind_kg,41.2,0.0,8.44704321324258,8.5075743170438,55
validation_tilt_025,False,0.5,0.25,5,48,48,9,bias_blind_kg,35.56,0.0,8.483726697617152,8.636943744752307,56
validation_tilt_025,False,0.5,0.25,5,48,48,9,ordinary_kg,40.74,0.0,8.554513783698656,8.35949741315595,01
validation_tilt_025,False,0.5,0.25,5,48,48,9,ordinary_kg,39.12,0.0,8.558272796977304,8.635873229939312,02
validation_tilt_025,False,0.5,0.25,5,48,48,9,ordinary_kg,41.84,0.0,8.555829110819326,8.519881085098477,04
validation_tilt_025,False,0.5,0.25,5,48,48,9,ordinary_kg,41.22,0.0,8.55476792766558,8.29320987654321,05
validation_tilt_025,False,0.5,0.25,5,48,48,9,ordinary_kg,43.14,0.0,8.555182884323871,8.431945521937767,06
validation_tilt_025,False,0.5,0.25,5,48,48,9,ordinary_kg,43.18,0.0,8.556161423536192,8.508233957978423,08
validation_tilt_025,False,0.5,0.25,5,48,48,9,ordinary_kg,42.5,0.0,8.55685790222937,8.553915436577434,09
validation_tilt_025,False,0.5,0.25,5,48,48,9,ordinary_kg,37.4,0.0,8.558268293853343,8.68655574679671,10
validation_tilt_025,False,0.5,0.25,5,48,48,9,ordinary_kg,39.46,0.0,8.558002647714925,8.715625586193958,11
validation_tilt_025,False,0.5,0.25,5,48,48,9,ordinary_kg,37.1,0.0,8.557475460920198,8.560529336304098,12
validation_tilt_025,False,0.5,0.25,5,48,48,9,ordinary_kg,43.72,0.0,8.55492930716687,8.443810730882975,13
validation_tilt_025,False,0.5,0.25,5,48,48,9,ordinary_kg,38.42,0.0,8.55802559684033,8.658482845451683,15
validation_tilt_025,False,0.5,0.25,5,48,48,9,ordinary_kg,41.66,0.0,8.55587550245654,8.519994162288384,16
validation_tilt_025,False,0.5,0.25,5,48,48,9,ordinary_kg,38.2,0.0,8.558345298985591,8.66492682427592,17
validation_tilt_025,False,0.5,0.25,5,48,48,9,ordinary_kg,42.1,0.0,8.556142221645702,8.485706993363962,18
validation_tilt_025,False,0.5,0.25,5,48,48,9,ordinary_kg,38.88,0.0,8.557306166378979,8.577984966753396,19
validation_tilt_025,False,0.5,0.25,5,48,48,9,ordinary_kg,39.92,0.0,8.556559958322,8.534743722050223,20
validation_tilt_025,False,0.5,0.25,5,48,48,9,ordinary_kg,42.54,0.0,8.554820971228862,8.30594265577447,22
validation_tilt_025,False,0.5,0.25,5,48,48,9,ordinary_kg,37.66,0.0,8.55819513483956,8.594057633792733,23
validation_tilt_025,False,0.5,0.25,5,48,48,9,ordinary_kg,40.1,0.0,8.557672377814146,8.630635650276268,24
validation_tilt_025,False,0.5,0.25,5,48,48,9,ordinary_kg,39.6,0.0,8.557821201108597,8.637808611816821,25
validation_tilt_025,False,0.5,0.25,5,48,48,9,ordinary_kg,40.82,0.0,8.556551098876875,8.529325204961111,26
validation_tilt_025,False,0.5,0.25,5,48,48,9,ordinary_kg,41.04,0.0,8.557488898290936,8.632127728901924,27
validation_tilt_025,False,0.5,0.25,5,48,48,9,ordinary_kg,33.58,0.0,8.558304356019253,8.698599093531108,28
validation_tilt_025,False,0.5,0.25,5,48,48,9,ordinary_kg,43.88,0.0,8.554998486680946,8.384601691143747,29
validation_tilt_025,False,0.5,0.25,5,48,48,9,ordinary_kg,38.82,0.0,8.556962862583559,8.572748028227481,30
validation_tilt_025,False,0.5,0.25,5,48,48,9,ordinary_kg,37.62,0.0,8.558863691238567,8.814423125346226,31
validation_tilt_025,False,0.5,0.25,5,48,48,9,ordinary_kg,41.6,0.0,8.554504171213143,8.271645021645021,32
validation_tilt_025,False,0.5,0.25,5,48,48,9,ordinary_kg,38.7,0.0,8.558714935923556,8.757779437391088,33
validation_tilt_025,False,0.5,0.25,5,48,48,9,ordinary_kg,38.94,0.0,8.557591001502805,8.648255191607793,34
validation_tilt_025,False,0.5,0.25,5,48,48,9,ordinary_kg,37.58,0.0,8.552421105583381,8.344547053649956,35
validation_tilt_025,False,0.5,0.25,5,48,48,9,ordinary_kg,41.22,0.0,8.554640803495316,8.55199342375668,36
validation_tilt_025,False,0.5,0.25,5,48,48,9,ordinary_kg,40.6,0.0,8.556365340674446,8.525340283811179,37
validation_tilt_025,False,0.5,0.25,5,48,48,9,ordinary_kg,37.26,0.0,8.559475478731555,8.852889474840696,38
validation_tilt_025,False,0.5,0.25,5,48,48,9,ordinary_kg,40.18,0.0,8.5559949364655,8.497960372960375,39
validation_tilt_025,False,0.5,0.25,5,48,48,9,ordinary_kg,42.82,0.0,8.555901786865837,8.43805003460892,40
validation_tilt_025,False,0.5,0.25,5,48,48,9,ordinary_kg,40.5,0.0,8.553118313572094,8.179193899782135,41
validation_tilt_025,False,0.5,0.25,5,48,48,9,ordinary_kg,39.06,0.0,8.557891547958672,8.715135738192634,44
validation_tilt_025,False,0.5,0.25,5,48,48,9,ordinary_kg,35.04,0.0,8.559611485550684,8.683043063859284,45
validation_tilt_025,False,0.5,0.25,5,48,48,9,ordinary_kg,36.9,0.0,8.559122706356773,8.805004409171076,46
validation_tilt_025,False,0.5,0.25,5,48,48,9,ordinary_kg,40.44,0.0,8.55658975038048,8.50069498069498,48
validation_tilt_025,False,0.5,0.25,5,48,48,9,ordinary_kg,43.92,0.0,8.556169709555217,8.465273829827554,49
validation_tilt_025,False,0.5,0.25,5,48,48,9,ordinary_kg,40.42,0.0,8.557669138169642,8.580938833570412,50
validation_tilt_025,False,0.5,0.25,5,48,48,9,ordinary_kg,38.12,0.0,8.557899884945261,8.594168096054887,51
validation_tilt_025,False,0.5,0.25,5,48,48,9,ordinary_kg,42.84,0.0,8.554580090385349,8.444160681032189,53
validation_tilt_025,False,0.5,0.25,5,48,48,9,ordinary_kg,38.86,0.0,8.555745733285061,8.267142457318778,54
validation_tilt_025,False,0.5,0.25,5,48,48,9,ordinary_kg,41.78,0.0,8.55609238471624,8.5075743170438,55
validation_tilt_025,False,0.5,0.25,5,48,48,9,ordinary_kg,38.96,0.0,8.558324989520715,8.636943744752307,56
validation_tilt_025,False,0.5,0.25,5,48,48,9,two_channel_uniform,23.8,3.58,8.553143352236171,8.35949741315595,01
validation_tilt_025,False,0.5,0.25,5,48,48,9,two_channel_uniform,24.18,2.84,8.556543576572189,8.635873229939312,02
validation_tilt_025,False,0.5,0.25,5,48,48,9,two_channel_uniform,24.1,3.52,8.553935791447731,8.519881085098477,04
validation_tilt_025,False,0.5,0.25,5,48,48,9,two_channel_uniform,23.8,2.96,8.553176393410798,8.29320987654321,05
validation_tilt_025,False,0.5,0.25,5,48,48,9,two_channel_uniform,23.82,2.72,8.553180158319291,8.431945521937767,06
validation_tilt_025,False,0.5,0.25,5,48,48,9,two_channel_uniform,23.76,2.9,8.555382689940338,8.508233957978423,08
validation_tilt_025,False,0.5,0.25,5,48,48,9,two_channel_uniform,24.52,3.12,8.55470164219841,8.553915436577434,09
validation_tilt_025,False,0.5,0.25,5,48,48,9,two_channel_uniform,24.44,2.98,8.55770110475463,8.68655574679671,10
validation_tilt_025,False,0.5,0.25,5,48,48,9,two_channel_uniform,24.22,3.52,8.559148744694733,8.715625586193958,11
validation_tilt_025,False,0.5,0.25,5,48,48,9,two_channel_uniform,23.56,2.76,8.556459348018478,8.560529336304098,12
validation_tilt_025,False,0.5,0.25,5,48,48,9,two_channel_uniform,24.38,3.36,8.553579560157479,8.443810730882975,13
validation_tilt_025,False,0.5,0.25,5,48,48,9,two_channel_uniform,24.28,2.8,8.558120419775326,8.658482845451683,15
validation_tilt_025,False,0.5,0.25,5,48,48,9,two_channel_uniform,24.62,3.06,8.554047510484532,8.519994162288384,16
validation_tilt_025,False,0.5,0.25,5,48,48,9,two_channel_uniform,24.06,3.26,8.557650439690711,8.66492682427592,17
validation_tilt_025,False,0.5,0.25,5,48,48,9,two_channel_uniform,24.34,3.48,8.554046955727593,8.485706993363962,18
validation_tilt_025,False,0.5,0.25,5,48,48,9,two_channel_uniform,24.3,3.42,8.55600107625575,8.577984966753396,19
validation_tilt_025,False,0.5,0.25,5,48,48,9,two_channel_uniform,24.48,2.98,8.554161754092537,8.534743722050223,20
validation_tilt_025,False,0.5,0.25,5,48,48,9,two_channel_uniform,23.66,3.14,8.55295753167081,8.30594265577447,22
validation_tilt_025,False,0.5,0.25,5,48,48,9,two_channel_uniform,24.6,3.48,8.557285715668117,8.594057633792733,23
validation_tilt_025,False,0.5,0.25,5,48,48,9,two_channel_uniform,24.32,3.24,8.556718340362412,8.630635650276268,24
validation_tilt_025,False,0.5,0.25,5,48,48,9,two_channel_uniform,23.74,2.9,8.556540958002726,8.637808611816821,25
validation_tilt_025,False,0.5,0.25,5,48,48,9,two_channel_uniform,23.46,3.26,8.555013661193087,8.529325204961111,26
validation_tilt_025,False,0.5,0.25,5,48,48,9,two_channel_uniform,24.24,3.86,8.556306786325338,8.632127728901924,27
validation_tilt_025,False,0.5,0.25,5,48,48,9,two_channel_uniform,24.46,3.1,8.557709350083877,8.698599093531108,28
validation_tilt_025,False,0.5,0.25,5,48,48,9,two_channel_uniform,24.38,3.18,8.553353298477527,8.384601691143747,29
validation_tilt_025,False,0.5,0.25,5,48,48,9,two_channel_uniform,23.64,2.68,8.555524128085157,8.572748028227481,30
validation_tilt_025,False,0.5,0.25,5,48,48,9,two_channel_uniform,24.2,3.08,8.559680108098705,8.814423125346226,31
validation_tilt_025,False,0.5,0.25,5,48,48,9,two_channel_uniform,23.62,3.24,8.551318345423093,8.271645021645021,32
validation_tilt_025,False,0.5,0.25,5,48,48,9,two_channel_uniform,23.94,3.12,8.558645825924367,8.757779437391088,33
validation_tilt_025,False,0.5,0.25,5,48,48,9,two_channel_uniform,23.9,2.88,8.555969562760865,8.648255191607793,34
validation_tilt_025,False,0.5,0.25,5,48,48,9,two_channel_uniform,23.72,3.1,8.550064553643303,8.344547053649956,35
validation_tilt_025,False,0.5,0.25,5,48,48,9,two_channel_uniform,24.1,3.36,8.553144234479836,8.55199342375668,36
validation_tilt_025,False,0.5,0.25,5,48,48,9,two_channel_uniform,24.08,3.04,8.55530165799709,8.525340283811179,37
validation_tilt_025,False,0.5,0.25,5,48,48,9,two_channel_uniform,24.52,2.96,8.560371727152148,8.852889474840696,38
validation_tilt_025,False,0.5,0.25,5,48,48,9,two_channel_uniform,23.78,3.64,8.554372493453615,8.497960372960375,39
validation_tilt_025,False,0.5,0.25,5,48,48,9,two_channel_uniform,24.22,3.4,8.552720438552402,8.43805003460892,40
validation_tilt_025,False,0.5,0.25,5,48,48,9,two_channel_uniform,24.3,3.12,8.550808890367081,8.179193899782135,41
validation_tilt_025,False,0.5,0.25,5,48,48,9,two_channel_uniform,23.96,3.38,8.557015474549168,8.715135738192634,44
validation_tilt_025,False,0.5,0.25,5,48,48,9,two_channel_uniform,23.94,2.86,8.558585244636964,8.683043063859284,45
validation_tilt_025,False,0.5,0.25,5,48,48,9,two_channel_uniform,23.92,3.24,8.558343216242772,8.805004409171076,46
validation_tilt_025,False,0.5,0.25,5,48,48,9,two_channel_uniform,24.5,3.04,8.555787882378347,8.50069498069498,48
validation_tilt_025,False,0.5,0.25,5,48,48,9,two_channel_uniform,24.12,3.36,8.554553144900794,8.465273829827554,49
validation_tilt_025,False,0.5,0.25,5,48,48,9,two_channel_uniform,24.72,3.3,8.55621807198826,8.580938833570412,50
validation_tilt_025,False,0.5,0.25,5,48,48,9,two_channel_uniform,23.92,3.44,8.555911965238687,8.594168096054887,51
validation_tilt_025,False,0.5,0.25,5,48,48,9,two_channel_uniform,24.16,3.12,8.552046090482138,8.444160681032189,53
validation_tilt_025,False,0.5,0.25,5,48,48,9,two_channel_uniform,24.7,3.14,8.552573413093413,8.267142457318778,54
validation_tilt_025,False,0.5,0.25,5,48,48,9,two_channel_uniform,23.84,3.06,8.554394089967511,8.5075743170438,55
validation_tilt_025,False,0.5,0.25,5,48,48,9,two_channel_uniform,24.18,3.52,8.557911157760856,8.636943744752307,56
validation_tilt_025,False,0.5,0.25,5,48,48,9,balanced_mix,30.52,1.9,8.553426949570719,8.35949741315595,01
validation_tilt_025,False,0.5,0.25,5,48,48,9,balanced_mix,30.18,1.82,8.557508195368689,8.635873229939312,02
validation_tilt_025,False,0.5,0.25,5,48,48,9,balanced_mix,30.46,1.96,8.554617038692758,8.519881085098477,04
validation_tilt_025,False,0.5,0.25,5,48,48,9,balanced_mix,31.68,1.96,8.55360576021607,8.29320987654321,05
validation_tilt_025,False,0.5,0.25,5,48,48,9,balanced_mix,30.54,2.08,8.554337529093337,8.431945521937767,06
validation_tilt_025,False,0.5,0.25,5,48,48,9,balanced_mix,30.54,1.64,8.55517012319641,8.508233957978423,08
validation_tilt_025,False,0.5,0.25,5,48,48,9,balanced_mix,30.32,2.1,8.555843363696411,8.553915436577434,09
validation_tilt_025,False,0.5,0.25,5,48,48,9,balanced_mix,31.16,2.04,8.558235997836764,8.68655574679671,10
validation_tilt_025,False,0.5,0.25,5,48,48,9,balanced_mix,30.46,1.78,8.559024088599017,8.715625586193958,11
validation_tilt_025,False,0.5,0.25,5,48,48,9,balanced_mix,31.14,1.52,8.556337778865014,8.560529336304098,12
validation_tilt_025,False,0.5,0.25,5,48,48,9,balanced_mix,30.54,2.0,8.554882032354682,8.443810730882975,13
validation_tilt_025,False,0.5,0.25,5,48,48,9,balanced_mix,30.68,1.7,8.557820724088808,8.658482845451683,15
validation_tilt_025,False,0.5,0.25,5,48,48,9,balanced_mix,29.56,2.0,8.555434113035655,8.519994162288384,16
validation_tilt_025,False,0.5,0.25,5,48,48,9,balanced_mix,30.52,1.72,8.557188093552238,8.66492682427592,17
validation_tilt_025,False,0.5,0.25,5,48,48,9,balanced_mix,30.74,1.84,8.555360945926665,8.485706993363962,18
validation_tilt_025,False,0.5,0.25,5,48,48,9,balanced_mix,30.68,1.76,8.556265726777264,8.577984966753396,19
validation_tilt_025,False,0.5,0.25,5,48,48,9,balanced_mix,30.98,2.06,8.556486160379281,8.534743722050223,20
validation_tilt_025,False,0.5,0.25,5,48,48,9,balanced_mix,29.8,1.5,8.553605477747524,8.30594265577447,22
validation_tilt_025,False,0.5,0.25,5,48,48,9,balanced_mix,30.32,1.3,8.557533012990785,8.594057633792733,23
validation_tilt_025,False,0.5,0.25,5,48,48,9,balanced_mix,31.0,1.64,8.557114709372941,8.630635650276268,24
validation_tilt_025,False,0.5,0.25,5,48,48,9,balanced_mix,29.94,1.76,8.557190801239052,8.637808611816821,25
validation_tilt_025,False,0.5,0.25,5,48,48,9,balanced_mix,30.58,1.7,8.554950160256965,8.529325204961111,26
validation_tilt_025,False,0.5,0.25,5,48,48,9,balanced_mix,30.34,1.64,8.55661223808583,8.632127728901924,27
validation_tilt_025,False,0.5,0.25,5,48,48,9,balanced_mix,30.98,1.66,8.558165915359496,8.698599093531108,28
validation_tilt_025,False,0.5,0.25,5,48,48,9,balanced_mix,30.3,2.28,8.554309281503077,8.384601691143747,29
validation_tilt_025,False,0.5,0.25,5,48,48,9,balanced_mix,30.52,2.08,8.55566523413966,8.572748028227481,30
validation_tilt_025,False,0.5,0.25,5,48,48,9,balanced_mix,30.66,1.88,8.55847557126965,8.814423125346226,31
validation_tilt_025,False,0.5,0.25,5,48,48,9,balanced_mix,30.76,1.58,8.55322198533856,8.271645021645021,32
validation_tilt_025,False,0.5,0.25,5,48,48,9,balanced_mix,30.88,2.34,8.558475364861597,8.757779437391088,33
validation_tilt_025,False,0.5,0.25,5,48,48,9,balanced_mix,30.6,1.92,8.55680050004349,8.648255191607793,34
validation_tilt_025,False,0.5,0.25,5,48,48,9,balanced_mix,31.16,1.7,8.552144125538529,8.344547053649956,35
validation_tilt_025,False,0.5,0.25,5,48,48,9,balanced_mix,30.22,1.52,8.553950160828972,8.55199342375668,36
validation_tilt_025,False,0.5,0.25,5,48,48,9,balanced_mix,30.78,1.76,8.555424119119609,8.525340283811179,37
validation_tilt_025,False,0.5,0.25,5,48,48,9,balanced_mix,31.12,1.9,8.559556141280538,8.852889474840696,38
validation_tilt_025,False,0.5,0.25,5,48,48,9,balanced_mix,30.14,1.96,8.55520974258467,8.497960372960375,39
validation_tilt_025,False,0.5,0.25,5,48,48,9,balanced_mix,31.7,2.54,8.554190793784334,8.43805003460892,40
validation_tilt_025,False,0.5,0.25,5,48,48,9,balanced_mix,30.88,1.86,8.551247300975247,8.179193899782135,41
validation_tilt_025,False,0.5,0.25,5,48,48,9,balanced_mix,30.92,1.74,8.557085901211353,8.715135738192634,44
validation_tilt_025,False,0.5,0.25,5,48,48,9,balanced_mix,30.62,1.46,8.558701416754971,8.683043063859284,45
validation_tilt_025,False,0.5,0.25,5,48,48,9,balanced_mix,30.94,2.3,8.558564011321904,8.805004409171076,46
validation_tilt_025,False,0.5,0.25,5,48,48,9,balanced_mix,30.68,1.96,8.555616817588772,8.50069498069498,48
validation_tilt_025,False,0.5,0.25,5,48,48,9,balanced_mix,29.92,1.7,8.555655969684013,8.465273829827554,49
validation_tilt_025,False,0.5,0.25,5,48,48,9,balanced_mix,31.34,2.06,8.556157145017197,8.580938833570412,50
validation_tilt_025,False,0.5,0.25,5,48,48,9,balanced_mix,31.26,1.96,8.557248694813651,8.594168096054887,51
validation_tilt_025,False,0.5,0.25,5,48,48,9,balanced_mix,31.1,1.76,8.553750879271528,8.444160681032189,53
validation_tilt_025,False,0.5,0.25,5,48,48,9,balanced_mix,31.2,1.88,8.553572776876374,8.267142457318778,54
validation_tilt_025,False,0.5,0.25,5,48,48,9,balanced_mix,30.36,2.4,8.555221447696304,8.5075743170438,55
validation_tilt_025,False,0.5,0.25,5,48,48,9,balanced_mix,30.98,1.84,8.557725696431739,8.636943744752307,56
validation_tilt_025,False,0.5,0.25,5,48,48,9,validation_only,20.0,4.06,8.552073649627177,8.35949741315595,01
validation_tilt_025,False,0.5,0.25,5,48,48,9,validation_only,20.0,4.0,8.555812620207933,8.635873229939312,02
validation_tilt_025,False,0.5,0.25,5,48,48,9,validation_only,20.0,3.88,8.553773194975307,8.519881085098477,04
validation_tilt_025,False,0.5,0.25,5,48,48,9,validation_only,20.0,3.56,8.552471974300428,8.29320987654321,05
validation_tilt_025,False,0.5,0.25,5,48,48,9,validation_only,20.0,3.24,8.552781362862982,8.431945521937767,06
validation_tilt_025,False,0.5,0.25,5,48,48,9,validation_only,20.0,3.62,8.554015905068184,8.508233957978423,08
validation_tilt_025,False,0.5,0.25,5,48,48,9,validation_only,20.0,3.06,8.555050835335264,8.553915436577434,09
validation_tilt_025,False,0.5,0.25,5,48,48,9,validation_only,20.0,3.62,8.556977985966633,8.68655574679671,10
validation_tilt_025,False,0.5,0.25,5,48,48,9,validation_only,20.0,4.24,8.559509528098403,8.715625586193958,11
validation_tilt_025,False,0.5,0.25,5,48,48,9,validation_only,20.0,3.32,8.555900458936947,8.560529336304098,12
validation_tilt_025,False,0.5,0.25,5,48,48,9,validation_only,20.0,3.86,8.553432938750856,8.443810730882975,13
validation_tilt_025,False,0.5,0.25,5,48,48,9,validation_only,20.0,3.48,8.558090274222105,8.658482845451683,15
validation_tilt_025,False,0.5,0.25,5,48,48,9,validation_only,20.0,3.82,8.554264883756371,8.519994162288384,16
validation_tilt_025,False,0.5,0.25,5,48,48,9,validation_only,20.0,3.64,8.557592248885769,8.66492682427592,17
validation_tilt_025,False,0.5,0.25,5,48,48,9,validation_only,20.0,3.72,8.553612204694884,8.485706993363962,18
validation_tilt_025,False,0.5,0.25,5,48,48,9,validation_only,20.0,3.88,8.555697136411958,8.577984966753396,19
validation_tilt_025,False,0.5,0.25,5,48,48,9,validation_only,20.0,3.38,8.554415888415454,8.534743722050223,20
validation_tilt_025,False,0.5,0.25,5,48,48,9,validation_only,20.0,3.78,8.552529383927807,8.30594265577447,22
validation_tilt_025,False,0.5,0.25,5,48,48,9,validation_only,20.0,3.78,8.557014112249647,8.594057633792733,23
validation_tilt_025,False,0.5,0.25,5,48,48,9,validation_only,20.0,3.94,8.556710477986357,8.630635650276268,24
validation_tilt_025,False,0.5,0.25,5,48,48,9,validation_only,20.0,3.8,8.557018399516037,8.637808611816821,25
validation_tilt_025,False,0.5,0.25,5,48,48,9,validation_only,20.0,3.68,8.554530659669275,8.529325204961111,26
validation_tilt_025,False,0.5,0.25,5,48,48,9,validation_only,20.0,3.9,8.555808284860992,8.632127728901924,27
validation_tilt_025,False,0.5,0.25,5,48,48,9,validation_only,20.0,3.74,8.55756805970774,8.698599093531108,28
validation_tilt_025,False,0.5,0.25,5,48,48,9,validation_only,20.0,3.4,8.55326982664816,8.384601691143747,29
validation_tilt_025,False,0.5,0.25,5,48,48,9,validation_only,20.0,3.56,8.55494776161819,8.572748028227481,30
validation_tilt_025,False,0.5,0.25,5,48,48,9,validation_only,20.0,4.02,8.559828388405354,8.814423125346226,31
validation_tilt_025,False,0.5,0.25,5,48,48,9,validation_only,20.0,3.76,8.550320971397621,8.271645021645021,32
validation_tilt_025,False,0.5,0.25,5,48,48,9,validation_only,20.0,3.84,8.558538318007122,8.757779437391088,33
validation_tilt_025,False,0.5,0.25,5,48,48,9,validation_only,20.0,3.64,8.555951169323718,8.648255191607793,34
validation_tilt_025,False,0.5,0.25,5,48,48,9,validation_only,20.0,3.64,8.548795539061809,8.344547053649956,35
validation_tilt_025,False,0.5,0.25,5,48,48,9,validation_only,20.0,3.9,8.55209478361761,8.55199342375668,36
validation_tilt_025,False,0.5,0.25,5,48,48,9,validation_only,20.0,3.74,8.554196560269114,8.525340283811179,37
validation_tilt_025,False,0.5,0.25,5,48,48,9,validation_only,20.0,3.74,8.56125166446674,8.852889474840696,38
validation_tilt_025,False,0.5,0.25,5,48,48,9,validation_only,20.0,4.3,8.55420049384313,8.497960372960375,39
validation_tilt_025,False,0.5,0.25,5,48,48,9,validation_only,20.0,3.94,8.553111766034268,8.43805003460892,40
validation_tilt_025,False,0.5,0.25,5,48,48,9,validation_only,20.0,3.56,8.550580273393505,8.179193899782135,41
validation_tilt_025,False,0.5,0.25,5,48,48,9,validation_only,20.0,3.86,8.557111280390087,8.715135738192634,44
validation_tilt_025,False,0.5,0.25,5,48,48,9,validation_only,20.0,3.7,8.558694036794176,8.683043063859284,45
validation_tilt_025,False,0.5,0.25,5,48,48,9,validation_only,20.0,4.08,8.558757058487522,8.805004409171076,46
validation_tilt_025,False,0.5,0.25,5,48,48,9,validation_only,20.0,4.04,8.555999170292708,8.50069498069498,48
validation_tilt_025,False,0.5,0.25,5,48,48,9,validation_only,20.0,3.74,8.554226624538366,8.465273829827554,49
validation_tilt_025,False,0.5,0.25,5,48,48,9,validation_only,20.0,3.96,8.555431826613649,8.580938833570412,50
validation_tilt_025,False,0.5,0.25,5,48,48,9,validation_only,20.0,3.74,8.556355986109777,8.594168096054887,51
validation_tilt_025,False,0.5,0.25,5,48,48,9,validation_only,20.0,3.54,8.552362129792275,8.444160681032189,53
validation_tilt_025,False,0.5,0.25,5,48,48,9,validation_only,20.0,3.64,8.552558684331965,8.267142457318778,54
validation_tilt_025,False,0.5,0.25,5,48,48,9,validation_only,20.0,3.62,8.553561659150418,8.5075743170438,55
validation_tilt_025,False,0.5,0.25,5,48,48,9,validation_only,20.0,4.04,8.55606278704909,8.636943744752307,56
validation_tilt_025,False,0.5,0.25,5,48,48,9,two_channel_kg,21.34,3.8,8.552119526498537,8.35949741315595,01
validation_tilt_025,False,0.5,0.25,5,48,48,9,two_channel_kg,20.66,4.38,8.556669127869876,8.635873229939312,02
validation_tilt_025,False,0.5,0.25,5,48,48,9,two_channel_kg,20.86,4.56,8.553278757474466,8.519881085098477,04
validation_tilt_025,False,0.5,0.25,5,48,48,9,two_channel_kg,23.18,1.04,8.553951393213191,8.29320987654321,05
validation_tilt_025,False,0.5,0.25,5,48,48,9,two_channel_kg,21.08,4.3,8.552382251589878,8.431945521937767,06
validation_tilt_025,False,0.5,0.25,5,48,48,9,two_channel_kg,21.0,4.36,8.554209960834548,8.508233957978423,08
validation_tilt_025,False,0.5,0.25,5,48,48,9,two_channel_kg,20.56,4.6,8.555810768465914,8.553915436577434,09
validation_tilt_025,False,0.5,0.25,5,48,48,9,two_channel_kg,20.88,3.62,8.557737646298778,8.68655574679671,10
validation_tilt_025,False,0.5,0.25,5,48,48,9,two_channel_kg,20.02,7.28,8.55863056246545,8.715625586193958,11
validation_tilt_025,False,0.5,0.25,5,48,48,9,two_channel_kg,22.72,1.12,8.556561768676618,8.560529336304098,12
validation_tilt_025,False,0.5,0.25,5,48,48,9,two_channel_kg,21.32,4.7,8.552420138404617,8.443810730882975,13
validation_tilt_025,False,0.5,0.25,5,48,48,9,two_channel_kg,20.8,3.7,8.557336219228091,8.658482845451683,15
validation_tilt_025,False,0.5,0.25,5,48,48,9,two_channel_kg,22.14,2.92,8.55477186880025,8.519994162288384,16
validation_tilt_025,False,0.5,0.25,5,48,48,9,two_channel_kg,20.7,3.78,8.557618539317064,8.66492682427592,17
validation_tilt_025,False,0.5,0.25,5,48,48,9,two_channel_kg,21.22,3.94,8.555058884501953,8.485706993363962,18
validation_tilt_025,False,0.5,0.25,5,48,48,9,two_channel_kg,21.5,3.08,8.555217894617124,8.577984966753396,19
validation_tilt_025,False,0.5,0.25,5,48,48,9,two_channel_kg,21.1,3.42,8.554501923735732,8.534743722050223,20
validation_tilt_025,False,0.5,0.25,5,48,48,9,two_channel_kg,23.92,0.6,8.554940795845942,8.30594265577447,22
validation_tilt_025,False,0.5,0.25,5,48,48,9,two_channel_kg,21.24,3.2,8.557894504643173,8.594057633792733,23
validation_tilt_025,False,0.5,0.25,5,48,48,9,two_channel_kg,20.44,4.92,8.556134378864831,8.630635650276268,24
validation_tilt_025,False,0.5,0.25,5,48,48,9,two_channel_kg,20.54,4.58,8.556181838487687,8.637808611816821,25
validation_tilt_025,False,0.5,0.25,5,48,48,9,two_channel_kg,22.04,2.22,8.55471608879089,8.529325204961111,26
validation_tilt_025,False,0.5,0.25,5,48,48,9,two_channel_kg,20.18,5.36,8.55627372677122,8.632127728901924,27
validation_tilt_025,False,0.5,0.25,5,48,48,9,two_channel_kg,21.96,1.24,8.558637958577847,8.698599093531108,28
validation_tilt_025,False,0.5,0.25,5,48,48,9,two_channel_kg,24.12,0.8,8.555461056386257,8.384601691143747,29
validation_tilt_025,False,0.5,0.25,5,48,48,9,two_channel_kg,21.08,3.32,8.555720482822876,8.572748028227481,30
validation_tilt_025,False,0.5,0.25,5,48,48,9,two_channel_kg,20.18,5.24,8.558964887109271,8.814423125346226,31
validation_tilt_025,False,0.5,0.25,5,48,48,9,two_channel_kg,24.14,0.26,8.55470316168427,8.271645021645021,32
validation_tilt_025,False,0.5,0.25,5,48,48,9,two_channel_kg,20.2,5.18,8.558436397185517,8.757779437391088,33
validation_tilt_025,False,0.5,0.25,5,48,48,9,two_channel_kg,20.36,5.34,8.556247025016576,8.648255191607793,34
validation_tilt_025,False,0.5,0.25,5,48,48,9,two_channel_kg,20.48,5.1,8.54718351502801,8.344547053649956,35
validation_tilt_025,False,0.5,0.25,5,48,48,9,two_channel_kg,20.46,5.82,8.55228063997825,8.55199342375668,36
validation_tilt_025,False,0.5,0.25,5,48,48,9,two_channel_kg,21.5,3.2,8.554448124245015,8.525340283811179,37
validation_tilt_025,False,0.5,0.25,5,48,48,9,two_channel_kg,20.08,6.5,8.560599338744002,8.852889474840696,38
validation_tilt_025,False,0.5,0.25,5,48,48,9,two_channel_kg,20.9,3.66,8.555393604424728,8.497960372960375,39
validation_tilt_025,False,0.5,0.25,5,48,48,9,two_channel_kg,21.92,3.12,8.553394698608061,8.43805003460892,40
validation_tilt_025,False,0.5,0.25,5,48,48,9,two_channel_kg,22.88,2.2,8.552049378234369,8.179193899782135,41
validation_tilt_025,False,0.5,0.25,5,48,48,9,two_channel_kg,20.26,5.28,8.558111000684061,8.715135738192634,44
validation_tilt_025,False,0.5,0.25,5,48,48,9,two_channel_kg,20.48,3.24,8.559372414741858,8.683043063859284,45
validation_tilt_025,False,0.5,0.25,5,48,48,9,two_channel_kg,20.32,4.2,8.557820470376111,8.805004409171076,46
validation_tilt_025,False,0.5,0.25,5,48,48,9,two_channel_kg,21.3,3.88,8.554304147911187,8.50069498069498,48
validation_tilt_025,False,0.5,0.25,5,48,48,9,two_channel_kg,21.74,3.62,8.555089245297943,8.465273829827554,49
validation_tilt_025,False,0.5,0.25,5,48,48,9,two_channel_kg,20.38,4.94,8.555014114994774,8.580938833570412,50
validation_tilt_025,False,0.5,0.25,5,48,48,9,two_channel_kg,20.52,4.3,8.555830042671166,8.594168096054887,51
validation_tilt_025,False,0.5,0.25,5,48,48,9,two_channel_kg,20.74,5.1,8.551950524601743,8.444160681032189,53
validation_tilt_025,False,0.5,0.25,5,48,48,9,two_channel_kg,23.28,0.0,8.555653365740662,8.267142457318778,54
validation_tilt_025,False,0.5,0.25,5,48,48,9,two_channel_kg,21.0,4.38,8.55471644292151,8.5075743170438,55
validation_tilt_025,False,0.5,0.25,5,48,48,9,two_channel_kg,20.28,4.6,8.558389725132958,8.636943744752307,56
validation_tilt_025,False,0.5,0.25,5,144,48,9,uniform,78.94,0.0,8.555294736867634,8.35949741315595,01
validation_tilt_025,False,0.5,0.25,5,144,48,9,uniform,81.08,0.0,8.558513871884697,8.635873229939312,02
validation_tilt_025,False,0.5,0.25,5,144,48,9,uniform,80.24,0.0,8.555930179077475,8.519881085098477,04
validation_tilt_025,False,0.5,0.25,5,144,48,9,uniform,80.2,0.0,8.555221863183911,8.29320987654321,05
validation_tilt_025,False,0.5,0.25,5,144,48,9,uniform,78.94,0.0,8.555696006633031,8.431945521937767,06
validation_tilt_025,False,0.5,0.25,5,144,48,9,uniform,78.94,0.0,8.55632278239877,8.508233957978423,08
validation_tilt_025,False,0.5,0.25,5,144,48,9,uniform,80.1,0.0,8.557148733964782,8.553915436577434,09
validation_tilt_025,False,0.5,0.25,5,144,48,9,uniform,83.2,0.0,8.558012130077856,8.68655574679671,10
validation_tilt_025,False,0.5,0.25,5,144,48,9,uniform,79.14,0.0,8.558451446661365,8.715625586193958,11
validation_tilt_025,False,0.5,0.25,5,144,48,9,uniform,79.72,0.0,8.557078069199841,8.560529336304098,12
validation_tilt_025,False,0.5,0.25,5,144,48,9,uniform,81.42,0.0,8.55523317210936,8.443810730882975,13
validation_tilt_025,False,0.5,0.25,5,144,48,9,uniform,81.64,0.0,8.557939631042187,8.658482845451683,15
validation_tilt_025,False,0.5,0.25,5,144,48,9,uniform,81.46,0.0,8.55582957287813,8.519994162288384,16
validation_tilt_025,False,0.5,0.25,5,144,48,9,uniform,80.02,0.0,8.558324305710025,8.66492682427592,17
validation_tilt_025,False,0.5,0.25,5,144,48,9,uniform,79.28,0.0,8.556391668368846,8.485706993363962,18
validation_tilt_025,False,0.5,0.25,5,144,48,9,uniform,80.68,0.0,8.556764567495152,8.577984966753396,19
validation_tilt_025,False,0.5,0.25,5,144,48,9,uniform,81.64,0.0,8.556703706252533,8.534743722050223,20
validation_tilt_025,False,0.5,0.25,5,144,48,9,uniform,80.68,0.0,8.555313942846023,8.30594265577447,22
validation_tilt_025,False,0.5,0.25,5,144,48,9,uniform,80.86,0.0,8.557835118648779,8.594057633792733,23
validation_tilt_025,False,0.5,0.25,5,144,48,9,uniform,78.86,0.0,8.557736382192626,8.630635650276268,24
validation_tilt_025,False,0.5,0.25,5,144,48,9,uniform,78.5,0.0,8.557631076954028,8.637808611816821,25
validation_tilt_025,False,0.5,0.25,5,144,48,9,uniform,79.08,0.0,8.556433452732046,8.529325204961111,26
validation_tilt_025,False,0.5,0.25,5,144,48,9,uniform,78.58,0.0,8.557725842822155,8.632127728901924,27
validation_tilt_025,False,0.5,0.25,5,144,48,9,uniform,80.3,0.0,8.557940615964801,8.698599093531108,28
validation_tilt_025,False,0.5,0.25,5,144,48,9,uniform,81.06,0.0,8.555258777855927,8.384601691143747,29
validation_tilt_025,False,0.5,0.25,5,144,48,9,uniform,79.44,0.0,8.55704079496996,8.572748028227481,30
validation_tilt_025,False,0.5,0.25,5,144,48,9,uniform,79.92,0.0,8.558733935418452,8.814423125346226,31
validation_tilt_025,False,0.5,0.25,5,144,48,9,uniform,78.08,0.0,8.554676848737712,8.271645021645021,32
validation_tilt_025,False,0.5,0.25,5,144,48,9,uniform,79.68,0.0,8.55875898183316,8.757779437391088,33
validation_tilt_025,False,0.5,0.25,5,144,48,9,uniform,79.06,0.0,8.557641011464053,8.648255191607793,34
validation_tilt_025,False,0.5,0.25,5,144,48,9,uniform,80.66,0.0,8.553182636557736,8.344547053649956,35
validation_tilt_025,False,0.5,0.25,5,144,48,9,uniform,80.14,0.0,8.555369772133993,8.55199342375668,36
validation_tilt_025,False,0.5,0.25,5,144,48,9,uniform,77.7,0.0,8.556665040461889,8.525340283811179,37
validation_tilt_025,False,0.5,0.25,5,144,48,9,uniform,79.96,0.0,8.559062493060301,8.852889474840696,38
validation_tilt_025,False,0.5,0.25,5,144,48,9,uniform,78.92,0.0,8.556244721346035,8.497960372960375,39
validation_tilt_025,False,0.5,0.25,5,144,48,9,uniform,82.04,0.0,8.556005552787772,8.43805003460892,40
validation_tilt_025,False,0.5,0.25,5,144,48,9,uniform,77.66,0.0,8.553855882737599,8.179193899782135,41
validation_tilt_025,False,0.5,0.25,5,144,48,9,uniform,82.02,0.0,8.557584085666361,8.715135738192634,44
validation_tilt_025,False,0.5,0.25,5,144,48,9,uniform,79.96,0.0,8.55952689909609,8.683043063859284,45
validation_tilt_025,False,0.5,0.25,5,144,48,9,uniform,81.76,0.0,8.558941758218062,8.805004409171076,46
validation_tilt_025,False,0.5,0.25,5,144,48,9,uniform,79.78,0.0,8.557112917429077,8.50069498069498,48
validation_tilt_025,False,0.5,0.25,5,144,48,9,uniform,79.38,0.0,8.55640636937705,8.465273829827554,49
validation_tilt_025,False,0.5,0.25,5,144,48,9,uniform,79.2,0.0,8.557745446755707,8.580938833570412,50
validation_tilt_025,False,0.5,0.25,5,144,48,9,uniform,80.18,0.0,8.558072216840525,8.594168096054887,51
validation_tilt_025,False,0.5,0.25,5,144,48,9,uniform,78.16,0.0,8.555192243854693,8.444160681032189,53
validation_tilt_025,False,0.5,0.25,5,144,48,9,uniform,79.92,0.0,8.555334700188599,8.267142457318778,54
validation_tilt_025,False,0.5,0.25,5,144,48,9,uniform,80.68,0.0,8.556325654740586,8.5075743170438,55
validation_tilt_025,False,0.5,0.25,5,144,48,9,uniform,81.14,0.0,8.558139173810345,8.636943744752307,56
validation_tilt_025,False,0.5,0.25,5,144,48,9,uniform_blind,78.94,0.0,8.435978819237013,8.35949741315595,01
validation_tilt_025,False,0.5,0.25,5,144,48,9,uniform_blind,81.08,0.0,8.478487347998856,8.635873229939312,02
validation_tilt_025,False,0.5,0.25,5,144,48,9,uniform_blind,80.24,0.0,8.441930529973266,8.519881085098477,04
validation_tilt_025,False,0.5,0.25,5,144,48,9,uniform_blind,80.2,0.0,8.43595262946792,8.29320987654321,05
validation_tilt_025,False,0.5,0.25,5,144,48,9,uniform_blind,78.94,0.0,8.439972890750209,8.431945521937767,06
validation_tilt_025,False,0.5,0.25,5,144,48,9,uniform_blind,78.94,0.0,8.45927196556343,8.508233957978423,08
validation_tilt_025,False,0.5,0.25,5,144,48,9,uniform_blind,80.1,0.0,8.461565840472332,8.553915436577434,09
validation_tilt_025,False,0.5,0.25,5,144,48,9,uniform_blind,83.2,0.0,8.4795881716593,8.68655574679671,10
validation_tilt_025,False,0.5,0.25,5,144,48,9,uniform_blind,79.14,0.0,8.472925442782312,8.715625586193958,11
validation_tilt_025,False,0.5,0.25,5,144,48,9,uniform_blind,79.72,0.0,8.470314320898781,8.560529336304098,12
validation_tilt_025,False,0.5,0.25,5,144,48,9,uniform_blind,81.42,0.0,8.425827638706263,8.443810730882975,13
validation_tilt_025,False,0.5,0.25,5,144,48,9,uniform_blind,81.64,0.0,8.474173439316598,8.658482845451683,15
validation_tilt_025,False,0.5,0.25,5,144,48,9,uniform_blind,81.46,0.0,8.44549456502197,8.519994162288384,16
validation_tilt_025,False,0.5,0.25,5,144,48,9,uniform_blind,80.02,0.0,8.484352737937341,8.66492682427592,17
validation_tilt_025,False,0.5,0.25,5,144,48,9,uniform_blind,79.28,0.0,8.454657902690814,8.485706993363962,18
validation_tilt_025,False,0.5,0.25,5,144,48,9,uniform_blind,80.68,0.0,8.456312499056233,8.577984966753396,19
validation_tilt_025,False,0.5,0.25,5,144,48,9,uniform_blind,81.64,0.0,8.451603033683218,8.534743722050223,20
validation_tilt_025,False,0.5,0.25,5,144,48,9,uniform_blind,80.68,0.0,8.44142274754928,8.30594265577447,22
validation_tilt_025,False,0.5,0.25,5,144,48,9,uniform_blind,80.86,0.0,8.473562005888617,8.594057633792733,23
validation_tilt_025,False,0.5,0.25,5,144,48,9,uniform_blind,78.86,0.0,8.465446577002483,8.630635650276268,24
validation_tilt_025,False,0.5,0.25,5,144,48,9,uniform_blind,78.5,0.0,8.47498535876886,8.637808611816821,25
validation_tilt_025,False,0.5,0.25,5,144,48,9,uniform_blind,79.08,0.0,8.458734576521197,8.529325204961111,26
validation_tilt_025,False,0.5,0.25,5,144,48,9,uniform_blind,78.58,0.0,8.469956755995907,8.632127728901924,27
validation_tilt_025,False,0.5,0.25,5,144,48,9,uniform_blind,80.3,0.0,8.480153335364731,8.698599093531108,28
validation_tilt_025,False,0.5,0.25,5,144,48,9,uniform_blind,81.06,0.0,8.439114520071412,8.384601691143747,29
validation_tilt_025,False,0.5,0.25,5,144,48,9,uniform_blind,79.44,0.0,8.461805040823776,8.572748028227481,30
validation_tilt_025,False,0.5,0.25,5,144,48,9,uniform_blind,79.92,0.0,8.476850224647372,8.814423125346226,31
validation_tilt_025,False,0.5,0.25,5,144,48,9,uniform_blind,78.08,0.0,8.438896063362652,8.271645021645021,32
validation_tilt_025,False,0.5,0.25,5,144,48,9,uniform_blind,79.68,0.0,8.479599475757157,8.757779437391088,33
validation_tilt_025,False,0.5,0.25,5,144,48,9,uniform_blind,79.06,0.0,8.46555531858316,8.648255191607793,34
validation_tilt_025,False,0.5,0.25,5,144,48,9,uniform_blind,80.66,0.0,8.391318940204473,8.344547053649956,35
validation_tilt_025,False,0.5,0.25,5,144,48,9,uniform_blind,80.14,0.0,8.426094468673176,8.55199342375668,36
validation_tilt_025,False,0.5,0.25,5,144,48,9,uniform_blind,77.7,0.0,8.461536462946462,8.525340283811179,37
validation_tilt_025,False,0.5,0.25,5,144,48,9,uniform_blind,79.96,0.0,8.474977071043794,8.852889474840696,38
validation_tilt_025,False,0.5,0.25,5,144,48,9,uniform_blind,78.92,0.0,8.45391513492567,8.497960372960375,39
validation_tilt_025,False,0.5,0.25,5,144,48,9,uniform_blind,82.04,0.0,8.44624843933048,8.43805003460892,40
validation_tilt_025,False,0.5,0.25,5,144,48,9,uniform_blind,77.66,0.0,8.41927389171222,8.179193899782135,41
validation_tilt_025,False,0.5,0.25,5,144,48,9,uniform_blind,82.02,0.0,8.463717964237642,8.715135738192634,44
validation_tilt_025,False,0.5,0.25,5,144,48,9,uniform_blind,79.96,0.0,8.502357553163495,8.683043063859284,45
validation_tilt_025,False,0.5,0.25,5,144,48,9,uniform_blind,81.76,0.0,8.486463938897613,8.805004409171076,46
validation_tilt_025,False,0.5,0.25,5,144,48,9,uniform_blind,79.78,0.0,8.462159221918325,8.50069498069498,48
validation_tilt_025,False,0.5,0.25,5,144,48,9,uniform_blind,79.38,0.0,8.456574418227847,8.465273829827554,49
validation_tilt_025,False,0.5,0.25,5,144,48,9,uniform_blind,79.2,0.0,8.468266443583543,8.580938833570412,50
validation_tilt_025,False,0.5,0.25,5,144,48,9,uniform_blind,80.18,0.0,8.479175185750254,8.594168096054887,51
validation_tilt_025,False,0.5,0.25,5,144,48,9,uniform_blind,78.16,0.0,8.434055884062253,8.444160681032189,53
validation_tilt_025,False,0.5,0.25,5,144,48,9,uniform_blind,79.92,0.0,8.450717424652701,8.267142457318778,54
validation_tilt_025,False,0.5,0.25,5,144,48,9,uniform_blind,80.68,0.0,8.443720593041972,8.5075743170438,55
validation_tilt_025,False,0.5,0.25,5,144,48,9,uniform_blind,81.14,0.0,8.470519187863232,8.636943744752307,56
validation_tilt_025,False,0.5,0.25,5,144,48,9,uncertainty,40.0,0.0,8.555274823573429,8.35949741315595,01
validation_tilt_025,False,0.5,0.25,5,144,48,9,uncertainty,20.0,0.0,8.558215036514634,8.635873229939312,02
validation_tilt_025,False,0.5,0.25,5,144,48,9,uncertainty,40.0,0.0,8.556098666791755,8.519881085098477,04
validation_tilt_025,False,0.5,0.25,5,144,48,9,uncertainty,40.0,0.0,8.555308119781865,8.29320987654321,05
validation_tilt_025,False,0.5,0.25,5,144,48,9,uncertainty,40.0,0.0,8.555672873993522,8.431945521937767,06
validation_tilt_025,False,0.5,0.25,5,144,48,9,uncertainty,20.0,0.0,8.556260096192384,8.508233957978423,08
validation_tilt_025,False,0.5,0.25,5,144,48,9,uncertainty,20.0,0.0,8.557054373961222,8.553915436577434,09
validation_tilt_025,False,0.5,0.25,5,144,48,9,uncertainty,40.0,0.0,8.558130186182806,8.68655574679671,10
validation_tilt_025,False,0.5,0.25,5,144,48,9,uncertainty,20.0,0.0,8.558439129275042,8.715625586193958,11
validation_tilt_025,False,0.5,0.25,5,144,48,9,uncertainty,60.0,0.0,8.55716167909647,8.560529336304098,12
validation_tilt_025,False,0.5,0.25,5,144,48,9,uncertainty,40.0,0.0,8.555299945594662,8.443810730882975,13
validation_tilt_025,False,0.5,0.25,5,144,48,9,uncertainty,40.0,0.0,8.557915385902126,8.658482845451683,15
validation_tilt_025,False,0.5,0.25,5,144,48,9,uncertainty,40.0,0.0,8.555937418225437,8.519994162288384,16
validation_tilt_025,False,0.5,0.25,5,144,48,9,uncertainty,20.0,0.0,8.558037168404057,8.66492682427592,17
validation_tilt_025,False,0.5,0.25,5,144,48,9,uncertainty,40.0,0.0,8.55648825860424,8.485706993363962,18
validation_tilt_025,False,0.5,0.25,5,144,48,9,uncertainty,40.0,0.0,8.55683637830427,8.577984966753396,19
validation_tilt_025,False,0.5,0.25,5,144,48,9,uncertainty,40.0,0.0,8.556579572267472,8.534743722050223,20
validation_tilt_025,False,0.5,0.25,5,144,48,9,uncertainty,60.0,0.0,8.555251885688838,8.30594265577447,22
validation_tilt_025,False,0.5,0.25,5,144,48,9,uncertainty,40.0,0.0,8.557946490087398,8.594057633792733,23
validation_tilt_025,False,0.5,0.25,5,144,48,9,uncertainty,20.0,0.0,8.557735311118297,8.630635650276268,24
validation_tilt_025,False,0.5,0.25,5,144,48,9,uncertainty,20.0,0.0,8.55770861650473,8.637808611816821,25
validation_tilt_025,False,0.5,0.25,5,144,48,9,uncertainty,40.0,0.0,8.556488336153674,8.529325204961111,26
validation_tilt_025,False,0.5,0.25,5,144,48,9,uncertainty,20.0,0.0,8.557691069029365,8.632127728901924,27
validation_tilt_025,False,0.5,0.25,5,144,48,9,uncertainty,40.0,0.0,8.557953715829347,8.698599093531108,28
validation_tilt_025,False,0.5,0.25,5,144,48,9,uncertainty,40.0,0.0,8.55530228253218,8.384601691143747,29
validation_tilt_025,False,0.5,0.25,5,144,48,9,uncertainty,40.0,0.0,8.556961033663327,8.572748028227481,30
validation_tilt_025,False,0.5,0.25,5,144,48,9,uncertainty,20.0,0.0,8.558643620604196,8.814423125346226,31
validation_tilt_025,False,0.5,0.25,5,144,48,9,uncertainty,40.0,0.0,8.554696576501302,8.271645021645021,32
validation_tilt_025,False,0.5,0.25,5,144,48,9,uncertainty,20.0,0.0,8.558571063096027,8.757779437391088,33
validation_tilt_025,False,0.5,0.25,5,144,48,9,uncertainty,20.0,0.0,8.557753645747864,8.648255191607793,34
validation_tilt_025,False,0.5,0.25,5,144,48,9,uncertainty,20.0,0.0,8.553810774977016,8.344547053649956,35
validation_tilt_025,False,0.5,0.25,5,144,48,9,uncertainty,20.0,0.0,8.555406187482735,8.55199342375668,36
validation_tilt_025,False,0.5,0.25,5,144,48,9,uncertainty,40.0,0.0,8.556774281214322,8.525340283811179,37
validation_tilt_025,False,0.5,0.25,5,144,48,9,uncertainty,20.0,0.0,8.559061671891874,8.852889474840696,38
validation_tilt_025,False,0.5,0.25,5,144,48,9,uncertainty,20.0,0.0,8.556535185469322,8.497960372960375,39
validation_tilt_025,False,0.5,0.25,5,144,48,9,uncertainty,40.0,0.0,8.55616672705159,8.43805003460892,40
validation_tilt_025,False,0.5,0.25,5,144,48,9,uncertainty,40.0,0.0,8.553889850467273,8.179193899782135,41
validation_tilt_025,False,0.5,0.25,5,144,48,9,uncertainty,20.0,0.0,8.557643989041251,8.715135738192634,44
validation_tilt_025,False,0.5,0.25,5,144,48,9,uncertainty,40.0,0.0,8.559474061313628,8.683043063859284,45
validation_tilt_025,False,0.5,0.25,5,144,48,9,uncertainty,20.0,0.0,8.55874594974324,8.805004409171076,46
validation_tilt_025,False,0.5,0.25,5,144,48,9,uncertainty,40.0,0.0,8.557200537150141,8.50069498069498,48
validation_tilt_025,False,0.5,0.25,5,144,48,9,uncertainty,40.0,0.0,8.55640630159139,8.465273829827554,49
validation_tilt_025,False,0.5,0.25,5,144,48,9,uncertainty,20.0,0.0,8.55774129795566,8.580938833570412,50
validation_tilt_025,False,0.5,0.25,5,144,48,9,uncertainty,20.0,0.0,8.557739401560088,8.594168096054887,51
validation_tilt_025,False,0.5,0.25,5,144,48,9,uncertainty,20.0,0.0,8.555432593906342,8.444160681032189,53
validation_tilt_025,False,0.5,0.25,5,144,48,9,uncertainty,2320.0,0.0,8.555153617380958,8.267142457318778,54
validation_tilt_025,False,0.5,0.25,5,144,48,9,uncertainty,40.0,0.0,8.556465368350942,8.5075743170438,55
validation_tilt_025,False,0.5,0.25,5,144,48,9,uncertainty,40.0,0.0,8.558229125883743,8.636943744752307,56
validation_tilt_025,False,0.5,0.25,5,144,48,9,boundary,56.08,0.0,8.5550210054368,8.35949741315595,01
validation_tilt_025,False,0.5,0.25,5,144,48,9,boundary,58.04,0.0,8.558313953454286,8.635873229939312,02
validation_tilt_025,False,0.5,0.25,5,144,48,9,boundary,80.18,0.0,8.556017778083918,8.519881085098477,04
validation_tilt_025,False,0.5,0.25,5,144,48,9,boundary,116.32,0.0,8.5551030692322,8.29320987654321,05
validation_tilt_025,False,0.5,0.25,5,144,48,9,boundary,95.84,0.0,8.555375407618568,8.431945521937767,06
validation_tilt_025,False,0.5,0.25,5,144,48,9,boundary,46.54,0.0,8.556243474648138,8.508233957978423,08
validation_tilt_025,False,0.5,0.25,5,144,48,9,boundary,73.54,0.0,8.55708352713158,8.553915436577434,09
validation_tilt_025,False,0.5,0.25,5,144,48,9,boundary,66.4,0.0,8.55830655384294,8.68655574679671,10
validation_tilt_025,False,0.5,0.25,5,144,48,9,boundary,21.48,0.0,8.558374176311785,8.715625586193958,11
validation_tilt_025,False,0.5,0.25,5,144,48,9,boundary,122.06,0.0,8.557413726671777,8.560529336304098,12
validation_tilt_025,False,0.5,0.25,5,144,48,9,boundary,118.18,0.0,8.555172338693476,8.443810730882975,13
validation_tilt_025,False,0.5,0.25,5,144,48,9,boundary,99.64,0.0,8.558078945241192,8.658482845451683,15
validation_tilt_025,False,0.5,0.25,5,144,48,9,boundary,151.4,0.0,8.555923059022302,8.519994162288384,16
validation_tilt_025,False,0.5,0.25,5,144,48,9,boundary,46.72,0.0,8.558219541768048,8.66492682427592,17
validation_tilt_025,False,0.5,0.25,5,144,48,9,boundary,101.0,0.0,8.556207257730723,8.485706993363962,18
validation_tilt_025,False,0.5,0.25,5,144,48,9,boundary,105.3,0.0,8.55726220882745,8.577984966753396,19
validation_tilt_025,False,0.5,0.25,5,144,48,9,boundary,114.8,0.0,8.556677502796424,8.534743722050223,20
validation_tilt_025,False,0.5,0.25,5,144,48,9,boundary,160.66,0.0,8.555076636971034,8.30594265577447,22
validation_tilt_025,False,0.5,0.25,5,144,48,9,boundary,104.8,0.0,8.558186246284778,8.594057633792733,23
validation_tilt_025,False,0.5,0.25,5,144,48,9,boundary,66.34,0.0,8.557670992035495,8.630635650276268,24
validation_tilt_025,False,0.5,0.25,5,144,48,9,boundary,35.42,0.0,8.557809548675275,8.637808611816821,25
validation_tilt_025,False,0.5,0.25,5,144,48,9,boundary,90.54,0.0,8.556537965906823,8.529325204961111,26
validation_tilt_025,False,0.5,0.25,5,144,48,9,boundary,28.5,0.0,8.557656509859285,8.632127728901924,27
validation_tilt_025,False,0.5,0.25,5,144,48,9,boundary,66.56,0.0,8.558198603479566,8.698599093531108,28
validation_tilt_025,False,0.5,0.25,5,144,48,9,boundary,146.4,0.0,8.55519008214305,8.384601691143747,29
validation_tilt_025,False,0.5,0.25,5,144,48,9,boundary,72.14,0.0,8.556909007189768,8.572748028227481,30
validation_tilt_025,False,0.5,0.25,5,144,48,9,boundary,39.92,0.0,8.558812113289829,8.814423125346226,31
validation_tilt_025,False,0.5,0.25,5,144,48,9,boundary,155.5,0.0,8.554648597008455,8.271645021645021,32
validation_tilt_025,False,0.5,0.25,5,144,48,9,boundary,61.24,0.0,8.558758549238823,8.757779437391088,33
validation_tilt_025,False,0.5,0.25,5,144,48,9,boundary,40.08,0.0,8.557687181337533,8.648255191607793,34
validation_tilt_025,False,0.5,0.25,5,144,48,9,boundary,31.94,0.0,8.553053989708678,8.344547053649956,35
validation_tilt_025,False,0.5,0.25,5,144,48,9,boundary,32.52,0.0,8.555051333610445,8.55199342375668,36
validation_tilt_025,False,0.5,0.25,5,144,48,9,boundary,111.16,0.0,8.556543595213393,8.525340283811179,37
validation_tilt_025,False,0.5,0.25,5,144,48,9,boundary,27.7,0.0,8.559329368125631,8.852889474840696,38
validation_tilt_025,False,0.5,0.25,5,144,48,9,boundary,68.54,0.0,8.556241172943913,8.497960372960375,39
validation_tilt_025,False,0.5,0.25,5,144,48,9,boundary,129.44,0.0,8.556013663405544,8.43805003460892,40
validation_tilt_025,False,0.5,0.25,5,144,48,9,boundary,52.76,0.0,8.553466301947488,8.179193899782135,41
validation_tilt_025,False,0.5,0.25,5,144,48,9,boundary,35.34,0.0,8.557876334263428,8.715135738192634,44
validation_tilt_025,False,0.5,0.25,5,144,48,9,boundary,70.18,0.0,8.559543625687056,8.683043063859284,45
validation_tilt_025,False,0.5,0.25,5,144,48,9,boundary,42.12,0.0,8.558997231387758,8.805004409171076,46
validation_tilt_025,False,0.5,0.25,5,144,48,9,boundary,85.4,0.0,8.556758059394987,8.50069498069498,48
validation_tilt_025,False,0.5,0.25,5,144,48,9,boundary,108.34,0.0,8.55634741578776,8.465273829827554,49
validation_tilt_025,False,0.5,0.25,5,144,48,9,boundary,44.48,0.0,8.557729263819041,8.580938833570412,50
validation_tilt_025,False,0.5,0.25,5,144,48,9,boundary,78.82,0.0,8.557894330810552,8.594168096054887,51
validation_tilt_025,False,0.5,0.25,5,144,48,9,boundary,31.62,0.0,8.555114992189019,8.444160681032189,53
validation_tilt_025,False,0.5,0.25,5,144,48,9,boundary,195.96,0.0,8.555744833084965,8.267142457318778,54
validation_tilt_025,False,0.5,0.25,5,144,48,9,boundary,79.86,0.0,8.556327584225258,8.5075743170438,55
validation_tilt_025,False,0.5,0.25,5,144,48,9,boundary,72.2,0.0,8.558456146884033,8.636943744752307,56
validation_tilt_025,False,0.5,0.25,5,144,48,9,bias_blind_kg,82.12,0.0,8.311886494532885,8.35949741315595,01
validation_tilt_025,False,0.5,0.25,5,144,48,9,bias_blind_kg,78.5,0.0,8.393698817325006,8.635873229939312,02
validation_tilt_025,False,0.5,0.25,5,144,48,9,bias_blind_kg,87.3,0.0,8.339362429849196,8.519881085098477,04
validation_tilt_025,False,0.5,0.25,5,144,48,9,bias_blind_kg,79.74,0.0,8.340515425598896,8.29320987654321,05
validation_tilt_025,False,0.5,0.25,5,144,48,9,bias_blind_kg,90.34,0.0,8.318138726547957,8.431945521937767,06
validation_tilt_025,False,0.5,0.25,5,144,48,9,bias_blind_kg,89.18,0.0,8.351020169104883,8.508233957978423,08
validation_tilt_025,False,0.5,0.25,5,144,48,9,bias_blind_kg,81.36,0.0,8.366083555341127,8.553915436577434,09
validation_tilt_025,False,0.5,0.25,5,144,48,9,bias_blind_kg,69.78,0.0,8.424538403981678,8.68655574679671,10
validation_tilt_025,False,0.5,0.25,5,144,48,9,bias_blind_kg,92.26,0.0,8.334849716547192,8.715625586193958,11
validation_tilt_025,False,0.5,0.25,5,144,48,9,bias_blind_kg,64.02,0.0,8.434915149420124,8.560529336304098,12
validation_tilt_025,False,0.5,0.25,5,144,48,9,bias_blind_kg,88.98,0.0,8.314607513413856,8.443810730882975,13
validation_tilt_025,False,0.5,0.25,5,144,48,9,bias_blind_kg,76.56,0.0,8.402131917930022,8.658482845451683,15
validation_tilt_025,False,0.5,0.25,5,144,48,9,bias_blind_kg,82.78,0.0,8.361704716101986,8.519994162288384,16
validation_tilt_025,False,0.5,0.25,5,144,48,9,bias_blind_kg,71.32,0.0,8.423801134312972,8.66492682427592,17
validation_tilt_025,False,0.5,0.25,5,144,48,9,bias_blind_kg,80.86,0.0,8.357493823198693,8.485706993363962,18
validation_tilt_025,False,0.5,0.25,5,144,48,9,bias_blind_kg,72.92,0.0,8.412811722979612,8.577984966753396,19
validation_tilt_025,False,0.5,0.25,5,144,48,9,bias_blind_kg,77.7,0.0,8.3728203869641,8.534743722050223,20
validation_tilt_025,False,0.5,0.25,5,144,48,9,bias_blind_kg,80.12,0.0,8.346009768114211,8.30594265577447,22
validation_tilt_025,False,0.5,0.25,5,144,48,9,bias_blind_kg,66.92,0.0,8.427691888056088,8.594057633792733,23
validation_tilt_025,False,0.5,0.25,5,144,48,9,bias_blind_kg,84.72,0.0,8.369279886540582,8.630635650276268,24
validation_tilt_025,False,0.5,0.25,5,144,48,9,bias_blind_kg,78.98,0.0,8.395933029901196,8.637808611816821,25
validation_tilt_025,False,0.5,0.25,5,144,48,9,bias_blind_kg,84.1,0.0,8.374822196524297,8.529325204961111,26
validation_tilt_025,False,0.5,0.25,5,144,48,9,bias_blind_kg,83.8,0.0,8.363571260470266,8.632127728901924,27
validation_tilt_025,False,0.5,0.25,5,144,48,9,bias_blind_kg,59.46,0.0,8.459555198808259,8.698599093531108,28
validation_tilt_025,False,0.5,0.25,5,144,48,9,bias_blind_kg,76.24,0.0,8.364531716242935,8.384601691143747,29
validation_tilt_025,False,0.5,0.25,5,144,48,9,bias_blind_kg,78.32,0.0,8.385113567528428,8.572748028227481,30
validation_tilt_025,False,0.5,0.25,5,144,48,9,bias_blind_kg,80.78,0.0,8.39202866709872,8.814423125346226,31
validation_tilt_025,False,0.5,0.25,5,144,48,9,bias_blind_kg,83.8,0.0,8.33641592916573,8.271645021645021,32
validation_tilt_025,False,0.5,0.25,5,144,48,9,bias_blind_kg,78.04,0.0,8.39770137312531,8.757779437391088,33
validation_tilt_025,False,0.5,0.25,5,144,48,9,bias_blind_kg,83.52,0.0,8.359776074885787,8.648255191607793,34
validation_tilt_025,False,0.5,0.25,5,144,48,9,bias_blind_kg,96.3,0.0,8.214238008965015,8.344547053649956,35
validation_tilt_025,False,0.5,0.25,5,144,48,9,bias_blind_kg,97.32,0.0,8.284787539827416,8.55199342375668,36
validation_tilt_025,False,0.5,0.25,5,144,48,9,bias_blind_kg,80.3,0.0,8.358682645068896,8.525340283811179,37
validation_tilt_025,False,0.5,0.25,5,144,48,9,bias_blind_kg,81.34,0.0,8.399461573467386,8.852889474840696,38
validation_tilt_025,False,0.5,0.25,5,144,48,9,bias_blind_kg,80.8,0.0,8.345110903639247,8.497960372960375,39
validation_tilt_025,False,0.5,0.25,5,144,48,9,bias_blind_kg,86.2,0.0,8.34179311401302,8.43805003460892,40
validation_tilt_025,False,0.5,0.25,5,144,48,9,bias_blind_kg,92.2,0.0,8.274975788404747,8.179193899782135,41
validation_tilt_025,False,0.5,0.25,5,144,48,9,bias_blind_kg,74.48,0.0,8.41454677539266,8.715135738192634,44
validation_tilt_025,False,0.5,0.25,5,144,48,9,bias_blind_kg,60.12,0.0,8.452838565767262,8.683043063859284,45
validation_tilt_025,False,0.5,0.25,5,144,48,9,bias_blind_kg,75.64,0.0,8.421238364712892,8.805004409171076,46
validation_tilt_025,False,0.5,0.25,5,144,48,9,bias_blind_kg,87.72,0.0,8.341455875216559,8.50069498069498,48
validation_tilt_025,False,0.5,0.25,5,144,48,9,bias_blind_kg,82.32,0.0,8.363803548743999,8.465273829827554,49
validation_tilt_025,False,0.5,0.25,5,144,48,9,bias_blind_kg,76.74,0.0,8.38687244427517,8.580938833570412,50
validation_tilt_025,False,0.5,0.25,5,144,48,9,bias_blind_kg,80.22,0.0,8.38740199683322,8.594168096054887,51
validation_tilt_025,False,0.5,0.25,5,144,48,9,bias_blind_kg,93.28,0.0,8.300175024965034,8.444160681032189,53
validation_tilt_025,False,0.5,0.25,5,144,48,9,bias_blind_kg,58.34,0.0,8.436108007776443,8.267142457318778,54
validation_tilt_025,False,0.5,0.25,5,144,48,9,bias_blind_kg,83.26,0.0,8.348674853802434,8.5075743170438,55
validation_tilt_025,False,0.5,0.25,5,144,48,9,bias_blind_kg,68.9,0.0,8.418092388540336,8.636943744752307,56
validation_tilt_025,False,0.5,0.25,5,144,48,9,ordinary_kg,73.56,0.0,8.55399518232559,8.35949741315595,01
validation_tilt_025,False,0.5,0.25,5,144,48,9,ordinary_kg,71.96,0.0,8.55815256964313,8.635873229939312,02
validation_tilt_025,False,0.5,0.25,5,144,48,9,ordinary_kg,89.7,0.0,8.555455734484411,8.519881085098477,04
validation_tilt_025,False,0.5,0.25,5,144,48,9,ordinary_kg,81.6,0.0,8.554302542274147,8.29320987654321,05
validation_tilt_025,False,0.5,0.25,5,144,48,9,ordinary_kg,87.24,0.0,8.554863003275761,8.431945521937767,06
validation_tilt_025,False,0.5,0.25,5,144,48,9,ordinary_kg,91.12,0.0,8.555757790492699,8.508233957978423,08
validation_tilt_025,False,0.5,0.25,5,144,48,9,ordinary_kg,88.74,0.0,8.556708731792932,8.553915436577434,09
validation_tilt_025,False,0.5,0.25,5,144,48,9,ordinary_kg,72.8,0.0,8.557945236063238,8.68655574679671,10
validation_tilt_025,False,0.5,0.25,5,144,48,9,ordinary_kg,82.12,0.0,8.557426401570645,8.715625586193958,11
validation_tilt_025,False,0.5,0.25,5,144,48,9,ordinary_kg,68.22,0.0,8.557364796675484,8.560529336304098,12
validation_tilt_025,False,0.5,0.25,5,144,48,9,ordinary_kg,90.28,0.0,8.554391773439077,8.443810730882975,13
validation_tilt_025,False,0.5,0.25,5,144,48,9,ordinary_kg,72.92,0.0,8.557959334536887,8.658482845451683,15
validation_tilt_025,False,0.5,0.25,5,144,48,9,ordinary_kg,88.28,0.0,8.55558020114266,8.519994162288384,16
validation_tilt_025,False,0.5,0.25,5,144,48,9,ordinary_kg,69.86,0.0,8.558189764496369,8.66492682427592,17
validation_tilt_025,False,0.5,0.25,5,144,48,9,ordinary_kg,88.54,0.0,8.555892717128769,8.485706993363962,18
validation_tilt_025,False,0.5,0.25,5,144,48,9,ordinary_kg,77.64,0.0,8.556974665928559,8.577984966753396,19
validation_tilt_025,False,0.5,0.25,5,144,48,9,ordinary_kg,88.08,0.0,8.556219431764152,8.534743722050223,20
validation_tilt_025,False,0.5,0.25,5,144,48,9,ordinary_kg,88.38,0.0,8.554487085615605,8.30594265577447,22
validation_tilt_025,False,0.5,0.25,5,144,48,9,ordinary_kg,70.58,0.0,8.557906497966803,8.594057633792733,23
validation_tilt_025,False,0.5,0.25,5,144,48,9,ordinary_kg,88.36,0.0,8.557471520689415,8.630635650276268,24
validation_tilt_025,False,0.5,0.25,5,144,48,9,ordinary_kg,78.36,0.0,8.55760864156734,8.637808611816821,25
validation_tilt_025,False,0.5,0.25,5,144,48,9,ordinary_kg,82.72,0.0,8.556367836503131,8.529325204961111,26
validation_tilt_025,False,0.5,0.25,5,144,48,9,ordinary_kg,85.58,0.0,8.557171546831661,8.632127728901924,27
validation_tilt_025,False,0.5,0.25,5,144,48,9,ordinary_kg,54.5,0.0,8.558245881171272,8.698599093531108,28
validation_tilt_025,False,0.5,0.25,5,144,48,9,ordinary_kg,95.3,0.0,8.554630397948358,8.384601691143747,29
validation_tilt_025,False,0.5,0.25,5,144,48,9,ordinary_kg,81.44,0.0,8.556714500131532,8.572748028227481,30
validation_tilt_025,False,0.5,0.25,5,144,48,9,ordinary_kg,73.82,0.0,8.558692311998785,8.814423125346226,31
validation_tilt_025,False,0.5,0.25,5,144,48,9,ordinary_kg,91.14,0.0,8.554051832310527,8.271645021645021,32
validation_tilt_025,False,0.5,0.25,5,144,48,9,ordinary_kg,74.74,0.0,8.558612951588232,8.757779437391088,33
validation_tilt_025,False,0.5,0.25,5,144,48,9,ordinary_kg,80.26,0.0,8.557195678651647,8.648255191607793,34
validation_tilt_025,False,0.5,0.25,5,144,48,9,ordinary_kg,61.74,0.0,8.551703033752968,8.344547053649956,35
validation_tilt_025,False,0.5,0.25,5,144,48,9,ordinary_kg,83.1,0.0,8.55420887654234,8.55199342375668,36
validation_tilt_025,False,0.5,0.25,5,144,48,9,ordinary_kg,85.24,0.0,8.555803736213628,8.525340283811179,37
validation_tilt_025,False,0.5,0.25,5,144,48,9,ordinary_kg,68.04,0.0,8.559238506830471,8.852889474840696,38
validation_tilt_025,False,0.5,0.25,5,144,48,9,ordinary_kg,87.34,0.0,8.555371572246177,8.497960372960375,39
validation_tilt_025,False,0.5,0.25,5,144,48,9,ordinary_kg,89.78,0.0,8.55548654180167,8.43805003460892,40
validation_tilt_025,False,0.5,0.25,5,144,48,9,ordinary_kg,74.18,0.0,8.552657143760895,8.179193899782135,41
validation_tilt_025,False,0.5,0.25,5,144,48,9,ordinary_kg,72.58,0.0,8.55784074690011,8.715135738192634,44
validation_tilt_025,False,0.5,0.25,5,144,48,9,ordinary_kg,61.98,0.0,8.559463881715264,8.683043063859284,45
validation_tilt_025,False,0.5,0.25,5,144,48,9,ordinary_kg,63.78,0.0,8.559022163605356,8.805004409171076,46
validation_tilt_025,False,0.5,0.25,5,144,48,9,ordinary_kg,82.64,0.0,8.556420302047812,8.50069498069498,48
validation_tilt_025,False,0.5,0.25,5,144,48,9,ordinary_kg,90.58,0.0,8.55592210389943,8.465273829827554,49
validation_tilt_025,False,0.5,0.25,5,144,48,9,ordinary_kg,83.12,0.0,8.557499862695652,8.580938833570412,50
validation_tilt_025,False,0.5,0.25,5,144,48,9,ordinary_kg,75.34,0.0,8.557792172502285,8.594168096054887,51
validation_tilt_025,False,0.5,0.25,5,144,48,9,ordinary_kg,87.34,0.0,8.554088595562597,8.444160681032189,53
validation_tilt_025,False,0.5,0.25,5,144,48,9,ordinary_kg,83.04,0.0,8.555463662686815,8.267142457318778,54
validation_tilt_025,False,0.5,0.25,5,144,48,9,ordinary_kg,88.12,0.0,8.555784841291405,8.5075743170438,55
validation_tilt_025,False,0.5,0.25,5,144,48,9,ordinary_kg,74.22,0.0,8.558115681541718,8.636943744752307,56
validation_tilt_025,False,0.5,0.25,5,144,48,9,two_channel_uniform,29.8,9.68,8.549153241135878,8.35949741315595,01
validation_tilt_025,False,0.5,0.25,5,144,48,9,two_channel_uniform,30.78,9.54,8.556029767032832,8.635873229939312,02
validation_tilt_025,False,0.5,0.25,5,144,48,9,two_channel_uniform,30.84,10.1,8.550251676107564,8.519881085098477,04
validation_tilt_025,False,0.5,0.25,5,144,48,9,two_channel_uniform,30.68,9.76,8.546942427233938,8.29320987654321,05
validation_tilt_025,False,0.5,0.25,5,144,48,9,two_channel_uniform,30.54,9.14,8.547386241414728,8.431945521937767,06
validation_tilt_025,False,0.5,0.25,5,144,48,9,two_channel_uniform,30.48,9.5,8.550624503267843,8.508233957978423,08
validation_tilt_025,False,0.5,0.25,5,144,48,9,two_channel_uniform,31.32,10.24,8.552147068347894,8.553915436577434,09
validation_tilt_025,False,0.5,0.25,5,144,48,9,two_channel_uniform,30.92,9.82,8.556062203224188,8.68655574679671,10
validation_tilt_025,False,0.5,0.25,5,144,48,9,two_channel_uniform,30.9,10.38,8.560331176193788,8.715625586193958,11
validation_tilt_025,False,0.5,0.25,5,144,48,9,two_channel_uniform,29.78,9.64,8.554793702113592,8.560529336304098,12
validation_tilt_025,False,0.5,0.25,5,144,48,9,two_channel_uniform,31.5,9.74,8.549409067268604,8.443810730882975,13
validation_tilt_025,False,0.5,0.25,5,144,48,9,two_channel_uniform,31.0,9.18,8.55637650530714,8.658482845451683,15
validation_tilt_025,False,0.5,0.25,5,144,48,9,two_channel_uniform,31.12,9.5,8.550644575263934,8.519994162288384,16
validation_tilt_025,False,0.5,0.25,5,144,48,9,two_channel_uniform,30.28,9.74,8.556838055003762,8.66492682427592,17
validation_tilt_025,False,0.5,0.25,5,144,48,9,two_channel_uniform,31.44,9.56,8.549831951604661,8.485706993363962,18
validation_tilt_025,False,0.5,0.25,5,144,48,9,two_channel_uniform,31.4,10.02,8.553906205021972,8.577984966753396,19
validation_tilt_025,False,0.5,0.25,5,144,48,9,two_channel_uniform,30.76,9.68,8.549071842292788,8.534743722050223,20
validation_tilt_025,False,0.5,0.25,5,144,48,9,two_channel_uniform,30.8,9.72,8.546988487798757,8.30594265577447,22
validation_tilt_025,False,0.5,0.25,5,144,48,9,two_channel_uniform,31.56,9.36,8.554821179380784,8.594057633792733,23
validation_tilt_025,False,0.5,0.25,5,144,48,9,two_channel_uniform,30.2,9.82,8.553530101696586,8.630635650276268,24
validation_tilt_025,False,0.5,0.25,5,144,48,9,two_channel_uniform,30.44,9.9,8.555102569158226,8.637808611816821,25
validation_tilt_025,False,0.5,0.25,5,144,48,9,two_channel_uniform,30.46,9.72,8.551578229598869,8.529325204961111,26
validation_tilt_025,False,0.5,0.25,5,144,48,9,two_channel_uniform,30.96,10.84,8.555068782288783,8.632127728901924,27
validation_tilt_025,False,0.5,0.25,5,144,48,9,two_channel_uniform,31.58,10.08,8.557586160546714,8.698599093531108,28
validation_tilt_025,False,0.5,0.25,5,144,48,9,two_channel_uniform,31.12,9.74,8.545493409680414,8.384601691143747,29
validation_tilt_025,False,0.5,0.25,5,144,48,9,two_channel_uniform,30.32,8.42,8.554106882200646,8.572748028227481,30
validation_tilt_025,False,0.5,0.25,5,144,48,9,two_channel_uniform,30.36,9.82,8.560327105351854,8.814423125346226,31
validation_tilt_025,False,0.5,0.25,5,144,48,9,two_channel_uniform,29.38,9.98,8.544719387254704,8.271645021645021,32
validation_tilt_025,False,0.5,0.25,5,144,48,9,two_channel_uniform,31.36,9.84,8.557254810716055,8.757779437391088,33
validation_tilt_025,False,0.5,0.25,5,144,48,9,two_channel_uniform,30.14,9.46,8.55436407686301,8.648255191607793,34
validation_tilt_025,False,0.5,0.25,5,144,48,9,two_channel_uniform,30.74,9.56,8.542491265959733,8.344547053649956,35
validation_tilt_025,False,0.5,0.25,5,144,48,9,two_channel_uniform,31.06,10.88,8.54937241044952,8.55199342375668,36
validation_tilt_025,False,0.5,0.25,5,144,48,9,two_channel_uniform,30.38,9.84,8.549964028134976,8.525340283811179,37
validation_tilt_025,False,0.5,0.25,5,144,48,9,two_channel_uniform,31.38,10.4,8.563484940955423,8.852889474840696,38
validation_tilt_025,False,0.5,0.25,5,144,48,9,two_channel_uniform,30.44,11.22,8.551321292165797,8.497960372960375,39
validation_tilt_025,False,0.5,0.25,5,144,48,9,two_channel_uniform,31.5,10.16,8.549209329167283,8.43805003460892,40
validation_tilt_025,False,0.5,0.25,5,144,48,9,two_channel_uniform,30.14,9.68,8.54130704924934,8.179193899782135,41
validation_tilt_025,False,0.5,0.25,5,144,48,9,two_channel_uniform,31.14,10.4,8.557654257093116,8.715135738192634,44
validation_tilt_025,False,0.5,0.25,5,144,48,9,two_channel_uniform,30.42,9.24,8.556640686328182,8.683043063859284,45
validation_tilt_025,False,0.5,0.25,5,144,48,9,two_channel_uniform,30.54,9.96,8.557627058760296,8.805004409171076,46
validation_tilt_025,False,0.5,0.25,5,144,48,9,two_channel_uniform,31.24,9.48,8.551416564553119,8.50069498069498,48
validation_tilt_025,False,0.5,0.25,5,144,48,9,two_channel_uniform,30.68,10.12,8.549654842421216,8.465273829827554,49
validation_tilt_025,False,0.5,0.25,5,144,48,9,two_channel_uniform,31.54,10.02,8.553177145138768,8.580938833570412,50
validation_tilt_025,False,0.5,0.25,5,144,48,9,two_channel_uniform,30.46,9.94,8.553969319969504,8.594168096054887,51
validation_tilt_025,False,0.5,0.25,5,144,48,9,two_channel_uniform,30.88,9.98,8.545094434576622,8.444160681032189,53
validation_tilt_025,False,0.5,0.25,5,144,48,9,two_channel_uniform,30.76,9.86,8.54713358163182,8.267142457318778,54
validation_tilt_025,False,0.5,0.25,5,144,48,9,two_channel_uniform,30.48,10.08,8.549581092249312,8.5075743170438,55
validation_tilt_025,False,0.5,0.25,5,144,48,9,two_channel_uniform,30.5,9.96,8.555982766257072,8.636943744752307,56
validation_tilt_025,False,0.5,0.25,5,144,48,9,balanced_mix,49.48,6.0,8.54866540874558,8.35949741315595,01
validation_tilt_025,False,0.5,0.25,5,144,48,9,balanced_mix,49.48,5.68,8.556404467532763,8.635873229939312,02
validation_tilt_025,False,0.5,0.25,5,144,48,9,balanced_mix,51.24,6.1,8.551246813789726,8.519881085098477,04
validation_tilt_025,False,0.5,0.25,5,144,48,9,balanced_mix,51.7,5.92,8.550113926538154,8.29320987654321,05
validation_tilt_025,False,0.5,0.25,5,144,48,9,balanced_mix,49.22,5.44,8.551114197674783,8.431945521937767,06
validation_tilt_025,False,0.5,0.25,5,144,48,9,balanced_mix,51.6,6.06,8.552830223854217,8.508233957978423,08
validation_tilt_025,False,0.5,0.25,5,144,48,9,balanced_mix,50.88,5.54,8.554305957127756,8.553915436577434,09
validation_tilt_025,False,0.5,0.25,5,144,48,9,balanced_mix,50.6,5.56,8.557410100528905,8.68655574679671,10
validation_tilt_025,False,0.5,0.25,5,144,48,9,balanced_mix,50.32,5.8,8.558942466651326,8.715625586193958,11
validation_tilt_025,False,0.5,0.25,5,144,48,9,balanced_mix,50.96,6.1,8.554078148846562,8.560529336304098,12
validation_tilt_025,False,0.5,0.25,5,144,48,9,balanced_mix,50.54,6.02,8.551347271017073,8.443810730882975,13
validation_tilt_025,False,0.5,0.25,5,144,48,9,balanced_mix,50.42,5.96,8.556115987755843,8.658482845451683,15
validation_tilt_025,False,0.5,0.25,5,144,48,9,balanced_mix,49.94,6.06,8.553709737602341,8.519994162288384,16
validation_tilt_025,False,0.5,0.25,5,144,48,9,balanced_mix,50.54,5.34,8.555505317782083,8.66492682427592,17
validation_tilt_025,False,0.5,0.25,5,144,48,9,balanced_mix,50.78,6.22,8.552775990650183,8.485706993363962,18
validation_tilt_025,False,0.5,0.25,5,144,48,9,balanced_mix,50.24,6.1,8.555009391276554,8.577984966753396,19
validation_tilt_025,False,0.5,0.25,5,144,48,9,balanced_mix,50.08,5.44,8.55329111062116,8.534743722050223,20
validation_tilt_025,False,0.5,0.25,5,144,48,9,balanced_mix,49.92,5.76,8.550172334493487,8.30594265577447,22
validation_tilt_025,False,0.5,0.25,5,144,48,9,balanced_mix,51.88,5.36,8.556467996716426,8.594057633792733,23
validation_tilt_025,False,0.5,0.25,5,144,48,9,balanced_mix,50.28,6.04,8.55617855963916,8.630635650276268,24
validation_tilt_025,False,0.5,0.25,5,144,48,9,balanced_mix,49.46,6.16,8.556678387758238,8.637808611816821,25
validation_tilt_025,False,0.5,0.25,5,144,48,9,balanced_mix,51.34,5.46,8.554053548903582,8.529325204961111,26
validation_tilt_025,False,0.5,0.25,5,144,48,9,balanced_mix,50.28,5.66,8.556404578713819,8.632127728901924,27
validation_tilt_025,False,0.5,0.25,5,144,48,9,balanced_mix,50.0,5.68,8.558111251756305,8.698599093531108,28
validation_tilt_025,False,0.5,0.25,5,144,48,9,balanced_mix,50.14,6.48,8.550043377126551,8.384601691143747,29
validation_tilt_025,False,0.5,0.25,5,144,48,9,balanced_mix,51.24,5.72,8.554021897799437,8.572748028227481,30
validation_tilt_025,False,0.5,0.25,5,144,48,9,balanced_mix,49.92,5.92,8.559541804723942,8.814423125346226,31
validation_tilt_025,False,0.5,0.25,5,144,48,9,balanced_mix,51.04,5.7,8.547360148140257,8.271645021645021,32
validation_tilt_025,False,0.5,0.25,5,144,48,9,balanced_mix,50.02,6.64,8.558684147336011,8.757779437391088,33
validation_tilt_025,False,0.5,0.25,5,144,48,9,balanced_mix,50.16,5.3,8.556752973430429,8.648255191607793,34
validation_tilt_025,False,0.5,0.25,5,144,48,9,balanced_mix,51.24,5.84,8.546127714090952,8.344547053649956,35
validation_tilt_025,False,0.5,0.25,5,144,48,9,balanced_mix,51.9,6.06,8.552455453390838,8.55199342375668,36
validation_tilt_025,False,0.5,0.25,5,144,48,9,balanced_mix,50.32,5.96,8.553481136624129,8.525340283811179,37
validation_tilt_025,False,0.5,0.25,5,144,48,9,balanced_mix,50.86,5.84,8.561425283423581,8.852889474840696,38
validation_tilt_025,False,0.5,0.25,5,144,48,9,balanced_mix,50.02,6.28,8.553163086080048,8.497960372960375,39
validation_tilt_025,False,0.5,0.25,5,144,48,9,balanced_mix,51.86,6.78,8.549809470146004,8.43805003460892,40
validation_tilt_025,False,0.5,0.25,5,144,48,9,balanced_mix,50.94,5.84,8.546928556568368,8.179193899782135,41
validation_tilt_025,False,0.5,0.25,5,144,48,9,balanced_mix,50.4,5.44,8.558227598995778,8.715135738192634,44
validation_tilt_025,False,0.5,0.25,5,144,48,9,balanced_mix,50.46,5.72,8.558591950431783,8.683043063859284,45
validation_tilt_025,False,0.5,0.25,5,144,48,9,balanced_mix,51.34,6.2,8.558247467284314,8.805004409171076,46
validation_tilt_025,False,0.5,0.25,5,144,48,9,balanced_mix,49.44,6.0,8.554660471672477,8.50069498069498,48
validation_tilt_025,False,0.5,0.25,5,144,48,9,balanced_mix,50.24,5.66,8.553153183306975,8.465273829827554,49
validation_tilt_025,False,0.5,0.25,5,144,48,9,balanced_mix,50.46,6.48,8.55279371577047,8.580938833570412,50
validation_tilt_025,False,0.5,0.25,5,144,48,9,balanced_mix,50.52,5.92,8.556277608537421,8.594168096054887,51
validation_tilt_025,False,0.5,0.25,5,144,48,9,balanced_mix,51.48,5.98,8.55157736707832,8.444160681032189,53
validation_tilt_025,False,0.5,0.25,5,144,48,9,balanced_mix,50.6,6.08,8.549536129759014,8.267142457318778,54
validation_tilt_025,False,0.5,0.25,5,144,48,9,balanced_mix,49.92,6.1,8.55262319413347,8.5075743170438,55
validation_tilt_025,False,0.5,0.25,5,144,48,9,balanced_mix,51.4,5.18,8.555976705201502,8.636943744752307,56
validation_tilt_025,False,0.5,0.25,5,144,48,9,validation_only,20.0,11.86,8.547101419694599,8.35949741315595,01
validation_tilt_025,False,0.5,0.25,5,144,48,9,validation_only,20.0,11.52,8.553282979033455,8.635873229939312,02
validation_tilt_025,False,0.5,0.25,5,144,48,9,validation_only,20.0,12.06,8.54770221526891,8.519881085098477,04
validation_tilt_025,False,0.5,0.25,5,144,48,9,validation_only,20.0,11.44,8.54464893578753,8.29320987654321,05
validation_tilt_025,False,0.5,0.25,5,144,48,9,validation_only,20.0,11.12,8.54543920612353,8.431945521937767,06
validation_tilt_025,False,0.5,0.25,5,144,48,9,validation_only,20.0,11.32,8.550277006418586,8.508233957978423,08
validation_tilt_025,False,0.5,0.25,5,144,48,9,validation_only,20.0,11.14,8.551209250597491,8.553915436577434,09
validation_tilt_025,False,0.5,0.25,5,144,48,9,validation_only,20.0,10.68,8.556421357477221,8.68655574679671,10
validation_tilt_025,False,0.5,0.25,5,144,48,9,validation_only,20.0,11.84,8.5594698669561,8.715625586193958,11
validation_tilt_025,False,0.5,0.25,5,144,48,9,validation_only,20.0,11.1,8.552417335600097,8.560529336304098,12
validation_tilt_025,False,0.5,0.25,5,144,48,9,validation_only,20.0,12.46,8.547641331800238,8.443810730882975,13
validation_tilt_025,False,0.5,0.25,5,144,48,9,validation_only,20.0,11.08,8.556422286600966,8.658482845451683,15
validation_tilt_025,False,0.5,0.25,5,144,48,9,validation_only,20.0,11.28,8.550205655689956,8.519994162288384,16
validation_tilt_025,False,0.5,0.25,5,144,48,9,validation_only,20.0,11.0,8.555575523054303,8.66492682427592,17
validation_tilt_025,False,0.5,0.25,5,144,48,9,validation_only,20.0,12.02,8.547751220854787,8.485706993363962,18
validation_tilt_025,False,0.5,0.25,5,144,48,9,validation_only,20.0,12.46,8.552078700961097,8.577984966753396,19
validation_tilt_025,False,0.5,0.25,5,144,48,9,validation_only,20.0,10.68,8.549250145618805,8.534743722050223,20
validation_tilt_025,False,0.5,0.25,5,144,48,9,validation_only,20.0,11.56,8.545642088184843,8.30594265577447,22
validation_tilt_025,False,0.5,0.25,5,144,48,9,validation_only,20.0,11.14,8.554964074463212,8.594057633792733,23
validation_tilt_025,False,0.5,0.25,5,144,48,9,validation_only,20.0,11.6,8.553586716313644,8.630635650276268,24
validation_tilt_025,False,0.5,0.25,5,144,48,9,validation_only,20.0,11.98,8.555206759124932,8.637808611816821,25
validation_tilt_025,False,0.5,0.25,5,144,48,9,validation_only,20.0,10.92,8.550283891300511,8.529325204961111,26
validation_tilt_025,False,0.5,0.25,5,144,48,9,validation_only,20.0,12.62,8.554241774407373,8.632127728901924,27
validation_tilt_025,False,0.5,0.25,5,144,48,9,validation_only,20.0,11.72,8.556976136911999,8.698599093531108,28
validation_tilt_025,False,0.5,0.25,5,144,48,9,validation_only,20.0,11.52,8.545879448358079,8.384601691143747,29
validation_tilt_025,False,0.5,0.25,5,144,48,9,validation_only,20.0,10.74,8.552034750030385,8.572748028227481,30
validation_tilt_025,False,0.5,0.25,5,144,48,9,validation_only,20.0,11.96,8.562173898150508,8.814423125346226,31
validation_tilt_025,False,0.5,0.25,5,144,48,9,validation_only,20.0,11.08,8.543044615902634,8.271645021645021,32
validation_tilt_025,False,0.5,0.25,5,144,48,9,validation_only,20.0,11.86,8.556252505109178,8.757779437391088,33
validation_tilt_025,False,0.5,0.25,5,144,48,9,validation_only,20.0,11.18,8.553218313673113,8.648255191607793,34
validation_tilt_025,False,0.5,0.25,5,144,48,9,validation_only,20.0,11.28,8.541258971317566,8.344547053649956,35
validation_tilt_025,False,0.5,0.25,5,144,48,9,validation_only,20.0,12.52,8.548278013368021,8.55199342375668,36
validation_tilt_025,False,0.5,0.25,5,144,48,9,validation_only,20.0,12.38,8.548981066450382,8.525340283811179,37
validation_tilt_025,False,0.5,0.25,5,144,48,9,validation_only,20.0,11.64,8.564622678408197,8.852889474840696,38
validation_tilt_025,False,0.5,0.25,5,144,48,9,validation_only,20.0,13.5,8.548077184205239,8.497960372960375,39
validation_tilt_025,False,0.5,0.25,5,144,48,9,validation_only,20.0,11.28,8.547770072338173,8.43805003460892,40
validation_tilt_025,False,0.5,0.25,5,144,48,9,validation_only,20.0,12.04,8.538087643429437,8.179193899782135,41
validation_tilt_025,False,0.5,0.25,5,144,48,9,validation_only,20.0,12.26,8.558243036612541,8.715135738192634,44
validation_tilt_025,False,0.5,0.25,5,144,48,9,validation_only,20.0,11.04,8.55708179126972,8.683043063859284,45
validation_tilt_025,False,0.5,0.25,5,144,48,9,validation_only,20.0,12.02,8.559584273374545,8.805004409171076,46
validation_tilt_025,False,0.5,0.25,5,144,48,9,validation_only,20.0,12.08,8.551107090612248,8.50069498069498,48
validation_tilt_025,False,0.5,0.25,5,144,48,9,validation_only,20.0,11.42,8.549579576860896,8.465273829827554,49
validation_tilt_025,False,0.5,0.25,5,144,48,9,validation_only,20.0,12.4,8.551701522949097,8.580938833570412,50
validation_tilt_025,False,0.5,0.25,5,144,48,9,validation_only,20.0,11.92,8.55456658836563,8.594168096054887,51
validation_tilt_025,False,0.5,0.25,5,144,48,9,validation_only,20.0,11.84,8.545989406899047,8.444160681032189,53
validation_tilt_025,False,0.5,0.25,5,144,48,9,validation_only,20.0,11.94,8.545235331787223,8.267142457318778,54
validation_tilt_025,False,0.5,0.25,5,144,48,9,validation_only,20.0,11.6,8.548793856872697,8.5075743170438,55
validation_tilt_025,False,0.5,0.25,5,144,48,9,validation_only,20.0,11.9,8.554885302176729,8.636943744752307,56
validation_tilt_025,False,0.5,0.25,5,144,48,9,two_channel_kg,21.66,11.88,8.543745322575944,8.35949741315595,01
validation_tilt_025,False,0.5,0.25,5,144,48,9,two_channel_kg,21.02,11.58,8.551620445044355,8.635873229939312,02
validation_tilt_025,False,0.5,0.25,5,144,48,9,two_channel_kg,21.46,13.14,8.545363699475699,8.519881085098477,04
validation_tilt_025,False,0.5,0.25,5,144,48,9,two_channel_kg,22.38,10.06,8.546167786237328,8.29320987654321,05
validation_tilt_025,False,0.5,0.25,5,144,48,9,two_channel_kg,21.46,13.02,8.545947087739343,8.431945521937767,06
validation_tilt_025,False,0.5,0.25,5,144,48,9,two_channel_kg,21.76,12.82,8.547692500692621,8.508233957978423,08
validation_tilt_025,False,0.5,0.25,5,144,48,9,two_channel_kg,21.28,12.84,8.549109253941962,8.553915436577434,09
validation_tilt_025,False,0.5,0.25,5,144,48,9,two_channel_kg,21.34,10.6,8.555900827425276,8.68655574679671,10
validation_tilt_025,False,0.5,0.25,5,144,48,9,two_channel_kg,21.0,14.9,8.554988566158645,8.715625586193958,11
validation_tilt_025,False,0.5,0.25,5,144,48,9,two_channel_kg,22.3,8.8,8.554063727991906,8.560529336304098,12
validation_tilt_025,False,0.5,0.25,5,144,48,9,two_channel_kg,21.14,13.28,8.545611123065248,8.443810730882975,13
validation_tilt_025,False,0.5,0.25,5,144,48,9,two_channel_kg,21.4,10.96,8.554503564857844,8.658482845451683,15
validation_tilt_025,False,0.5,0.25,5,144,48,9,two_channel_kg,21.46,11.94,8.549454245262499,8.519994162288384,16
validation_tilt_025,False,0.5,0.25,5,144,48,9,two_channel_kg,21.38,10.46,8.552798109475363,8.66492682427592,17
validation_tilt_025,False,0.5,0.25,5,144,48,9,two_channel_kg,21.4,11.5,8.549335498856133,8.485706993363962,18
validation_tilt_025,False,0.5,0.25,5,144,48,9,two_channel_kg,21.98,11.12,8.549996089850222,8.577984966753396,19
validation_tilt_025,False,0.5,0.25,5,144,48,9,two_channel_kg,21.5,12.24,8.547757336178034,8.534743722050223,20
validation_tilt_025,False,0.5,0.25,5,144,48,9,two_channel_kg,23.18,9.12,8.54872067601391,8.30594265577447,22
validation_tilt_025,False,0.5,0.25,5,144,48,9,two_channel_kg,21.52,10.54,8.554030787897217,8.594057633792733,23
validation_tilt_025,False,0.5,0.25,5,144,48,9,two_channel_kg,21.08,12.38,8.551542432366023,8.630635650276268,24
validation_tilt_025,False,0.5,0.25,5,144,48,9,two_channel_kg,21.4,12.04,8.5525738294774,8.637808611816821,25
validation_tilt_025,False,0.5,0.25,5,144,48,9,two_channel_kg,21.94,11.14,8.549779439380822,8.529325204961111,26
validation_tilt_025,False,0.5,0.25,5,144,48,9,two_channel_kg,21.24,13.58,8.550098098049196,8.632127728901924,27
validation_tilt_025,False,0.5,0.25,5,144,48,9,two_channel_kg,22.14,9.48,8.555322301472692,8.698599093531108,28
validation_tilt_025,False,0.5,0.25,5,144,48,9,two_channel_kg,23.04,10.1,8.547115070698752,8.384601691143747,29
validation_tilt_025,False,0.5,0.25,5,144,48,9,two_channel_kg,21.46,10.8,8.550300992954233,8.572748028227481,30
validation_tilt_025,False,0.5,0.25,5,144,48,9,two_channel_kg,20.78,12.64,8.553784697603511,8.814423125346226,31
validation_tilt_025,False,0.5,0.25,5,144,48,9,two_channel_kg,23.86,8.92,8.545221231482163,8.271645021645021,32
validation_tilt_025,False,0.5,0.25,5,144,48,9,two_channel_kg,21.12,12.56,8.55431197070538,8.757779437391088,33
validation_tilt_025,False,0.5,0.25,5,144,48,9,two_channel_kg,21.1,12.96,8.551275155528774,8.648255191607793,34
validation_tilt_025,False,0.5,0.25,5,144,48,9,two_channel_kg,21.14,13.98,8.538045835618854,8.344547053649956,35
validation_tilt_025,False,0.5,0.25,5,144,48,9,two_channel_kg,21.36,13.92,8.547970897645792,8.55199342375668,36
validation_tilt_025,False,0.5,0.25,5,144,48,9,two_channel_kg,21.82,11.88,8.548014623914268,8.525340283811179,37
validation_tilt_025,False,0.5,0.25,5,144,48,9,two_channel_kg,20.72,13.92,8.558278922717141,8.852889474840696,38
validation_tilt_025,False,0.5,0.25,5,144,48,9,two_channel_kg,21.38,11.6,8.548933742280667,8.497960372960375,39
validation_tilt_025,False,0.5,0.25,5,144,48,9,two_channel_kg,21.84,11.68,8.545870844039202,8.43805003460892,40
validation_tilt_025,False,0.5,0.25,5,144,48,9,two_channel_kg,22.42,12.66,8.541676146979324,8.179193899782135,41
validation_tilt_025,False,0.5,0.25,5,144,48,9,two_channel_kg,21.22,13.84,8.552534283550711,8.715135738192634,44
validation_tilt_025,False,0.5,0.25,5,144,48,9,two_channel_kg,21.24,10.18,8.554550090521701,8.683043063859284,45
validation_tilt_025,False,0.5,0.25,5,144,48,9,two_channel_kg,21.34,11.8,8.556218481719775,8.805004409171076,46
validation_tilt_025,False,0.5,0.25,5,144,48,9,two_channel_kg,21.42,11.42,8.550069126842534,8.50069498069498,48
validation_tilt_025,False,0.5,0.25,5,144,48,9,two_channel_kg,21.9,11.98,8.548544978413252,8.465273829827554,49
validation_tilt_025,False,0.5,0.25,5,144,48,9,two_channel_kg,21.52,12.5,8.54985501068253,8.580938833570412,50
validation_tilt_025,False,0.5,0.25,5,144,48,9,two_channel_kg,20.98,11.38,8.550074146532856,8.594168096054887,51
validation_tilt_025,False,0.5,0.25,5,144,48,9,two_channel_kg,21.36,13.74,8.543024660835002,8.444160681032189,53
validation_tilt_025,False,0.5,0.25,5,144,48,9,two_channel_kg,26.3,1.26,8.554792897890822,8.267142457318778,54
validation_tilt_025,False,0.5,0.25,5,144,48,9,two_channel_kg,21.32,12.68,8.54755631523055,8.5075743170438,55
validation_tilt_025,False,0.5,0.25,5,144,48,9,two_channel_kg,20.94,12.18,8.55176054685485,8.636943744752307,56
