analysis_stage,scenario,weighted,kappa,validation_kappa,audit_cost,budget,units,k,policy,state,ordinary_count_mean,validation_count_mean,mean_estimate,reference
post_primary_exploratory,unweighted_tilt_05,False,0.5,0.0,5,48,48,9,ordinary_kg,01,38.8,0.0,8.555174205772918,8.35949741315595
post_primary_exploratory,unweighted_tilt_05,False,0.5,0.0,5,48,48,9,ordinary_kg,02,40.2,0.0,8.557168895756899,8.635873229939312
post_primary_exploratory,unweighted_tilt_05,False,0.5,0.0,5,48,48,9,ordinary_kg,04,40.04,0.0,8.556859487320494,8.519881085098477
post_primary_exploratory,unweighted_tilt_05,False,0.5,0.0,5,48,48,9,ordinary_kg,05,42.04,0.0,8.554700757412043,8.29320987654321
post_primary_exploratory,unweighted_tilt_05,False,0.5,0.0,5,48,48,9,ordinary_kg,06,42.16,0.0,8.554528627772914,8.431945521937767
post_primary_exploratory,unweighted_tilt_05,False,0.5,0.0,5,48,48,9,ordinary_kg,08,41.0,0.0,8.556480352622463,8.508233957978423
post_primary_exploratory,unweighted_tilt_05,False,0.5,0.0,5,48,48,9,ordinary_kg,09,40.0,0.0,8.556488210077388,8.553915436577434
post_primary_exploratory,unweighted_tilt_05,False,0.5,0.0,5,48,48,9,ordinary_kg,10,37.6,0.0,8.558262949891418,8.68655574679671
post_primary_exploratory,unweighted_tilt_05,False,0.5,0.0,5,48,48,9,ordinary_kg,11,41.0,0.0,8.558303870305398,8.715625586193958
post_primary_exploratory,unweighted_tilt_05,False,0.5,0.0,5,48,48,9,ordinary_kg,12,33.56,0.0,8.558555322728735,8.560529336304098
post_primary_exploratory,unweighted_tilt_05,False,0.5,0.0,5,48,48,9,ordinary_kg,13,41.4,0.0,8.55565483526163,8.443810730882975
post_primary_exploratory,unweighted_tilt_05,False,0.5,0.0,5,48,48,9,ordinary_kg,15,37.92,0.0,8.557977361980692,8.658482845451683
post_primary_exploratory,unweighted_tilt_05,False,0.5,0.0,5,48,48,9,ordinary_kg,16,41.72,0.0,8.556315092036947,8.519994162288384
post_primary_exploratory,unweighted_tilt_05,False,0.5,0.0,5,48,48,9,ordinary_kg,17,40.76,0.0,8.55777387738283,8.66492682427592
post_primary_exploratory,unweighted_tilt_05,False,0.5,0.0,5,48,48,9,ordinary_kg,18,40.88,0.0,8.556755044662244,8.485706993363962
post_primary_exploratory,unweighted_tilt_05,False,0.5,0.0,5,48,48,9,ordinary_kg,19,39.28,0.0,8.557297235812122,8.577984966753396
post_primary_exploratory,unweighted_tilt_05,False,0.5,0.0,5,48,48,9,ordinary_kg,20,42.56,0.0,8.557001902972482,8.534743722050223
post_primary_exploratory,unweighted_tilt_05,False,0.5,0.0,5,48,48,9,ordinary_kg,22,42.24,0.0,8.554694743318668,8.30594265577447
post_primary_exploratory,unweighted_tilt_05,False,0.5,0.0,5,48,48,9,ordinary_kg,23,37.44,0.0,8.55710810009895,8.594057633792733
post_primary_exploratory,unweighted_tilt_05,False,0.5,0.0,5,48,48,9,ordinary_kg,24,40.92,0.0,8.55792016248973,8.630635650276268
post_primary_exploratory,unweighted_tilt_05,False,0.5,0.0,5,48,48,9,ordinary_kg,25,37.6,0.0,8.558490306413868,8.637808611816821
post_primary_exploratory,unweighted_tilt_05,False,0.5,0.0,5,48,48,9,ordinary_kg,26,40.0,0.0,8.55627411590572,8.529325204961111
post_primary_exploratory,unweighted_tilt_05,False,0.5,0.0,5,48,48,9,ordinary_kg,27,40.44,0.0,8.557511763227554,8.632127728901924
post_primary_exploratory,unweighted_tilt_05,False,0.5,0.0,5,48,48,9,ordinary_kg,28,32.48,0.0,8.558719737188829,8.698599093531108
post_primary_exploratory,unweighted_tilt_05,False,0.5,0.0,5,48,48,9,ordinary_kg,29,41.04,0.0,8.554998796830557,8.384601691143747
post_primary_exploratory,unweighted_tilt_05,False,0.5,0.0,5,48,48,9,ordinary_kg,30,41.04,0.0,8.557240399373448,8.572748028227481
post_primary_exploratory,unweighted_tilt_05,False,0.5,0.0,5,48,48,9,ordinary_kg,31,35.92,0.0,8.560151376894307,8.814423125346226
post_primary_exploratory,unweighted_tilt_05,False,0.5,0.0,5,48,48,9,ordinary_kg,32,40.88,0.0,8.55368970035443,8.271645021645021
post_primary_exploratory,unweighted_tilt_05,False,0.5,0.0,5,48,48,9,ordinary_kg,33,39.28,0.0,8.558568723213243,8.757779437391088
post_primary_exploratory,unweighted_tilt_05,False,0.5,0.0,5,48,48,9,ordinary_kg,34,40.0,0.0,8.556962154347435,8.648255191607793
post_primary_exploratory,unweighted_tilt_05,False,0.5,0.0,5,48,48,9,ordinary_kg,35,37.0,0.0,8.554255244013406,8.344547053649956
post_primary_exploratory,unweighted_tilt_05,False,0.5,0.0,5,48,48,9,ordinary_kg,36,41.16,0.0,8.556077010389325,8.55199342375668
post_primary_exploratory,unweighted_tilt_05,False,0.5,0.0,5,48,48,9,ordinary_kg,37,42.96,0.0,8.554944403897077,8.525340283811179
post_primary_exploratory,unweighted_tilt_05,False,0.5,0.0,5,48,48,9,ordinary_kg,38,38.12,0.0,8.55961782293538,8.852889474840696
post_primary_exploratory,unweighted_tilt_05,False,0.5,0.0,5,48,48,9,ordinary_kg,39,45.48,0.0,8.555076283033369,8.497960372960375
post_primary_exploratory,unweighted_tilt_05,False,0.5,0.0,5,48,48,9,ordinary_kg,40,41.4,0.0,8.555782892434713,8.43805003460892
post_primary_exploratory,unweighted_tilt_05,False,0.5,0.0,5,48,48,9,ordinary_kg,41,41.44,0.0,8.552606660540176,8.179193899782135
post_primary_exploratory,unweighted_tilt_05,False,0.5,0.0,5,48,48,9,ordinary_kg,44,39.28,0.0,8.558593740515619,8.715135738192634
post_primary_exploratory,unweighted_tilt_05,False,0.5,0.0,5,48,48,9,ordinary_kg,45,40.68,0.0,8.557899425372664,8.683043063859284
post_primary_exploratory,unweighted_tilt_05,False,0.5,0.0,5,48,48,9,ordinary_kg,46,36.76,0.0,8.559390960918234,8.805004409171076
post_primary_exploratory,unweighted_tilt_05,False,0.5,0.0,5,48,48,9,ordinary_kg,48,44.08,0.0,8.555227821990254,8.50069498069498
post_primary_exploratory,unweighted_tilt_05,False,0.5,0.0,5,48,48,9,ordinary_kg,49,42.64,0.0,8.55551269831456,8.465273829827554
post_primary_exploratory,unweighted_tilt_05,False,0.5,0.0,5,48,48,9,ordinary_kg,50,39.52,0.0,8.558070621822655,8.580938833570412
post_primary_exploratory,unweighted_tilt_05,False,0.5,0.0,5,48,48,9,ordinary_kg,51,38.68,0.0,8.558238536135185,8.594168096054887
post_primary_exploratory,unweighted_tilt_05,False,0.5,0.0,5,48,48,9,ordinary_kg,53,42.76,0.0,8.555690345567344,8.444160681032189
post_primary_exploratory,unweighted_tilt_05,False,0.5,0.0,5,48,48,9,ordinary_kg,54,39.56,0.0,8.555660254975257,8.267142457318778
post_primary_exploratory,unweighted_tilt_05,False,0.5,0.0,5,48,48,9,ordinary_kg,55,41.32,0.0,8.556576127812939,8.5075743170438
post_primary_exploratory,unweighted_tilt_05,False,0.5,0.0,5,48,48,9,ordinary_kg,56,36.96,0.0,8.558608499095127,8.636943744752307
post_primary_exploratory,unweighted_tilt_05,False,0.5,0.0,5,48,48,9,two_channel_kg,01,21.0,3.44,8.554251268198627,8.35949741315595
post_primary_exploratory,unweighted_tilt_05,False,0.5,0.0,5,48,48,9,two_channel_kg,02,20.72,4.8,8.558238589374541,8.635873229939312
post_primary_exploratory,unweighted_tilt_05,False,0.5,0.0,5,48,48,9,two_channel_kg,04,20.64,4.16,8.556502257080547,8.519881085098477
post_primary_exploratory,unweighted_tilt_05,False,0.5,0.0,5,48,48,9,two_channel_kg,05,23.56,0.64,8.554553419643932,8.29320987654321
post_primary_exploratory,unweighted_tilt_05,False,0.5,0.0,5,48,48,9,two_channel_kg,06,21.12,4.36,8.554098151974674,8.431945521937767
post_primary_exploratory,unweighted_tilt_05,False,0.5,0.0,5,48,48,9,two_channel_kg,08,21.28,4.2,8.55573770593476,8.508233957978423
post_primary_exploratory,unweighted_tilt_05,False,0.5,0.0,5,48,48,9,two_channel_kg,09,20.56,3.72,8.557044360371068,8.553915436577434
post_primary_exploratory,unweighted_tilt_05,False,0.5,0.0,5,48,48,9,two_channel_kg,10,21.12,3.84,8.558645533086878,8.68655574679671
post_primary_exploratory,unweighted_tilt_05,False,0.5,0.0,5,48,48,9,two_channel_kg,11,20.0,7.84,8.561633249035127,8.715625586193958
post_primary_exploratory,unweighted_tilt_05,False,0.5,0.0,5,48,48,9,two_channel_kg,12,22.08,0.8,8.558099472359611,8.560529336304098
post_primary_exploratory,unweighted_tilt_05,False,0.5,0.0,5,48,48,9,two_channel_kg,13,21.04,4.44,8.555939139646744,8.443810730882975
post_primary_exploratory,unweighted_tilt_05,False,0.5,0.0,5,48,48,9,two_channel_kg,15,20.84,3.28,8.5579988833255,8.658482845451683
post_primary_exploratory,unweighted_tilt_05,False,0.5,0.0,5,48,48,9,two_channel_kg,16,22.24,2.96,8.556607467085646,8.519994162288384
post_primary_exploratory,unweighted_tilt_05,False,0.5,0.0,5,48,48,9,two_channel_kg,17,20.76,4.4,8.559081697156817,8.66492682427592
post_primary_exploratory,unweighted_tilt_05,False,0.5,0.0,5,48,48,9,two_channel_kg,18,21.32,4.2,8.55626426529803,8.485706993363962
post_primary_exploratory,unweighted_tilt_05,False,0.5,0.0,5,48,48,9,two_channel_kg,19,21.32,3.2,8.556282651575987,8.577984966753396
post_primary_exploratory,unweighted_tilt_05,False,0.5,0.0,5,48,48,9,two_channel_kg,20,21.28,3.76,8.556828244573312,8.534743722050223
post_primary_exploratory,unweighted_tilt_05,False,0.5,0.0,5,48,48,9,two_channel_kg,22,24.16,0.48,8.554939557427799,8.30594265577447
post_primary_exploratory,unweighted_tilt_05,False,0.5,0.0,5,48,48,9,two_channel_kg,23,21.24,3.16,8.557898405130043,8.594057633792733
post_primary_exploratory,unweighted_tilt_05,False,0.5,0.0,5,48,48,9,two_channel_kg,24,20.32,4.92,8.559292044237269,8.630635650276268
post_primary_exploratory,unweighted_tilt_05,False,0.5,0.0,5,48,48,9,two_channel_kg,25,20.56,3.64,8.559518288379563,8.637808611816821
post_primary_exploratory,unweighted_tilt_05,False,0.5,0.0,5,48,48,9,two_channel_kg,26,21.68,3.08,8.556003726747978,8.529325204961111
post_primary_exploratory,unweighted_tilt_05,False,0.5,0.0,5,48,48,9,two_channel_kg,27,20.24,6.04,8.560697079145328,8.632127728901924
post_primary_exploratory,unweighted_tilt_05,False,0.5,0.0,5,48,48,9,two_channel_kg,28,21.88,1.36,8.558523752921884,8.698599093531108
post_primary_exploratory,unweighted_tilt_05,False,0.5,0.0,5,48,48,9,two_channel_kg,29,23.4,0.72,8.555113786638122,8.384601691143747
post_primary_exploratory,unweighted_tilt_05,False,0.5,0.0,5,48,48,9,two_channel_kg,30,20.92,3.56,8.557261649436802,8.572748028227481
post_primary_exploratory,unweighted_tilt_05,False,0.5,0.0,5,48,48,9,two_channel_kg,31,20.08,5.36,8.564510314982698,8.814423125346226
post_primary_exploratory,unweighted_tilt_05,False,0.5,0.0,5,48,48,9,two_channel_kg,32,24.24,0.32,8.553905951161457,8.271645021645021
post_primary_exploratory,unweighted_tilt_05,False,0.5,0.0,5,48,48,9,two_channel_kg,33,20.36,5.56,8.561863653825785,8.757779437391088
post_primary_exploratory,unweighted_tilt_05,False,0.5,0.0,5,48,48,9,two_channel_kg,34,20.36,5.0,8.558322159351297,8.648255191607793
post_primary_exploratory,unweighted_tilt_05,False,0.5,0.0,5,48,48,9,two_channel_kg,35,20.52,5.0,8.552843835433876,8.344547053649956
post_primary_exploratory,unweighted_tilt_05,False,0.5,0.0,5,48,48,9,two_channel_kg,36,20.2,5.2,8.556477955080231,8.55199342375668
post_primary_exploratory,unweighted_tilt_05,False,0.5,0.0,5,48,48,9,two_channel_kg,37,22.04,4.12,8.555102126461962,8.525340283811179
post_primary_exploratory,unweighted_tilt_05,False,0.5,0.0,5,48,48,9,two_channel_kg,38,20.12,6.8,8.563802550646033,8.852889474840696
post_primary_exploratory,unweighted_tilt_05,False,0.5,0.0,5,48,48,9,two_channel_kg,39,21.24,4.28,8.555078304529383,8.497960372960375
post_primary_exploratory,unweighted_tilt_05,False,0.5,0.0,5,48,48,9,two_channel_kg,40,22.76,2.44,8.556348878079469,8.43805003460892
post_primary_exploratory,unweighted_tilt_05,False,0.5,0.0,5,48,48,9,two_channel_kg,41,22.56,2.68,8.551257305649566,8.179193899782135
post_primary_exploratory,unweighted_tilt_05,False,0.5,0.0,5,48,48,9,two_channel_kg,44,20.08,5.12,8.561300807264882,8.715135738192634
post_primary_exploratory,unweighted_tilt_05,False,0.5,0.0,5,48,48,9,two_channel_kg,45,20.8,4.0,8.559109224748893,8.683043063859284
post_primary_exploratory,unweighted_tilt_05,False,0.5,0.0,5,48,48,9,two_channel_kg,46,20.16,4.0,8.56109293888266,8.805004409171076
post_primary_exploratory,unweighted_tilt_05,False,0.5,0.0,5,48,48,9,two_channel_kg,48,21.24,3.72,8.555813968150174,8.50069498069498
post_primary_exploratory,unweighted_tilt_05,False,0.5,0.0,5,48,48,9,two_channel_kg,49,21.52,3.64,8.555130852379614,8.465273829827554
post_primary_exploratory,unweighted_tilt_05,False,0.5,0.0,5,48,48,9,two_channel_kg,50,20.24,4.92,8.558422105153891,8.580938833570412
post_primary_exploratory,unweighted_tilt_05,False,0.5,0.0,5,48,48,9,two_channel_kg,51,20.64,4.36,8.558483377662295,8.594168096054887
post_primary_exploratory,unweighted_tilt_05,False,0.5,0.0,5,48,48,9,two_channel_kg,53,20.64,4.64,8.554484135042937,8.444160681032189
post_primary_exploratory,unweighted_tilt_05,False,0.5,0.0,5,48,48,9,two_channel_kg,54,23.44,0.0,8.555580027024545,8.267142457318778
post_primary_exploratory,unweighted_tilt_05,False,0.5,0.0,5,48,48,9,two_channel_kg,55,20.88,3.76,8.556260768029448,8.5075743170438
post_primary_exploratory,unweighted_tilt_05,False,0.5,0.0,5,48,48,9,two_channel_kg,56,20.6,4.08,8.559902852005973,8.636943744752307
post_primary_exploratory,unweighted_tilt_05,False,0.5,0.0,5,48,48,9,balanced_mix,01,31.56,1.84,8.555081986387012,8.35949741315595
post_primary_exploratory,unweighted_tilt_05,False,0.5,0.0,5,48,48,9,balanced_mix,02,30.88,1.6,8.557976967206264,8.635873229939312
post_primary_exploratory,unweighted_tilt_05,False,0.5,0.0,5,48,48,9,balanced_mix,04,30.56,1.52,8.55733204023587,8.519881085098477
post_primary_exploratory,unweighted_tilt_05,False,0.5,0.0,5,48,48,9,balanced_mix,05,31.32,2.08,8.554155994332417,8.29320987654321
post_primary_exploratory,unweighted_tilt_05,False,0.5,0.0,5,48,48,9,balanced_mix,06,30.68,1.96,8.554621468654776,8.431945521937767
post_primary_exploratory,unweighted_tilt_05,False,0.5,0.0,5,48,48,9,balanced_mix,08,31.28,1.48,8.55669812146951,8.508233957978423
post_primary_exploratory,unweighted_tilt_05,False,0.5,0.0,5,48,48,9,balanced_mix,09,30.76,1.44,8.557175430082482,8.553915436577434
post_primary_exploratory,unweighted_tilt_05,False,0.5,0.0,5,48,48,9,balanced_mix,10,29.6,1.72,8.558611835159958,8.68655574679671
post_primary_exploratory,unweighted_tilt_05,False,0.5,0.0,5,48,48,9,balanced_mix,11,31.44,1.68,8.559711528912427,8.715625586193958
post_primary_exploratory,unweighted_tilt_05,False,0.5,0.0,5,48,48,9,balanced_mix,12,31.68,1.88,8.559003989389069,8.560529336304098
post_primary_exploratory,unweighted_tilt_05,False,0.5,0.0,5,48,48,9,balanced_mix,13,30.36,1.68,8.55610489599144,8.443810730882975
post_primary_exploratory,unweighted_tilt_05,False,0.5,0.0,5,48,48,9,balanced_mix,15,30.32,1.92,8.55837942380832,8.658482845451683
post_primary_exploratory,unweighted_tilt_05,False,0.5,0.0,5,48,48,9,balanced_mix,16,30.4,2.32,8.55607518889039,8.519994162288384
post_primary_exploratory,unweighted_tilt_05,False,0.5,0.0,5,48,48,9,balanced_mix,17,31.2,2.36,8.557959186495435,8.66492682427592
post_primary_exploratory,unweighted_tilt_05,False,0.5,0.0,5,48,48,9,balanced_mix,18,30.76,2.16,8.556669020669997,8.485706993363962
post_primary_exploratory,unweighted_tilt_05,False,0.5,0.0,5,48,48,9,balanced_mix,19,31.44,2.52,8.557796577436775,8.577984966753396
post_primary_exploratory,unweighted_tilt_05,False,0.5,0.0,5,48,48,9,balanced_mix,20,30.48,2.08,8.556467454683258,8.534743722050223
post_primary_exploratory,unweighted_tilt_05,False,0.5,0.0,5,48,48,9,balanced_mix,22,30.6,1.8,8.554735911045091,8.30594265577447
post_primary_exploratory,unweighted_tilt_05,False,0.5,0.0,5,48,48,9,balanced_mix,23,29.92,1.56,8.55783635681173,8.594057633792733
post_primary_exploratory,unweighted_tilt_05,False,0.5,0.0,5,48,48,9,balanced_mix,24,30.72,1.52,8.558336386930172,8.630635650276268
post_primary_exploratory,unweighted_tilt_05,False,0.5,0.0,5,48,48,9,balanced_mix,25,30.48,1.28,8.559038094769472,8.637808611816821
post_primary_exploratory,unweighted_tilt_05,False,0.5,0.0,5,48,48,9,balanced_mix,26,31.48,1.92,8.555890766926659,8.529325204961111
post_primary_exploratory,unweighted_tilt_05,False,0.5,0.0,5,48,48,9,balanced_mix,27,30.36,1.84,8.55852888138446,8.632127728901924
post_primary_exploratory,unweighted_tilt_05,False,0.5,0.0,5,48,48,9,balanced_mix,28,30.68,1.64,8.558372546453477,8.698599093531108
post_primary_exploratory,unweighted_tilt_05,False,0.5,0.0,5,48,48,9,balanced_mix,29,30.92,1.52,8.554872576630956,8.384601691143747
post_primary_exploratory,unweighted_tilt_05,False,0.5,0.0,5,48,48,9,balanced_mix,30,30.48,1.8,8.557446325275077,8.572748028227481
post_primary_exploratory,unweighted_tilt_05,False,0.5,0.0,5,48,48,9,balanced_mix,31,31.64,2.0,8.56061912005638,8.814423125346226
post_primary_exploratory,unweighted_tilt_05,False,0.5,0.0,5,48,48,9,balanced_mix,32,30.72,1.92,8.55307441760648,8.271645021645021
post_primary_exploratory,unweighted_tilt_05,False,0.5,0.0,5,48,48,9,balanced_mix,33,32.64,1.64,8.559310748980018,8.757779437391088
post_primary_exploratory,unweighted_tilt_05,False,0.5,0.0,5,48,48,9,balanced_mix,34,31.76,1.8,8.557368073314212,8.648255191607793
post_primary_exploratory,unweighted_tilt_05,False,0.5,0.0,5,48,48,9,balanced_mix,35,29.12,1.84,8.554590072899146,8.344547053649956
post_primary_exploratory,unweighted_tilt_05,False,0.5,0.0,5,48,48,9,balanced_mix,36,31.32,1.92,8.556845426311842,8.55199342375668
post_primary_exploratory,unweighted_tilt_05,False,0.5,0.0,5,48,48,9,balanced_mix,37,30.92,1.6,8.55488221359063,8.525340283811179
post_primary_exploratory,unweighted_tilt_05,False,0.5,0.0,5,48,48,9,balanced_mix,38,30.56,2.0,8.56150173117438,8.852889474840696
post_primary_exploratory,unweighted_tilt_05,False,0.5,0.0,5,48,48,9,balanced_mix,39,31.16,1.88,8.555168378500817,8.497960372960375
post_primary_exploratory,unweighted_tilt_05,False,0.5,0.0,5,48,48,9,balanced_mix,40,30.04,1.64,8.555351842240578,8.43805003460892
post_primary_exploratory,unweighted_tilt_05,False,0.5,0.0,5,48,48,9,balanced_mix,41,31.44,2.12,8.552218338120726,8.179193899782135
post_primary_exploratory,unweighted_tilt_05,False,0.5,0.0,5,48,48,9,balanced_mix,44,29.72,2.08,8.559622122656616,8.715135738192634
post_primary_exploratory,unweighted_tilt_05,False,0.5,0.0,5,48,48,9,balanced_mix,45,29.36,1.6,8.558148333775097,8.683043063859284
post_primary_exploratory,unweighted_tilt_05,False,0.5,0.0,5,48,48,9,balanced_mix,46,31.76,1.88,8.560505352912562,8.805004409171076
post_primary_exploratory,unweighted_tilt_05,False,0.5,0.0,5,48,48,9,balanced_mix,48,29.8,1.64,8.55562955859968,8.50069498069498
post_primary_exploratory,unweighted_tilt_05,False,0.5,0.0,5,48,48,9,balanced_mix,49,30.16,2.32,8.555261684228267,8.465273829827554
post_primary_exploratory,unweighted_tilt_05,False,0.5,0.0,5,48,48,9,balanced_mix,50,31.32,2.44,8.55875334224716,8.580938833570412
post_primary_exploratory,unweighted_tilt_05,False,0.5,0.0,5,48,48,9,balanced_mix,51,30.12,1.84,8.557631648267126,8.594168096054887
post_primary_exploratory,unweighted_tilt_05,False,0.5,0.0,5,48,48,9,balanced_mix,53,31.0,1.24,8.55543279606848,8.444160681032189
post_primary_exploratory,unweighted_tilt_05,False,0.5,0.0,5,48,48,9,balanced_mix,54,30.0,1.92,8.554604642973842,8.267142457318778
post_primary_exploratory,unweighted_tilt_05,False,0.5,0.0,5,48,48,9,balanced_mix,55,31.48,2.12,8.556942416726997,8.5075743170438
post_primary_exploratory,unweighted_tilt_05,False,0.5,0.0,5,48,48,9,balanced_mix,56,31.2,1.92,8.558403787019849,8.636943744752307
post_primary_exploratory,unweighted_tilt_05,False,0.5,0.0,5,48,48,9,validation_only,01,20.0,3.08,8.554271084254559,8.35949741315595
post_primary_exploratory,unweighted_tilt_05,False,0.5,0.0,5,48,48,9,validation_only,02,20.0,3.76,8.556936370143598,8.635873229939312
post_primary_exploratory,unweighted_tilt_05,False,0.5,0.0,5,48,48,9,validation_only,04,20.0,3.52,8.556407976038237,8.519881085098477
post_primary_exploratory,unweighted_tilt_05,False,0.5,0.0,5,48,48,9,validation_only,05,20.0,3.6,8.554073329698634,8.29320987654321
post_primary_exploratory,unweighted_tilt_05,False,0.5,0.0,5,48,48,9,validation_only,06,20.0,3.6,8.55417698726992,8.431945521937767
post_primary_exploratory,unweighted_tilt_05,False,0.5,0.0,5,48,48,9,validation_only,08,20.0,4.04,8.555953042204393,8.508233957978423
post_primary_exploratory,unweighted_tilt_05,False,0.5,0.0,5,48,48,9,validation_only,09,20.0,3.76,8.557332959234708,8.553915436577434
post_primary_exploratory,unweighted_tilt_05,False,0.5,0.0,5,48,48,9,validation_only,10,20.0,3.76,8.5589708514925,8.68655574679671
post_primary_exploratory,unweighted_tilt_05,False,0.5,0.0,5,48,48,9,validation_only,11,20.0,3.56,8.559796452773755,8.715625586193958
post_primary_exploratory,unweighted_tilt_05,False,0.5,0.0,5,48,48,9,validation_only,12,20.0,3.72,8.557673822748747,8.560529336304098
post_primary_exploratory,unweighted_tilt_05,False,0.5,0.0,5,48,48,9,validation_only,13,20.0,3.4,8.556052299710226,8.443810730882975
post_primary_exploratory,unweighted_tilt_05,False,0.5,0.0,5,48,48,9,validation_only,15,20.0,4.48,8.559224816929444,8.658482845451683
post_primary_exploratory,unweighted_tilt_05,False,0.5,0.0,5,48,48,9,validation_only,16,20.0,3.44,8.556604822094924,8.519994162288384
post_primary_exploratory,unweighted_tilt_05,False,0.5,0.0,5,48,48,9,validation_only,17,20.0,3.92,8.559279428762194,8.66492682427592
post_primary_exploratory,unweighted_tilt_05,False,0.5,0.0,5,48,48,9,validation_only,18,20.0,3.16,8.556236410225424,8.485706993363962
post_primary_exploratory,unweighted_tilt_05,False,0.5,0.0,5,48,48,9,validation_only,19,20.0,3.8,8.556981022264463,8.577984966753396
post_primary_exploratory,unweighted_tilt_05,False,0.5,0.0,5,48,48,9,validation_only,20,20.0,3.72,8.5571066164086,8.534743722050223
post_primary_exploratory,unweighted_tilt_05,False,0.5,0.0,5,48,48,9,validation_only,22,20.0,3.8,8.554322551141217,8.30594265577447
post_primary_exploratory,unweighted_tilt_05,False,0.5,0.0,5,48,48,9,validation_only,23,20.0,3.6,8.557551612767002,8.594057633792733
post_primary_exploratory,unweighted_tilt_05,False,0.5,0.0,5,48,48,9,validation_only,24,20.0,3.4,8.560471290087971,8.630635650276268
post_primary_exploratory,unweighted_tilt_05,False,0.5,0.0,5,48,48,9,validation_only,25,20.0,3.36,8.558270340527635,8.637808611816821
post_primary_exploratory,unweighted_tilt_05,False,0.5,0.0,5,48,48,9,validation_only,26,20.0,4.24,8.555708366434578,8.529325204961111
post_primary_exploratory,unweighted_tilt_05,False,0.5,0.0,5,48,48,9,validation_only,27,20.0,3.52,8.557988221911376,8.632127728901924
post_primary_exploratory,unweighted_tilt_05,False,0.5,0.0,5,48,48,9,validation_only,28,20.0,5.08,8.560240806983925,8.698599093531108
post_primary_exploratory,unweighted_tilt_05,False,0.5,0.0,5,48,48,9,validation_only,29,20.0,3.12,8.554632691396067,8.384601691143747
post_primary_exploratory,unweighted_tilt_05,False,0.5,0.0,5,48,48,9,validation_only,30,20.0,3.84,8.557394317844382,8.572748028227481
post_primary_exploratory,unweighted_tilt_05,False,0.5,0.0,5,48,48,9,validation_only,31,20.0,3.4,8.562980955399453,8.814423125346226
post_primary_exploratory,unweighted_tilt_05,False,0.5,0.0,5,48,48,9,validation_only,32,20.0,2.88,8.553357724973525,8.271645021645021
post_primary_exploratory,unweighted_tilt_05,False,0.5,0.0,5,48,48,9,validation_only,33,20.0,3.76,8.560206285131539,8.757779437391088
post_primary_exploratory,unweighted_tilt_05,False,0.5,0.0,5,48,48,9,validation_only,34,20.0,3.72,8.558612785915868,8.648255191607793
post_primary_exploratory,unweighted_tilt_05,False,0.5,0.0,5,48,48,9,validation_only,35,20.0,4.04,8.55266545349769,8.344547053649956
post_primary_exploratory,unweighted_tilt_05,False,0.5,0.0,5,48,48,9,validation_only,36,20.0,3.92,8.557066736071535,8.55199342375668
post_primary_exploratory,unweighted_tilt_05,False,0.5,0.0,5,48,48,9,validation_only,37,20.0,3.84,8.554984326339207,8.525340283811179
post_primary_exploratory,unweighted_tilt_05,False,0.5,0.0,5,48,48,9,validation_only,38,20.0,4.12,8.562979115489274,8.852889474840696
post_primary_exploratory,unweighted_tilt_05,False,0.5,0.0,5,48,48,9,validation_only,39,20.0,4.04,8.554933015887421,8.497960372960375
post_primary_exploratory,unweighted_tilt_05,False,0.5,0.0,5,48,48,9,validation_only,40,20.0,3.96,8.555746496625199,8.43805003460892
post_primary_exploratory,unweighted_tilt_05,False,0.5,0.0,5,48,48,9,validation_only,41,20.0,3.52,8.550796804374928,8.179193899782135
post_primary_exploratory,unweighted_tilt_05,False,0.5,0.0,5,48,48,9,validation_only,44,20.0,2.96,8.559557258828875,8.715135738192634
post_primary_exploratory,unweighted_tilt_05,False,0.5,0.0,5,48,48,9,validation_only,45,20.0,4.04,8.558905553868577,8.683043063859284
post_primary_exploratory,unweighted_tilt_05,False,0.5,0.0,5,48,48,9,validation_only,46,20.0,3.36,8.561290329487546,8.805004409171076
post_primary_exploratory,unweighted_tilt_05,False,0.5,0.0,5,48,48,9,validation_only,48,20.0,3.76,8.55444588730151,8.50069498069498
post_primary_exploratory,unweighted_tilt_05,False,0.5,0.0,5,48,48,9,validation_only,49,20.0,3.96,8.554575132996266,8.465273829827554
post_primary_exploratory,unweighted_tilt_05,False,0.5,0.0,5,48,48,9,validation_only,50,20.0,3.68,8.559835245423649,8.580938833570412
post_primary_exploratory,unweighted_tilt_05,False,0.5,0.0,5,48,48,9,validation_only,51,20.0,3.76,8.557864241115071,8.594168096054887
post_primary_exploratory,unweighted_tilt_05,False,0.5,0.0,5,48,48,9,validation_only,53,20.0,3.88,8.555500681618003,8.444160681032189
post_primary_exploratory,unweighted_tilt_05,False,0.5,0.0,5,48,48,9,validation_only,54,20.0,4.24,8.55405969534885,8.267142457318778
post_primary_exploratory,unweighted_tilt_05,False,0.5,0.0,5,48,48,9,validation_only,55,20.0,4.36,8.556713211562643,8.5075743170438
post_primary_exploratory,unweighted_tilt_05,False,0.5,0.0,5,48,48,9,validation_only,56,20.0,4.52,8.558859219458142,8.636943744752307
post_primary_exploratory,unweighted_tilt_05,False,0.5,0.0,5,48,48,9,uniform,01,39.16,0.0,8.556020931402998,8.35949741315595
post_primary_exploratory,unweighted_tilt_05,False,0.5,0.0,5,48,48,9,uniform,02,39.16,0.0,8.557310705258892,8.635873229939312
post_primary_exploratory,unweighted_tilt_05,False,0.5,0.0,5,48,48,9,uniform,04,40.2,0.0,8.556802462135623,8.519881085098477
post_primary_exploratory,unweighted_tilt_05,False,0.5,0.0,5,48,48,9,uniform,05,41.12,0.0,8.55521750266855,8.29320987654321
post_primary_exploratory,unweighted_tilt_05,False,0.5,0.0,5,48,48,9,uniform,06,40.6,0.0,8.554921047519827,8.431945521937767
post_primary_exploratory,unweighted_tilt_05,False,0.5,0.0,5,48,48,9,uniform,08,40.28,0.0,8.556630100168237,8.508233957978423
post_primary_exploratory,unweighted_tilt_05,False,0.5,0.0,5,48,48,9,uniform,09,38.36,0.0,8.556809014933455,8.553915436577434
post_primary_exploratory,unweighted_tilt_05,False,0.5,0.0,5,48,48,9,uniform,10,39.36,0.0,8.55805990719092,8.68655574679671
post_primary_exploratory,unweighted_tilt_05,False,0.5,0.0,5,48,48,9,uniform,11,39.52,0.0,8.558659772751577,8.715625586193958
post_primary_exploratory,unweighted_tilt_05,False,0.5,0.0,5,48,48,9,uniform,12,41.72,0.0,8.55836216609973,8.560529336304098
post_primary_exploratory,unweighted_tilt_05,False,0.5,0.0,5,48,48,9,uniform,13,40.04,0.0,8.556278401852895,8.443810730882975
post_primary_exploratory,unweighted_tilt_05,False,0.5,0.0,5,48,48,9,uniform,15,39.56,0.0,8.557973310762629,8.658482845451683
post_primary_exploratory,unweighted_tilt_05,False,0.5,0.0,5,48,48,9,uniform,16,42.08,0.0,8.556505292338766,8.519994162288384
post_primary_exploratory,unweighted_tilt_05,False,0.5,0.0,5,48,48,9,uniform,17,39.72,0.0,8.557602966092588,8.66492682427592
post_primary_exploratory,unweighted_tilt_05,False,0.5,0.0,5,48,48,9,uniform,18,39.36,0.0,8.55696030410279,8.485706993363962
post_primary_exploratory,unweighted_tilt_05,False,0.5,0.0,5,48,48,9,uniform,19,39.28,0.0,8.557102307841474,8.577984966753396
post_primary_exploratory,unweighted_tilt_05,False,0.5,0.0,5,48,48,9,uniform,20,40.04,0.0,8.557177684109336,8.534743722050223
post_primary_exploratory,unweighted_tilt_05,False,0.5,0.0,5,48,48,9,uniform,22,40.12,0.0,8.555101019390023,8.30594265577447
post_primary_exploratory,unweighted_tilt_05,False,0.5,0.0,5,48,48,9,uniform,23,39.32,0.0,8.55691969069315,8.594057633792733
post_primary_exploratory,unweighted_tilt_05,False,0.5,0.0,5,48,48,9,uniform,24,40.44,0.0,8.558060345102522,8.630635650276268
post_primary_exploratory,unweighted_tilt_05,False,0.5,0.0,5,48,48,9,uniform,25,41.8,0.0,8.558453435732085,8.637808611816821
post_primary_exploratory,unweighted_tilt_05,False,0.5,0.0,5,48,48,9,uniform,26,39.08,0.0,8.556091812124112,8.529325204961111
post_primary_exploratory,unweighted_tilt_05,False,0.5,0.0,5,48,48,9,uniform,27,39.32,0.0,8.557542876606892,8.632127728901924
post_primary_exploratory,unweighted_tilt_05,False,0.5,0.0,5,48,48,9,uniform,28,40.96,0.0,8.558471047094889,8.698599093531108
post_primary_exploratory,unweighted_tilt_05,False,0.5,0.0,5,48,48,9,uniform,29,40.04,0.0,8.555445584059965,8.384601691143747
post_primary_exploratory,unweighted_tilt_05,False,0.5,0.0,5,48,48,9,uniform,30,39.8,0.0,8.557259843828435,8.572748028227481
post_primary_exploratory,unweighted_tilt_05,False,0.5,0.0,5,48,48,9,uniform,31,41.52,0.0,8.559661110764996,8.814423125346226
post_primary_exploratory,unweighted_tilt_05,False,0.5,0.0,5,48,48,9,uniform,32,39.04,0.0,8.554271609102063,8.271645021645021
post_primary_exploratory,unweighted_tilt_05,False,0.5,0.0,5,48,48,9,uniform,33,40.32,0.0,8.558444584670097,8.757779437391088
post_primary_exploratory,unweighted_tilt_05,False,0.5,0.0,5,48,48,9,uniform,34,39.36,0.0,8.557046450946597,8.648255191607793
post_primary_exploratory,unweighted_tilt_05,False,0.5,0.0,5,48,48,9,uniform,35,41.04,0.0,8.555350213021525,8.344547053649956
post_primary_exploratory,unweighted_tilt_05,False,0.5,0.0,5,48,48,9,uniform,36,40.16,0.0,8.556683514899815,8.55199342375668
post_primary_exploratory,unweighted_tilt_05,False,0.5,0.0,5,48,48,9,uniform,37,40.76,0.0,8.555359674382352,8.525340283811179
post_primary_exploratory,unweighted_tilt_05,False,0.5,0.0,5,48,48,9,uniform,38,41.2,0.0,8.55947990922322,8.852889474840696
post_primary_exploratory,unweighted_tilt_05,False,0.5,0.0,5,48,48,9,uniform,39,39.52,0.0,8.555760111258357,8.497960372960375
post_primary_exploratory,unweighted_tilt_05,False,0.5,0.0,5,48,48,9,uniform,40,39.0,0.0,8.556225406991864,8.43805003460892
post_primary_exploratory,unweighted_tilt_05,False,0.5,0.0,5,48,48,9,uniform,41,39.96,0.0,8.553720482103817,8.179193899782135
post_primary_exploratory,unweighted_tilt_05,False,0.5,0.0,5,48,48,9,uniform,44,40.88,0.0,8.558130252921714,8.715135738192634
post_primary_exploratory,unweighted_tilt_05,False,0.5,0.0,5,48,48,9,uniform,45,40.92,0.0,8.557727953203084,8.683043063859284
post_primary_exploratory,unweighted_tilt_05,False,0.5,0.0,5,48,48,9,uniform,46,40.48,0.0,8.559123290350774,8.805004409171076
post_primary_exploratory,unweighted_tilt_05,False,0.5,0.0,5,48,48,9,uniform,48,38.76,0.0,8.555625775541369,8.50069498069498
post_primary_exploratory,unweighted_tilt_05,False,0.5,0.0,5,48,48,9,uniform,49,40.36,0.0,8.55552935869429,8.465273829827554
post_primary_exploratory,unweighted_tilt_05,False,0.5,0.0,5,48,48,9,uniform,50,39.12,0.0,8.558041089858136,8.580938833570412
post_primary_exploratory,unweighted_tilt_05,False,0.5,0.0,5,48,48,9,uniform,51,40.16,0.0,8.558290913423251,8.594168096054887
post_primary_exploratory,unweighted_tilt_05,False,0.5,0.0,5,48,48,9,uniform,53,39.4,0.0,8.556304145111925,8.444160681032189
post_primary_exploratory,unweighted_tilt_05,False,0.5,0.0,5,48,48,9,uniform,54,40.04,0.0,8.555454973811925,8.267142457318778
post_primary_exploratory,unweighted_tilt_05,False,0.5,0.0,5,48,48,9,uniform,55,38.76,0.0,8.556799422944597,8.5075743170438
post_primary_exploratory,unweighted_tilt_05,False,0.5,0.0,5,48,48,9,uniform,56,38.8,0.0,8.558346868262117,8.636943744752307
post_primary_exploratory,unweighted_tilt_05,False,0.5,0.0,5,144,48,9,ordinary_kg,01,71.72,0.0,8.554563304247939,8.35949741315595
post_primary_exploratory,unweighted_tilt_05,False,0.5,0.0,5,144,48,9,ordinary_kg,02,85.12,0.0,8.557398327751198,8.635873229939312
post_primary_exploratory,unweighted_tilt_05,False,0.5,0.0,5,144,48,9,ordinary_kg,04,84.68,0.0,8.556511718452516,8.519881085098477
post_primary_exploratory,unweighted_tilt_05,False,0.5,0.0,5,144,48,9,ordinary_kg,05,87.4,0.0,8.554096490756088,8.29320987654321
post_primary_exploratory,unweighted_tilt_05,False,0.5,0.0,5,144,48,9,ordinary_kg,06,95.76,0.0,8.55422437467959,8.431945521937767
post_primary_exploratory,unweighted_tilt_05,False,0.5,0.0,5,144,48,9,ordinary_kg,08,89.4,0.0,8.556070134914679,8.508233957978423
post_primary_exploratory,unweighted_tilt_05,False,0.5,0.0,5,144,48,9,ordinary_kg,09,84.16,0.0,8.55605048731367,8.553915436577434
post_primary_exploratory,unweighted_tilt_05,False,0.5,0.0,5,144,48,9,ordinary_kg,10,71.4,0.0,8.55822712466255,8.68655574679671
post_primary_exploratory,unweighted_tilt_05,False,0.5,0.0,5,144,48,9,ordinary_kg,11,80.08,0.0,8.557959729763832,8.715625586193958
post_primary_exploratory,unweighted_tilt_05,False,0.5,0.0,5,144,48,9,ordinary_kg,12,62.28,0.0,8.55847242949142,8.560529336304098
post_primary_exploratory,unweighted_tilt_05,False,0.5,0.0,5,144,48,9,ordinary_kg,13,85.52,0.0,8.555152740381386,8.443810730882975
post_primary_exploratory,unweighted_tilt_05,False,0.5,0.0,5,144,48,9,ordinary_kg,15,72.92,0.0,8.557820867683375,8.658482845451683
post_primary_exploratory,unweighted_tilt_05,False,0.5,0.0,5,144,48,9,ordinary_kg,16,84.76,0.0,8.55615816149665,8.519994162288384
post_primary_exploratory,unweighted_tilt_05,False,0.5,0.0,5,144,48,9,ordinary_kg,17,78.64,0.0,8.557646259721698,8.66492682427592
post_primary_exploratory,unweighted_tilt_05,False,0.5,0.0,5,144,48,9,ordinary_kg,18,84.24,0.0,8.556581466534734,8.485706993363962
post_primary_exploratory,unweighted_tilt_05,False,0.5,0.0,5,144,48,9,ordinary_kg,19,76.8,0.0,8.55716448812,8.577984966753396
post_primary_exploratory,unweighted_tilt_05,False,0.5,0.0,5,144,48,9,ordinary_kg,20,91.52,0.0,8.556622529406242,8.534743722050223
post_primary_exploratory,unweighted_tilt_05,False,0.5,0.0,5,144,48,9,ordinary_kg,22,85.76,0.0,8.554468004911538,8.30594265577447
post_primary_exploratory,unweighted_tilt_05,False,0.5,0.0,5,144,48,9,ordinary_kg,23,74.6,0.0,8.557050713946648,8.594057633792733
post_primary_exploratory,unweighted_tilt_05,False,0.5,0.0,5,144,48,9,ordinary_kg,24,75.4,0.0,8.557951972703597,8.630635650276268
post_primary_exploratory,unweighted_tilt_05,False,0.5,0.0,5,144,48,9,ordinary_kg,25,78.64,0.0,8.5580369646598,8.637808611816821
post_primary_exploratory,unweighted_tilt_05,False,0.5,0.0,5,144,48,9,ordinary_kg,26,83.52,0.0,8.556047927107564,8.529325204961111
post_primary_exploratory,unweighted_tilt_05,False,0.5,0.0,5,144,48,9,ordinary_kg,27,82.56,0.0,8.55699405493453,8.632127728901924
post_primary_exploratory,unweighted_tilt_05,False,0.5,0.0,5,144,48,9,ordinary_kg,28,54.08,0.0,8.558647407442923,8.698599093531108
post_primary_exploratory,unweighted_tilt_05,False,0.5,0.0,5,144,48,9,ordinary_kg,29,86.36,0.0,8.554655281497318,8.384601691143747
post_primary_exploratory,unweighted_tilt_05,False,0.5,0.0,5,144,48,9,ordinary_kg,30,83.08,0.0,8.55708072086232,8.572748028227481
post_primary_exploratory,unweighted_tilt_05,False,0.5,0.0,5,144,48,9,ordinary_kg,31,68.92,0.0,8.559972685680979,8.814423125346226
post_primary_exploratory,unweighted_tilt_05,False,0.5,0.0,5,144,48,9,ordinary_kg,32,94.76,0.0,8.553113188396106,8.271645021645021
post_primary_exploratory,unweighted_tilt_05,False,0.5,0.0,5,144,48,9,ordinary_kg,33,69.52,0.0,8.558543393932341,8.757779437391088
post_primary_exploratory,unweighted_tilt_05,False,0.5,0.0,5,144,48,9,ordinary_kg,34,82.88,0.0,8.556460822872948,8.648255191607793
post_primary_exploratory,unweighted_tilt_05,False,0.5,0.0,5,144,48,9,ordinary_kg,35,58.92,0.0,8.553760575838135,8.344547053649956
post_primary_exploratory,unweighted_tilt_05,False,0.5,0.0,5,144,48,9,ordinary_kg,36,81.04,0.0,8.555442679678,8.55199342375668
post_primary_exploratory,unweighted_tilt_05,False,0.5,0.0,5,144,48,9,ordinary_kg,37,94.4,0.0,8.554419378590643,8.525340283811179
post_primary_exploratory,unweighted_tilt_05,False,0.5,0.0,5,144,48,9,ordinary_kg,38,66.52,0.0,8.559719947354399,8.852889474840696
post_primary_exploratory,unweighted_tilt_05,False,0.5,0.0,5,144,48,9,ordinary_kg,39,95.96,0.0,8.554635453520747,8.497960372960375
post_primary_exploratory,unweighted_tilt_05,False,0.5,0.0,5,144,48,9,ordinary_kg,40,89.0,0.0,8.555334169578924,8.43805003460892
post_primary_exploratory,unweighted_tilt_05,False,0.5,0.0,5,144,48,9,ordinary_kg,41,76.44,0.0,8.552225826149447,8.179193899782135
post_primary_exploratory,unweighted_tilt_05,False,0.5,0.0,5,144,48,9,ordinary_kg,44,72.88,0.0,8.558495183018268,8.715135738192634
post_primary_exploratory,unweighted_tilt_05,False,0.5,0.0,5,144,48,9,ordinary_kg,45,76.64,0.0,8.558108872463396,8.683043063859284
post_primary_exploratory,unweighted_tilt_05,False,0.5,0.0,5,144,48,9,ordinary_kg,46,65.68,0.0,8.55923444087982,8.805004409171076
post_primary_exploratory,unweighted_tilt_05,False,0.5,0.0,5,144,48,9,ordinary_kg,48,87.92,0.0,8.554928578693591,8.50069498069498
post_primary_exploratory,unweighted_tilt_05,False,0.5,0.0,5,144,48,9,ordinary_kg,49,95.48,0.0,8.555315352115391,8.465273829827554
post_primary_exploratory,unweighted_tilt_05,False,0.5,0.0,5,144,48,9,ordinary_kg,50,78.24,0.0,8.557861548985825,8.580938833570412
post_primary_exploratory,unweighted_tilt_05,False,0.5,0.0,5,144,48,9,ordinary_kg,51,77.6,0.0,8.557862840462247,8.594168096054887
post_primary_exploratory,unweighted_tilt_05,False,0.5,0.0,5,144,48,9,ordinary_kg,53,84.12,0.0,8.555179760461494,8.444160681032189
post_primary_exploratory,unweighted_tilt_05,False,0.5,0.0,5,144,48,9,ordinary_kg,54,81.6,0.0,8.555473374820885,8.267142457318778
post_primary_exploratory,unweighted_tilt_05,False,0.5,0.0,5,144,48,9,ordinary_kg,55,79.44,0.0,8.55636371049612,8.5075743170438
post_primary_exploratory,unweighted_tilt_05,False,0.5,0.0,5,144,48,9,ordinary_kg,56,71.64,0.0,8.558507870830276,8.636943744752307
post_primary_exploratory,unweighted_tilt_05,False,0.5,0.0,5,144,48,9,two_channel_kg,01,21.92,11.48,8.55026005034456,8.35949741315595
post_primary_exploratory,unweighted_tilt_05,False,0.5,0.0,5,144,48,9,two_channel_kg,02,20.96,12.84,8.561535673204856,8.635873229939312
post_primary_exploratory,unweighted_tilt_05,False,0.5,0.0,5,144,48,9,two_channel_kg,04,21.6,12.88,8.556481179078208,8.519881085098477
post_primary_exploratory,unweighted_tilt_05,False,0.5,0.0,5,144,48,9,two_channel_kg,05,23.92,11.0,8.548967510742507,8.29320987654321
post_primary_exploratory,unweighted_tilt_05,False,0.5,0.0,5,144,48,9,two_channel_kg,06,21.88,14.2,8.550552104197411,8.431945521937767
post_primary_exploratory,unweighted_tilt_05,False,0.5,0.0,5,144,48,9,two_channel_kg,08,21.68,12.6,8.555624272445248,8.508233957978423
post_primary_exploratory,unweighted_tilt_05,False,0.5,0.0,5,144,48,9,two_channel_kg,09,21.32,13.0,8.557324768211817,8.553915436577434
post_primary_exploratory,unweighted_tilt_05,False,0.5,0.0,5,144,48,9,two_channel_kg,10,21.24,10.6,8.561373751849128,8.68655574679671
post_primary_exploratory,unweighted_tilt_05,False,0.5,0.0,5,144,48,9,two_channel_kg,11,20.36,14.76,8.565977442163891,8.715625586193958
post_primary_exploratory,unweighted_tilt_05,False,0.5,0.0,5,144,48,9,two_channel_kg,12,22.4,7.2,8.559046072534603,8.560529336304098
post_primary_exploratory,unweighted_tilt_05,False,0.5,0.0,5,144,48,9,two_channel_kg,13,21.28,12.12,8.553844746650611,8.443810730882975
post_primary_exploratory,unweighted_tilt_05,False,0.5,0.0,5,144,48,9,two_channel_kg,15,21.08,11.2,8.560030293735084,8.658482845451683
post_primary_exploratory,unweighted_tilt_05,False,0.5,0.0,5,144,48,9,two_channel_kg,16,22.36,11.64,8.555382333771668,8.519994162288384
post_primary_exploratory,unweighted_tilt_05,False,0.5,0.0,5,144,48,9,two_channel_kg,17,21.4,12.08,8.560397479923033,8.66492682427592
post_primary_exploratory,unweighted_tilt_05,False,0.5,0.0,5,144,48,9,two_channel_kg,18,21.32,12.24,8.555652954716727,8.485706993363962
post_primary_exploratory,unweighted_tilt_05,False,0.5,0.0,5,144,48,9,two_channel_kg,19,21.56,11.36,8.5564574155443,8.577984966753396
post_primary_exploratory,unweighted_tilt_05,False,0.5,0.0,5,144,48,9,two_channel_kg,20,21.24,11.72,8.555582393964116,8.534743722050223
post_primary_exploratory,unweighted_tilt_05,False,0.5,0.0,5,144,48,9,two_channel_kg,22,23.44,10.04,8.550748311749285,8.30594265577447
post_primary_exploratory,unweighted_tilt_05,False,0.5,0.0,5,144,48,9,two_channel_kg,23,21.48,11.36,8.560005862803523,8.594057633792733
post_primary_exploratory,unweighted_tilt_05,False,0.5,0.0,5,144,48,9,two_channel_kg,24,20.64,11.88,8.562612398330236,8.630635650276268
post_primary_exploratory,unweighted_tilt_05,False,0.5,0.0,5,144,48,9,two_channel_kg,25,21.12,12.0,8.560995554391043,8.637808611816821
post_primary_exploratory,unweighted_tilt_05,False,0.5,0.0,5,144,48,9,two_channel_kg,26,21.76,12.68,8.556997277581553,8.529325204961111
post_primary_exploratory,unweighted_tilt_05,False,0.5,0.0,5,144,48,9,two_channel_kg,27,20.88,13.04,8.563353265867066,8.632127728901924
post_primary_exploratory,unweighted_tilt_05,False,0.5,0.0,5,144,48,9,two_channel_kg,28,21.96,8.72,8.561250008887251,8.698599093531108
post_primary_exploratory,unweighted_tilt_05,False,0.5,0.0,5,144,48,9,two_channel_kg,29,22.92,9.56,8.55288523871336,8.384601691143747
post_primary_exploratory,unweighted_tilt_05,False,0.5,0.0,5,144,48,9,two_channel_kg,30,21.52,11.24,8.557698487414994,8.572748028227481
post_primary_exploratory,unweighted_tilt_05,False,0.5,0.0,5,144,48,9,two_channel_kg,31,20.44,11.08,8.568220652729677,8.814423125346226
post_primary_exploratory,unweighted_tilt_05,False,0.5,0.0,5,144,48,9,two_channel_kg,32,24.04,9.48,8.550017170562564,8.271645021645021
post_primary_exploratory,unweighted_tilt_05,False,0.5,0.0,5,144,48,9,two_channel_kg,33,20.44,12.32,8.565314630562705,8.757779437391088
post_primary_exploratory,unweighted_tilt_05,False,0.5,0.0,5,144,48,9,two_channel_kg,34,20.68,12.56,8.559886143361757,8.648255191607793
post_primary_exploratory,unweighted_tilt_05,False,0.5,0.0,5,144,48,9,two_channel_kg,35,21.4,11.92,8.548110587789782,8.344547053649956
post_primary_exploratory,unweighted_tilt_05,False,0.5,0.0,5,144,48,9,two_channel_kg,36,20.96,13.16,8.556486082819026,8.55199342375668
post_primary_exploratory,unweighted_tilt_05,False,0.5,0.0,5,144,48,9,two_channel_kg,37,22.44,13.16,8.553372140472012,8.525340283811179
post_primary_exploratory,unweighted_tilt_05,False,0.5,0.0,5,144,48,9,two_channel_kg,38,20.44,12.96,8.569808600879314,8.852889474840696
post_primary_exploratory,unweighted_tilt_05,False,0.5,0.0,5,144,48,9,two_channel_kg,39,21.88,13.4,8.553674099984365,8.497960372960375
post_primary_exploratory,unweighted_tilt_05,False,0.5,0.0,5,144,48,9,two_channel_kg,40,22.0,12.12,8.55370617676782,8.43805003460892
post_primary_exploratory,unweighted_tilt_05,False,0.5,0.0,5,144,48,9,two_channel_kg,41,22.56,12.84,8.542299558125642,8.179193899782135
post_primary_exploratory,unweighted_tilt_05,False,0.5,0.0,5,144,48,9,two_channel_kg,44,20.16,12.32,8.565371111540296,8.715135738192634
post_primary_exploratory,unweighted_tilt_05,False,0.5,0.0,5,144,48,9,two_channel_kg,45,21.08,11.8,8.561919741703758,8.683043063859284
post_primary_exploratory,unweighted_tilt_05,False,0.5,0.0,5,144,48,9,two_channel_kg,46,20.64,10.92,8.56704730178601,8.805004409171076
post_primary_exploratory,unweighted_tilt_05,False,0.5,0.0,5,144,48,9,two_channel_kg,48,21.8,13.6,8.553104689035633,8.50069498069498
post_primary_exploratory,unweighted_tilt_05,False,0.5,0.0,5,144,48,9,two_channel_kg,49,22.12,12.0,8.553821059151817,8.465273829827554
post_primary_exploratory,unweighted_tilt_05,False,0.5,0.0,5,144,48,9,two_channel_kg,50,20.76,12.16,8.560372153795731,8.580938833570412
post_primary_exploratory,unweighted_tilt_05,False,0.5,0.0,5,144,48,9,two_channel_kg,51,20.68,10.76,8.55965940030618,8.594168096054887
post_primary_exploratory,unweighted_tilt_05,False,0.5,0.0,5,144,48,9,two_channel_kg,53,21.04,13.6,8.552363216063634,8.444160681032189
post_primary_exploratory,unweighted_tilt_05,False,0.5,0.0,5,144,48,9,two_channel_kg,54,29.48,1.16,8.555277067107282,8.267142457318778
post_primary_exploratory,unweighted_tilt_05,False,0.5,0.0,5,144,48,9,two_channel_kg,55,21.0,11.64,8.554535778783164,8.5075743170438
post_primary_exploratory,unweighted_tilt_05,False,0.5,0.0,5,144,48,9,two_channel_kg,56,20.72,11.6,8.562506596560771,8.636943744752307
post_primary_exploratory,unweighted_tilt_05,False,0.5,0.0,5,144,48,9,balanced_mix,01,51.84,5.92,8.552576318424707,8.35949741315595
post_primary_exploratory,unweighted_tilt_05,False,0.5,0.0,5,144,48,9,balanced_mix,02,50.16,6.56,8.55746479913374,8.635873229939312
post_primary_exploratory,unweighted_tilt_05,False,0.5,0.0,5,144,48,9,balanced_mix,04,49.56,5.52,8.557043117918644,8.519881085098477
post_primary_exploratory,unweighted_tilt_05,False,0.5,0.0,5,144,48,9,balanced_mix,05,51.4,5.24,8.552357555570714,8.29320987654321
post_primary_exploratory,unweighted_tilt_05,False,0.5,0.0,5,144,48,9,balanced_mix,06,51.24,5.04,8.553379187860036,8.431945521937767
post_primary_exploratory,unweighted_tilt_05,False,0.5,0.0,5,144,48,9,balanced_mix,08,50.88,5.28,8.5548928474942,8.508233957978423
post_primary_exploratory,unweighted_tilt_05,False,0.5,0.0,5,144,48,9,balanced_mix,09,51.04,5.72,8.556673993834185,8.553915436577434
post_primary_exploratory,unweighted_tilt_05,False,0.5,0.0,5,144,48,9,balanced_mix,10,49.68,5.76,8.560426115205926,8.68655574679671
post_primary_exploratory,unweighted_tilt_05,False,0.5,0.0,5,144,48,9,balanced_mix,11,49.56,6.08,8.56114924186052,8.715625586193958
post_primary_exploratory,unweighted_tilt_05,False,0.5,0.0,5,144,48,9,balanced_mix,12,51.28,5.88,8.55800133130801,8.560529336304098
post_primary_exploratory,unweighted_tilt_05,False,0.5,0.0,5,144,48,9,balanced_mix,13,52.0,6.64,8.555812160340599,8.443810730882975
post_primary_exploratory,unweighted_tilt_05,False,0.5,0.0,5,144,48,9,balanced_mix,15,48.28,5.76,8.558629907644892,8.658482845451683
post_primary_exploratory,unweighted_tilt_05,False,0.5,0.0,5,144,48,9,balanced_mix,16,51.36,6.48,8.556602625601485,8.519994162288384
post_primary_exploratory,unweighted_tilt_05,False,0.5,0.0,5,144,48,9,balanced_mix,17,51.84,6.48,8.558726287021296,8.66492682427592
post_primary_exploratory,unweighted_tilt_05,False,0.5,0.0,5,144,48,9,balanced_mix,18,50.64,6.48,8.556589239629865,8.485706993363962
post_primary_exploratory,unweighted_tilt_05,False,0.5,0.0,5,144,48,9,balanced_mix,19,50.44,6.4,8.558604482890544,8.577984966753396
post_primary_exploratory,unweighted_tilt_05,False,0.5,0.0,5,144,48,9,balanced_mix,20,49.52,6.68,8.55650203544958,8.534743722050223
post_primary_exploratory,unweighted_tilt_05,False,0.5,0.0,5,144,48,9,balanced_mix,22,51.52,5.56,8.552876231420909,8.30594265577447
post_primary_exploratory,unweighted_tilt_05,False,0.5,0.0,5,144,48,9,balanced_mix,23,50.16,5.32,8.558801659416034,8.594057633792733
post_primary_exploratory,unweighted_tilt_05,False,0.5,0.0,5,144,48,9,balanced_mix,24,51.12,5.56,8.559898723913216,8.630635650276268
post_primary_exploratory,unweighted_tilt_05,False,0.5,0.0,5,144,48,9,balanced_mix,25,50.68,4.88,8.558917345726444,8.637808611816821
post_primary_exploratory,unweighted_tilt_05,False,0.5,0.0,5,144,48,9,balanced_mix,26,51.56,5.84,8.555673262695816,8.529325204961111
post_primary_exploratory,unweighted_tilt_05,False,0.5,0.0,5,144,48,9,balanced_mix,27,51.64,5.4,8.560099637675854,8.632127728901924
post_primary_exploratory,unweighted_tilt_05,False,0.5,0.0,5,144,48,9,balanced_mix,28,49.72,5.88,8.559941965390864,8.698599093531108
post_primary_exploratory,unweighted_tilt_05,False,0.5,0.0,5,144,48,9,balanced_mix,29,51.36,5.16,8.552501068671049,8.384601691143747
post_primary_exploratory,unweighted_tilt_05,False,0.5,0.0,5,144,48,9,balanced_mix,30,51.2,5.48,8.557562621648565,8.572748028227481
post_primary_exploratory,unweighted_tilt_05,False,0.5,0.0,5,144,48,9,balanced_mix,31,51.08,7.0,8.565190909417778,8.814423125346226
post_primary_exploratory,unweighted_tilt_05,False,0.5,0.0,5,144,48,9,balanced_mix,32,49.92,5.92,8.55053033698674,8.271645021645021
post_primary_exploratory,unweighted_tilt_05,False,0.5,0.0,5,144,48,9,balanced_mix,33,52.44,5.32,8.561636942320057,8.757779437391088
post_primary_exploratory,unweighted_tilt_05,False,0.5,0.0,5,144,48,9,balanced_mix,34,52.88,6.44,8.55867705448909,8.648255191607793
post_primary_exploratory,unweighted_tilt_05,False,0.5,0.0,5,144,48,9,balanced_mix,35,49.8,6.16,8.553045706297736,8.344547053649956
post_primary_exploratory,unweighted_tilt_05,False,0.5,0.0,5,144,48,9,balanced_mix,36,49.88,5.44,8.556390546837646,8.55199342375668
post_primary_exploratory,unweighted_tilt_05,False,0.5,0.0,5,144,48,9,balanced_mix,37,51.48,6.04,8.555420240125644,8.525340283811179
post_primary_exploratory,unweighted_tilt_05,False,0.5,0.0,5,144,48,9,balanced_mix,38,52.6,5.4,8.56512838672808,8.852889474840696
post_primary_exploratory,unweighted_tilt_05,False,0.5,0.0,5,144,48,9,balanced_mix,39,51.08,5.84,8.554143872155038,8.497960372960375
post_primary_exploratory,unweighted_tilt_05,False,0.5,0.0,5,144,48,9,balanced_mix,40,48.64,5.96,8.553776984710186,8.43805003460892
post_primary_exploratory,unweighted_tilt_05,False,0.5,0.0,5,144,48,9,balanced_mix,41,51.24,6.68,8.548188415869657,8.179193899782135
post_primary_exploratory,unweighted_tilt_05,False,0.5,0.0,5,144,48,9,balanced_mix,44,51.24,5.76,8.560820298574603,8.715135738192634
post_primary_exploratory,unweighted_tilt_05,False,0.5,0.0,5,144,48,9,balanced_mix,45,50.68,5.8,8.560446184005974,8.683043063859284
post_primary_exploratory,unweighted_tilt_05,False,0.5,0.0,5,144,48,9,balanced_mix,46,51.48,5.96,8.561836188820951,8.805004409171076
post_primary_exploratory,unweighted_tilt_05,False,0.5,0.0,5,144,48,9,balanced_mix,48,49.76,5.76,8.554749078623965,8.50069498069498
post_primary_exploratory,unweighted_tilt_05,False,0.5,0.0,5,144,48,9,balanced_mix,49,49.44,5.6,8.553565736400138,8.465273829827554
post_primary_exploratory,unweighted_tilt_05,False,0.5,0.0,5,144,48,9,balanced_mix,50,51.16,5.32,8.558478884540163,8.580938833570412
post_primary_exploratory,unweighted_tilt_05,False,0.5,0.0,5,144,48,9,balanced_mix,51,48.52,5.64,8.557871585796798,8.594168096054887
post_primary_exploratory,unweighted_tilt_05,False,0.5,0.0,5,144,48,9,balanced_mix,53,50.6,5.96,8.553986567459189,8.444160681032189
post_primary_exploratory,unweighted_tilt_05,False,0.5,0.0,5,144,48,9,balanced_mix,54,50.04,5.88,8.553563558514256,8.267142457318778
post_primary_exploratory,unweighted_tilt_05,False,0.5,0.0,5,144,48,9,balanced_mix,55,52.04,5.92,8.55635695101216,8.5075743170438
post_primary_exploratory,unweighted_tilt_05,False,0.5,0.0,5,144,48,9,balanced_mix,56,50.12,6.04,8.560347511717689,8.636943744752307
post_primary_exploratory,unweighted_tilt_05,False,0.5,0.0,5,144,48,9,validation_only,01,20.0,11.08,8.54954104433419,8.35949741315595
post_primary_exploratory,unweighted_tilt_05,False,0.5,0.0,5,144,48,9,validation_only,02,20.0,12.44,8.557947749183516,8.635873229939312
post_primary_exploratory,unweighted_tilt_05,False,0.5,0.0,5,144,48,9,validation_only,04,20.0,11.52,8.556735008480507,8.519881085098477
post_primary_exploratory,unweighted_tilt_05,False,0.5,0.0,5,144,48,9,validation_only,05,20.0,12.04,8.550506675644234,8.29320987654321
post_primary_exploratory,unweighted_tilt_05,False,0.5,0.0,5,144,48,9,validation_only,06,20.0,11.48,8.552899516374941,8.431945521937767
post_primary_exploratory,unweighted_tilt_05,False,0.5,0.0,5,144,48,9,validation_only,08,20.0,11.84,8.55571957907767,8.508233957978423
post_primary_exploratory,unweighted_tilt_05,False,0.5,0.0,5,144,48,9,validation_only,09,20.0,12.48,8.556427457724286,8.553915436577434
post_primary_exploratory,unweighted_tilt_05,False,0.5,0.0,5,144,48,9,validation_only,10,20.0,12.24,8.562150469254233,8.68655574679671
post_primary_exploratory,unweighted_tilt_05,False,0.5,0.0,5,144,48,9,validation_only,11,20.0,13.04,8.567460862814404,8.715625586193958
post_primary_exploratory,unweighted_tilt_05,False,0.5,0.0,5,144,48,9,validation_only,12,20.0,11.8,8.557805382155362,8.560529336304098
post_primary_exploratory,unweighted_tilt_05,False,0.5,0.0,5,144,48,9,validation_only,13,20.0,10.08,8.554054150528358,8.443810730882975
post_primary_exploratory,unweighted_tilt_05,False,0.5,0.0,5,144,48,9,validation_only,15,20.0,12.0,8.56008722452795,8.658482845451683
post_primary_exploratory,unweighted_tilt_05,False,0.5,0.0,5,144,48,9,validation_only,16,20.0,11.92,8.55519952865025,8.519994162288384
post_primary_exploratory,unweighted_tilt_05,False,0.5,0.0,5,144,48,9,validation_only,17,20.0,11.88,8.56086419037217,8.66492682427592
post_primary_exploratory,unweighted_tilt_05,False,0.5,0.0,5,144,48,9,validation_only,18,20.0,11.24,8.554961762243096,8.485706993363962
post_primary_exploratory,unweighted_tilt_05,False,0.5,0.0,5,144,48,9,validation_only,19,20.0,11.24,8.5593848777668,8.577984966753396
post_primary_exploratory,unweighted_tilt_05,False,0.5,0.0,5,144,48,9,validation_only,20,20.0,12.0,8.557013955836132,8.534743722050223
post_primary_exploratory,unweighted_tilt_05,False,0.5,0.0,5,144,48,9,validation_only,22,20.0,12.12,8.551319835554894,8.30594265577447
post_primary_exploratory,unweighted_tilt_05,False,0.5,0.0,5,144,48,9,validation_only,23,20.0,12.28,8.559017712379989,8.594057633792733
post_primary_exploratory,unweighted_tilt_05,False,0.5,0.0,5,144,48,9,validation_only,24,20.0,10.68,8.562021152029933,8.630635650276268
post_primary_exploratory,unweighted_tilt_05,False,0.5,0.0,5,144,48,9,validation_only,25,20.0,11.4,8.561522110575584,8.637808611816821
post_primary_exploratory,unweighted_tilt_05,False,0.5,0.0,5,144,48,9,validation_only,26,20.0,13.28,8.555217133557013,8.529325204961111
post_primary_exploratory,unweighted_tilt_05,False,0.5,0.0,5,144,48,9,validation_only,27,20.0,11.96,8.560848668789692,8.632127728901924
post_primary_exploratory,unweighted_tilt_05,False,0.5,0.0,5,144,48,9,validation_only,28,20.0,12.84,8.562619797087324,8.698599093531108
post_primary_exploratory,unweighted_tilt_05,False,0.5,0.0,5,144,48,9,validation_only,29,20.0,10.48,8.552867087876537,8.384601691143747
post_primary_exploratory,unweighted_tilt_05,False,0.5,0.0,5,144,48,9,validation_only,30,20.0,11.68,8.55796897680726,8.572748028227481
post_primary_exploratory,unweighted_tilt_05,False,0.5,0.0,5,144,48,9,validation_only,31,20.0,10.64,8.569511787150233,8.814423125346226
post_primary_exploratory,unweighted_tilt_05,False,0.5,0.0,5,144,48,9,validation_only,32,20.0,11.08,8.548516368899287,8.271645021645021
post_primary_exploratory,unweighted_tilt_05,False,0.5,0.0,5,144,48,9,validation_only,33,20.0,10.56,8.56457543448127,8.757779437391088
post_primary_exploratory,unweighted_tilt_05,False,0.5,0.0,5,144,48,9,validation_only,34,20.0,11.44,8.560466771641932,8.648255191607793
post_primary_exploratory,unweighted_tilt_05,False,0.5,0.0,5,144,48,9,validation_only,35,20.0,11.8,8.547581874243628,8.344547053649956
post_primary_exploratory,unweighted_tilt_05,False,0.5,0.0,5,144,48,9,validation_only,36,20.0,12.16,8.55729008050987,8.55199342375668
post_primary_exploratory,unweighted_tilt_05,False,0.5,0.0,5,144,48,9,validation_only,37,20.0,11.68,8.554678367062461,8.525340283811179
post_primary_exploratory,unweighted_tilt_05,False,0.5,0.0,5,144,48,9,validation_only,38,20.0,11.92,8.569586369691832,8.852889474840696
post_primary_exploratory,unweighted_tilt_05,False,0.5,0.0,5,144,48,9,validation_only,39,20.0,11.72,8.55319285291788,8.497960372960375
post_primary_exploratory,unweighted_tilt_05,False,0.5,0.0,5,144,48,9,validation_only,40,20.0,11.76,8.553650670563009,8.43805003460892
post_primary_exploratory,unweighted_tilt_05,False,0.5,0.0,5,144,48,9,validation_only,41,20.0,11.4,8.543989237214593,8.179193899782135
post_primary_exploratory,unweighted_tilt_05,False,0.5,0.0,5,144,48,9,validation_only,44,20.0,10.52,8.564448049285275,8.715135738192634
post_primary_exploratory,unweighted_tilt_05,False,0.5,0.0,5,144,48,9,validation_only,45,20.0,11.68,8.560236561884205,8.683043063859284
post_primary_exploratory,unweighted_tilt_05,False,0.5,0.0,5,144,48,9,validation_only,46,20.0,11.04,8.566407320896124,8.805004409171076
post_primary_exploratory,unweighted_tilt_05,False,0.5,0.0,5,144,48,9,validation_only,48,20.0,10.8,8.552756162167954,8.50069498069498
post_primary_exploratory,unweighted_tilt_05,False,0.5,0.0,5,144,48,9,validation_only,49,20.0,11.76,8.55309636241019,8.465273829827554
post_primary_exploratory,unweighted_tilt_05,False,0.5,0.0,5,144,48,9,validation_only,50,20.0,12.0,8.561287619365253,8.580938833570412
post_primary_exploratory,unweighted_tilt_05,False,0.5,0.0,5,144,48,9,validation_only,51,20.0,11.44,8.55918910009151,8.594168096054887
post_primary_exploratory,unweighted_tilt_05,False,0.5,0.0,5,144,48,9,validation_only,53,20.0,11.4,8.552982870909831,8.444160681032189
post_primary_exploratory,unweighted_tilt_05,False,0.5,0.0,5,144,48,9,validation_only,54,20.0,12.44,8.550124461110169,8.267142457318778
post_primary_exploratory,unweighted_tilt_05,False,0.5,0.0,5,144,48,9,validation_only,55,20.0,11.68,8.557971424516706,8.5075743170438
post_primary_exploratory,unweighted_tilt_05,False,0.5,0.0,5,144,48,9,validation_only,56,20.0,12.04,8.559460097652916,8.636943744752307
post_primary_exploratory,unweighted_tilt_05,False,0.5,0.0,5,144,48,9,uniform,01,76.76,0.0,8.55595350860403,8.35949741315595
post_primary_exploratory,unweighted_tilt_05,False,0.5,0.0,5,144,48,9,uniform,02,78.4,0.0,8.557351196154547,8.635873229939312
post_primary_exploratory,unweighted_tilt_05,False,0.5,0.0,5,144,48,9,uniform,04,80.88,0.0,8.556894174039087,8.519881085098477
post_primary_exploratory,unweighted_tilt_05,False,0.5,0.0,5,144,48,9,uniform,05,81.16,0.0,8.55493242932373,8.29320987654321
post_primary_exploratory,unweighted_tilt_05,False,0.5,0.0,5,144,48,9,uniform,06,81.56,0.0,8.554808942774654,8.431945521937767
post_primary_exploratory,unweighted_tilt_05,False,0.5,0.0,5,144,48,9,uniform,08,78.72,0.0,8.556595517256564,8.508233957978423
post_primary_exploratory,unweighted_tilt_05,False,0.5,0.0,5,144,48,9,uniform,09,76.72,0.0,8.556630552359191,8.553915436577434
post_primary_exploratory,unweighted_tilt_05,False,0.5,0.0,5,144,48,9,uniform,10,79.0,0.0,8.558222776291805,8.68655574679671
post_primary_exploratory,unweighted_tilt_05,False,0.5,0.0,5,144,48,9,uniform,11,80.0,0.0,8.55870443273685,8.715625586193958
post_primary_exploratory,unweighted_tilt_05,False,0.5,0.0,5,144,48,9,uniform,12,81.08,0.0,8.55863289671744,8.560529336304098
post_primary_exploratory,unweighted_tilt_05,False,0.5,0.0,5,144,48,9,uniform,13,78.08,0.0,8.556016675228063,8.443810730882975
post_primary_exploratory,unweighted_tilt_05,False,0.5,0.0,5,144,48,9,uniform,15,79.28,0.0,8.55805856326842,8.658482845451683
post_primary_exploratory,unweighted_tilt_05,False,0.5,0.0,5,144,48,9,uniform,16,81.44,0.0,8.556450935370716,8.519994162288384
post_primary_exploratory,unweighted_tilt_05,False,0.5,0.0,5,144,48,9,uniform,17,80.36,0.0,8.55751917783856,8.66492682427592
post_primary_exploratory,unweighted_tilt_05,False,0.5,0.0,5,144,48,9,uniform,18,79.88,0.0,8.556986108262546,8.485706993363962
post_primary_exploratory,unweighted_tilt_05,False,0.5,0.0,5,144,48,9,uniform,19,78.52,0.0,8.557189103969085,8.577984966753396
post_primary_exploratory,unweighted_tilt_05,False,0.5,0.0,5,144,48,9,uniform,20,81.6,0.0,8.55715062190076,8.534743722050223
post_primary_exploratory,unweighted_tilt_05,False,0.5,0.0,5,144,48,9,uniform,22,80.64,0.0,8.555135915630881,8.30594265577447
post_primary_exploratory,unweighted_tilt_05,False,0.5,0.0,5,144,48,9,uniform,23,81.48,0.0,8.55707248054619,8.594057633792733
post_primary_exploratory,unweighted_tilt_05,False,0.5,0.0,5,144,48,9,uniform,24,80.0,0.0,8.558145839243437,8.630635650276268
post_primary_exploratory,unweighted_tilt_05,False,0.5,0.0,5,144,48,9,uniform,25,81.0,0.0,8.558224510969781,8.637808611816821
post_primary_exploratory,unweighted_tilt_05,False,0.5,0.0,5,144,48,9,uniform,26,80.68,0.0,8.55602905316219,8.529325204961111
post_primary_exploratory,unweighted_tilt_05,False,0.5,0.0,5,144,48,9,uniform,27,77.08,0.0,8.557775246735043,8.632127728901924
post_primary_exploratory,unweighted_tilt_05,False,0.5,0.0,5,144,48,9,uniform,28,79.36,0.0,8.558550710871128,8.698599093531108
post_primary_exploratory,unweighted_tilt_05,False,0.5,0.0,5,144,48,9,uniform,29,81.88,0.0,8.555194419197026,8.384601691143747
post_primary_exploratory,unweighted_tilt_05,False,0.5,0.0,5,144,48,9,uniform,30,78.28,0.0,8.557495955239023,8.572748028227481
post_primary_exploratory,unweighted_tilt_05,False,0.5,0.0,5,144,48,9,uniform,31,79.48,0.0,8.559916993425766,8.814423125346226
post_primary_exploratory,unweighted_tilt_05,False,0.5,0.0,5,144,48,9,uniform,32,79.12,0.0,8.553932852370911,8.271645021645021
post_primary_exploratory,unweighted_tilt_05,False,0.5,0.0,5,144,48,9,uniform,33,80.04,0.0,8.55854132651272,8.757779437391088
post_primary_exploratory,unweighted_tilt_05,False,0.5,0.0,5,144,48,9,uniform,34,79.64,0.0,8.55715467683436,8.648255191607793
post_primary_exploratory,unweighted_tilt_05,False,0.5,0.0,5,144,48,9,uniform,35,82.8,0.0,8.555210253500894,8.344547053649956
post_primary_exploratory,unweighted_tilt_05,False,0.5,0.0,5,144,48,9,uniform,36,80.92,0.0,8.556689980439339,8.55199342375668
post_primary_exploratory,unweighted_tilt_05,False,0.5,0.0,5,144,48,9,uniform,37,81.44,0.0,8.555110185380745,8.525340283811179
post_primary_exploratory,unweighted_tilt_05,False,0.5,0.0,5,144,48,9,uniform,38,80.12,0.0,8.559622926365563,8.852889474840696
post_primary_exploratory,unweighted_tilt_05,False,0.5,0.0,5,144,48,9,uniform,39,82.8,0.0,8.555555363640867,8.497960372960375
post_primary_exploratory,unweighted_tilt_05,False,0.5,0.0,5,144,48,9,uniform,40,79.96,0.0,8.555963865325323,8.43805003460892
post_primary_exploratory,unweighted_tilt_05,False,0.5,0.0,5,144,48,9,uniform,41,78.88,0.0,8.55360671883151,8.179193899782135
post_primary_exploratory,unweighted_tilt_05,False,0.5,0.0,5,144,48,9,uniform,44,79.84,0.0,8.558460321889845,8.715135738192634
post_primary_exploratory,unweighted_tilt_05,False,0.5,0.0,5,144,48,9,uniform,45,80.64,0.0,8.558004246105632,8.683043063859284
post_primary_exploratory,unweighted_tilt_05,False,0.5,0.0,5,144,48,9,uniform,46,80.68,0.0,8.559420282682469,8.805004409171076
post_primary_exploratory,unweighted_tilt_05,False,0.5,0.0,5,144,48,9,uniform,48,80.04,0.0,8.555439780127285,8.50069498069498
post_primary_exploratory,unweighted_tilt_05,False,0.5,0.0,5,144,48,9,uniform,49,78.92,0.0,8.555540095248606,8.465273829827554
post_primary_exploratory,unweighted_tilt_05,False,0.5,0.0,5,144,48,9,uniform,50,79.32,0.0,8.558249480394645,8.580938833570412
post_primary_exploratory,unweighted_tilt_05,False,0.5,0.0,5,144,48,9,uniform,51,81.48,0.0,8.558063260279228,8.594168096054887
post_primary_exploratory,unweighted_tilt_05,False,0.5,0.0,5,144,48,9,uniform,53,80.56,0.0,8.556225003205226,8.444160681032189
post_primary_exploratory,unweighted_tilt_05,False,0.5,0.0,5,144,48,9,uniform,54,81.44,0.0,8.555433920740212,8.267142457318778
post_primary_exploratory,unweighted_tilt_05,False,0.5,0.0,5,144,48,9,uniform,55,80.04,0.0,8.55707189066499,8.5075743170438
post_primary_exploratory,unweighted_tilt_05,False,0.5,0.0,5,144,48,9,uniform,56,78.0,0.0,8.558691635460974,8.636943744752307
post_primary_exploratory,unweighted_tilt_05,False,0.5,0.0,5,480,48,9,ordinary_kg,01,153.88,0.0,8.554766951982419,8.35949741315595
post_primary_exploratory,unweighted_tilt_05,False,0.5,0.0,5,480,48,9,ordinary_kg,02,223.92,0.0,8.557444807653937,8.635873229939312
post_primary_exploratory,unweighted_tilt_05,False,0.5,0.0,5,480,48,9,ordinary_kg,04,272.08,0.0,8.556530949394455,8.519881085098477
post_primary_exploratory,unweighted_tilt_05,False,0.5,0.0,5,480,48,9,ordinary_kg,05,243.16,0.0,8.55408465366325,8.29320987654321
post_primary_exploratory,unweighted_tilt_05,False,0.5,0.0,5,480,48,9,ordinary_kg,06,286.92,0.0,8.553997491712808,8.431945521937767
post_primary_exploratory,unweighted_tilt_05,False,0.5,0.0,5,480,48,9,ordinary_kg,08,294.24,0.0,8.556332860874734,8.508233957978423
post_primary_exploratory,unweighted_tilt_05,False,0.5,0.0,5,480,48,9,ordinary_kg,09,271.88,0.0,8.556361771627401,8.553915436577434
post_primary_exploratory,unweighted_tilt_05,False,0.5,0.0,5,480,48,9,ordinary_kg,10,166.68,0.0,8.5582423953516,8.68655574679671
post_primary_exploratory,unweighted_tilt_05,False,0.5,0.0,5,480,48,9,ordinary_kg,11,241.4,0.0,8.558054171576929,8.715625586193958
post_primary_exploratory,unweighted_tilt_05,False,0.5,0.0,5,480,48,9,ordinary_kg,12,146.56,0.0,8.55867002320087,8.560529336304098
post_primary_exploratory,unweighted_tilt_05,False,0.5,0.0,5,480,48,9,ordinary_kg,13,253.08,0.0,8.555205241288448,8.443810730882975
post_primary_exploratory,unweighted_tilt_05,False,0.5,0.0,5,480,48,9,ordinary_kg,15,184.64,0.0,8.558115031189518,8.658482845451683
post_primary_exploratory,unweighted_tilt_05,False,0.5,0.0,5,480,48,9,ordinary_kg,16,253.0,0.0,8.556513766027022,8.519994162288384
post_primary_exploratory,unweighted_tilt_05,False,0.5,0.0,5,480,48,9,ordinary_kg,17,186.72,0.0,8.557605521207934,8.66492682427592
post_primary_exploratory,unweighted_tilt_05,False,0.5,0.0,5,480,48,9,ordinary_kg,18,265.36,0.0,8.556703689239729,8.485706993363962
post_primary_exploratory,unweighted_tilt_05,False,0.5,0.0,5,480,48,9,ordinary_kg,19,185.24,0.0,8.557287208429242,8.577984966753396
post_primary_exploratory,unweighted_tilt_05,False,0.5,0.0,5,480,48,9,ordinary_kg,20,267.6,0.0,8.557007584752975,8.534743722050223
post_primary_exploratory,unweighted_tilt_05,False,0.5,0.0,5,480,48,9,ordinary_kg,22,252.24,0.0,8.55452818483602,8.30594265577447
post_primary_exploratory,unweighted_tilt_05,False,0.5,0.0,5,480,48,9,ordinary_kg,23,193.52,0.0,8.557236128891786,8.594057633792733
post_primary_exploratory,unweighted_tilt_05,False,0.5,0.0,5,480,48,9,ordinary_kg,24,228.12,0.0,8.558028130173577,8.630635650276268
post_primary_exploratory,unweighted_tilt_05,False,0.5,0.0,5,480,48,9,ordinary_kg,25,212.28,0.0,8.558163388981525,8.637808611816821
post_primary_exploratory,unweighted_tilt_05,False,0.5,0.0,5,480,48,9,ordinary_kg,26,248.16,0.0,8.55601003838717,8.529325204961111
post_primary_exploratory,unweighted_tilt_05,False,0.5,0.0,5,480,48,9,ordinary_kg,27,256.24,0.0,8.557293593638128,8.632127728901924
post_primary_exploratory,unweighted_tilt_05,False,0.5,0.0,5,480,48,9,ordinary_kg,28,109.48,0.0,8.558666187221176,8.698599093531108
post_primary_exploratory,unweighted_tilt_05,False,0.5,0.0,5,480,48,9,ordinary_kg,29,271.36,0.0,8.554617223056972,8.384601691143747
post_primary_exploratory,unweighted_tilt_05,False,0.5,0.0,5,480,48,9,ordinary_kg,30,227.72,0.0,8.557197433660273,8.572748028227481
post_primary_exploratory,unweighted_tilt_05,False,0.5,0.0,5,480,48,9,ordinary_kg,31,165.76,0.0,8.55977173442695,8.814423125346226
post_primary_exploratory,unweighted_tilt_05,False,0.5,0.0,5,480,48,9,ordinary_kg,32,265.8,0.0,8.553148780466385,8.271645021645021
post_primary_exploratory,unweighted_tilt_05,False,0.5,0.0,5,480,48,9,ordinary_kg,33,178.52,0.0,8.558410670343493,8.757779437391088
post_primary_exploratory,unweighted_tilt_05,False,0.5,0.0,5,480,48,9,ordinary_kg,34,259.56,0.0,8.556823835784531,8.648255191607793
post_primary_exploratory,unweighted_tilt_05,False,0.5,0.0,5,480,48,9,ordinary_kg,35,114.72,0.0,8.554026518300539,8.344547053649956
post_primary_exploratory,unweighted_tilt_05,False,0.5,0.0,5,480,48,9,ordinary_kg,36,212.16,0.0,8.555755026460542,8.55199342375668
post_primary_exploratory,unweighted_tilt_05,False,0.5,0.0,5,480,48,9,ordinary_kg,37,279.92,0.0,8.554447639312805,8.525340283811179
post_primary_exploratory,unweighted_tilt_05,False,0.5,0.0,5,480,48,9,ordinary_kg,38,145.64,0.0,8.55967788766138,8.852889474840696
post_primary_exploratory,unweighted_tilt_05,False,0.5,0.0,5,480,48,9,ordinary_kg,39,252.84,0.0,8.554904707312279,8.497960372960375
post_primary_exploratory,unweighted_tilt_05,False,0.5,0.0,5,480,48,9,ordinary_kg,40,284.72,0.0,8.555542137361826,8.43805003460892
post_primary_exploratory,unweighted_tilt_05,False,0.5,0.0,5,480,48,9,ordinary_kg,41,152.92,0.0,8.552531855609093,8.179193899782135
post_primary_exploratory,unweighted_tilt_05,False,0.5,0.0,5,480,48,9,ordinary_kg,44,157.6,0.0,8.558450725937732,8.715135738192634
post_primary_exploratory,unweighted_tilt_05,False,0.5,0.0,5,480,48,9,ordinary_kg,45,160.72,0.0,8.558181740596044,8.683043063859284
post_primary_exploratory,unweighted_tilt_05,False,0.5,0.0,5,480,48,9,ordinary_kg,46,136.36,0.0,8.559398669051697,8.805004409171076
post_primary_exploratory,unweighted_tilt_05,False,0.5,0.0,5,480,48,9,ordinary_kg,48,272.68,0.0,8.554951370608938,8.50069498069498
post_primary_exploratory,unweighted_tilt_05,False,0.5,0.0,5,480,48,9,ordinary_kg,49,300.92,0.0,8.55531484943356,8.465273829827554
post_primary_exploratory,unweighted_tilt_05,False,0.5,0.0,5,480,48,9,ordinary_kg,50,240.08,0.0,8.557968427178979,8.580938833570412
post_primary_exploratory,unweighted_tilt_05,False,0.5,0.0,5,480,48,9,ordinary_kg,51,223.44,0.0,8.558149987588553,8.594168096054887
post_primary_exploratory,unweighted_tilt_05,False,0.5,0.0,5,480,48,9,ordinary_kg,53,214.08,0.0,8.555304158109799,8.444160681032189
post_primary_exploratory,unweighted_tilt_05,False,0.5,0.0,5,480,48,9,ordinary_kg,54,213.56,0.0,8.555566645809282,8.267142457318778
post_primary_exploratory,unweighted_tilt_05,False,0.5,0.0,5,480,48,9,ordinary_kg,55,264.32,0.0,8.556382003627045,8.5075743170438
post_primary_exploratory,unweighted_tilt_05,False,0.5,0.0,5,480,48,9,ordinary_kg,56,168.2,0.0,8.558657776989302,8.636943744752307
post_primary_exploratory,unweighted_tilt_05,False,0.5,0.0,5,480,48,9,two_channel_kg,01,20.0,43.92,8.539037214018169,8.35949741315595
post_primary_exploratory,unweighted_tilt_05,False,0.5,0.0,5,480,48,9,two_channel_kg,02,20.0,39.6,8.566258499227034,8.635873229939312
post_primary_exploratory,unweighted_tilt_05,False,0.5,0.0,5,480,48,9,two_channel_kg,04,20.0,41.56,8.558291966009183,8.519881085098477
post_primary_exploratory,unweighted_tilt_05,False,0.5,0.0,5,480,48,9,two_channel_kg,05,20.0,41.72,8.53589285294998,8.29320987654321
post_primary_exploratory,unweighted_tilt_05,False,0.5,0.0,5,480,48,9,two_channel_kg,06,20.0,49.32,8.544437674229046,8.431945521937767
post_primary_exploratory,unweighted_tilt_05,False,0.5,0.0,5,480,48,9,two_channel_kg,08,20.0,48.36,8.553198299543256,8.508233957978423
post_primary_exploratory,unweighted_tilt_05,False,0.5,0.0,5,480,48,9,two_channel_kg,09,20.0,42.16,8.557454367253737,8.553915436577434
post_primary_exploratory,unweighted_tilt_05,False,0.5,0.0,5,480,48,9,two_channel_kg,10,20.0,31.52,8.569804944273834,8.68655574679671
post_primary_exploratory,unweighted_tilt_05,False,0.5,0.0,5,480,48,9,two_channel_kg,11,20.0,43.52,8.584698384285696,8.715625586193958
post_primary_exploratory,unweighted_tilt_05,False,0.5,0.0,5,480,48,9,two_channel_kg,12,20.0,31.56,8.560176698060134,8.560529336304098
post_primary_exploratory,unweighted_tilt_05,False,0.5,0.0,5,480,48,9,two_channel_kg,13,20.0,44.08,8.548098767511371,8.443810730882975
post_primary_exploratory,unweighted_tilt_05,False,0.5,0.0,5,480,48,9,two_channel_kg,15,20.0,32.92,8.566036446407042,8.658482845451683
post_primary_exploratory,unweighted_tilt_05,False,0.5,0.0,5,480,48,9,two_channel_kg,16,20.0,35.6,8.555661645197908,8.519994162288384
post_primary_exploratory,unweighted_tilt_05,False,0.5,0.0,5,480,48,9,two_channel_kg,17,20.0,34.32,8.568306677304125,8.66492682427592
post_primary_exploratory,unweighted_tilt_05,False,0.5,0.0,5,480,48,9,two_channel_kg,18,20.0,42.6,8.553986606505978,8.485706993363962
post_primary_exploratory,unweighted_tilt_05,False,0.5,0.0,5,480,48,9,two_channel_kg,19,20.0,35.4,8.560516929408115,8.577984966753396
post_primary_exploratory,unweighted_tilt_05,False,0.5,0.0,5,480,48,9,two_channel_kg,20,20.0,40.68,8.556096439091219,8.534743722050223
post_primary_exploratory,unweighted_tilt_05,False,0.5,0.0,5,480,48,9,two_channel_kg,22,20.0,36.32,8.539412491193845,8.30594265577447
post_primary_exploratory,unweighted_tilt_05,False,0.5,0.0,5,480,48,9,two_channel_kg,23,20.0,36.48,8.56457058448813,8.594057633792733
post_primary_exploratory,unweighted_tilt_05,False,0.5,0.0,5,480,48,9,two_channel_kg,24,20.0,41.72,8.567322772922031,8.630635650276268
post_primary_exploratory,unweighted_tilt_05,False,0.5,0.0,5,480,48,9,two_channel_kg,25,20.0,40.16,8.567133667643004,8.637808611816821
post_primary_exploratory,unweighted_tilt_05,False,0.5,0.0,5,480,48,9,two_channel_kg,26,20.0,41.6,8.556795649539913,8.529325204961111
post_primary_exploratory,unweighted_tilt_05,False,0.5,0.0,5,480,48,9,two_channel_kg,27,20.0,47.6,8.57165744592425,8.632127728901924
post_primary_exploratory,unweighted_tilt_05,False,0.5,0.0,5,480,48,9,two_channel_kg,28,20.0,26.84,8.567948016416578,8.698599093531108
post_primary_exploratory,unweighted_tilt_05,False,0.5,0.0,5,480,48,9,two_channel_kg,29,20.0,40.72,8.544448612579345,8.384601691143747
post_primary_exploratory,unweighted_tilt_05,False,0.5,0.0,5,480,48,9,two_channel_kg,30,20.0,35.64,8.559344018900163,8.572748028227481
post_primary_exploratory,unweighted_tilt_05,False,0.5,0.0,5,480,48,9,two_channel_kg,31,20.0,31.96,8.585494723144585,8.814423125346226
post_primary_exploratory,unweighted_tilt_05,False,0.5,0.0,5,480,48,9,two_channel_kg,32,20.0,39.6,8.534807198491777,8.271645021645021
post_primary_exploratory,unweighted_tilt_05,False,0.5,0.0,5,480,48,9,two_channel_kg,33,20.0,34.12,8.577387254405226,8.757779437391088
post_primary_exploratory,unweighted_tilt_05,False,0.5,0.0,5,480,48,9,two_channel_kg,34,20.0,44.16,8.567462466039924,8.648255191607793
post_primary_exploratory,unweighted_tilt_05,False,0.5,0.0,5,480,48,9,two_channel_kg,35,20.0,47.64,8.531543550703125,8.344547053649956
post_primary_exploratory,unweighted_tilt_05,False,0.5,0.0,5,480,48,9,two_channel_kg,36,20.0,45.16,8.556076998802713,8.55199342375668
post_primary_exploratory,unweighted_tilt_05,False,0.5,0.0,5,480,48,9,two_channel_kg,37,20.0,42.64,8.553781889430851,8.525340283811179
post_primary_exploratory,unweighted_tilt_05,False,0.5,0.0,5,480,48,9,two_channel_kg,38,20.0,32.8,8.588814715282139,8.852889474840696
post_primary_exploratory,unweighted_tilt_05,False,0.5,0.0,5,480,48,9,two_channel_kg,39,20.0,43.04,8.550806155241323,8.497960372960375
post_primary_exploratory,unweighted_tilt_05,False,0.5,0.0,5,480,48,9,two_channel_kg,40,20.0,41.88,8.549389305157158,8.43805003460892
post_primary_exploratory,unweighted_tilt_05,False,0.5,0.0,5,480,48,9,two_channel_kg,41,20.0,47.24,8.515021043637702,8.179193899782135
post_primary_exploratory,unweighted_tilt_05,False,0.5,0.0,5,480,48,9,two_channel_kg,44,20.0,36.08,8.578608398243764,8.715135738192634
post_primary_exploratory,unweighted_tilt_05,False,0.5,0.0,5,480,48,9,two_channel_kg,45,20.0,33.28,8.569248034608089,8.683043063859284
post_primary_exploratory,unweighted_tilt_05,False,0.5,0.0,5,480,48,9,two_channel_kg,46,20.0,30.04,8.57875769338769,8.805004409171076
post_primary_exploratory,unweighted_tilt_05,False,0.5,0.0,5,480,48,9,two_channel_kg,48,20.0,42.24,8.552026688127185,8.50069498069498
post_primary_exploratory,unweighted_tilt_05,False,0.5,0.0,5,480,48,9,two_channel_kg,49,20.0,45.8,8.548116059189555,8.465273829827554
post_primary_exploratory,unweighted_tilt_05,False,0.5,0.0,5,480,48,9,two_channel_kg,50,20.0,43.72,8.565482711050457,8.580938833570412
post_primary_exploratory,unweighted_tilt_05,False,0.5,0.0,5,480,48,9,two_channel_kg,51,20.0,39.68,8.562497355521261,8.594168096054887
post_primary_exploratory,unweighted_tilt_05,False,0.5,0.0,5,480,48,9,two_channel_kg,53,20.0,52.72,8.543420648069874,8.444160681032189
post_primary_exploratory,unweighted_tilt_05,False,0.5,0.0,5,480,48,9,two_channel_kg,54,20.0,34.84,8.53919047391557,8.267142457318778
post_primary_exploratory,unweighted_tilt_05,False,0.5,0.0,5,480,48,9,two_channel_kg,55,20.0,44.28,8.551917493067824,8.5075743170438
post_primary_exploratory,unweighted_tilt_05,False,0.5,0.0,5,480,48,9,two_channel_kg,56,20.0,41.16,8.567377753475986,8.636943744752307
post_primary_exploratory,unweighted_tilt_05,False,0.5,0.0,5,480,48,9,balanced_mix,01,122.44,21.08,8.545923999459111,8.35949741315595
post_primary_exploratory,unweighted_tilt_05,False,0.5,0.0,5,480,48,9,balanced_mix,02,122.04,19.12,8.559185051589537,8.635873229939312
post_primary_exploratory,unweighted_tilt_05,False,0.5,0.0,5,480,48,9,balanced_mix,04,119.8,20.12,8.555811058307198,8.519881085098477
post_primary_exploratory,unweighted_tilt_05,False,0.5,0.0,5,480,48,9,balanced_mix,05,120.72,18.4,8.544244231351065,8.29320987654321
post_primary_exploratory,unweighted_tilt_05,False,0.5,0.0,5,480,48,9,balanced_mix,06,121.28,19.52,8.548787580316164,8.431945521937767
post_primary_exploratory,unweighted_tilt_05,False,0.5,0.0,5,480,48,9,balanced_mix,08,120.48,19.36,8.55363784292355,8.508233957978423
post_primary_exploratory,unweighted_tilt_05,False,0.5,0.0,5,480,48,9,balanced_mix,09,117.4,19.28,8.555346746539962,8.553915436577434
post_primary_exploratory,unweighted_tilt_05,False,0.5,0.0,5,480,48,9,balanced_mix,10,115.44,20.48,8.565483160286973,8.68655574679671
post_primary_exploratory,unweighted_tilt_05,False,0.5,0.0,5,480,48,9,balanced_mix,11,116.52,17.28,8.56704722377084,8.715625586193958
post_primary_exploratory,unweighted_tilt_05,False,0.5,0.0,5,480,48,9,balanced_mix,12,116.28,19.6,8.557904251039655,8.560529336304098
post_primary_exploratory,unweighted_tilt_05,False,0.5,0.0,5,480,48,9,balanced_mix,13,123.6,19.52,8.553357830436926,8.443810730882975
post_primary_exploratory,unweighted_tilt_05,False,0.5,0.0,5,480,48,9,balanced_mix,15,117.2,19.28,8.561826036081344,8.658482845451683
post_primary_exploratory,unweighted_tilt_05,False,0.5,0.0,5,480,48,9,balanced_mix,16,118.16,21.32,8.554551920145213,8.519994162288384
post_primary_exploratory,unweighted_tilt_05,False,0.5,0.0,5,480,48,9,balanced_mix,17,121.24,19.84,8.56231852338424,8.66492682427592
post_primary_exploratory,unweighted_tilt_05,False,0.5,0.0,5,480,48,9,balanced_mix,18,120.48,20.44,8.554327979834513,8.485706993363962
post_primary_exploratory,unweighted_tilt_05,False,0.5,0.0,5,480,48,9,balanced_mix,19,120.92,19.96,8.558944680564418,8.577984966753396
post_primary_exploratory,unweighted_tilt_05,False,0.5,0.0,5,480,48,9,balanced_mix,20,119.72,20.4,8.557466442525115,8.534743722050223
post_primary_exploratory,unweighted_tilt_05,False,0.5,0.0,5,480,48,9,balanced_mix,22,122.84,20.48,8.545304248432883,8.30594265577447
post_primary_exploratory,unweighted_tilt_05,False,0.5,0.0,5,480,48,9,balanced_mix,23,119.04,18.48,8.560200550392711,8.594057633792733
post_primary_exploratory,unweighted_tilt_05,False,0.5,0.0,5,480,48,9,balanced_mix,24,125.04,20.04,8.56351105386621,8.630635650276268
post_primary_exploratory,unweighted_tilt_05,False,0.5,0.0,5,480,48,9,balanced_mix,25,120.2,19.36,8.560986654299063,8.637808611816821
post_primary_exploratory,unweighted_tilt_05,False,0.5,0.0,5,480,48,9,balanced_mix,26,123.12,20.64,8.554991052641745,8.529325204961111
post_primary_exploratory,unweighted_tilt_05,False,0.5,0.0,5,480,48,9,balanced_mix,27,120.8,20.12,8.562634827665985,8.632127728901924
post_primary_exploratory,unweighted_tilt_05,False,0.5,0.0,5,480,48,9,balanced_mix,28,120.4,19.32,8.564324495371595,8.698599093531108
post_primary_exploratory,unweighted_tilt_05,False,0.5,0.0,5,480,48,9,balanced_mix,29,121.56,18.2,8.548084637213973,8.384601691143747
post_primary_exploratory,unweighted_tilt_05,False,0.5,0.0,5,480,48,9,balanced_mix,30,118.12,20.2,8.557504082319552,8.572748028227481
post_primary_exploratory,unweighted_tilt_05,False,0.5,0.0,5,480,48,9,balanced_mix,31,122.6,22.12,8.578473045390746,8.814423125346226
post_primary_exploratory,unweighted_tilt_05,False,0.5,0.0,5,480,48,9,balanced_mix,32,121.52,20.64,8.541966613368663,8.271645021645021
post_primary_exploratory,unweighted_tilt_05,False,0.5,0.0,5,480,48,9,balanced_mix,33,123.0,19.76,8.570058933810982,8.757779437391088
post_primary_exploratory,unweighted_tilt_05,False,0.5,0.0,5,480,48,9,balanced_mix,34,119.72,21.6,8.560681271875389,8.648255191607793
post_primary_exploratory,unweighted_tilt_05,False,0.5,0.0,5,480,48,9,balanced_mix,35,119.24,19.52,8.54342177709321,8.344547053649956
post_primary_exploratory,unweighted_tilt_05,False,0.5,0.0,5,480,48,9,balanced_mix,36,118.96,19.24,8.55595568900982,8.55199342375668
post_primary_exploratory,unweighted_tilt_05,False,0.5,0.0,5,480,48,9,balanced_mix,37,120.88,21.0,8.55357319390099,8.525340283811179
post_primary_exploratory,unweighted_tilt_05,False,0.5,0.0,5,480,48,9,balanced_mix,38,123.84,20.32,8.578042953653188,8.852889474840696
post_primary_exploratory,unweighted_tilt_05,False,0.5,0.0,5,480,48,9,balanced_mix,39,120.04,18.12,8.550399376683329,8.497960372960375
post_primary_exploratory,unweighted_tilt_05,False,0.5,0.0,5,480,48,9,balanced_mix,40,118.04,19.96,8.549717609204713,8.43805003460892
post_primary_exploratory,unweighted_tilt_05,False,0.5,0.0,5,480,48,9,balanced_mix,41,122.44,20.72,8.536527910751508,8.179193899782135
post_primary_exploratory,unweighted_tilt_05,False,0.5,0.0,5,480,48,9,balanced_mix,44,124.12,20.8,8.567537556924547,8.715135738192634
post_primary_exploratory,unweighted_tilt_05,False,0.5,0.0,5,480,48,9,balanced_mix,45,121.76,20.6,8.565532794492762,8.683043063859284
post_primary_exploratory,unweighted_tilt_05,False,0.5,0.0,5,480,48,9,balanced_mix,46,121.32,18.96,8.571068637099255,8.805004409171076
post_primary_exploratory,unweighted_tilt_05,False,0.5,0.0,5,480,48,9,balanced_mix,48,117.64,19.36,8.551093783450575,8.50069498069498
post_primary_exploratory,unweighted_tilt_05,False,0.5,0.0,5,480,48,9,balanced_mix,49,121.2,19.2,8.549311900228108,8.465273829827554
post_primary_exploratory,unweighted_tilt_05,False,0.5,0.0,5,480,48,9,balanced_mix,50,119.88,20.08,8.56048101174242,8.580938833570412
post_primary_exploratory,unweighted_tilt_05,False,0.5,0.0,5,480,48,9,balanced_mix,51,117.48,20.72,8.560485374422333,8.594168096054887
post_primary_exploratory,unweighted_tilt_05,False,0.5,0.0,5,480,48,9,balanced_mix,53,122.04,20.72,8.550790595746262,8.444160681032189
post_primary_exploratory,unweighted_tilt_05,False,0.5,0.0,5,480,48,9,balanced_mix,54,120.28,19.68,8.54783827846558,8.267142457318778
post_primary_exploratory,unweighted_tilt_05,False,0.5,0.0,5,480,48,9,balanced_mix,55,122.04,20.6,8.555678693085431,8.5075743170438
post_primary_exploratory,unweighted_tilt_05,False,0.5,0.0,5,480,48,9,balanced_mix,56,121.72,19.52,8.563092578339337,8.636943744752307
post_primary_exploratory,unweighted_tilt_05,False,0.5,0.0,5,480,48,9,validation_only,01,20.0,40.88,8.53814530145851,8.35949741315595
post_primary_exploratory,unweighted_tilt_05,False,0.5,0.0,5,480,48,9,validation_only,02,20.0,41.52,8.562744148581258,8.635873229939312
post_primary_exploratory,unweighted_tilt_05,False,0.5,0.0,5,480,48,9,validation_only,04,20.0,41.64,8.555039892778888,8.519881085098477
post_primary_exploratory,unweighted_tilt_05,False,0.5,0.0,5,480,48,9,validation_only,05,20.0,40.0,8.533510301724473,8.29320987654321
post_primary_exploratory,unweighted_tilt_05,False,0.5,0.0,5,480,48,9,validation_only,06,20.0,40.68,8.544711583217945,8.431945521937767
post_primary_exploratory,unweighted_tilt_05,False,0.5,0.0,5,480,48,9,validation_only,08,20.0,40.96,8.550696169941494,8.508233957978423
post_primary_exploratory,unweighted_tilt_05,False,0.5,0.0,5,480,48,9,validation_only,09,20.0,40.96,8.557640685316581,8.553915436577434
post_primary_exploratory,unweighted_tilt_05,False,0.5,0.0,5,480,48,9,validation_only,10,20.0,39.64,8.571427904722952,8.68655574679671
post_primary_exploratory,unweighted_tilt_05,False,0.5,0.0,5,480,48,9,validation_only,11,20.0,41.6,8.579247471289724,8.715625586193958
post_primary_exploratory,unweighted_tilt_05,False,0.5,0.0,5,480,48,9,validation_only,12,20.0,41.6,8.55584800257904,8.560529336304098
post_primary_exploratory,unweighted_tilt_05,False,0.5,0.0,5,480,48,9,validation_only,13,20.0,38.84,8.54767646615114,8.443810730882975
post_primary_exploratory,unweighted_tilt_05,False,0.5,0.0,5,480,48,9,validation_only,15,20.0,41.2,8.564061488258004,8.658482845451683
post_primary_exploratory,unweighted_tilt_05,False,0.5,0.0,5,480,48,9,validation_only,16,20.0,38.68,8.552153697276724,8.519994162288384
post_primary_exploratory,unweighted_tilt_05,False,0.5,0.0,5,480,48,9,validation_only,17,20.0,39.64,8.56824935515959,8.66492682427592
post_primary_exploratory,unweighted_tilt_05,False,0.5,0.0,5,480,48,9,validation_only,18,20.0,37.8,8.552199177891742,8.485706993363962
post_primary_exploratory,unweighted_tilt_05,False,0.5,0.0,5,480,48,9,validation_only,19,20.0,40.04,8.559594005920719,8.577984966753396
post_primary_exploratory,unweighted_tilt_05,False,0.5,0.0,5,480,48,9,validation_only,20,20.0,40.72,8.552021746058687,8.534743722050223
post_primary_exploratory,unweighted_tilt_05,False,0.5,0.0,5,480,48,9,validation_only,22,20.0,39.72,8.539069193660335,8.30594265577447
post_primary_exploratory,unweighted_tilt_05,False,0.5,0.0,5,480,48,9,validation_only,23,20.0,39.76,8.56014279252071,8.594057633792733
post_primary_exploratory,unweighted_tilt_05,False,0.5,0.0,5,480,48,9,validation_only,24,20.0,39.32,8.56716479148978,8.630635650276268
post_primary_exploratory,unweighted_tilt_05,False,0.5,0.0,5,480,48,9,validation_only,25,20.0,37.84,8.564760730223355,8.637808611816821
post_primary_exploratory,unweighted_tilt_05,False,0.5,0.0,5,480,48,9,validation_only,26,20.0,40.04,8.553270235575459,8.529325204961111
post_primary_exploratory,unweighted_tilt_05,False,0.5,0.0,5,480,48,9,validation_only,27,20.0,40.28,8.567463363409177,8.632127728901924
post_primary_exploratory,unweighted_tilt_05,False,0.5,0.0,5,480,48,9,validation_only,28,20.0,40.28,8.57383717944012,8.698599093531108
post_primary_exploratory,unweighted_tilt_05,False,0.5,0.0,5,480,48,9,validation_only,29,20.0,38.04,8.541198708162396,8.384601691143747
post_primary_exploratory,unweighted_tilt_05,False,0.5,0.0,5,480,48,9,validation_only,30,20.0,41.84,8.557491406490913,8.572748028227481
post_primary_exploratory,unweighted_tilt_05,False,0.5,0.0,5,480,48,9,validation_only,31,20.0,38.24,8.590368132756776,8.814423125346226
post_primary_exploratory,unweighted_tilt_05,False,0.5,0.0,5,480,48,9,validation_only,32,20.0,39.76,8.531161050654397,8.271645021645021
post_primary_exploratory,unweighted_tilt_05,False,0.5,0.0,5,480,48,9,validation_only,33,20.0,40.44,8.579980010307805,8.757779437391088
post_primary_exploratory,unweighted_tilt_05,False,0.5,0.0,5,480,48,9,validation_only,34,20.0,39.52,8.566179781219764,8.648255191607793
post_primary_exploratory,unweighted_tilt_05,False,0.5,0.0,5,480,48,9,validation_only,35,20.0,40.64,8.53114564486223,8.344547053649956
post_primary_exploratory,unweighted_tilt_05,False,0.5,0.0,5,480,48,9,validation_only,36,20.0,41.72,8.555450951703435,8.55199342375668
post_primary_exploratory,unweighted_tilt_05,False,0.5,0.0,5,480,48,9,validation_only,37,20.0,40.72,8.551907075194169,8.525340283811179
post_primary_exploratory,unweighted_tilt_05,False,0.5,0.0,5,480,48,9,validation_only,38,20.0,40.2,8.59282293191315,8.852889474840696
post_primary_exploratory,unweighted_tilt_05,False,0.5,0.0,5,480,48,9,validation_only,39,20.0,37.64,8.549038400975268,8.497960372960375
post_primary_exploratory,unweighted_tilt_05,False,0.5,0.0,5,480,48,9,validation_only,40,20.0,38.32,8.5477002592769,8.43805003460892
post_primary_exploratory,unweighted_tilt_05,False,0.5,0.0,5,480,48,9,validation_only,41,20.0,41.72,8.520303928500358,8.179193899782135
post_primary_exploratory,unweighted_tilt_05,False,0.5,0.0,5,480,48,9,validation_only,44,20.0,37.68,8.57530713796967,8.715135738192634
post_primary_exploratory,unweighted_tilt_05,False,0.5,0.0,5,480,48,9,validation_only,45,20.0,41.2,8.570846389255005,8.683043063859284
post_primary_exploratory,unweighted_tilt_05,False,0.5,0.0,5,480,48,9,validation_only,46,20.0,39.92,8.582148099841012,8.805004409171076
post_primary_exploratory,unweighted_tilt_05,False,0.5,0.0,5,480,48,9,validation_only,48,20.0,40.52,8.550305075538452,8.50069498069498
post_primary_exploratory,unweighted_tilt_05,False,0.5,0.0,5,480,48,9,validation_only,49,20.0,41.64,8.546352080204306,8.465273829827554
post_primary_exploratory,unweighted_tilt_05,False,0.5,0.0,5,480,48,9,validation_only,50,20.0,39.88,8.561436447743603,8.580938833570412
post_primary_exploratory,unweighted_tilt_05,False,0.5,0.0,5,480,48,9,validation_only,51,20.0,37.8,8.561747892902,8.594168096054887
post_primary_exploratory,unweighted_tilt_05,False,0.5,0.0,5,480,48,9,validation_only,53,20.0,38.92,8.545858256489081,8.444160681032189
post_primary_exploratory,unweighted_tilt_05,False,0.5,0.0,5,480,48,9,validation_only,54,20.0,39.88,8.53861721155333,8.267142457318778
post_primary_exploratory,unweighted_tilt_05,False,0.5,0.0,5,480,48,9,validation_only,55,20.0,39.88,8.554719280138412,8.5075743170438
post_primary_exploratory,unweighted_tilt_05,False,0.5,0.0,5,480,48,9,validation_only,56,20.0,40.24,8.564744316283814,8.636943744752307
post_primary_exploratory,unweighted_tilt_05,False,0.5,0.0,5,480,48,9,uniform,01,216.24,0.0,8.555824776434475,8.35949741315595
post_primary_exploratory,unweighted_tilt_05,False,0.5,0.0,5,480,48,9,uniform,02,222.16,0.0,8.557564350479549,8.635873229939312
post_primary_exploratory,unweighted_tilt_05,False,0.5,0.0,5,480,48,9,uniform,04,218.76,0.0,8.55686397157859,8.519881085098477
post_primary_exploratory,unweighted_tilt_05,False,0.5,0.0,5,480,48,9,uniform,05,222.36,0.0,8.554878434913382,8.29320987654321
post_primary_exploratory,unweighted_tilt_05,False,0.5,0.0,5,480,48,9,uniform,06,222.52,0.0,8.55481966956411,8.431945521937767
post_primary_exploratory,unweighted_tilt_05,False,0.5,0.0,5,480,48,9,uniform,08,217.6,0.0,8.55662764275055,8.508233957978423
post_primary_exploratory,unweighted_tilt_05,False,0.5,0.0,5,480,48,9,uniform,09,218.68,0.0,8.556672776087128,8.553915436577434
post_primary_exploratory,unweighted_tilt_05,False,0.5,0.0,5,480,48,9,uniform,10,219.16,0.0,8.558244015305082,8.68655574679671
post_primary_exploratory,unweighted_tilt_05,False,0.5,0.0,5,480,48,9,uniform,11,221.4,0.0,8.558783120651679,8.715625586193958
post_primary_exploratory,unweighted_tilt_05,False,0.5,0.0,5,480,48,9,uniform,12,219.2,0.0,8.55860925864116,8.560529336304098
post_primary_exploratory,unweighted_tilt_05,False,0.5,0.0,5,480,48,9,uniform,13,215.32,0.0,8.556018984620616,8.443810730882975
post_primary_exploratory,unweighted_tilt_05,False,0.5,0.0,5,480,48,9,uniform,15,217.56,0.0,8.557968609220115,8.658482845451683
post_primary_exploratory,unweighted_tilt_05,False,0.5,0.0,5,480,48,9,uniform,16,221.36,0.0,8.556641890906612,8.519994162288384
post_primary_exploratory,unweighted_tilt_05,False,0.5,0.0,5,480,48,9,uniform,17,219.48,0.0,8.557457191329137,8.66492682427592
post_primary_exploratory,unweighted_tilt_05,False,0.5,0.0,5,480,48,9,uniform,18,215.88,0.0,8.556927340094395,8.485706993363962
post_primary_exploratory,unweighted_tilt_05,False,0.5,0.0,5,480,48,9,uniform,19,214.28,0.0,8.557190831442073,8.577984966753396
post_primary_exploratory,unweighted_tilt_05,False,0.5,0.0,5,480,48,9,uniform,20,223.0,0.0,8.557382903865138,8.534743722050223
post_primary_exploratory,unweighted_tilt_05,False,0.5,0.0,5,480,48,9,uniform,22,219.76,0.0,8.555120708157443,8.30594265577447
post_primary_exploratory,unweighted_tilt_05,False,0.5,0.0,5,480,48,9,uniform,23,219.76,0.0,8.557131213472793,8.594057633792733
post_primary_exploratory,unweighted_tilt_05,False,0.5,0.0,5,480,48,9,uniform,24,218.72,0.0,8.558281022064154,8.630635650276268
post_primary_exploratory,unweighted_tilt_05,False,0.5,0.0,5,480,48,9,uniform,25,225.08,0.0,8.558110205315389,8.637808611816821
post_primary_exploratory,unweighted_tilt_05,False,0.5,0.0,5,480,48,9,uniform,26,219.92,0.0,8.555947957781356,8.529325204961111
post_primary_exploratory,unweighted_tilt_05,False,0.5,0.0,5,480,48,9,uniform,27,212.48,0.0,8.557697732717635,8.632127728901924
post_primary_exploratory,unweighted_tilt_05,False,0.5,0.0,5,480,48,9,uniform,28,221.04,0.0,8.558670911667512,8.698599093531108
post_primary_exploratory,unweighted_tilt_05,False,0.5,0.0,5,480,48,9,uniform,29,220.28,0.0,8.555230820127738,8.384601691143747
post_primary_exploratory,unweighted_tilt_05,False,0.5,0.0,5,480,48,9,uniform,30,216.72,0.0,8.557444762944911,8.572748028227481
post_primary_exploratory,unweighted_tilt_05,False,0.5,0.0,5,480,48,9,uniform,31,216.16,0.0,8.559884137760426,8.814423125346226
post_primary_exploratory,unweighted_tilt_05,False,0.5,0.0,5,480,48,9,uniform,32,223.48,0.0,8.553862569874035,8.271645021645021
post_primary_exploratory,unweighted_tilt_05,False,0.5,0.0,5,480,48,9,uniform,33,220.6,0.0,8.558716395611514,8.757779437391088
post_primary_exploratory,unweighted_tilt_05,False,0.5,0.0,5,480,48,9,uniform,34,220.8,0.0,8.557072772385439,8.648255191607793
post_primary_exploratory,unweighted_tilt_05,False,0.5,0.0,5,480,48,9,uniform,35,224.16,0.0,8.55504951728565,8.344547053649956
post_primary_exploratory,unweighted_tilt_05,False,0.5,0.0,5,480,48,9,uniform,36,219.16,0.0,8.556728736625276,8.55199342375668
post_primary_exploratory,unweighted_tilt_05,False,0.5,0.0,5,480,48,9,uniform,37,221.52,0.0,8.555051494092305,8.525340283811179
post_primary_exploratory,unweighted_tilt_05,False,0.5,0.0,5,480,48,9,uniform,38,221.28,0.0,8.559752910615305,8.852889474840696
post_primary_exploratory,unweighted_tilt_05,False,0.5,0.0,5,480,48,9,uniform,39,222.36,0.0,8.555632860060891,8.497960372960375
post_primary_exploratory,unweighted_tilt_05,False,0.5,0.0,5,480,48,9,uniform,40,219.8,0.0,8.555988600398216,8.43805003460892
post_primary_exploratory,unweighted_tilt_05,False,0.5,0.0,5,480,48,9,uniform,41,218.32,0.0,8.553368828547555,8.179193899782135
post_primary_exploratory,unweighted_tilt_05,False,0.5,0.0,5,480,48,9,uniform,44,219.2,0.0,8.558495852731843,8.715135738192634
post_primary_exploratory,unweighted_tilt_05,False,0.5,0.0,5,480,48,9,uniform,45,223.0,0.0,8.557997465537353,8.683043063859284
post_primary_exploratory,unweighted_tilt_05,False,0.5,0.0,5,480,48,9,uniform,46,217.36,0.0,8.559483222420273,8.805004409171076
post_primary_exploratory,unweighted_tilt_05,False,0.5,0.0,5,480,48,9,uniform,48,220.88,0.0,8.555463357293327,8.50069498069498
post_primary_exploratory,unweighted_tilt_05,False,0.5,0.0,5,480,48,9,uniform,49,224.92,0.0,8.555587315394865,8.465273829827554
post_primary_exploratory,unweighted_tilt_05,False,0.5,0.0,5,480,48,9,uniform,50,217.92,0.0,8.558180386147363,8.580938833570412
post_primary_exploratory,unweighted_tilt_05,False,0.5,0.0,5,480,48,9,uniform,51,224.12,0.0,8.558257296508579,8.594168096054887
post_primary_exploratory,unweighted_tilt_05,False,0.5,0.0,5,480,48,9,uniform,53,222.92,0.0,8.556217035704533,8.444160681032189
post_primary_exploratory,unweighted_tilt_05,False,0.5,0.0,5,480,48,9,uniform,54,223.88,0.0,8.555329558755254,8.267142457318778
post_primary_exploratory,unweighted_tilt_05,False,0.5,0.0,5,480,48,9,uniform,55,219.08,0.0,8.557157674642369,8.5075743170438
post_primary_exploratory,unweighted_tilt_05,False,0.5,0.0,5,480,48,9,uniform,56,220.36,0.0,8.558872781963906,8.636943744752307
post_primary_exploratory,unweighted_tilt_05,False,0.5,0.0,5,1440,48,9,ordinary_kg,01,330.36,0.0,8.555107078039601,8.35949741315595
post_primary_exploratory,unweighted_tilt_05,False,0.5,0.0,5,1440,48,9,ordinary_kg,02,599.2,0.0,8.557584747944084,8.635873229939312
post_primary_exploratory,unweighted_tilt_05,False,0.5,0.0,5,1440,48,9,ordinary_kg,04,889.32,0.0,8.556563612873612,8.519881085098477
post_primary_exploratory,unweighted_tilt_05,False,0.5,0.0,5,1440,48,9,ordinary_kg,05,584.68,0.0,8.554231441265886,8.29320987654321
post_primary_exploratory,unweighted_tilt_05,False,0.5,0.0,5,1440,48,9,ordinary_kg,06,833.96,0.0,8.554091189777246,8.431945521937767
post_primary_exploratory,unweighted_tilt_05,False,0.5,0.0,5,1440,48,9,ordinary_kg,08,955.28,0.0,8.556380432154434,8.508233957978423
post_primary_exploratory,unweighted_tilt_05,False,0.5,0.0,5,1440,48,9,ordinary_kg,09,926.76,0.0,8.556355863891332,8.553915436577434
post_primary_exploratory,unweighted_tilt_05,False,0.5,0.0,5,1440,48,9,ordinary_kg,10,370.88,0.0,8.558205578799464,8.68655574679671
post_primary_exploratory,unweighted_tilt_05,False,0.5,0.0,5,1440,48,9,ordinary_kg,11,836.24,0.0,8.558240486784785,8.715625586193958
post_primary_exploratory,unweighted_tilt_05,False,0.5,0.0,5,1440,48,9,ordinary_kg,12,298.2,0.0,8.558721456161763,8.560529336304098
post_primary_exploratory,unweighted_tilt_05,False,0.5,0.0,5,1440,48,9,ordinary_kg,13,664.12,0.0,8.555461010770342,8.443810730882975
post_primary_exploratory,unweighted_tilt_05,False,0.5,0.0,5,1440,48,9,ordinary_kg,15,456.36,0.0,8.55801366516418,8.658482845451683
post_primary_exploratory,unweighted_tilt_05,False,0.5,0.0,5,1440,48,9,ordinary_kg,16,817.84,0.0,8.556640520466841,8.519994162288384
post_primary_exploratory,unweighted_tilt_05,False,0.5,0.0,5,1440,48,9,ordinary_kg,17,395.04,0.0,8.55760183714625,8.66492682427592
post_primary_exploratory,unweighted_tilt_05,False,0.5,0.0,5,1440,48,9,ordinary_kg,18,952.6,0.0,8.556708155665639,8.485706993363962
post_primary_exploratory,unweighted_tilt_05,False,0.5,0.0,5,1440,48,9,ordinary_kg,19,428.44,0.0,8.557266292087684,8.577984966753396
post_primary_exploratory,unweighted_tilt_05,False,0.5,0.0,5,1440,48,9,ordinary_kg,20,843.56,0.0,8.557305145815098,8.534743722050223
post_primary_exploratory,unweighted_tilt_05,False,0.5,0.0,5,1440,48,9,ordinary_kg,22,697.6,0.0,8.554689861787388,8.30594265577447
post_primary_exploratory,unweighted_tilt_05,False,0.5,0.0,5,1440,48,9,ordinary_kg,23,448.2,0.0,8.557164770922679,8.594057633792733
post_primary_exploratory,unweighted_tilt_05,False,0.5,0.0,5,1440,48,9,ordinary_kg,24,663.36,0.0,8.558117992288425,8.630635650276268
post_primary_exploratory,unweighted_tilt_05,False,0.5,0.0,5,1440,48,9,ordinary_kg,25,579.24,0.0,8.558079840644488,8.637808611816821
post_primary_exploratory,unweighted_tilt_05,False,0.5,0.0,5,1440,48,9,ordinary_kg,26,655.12,0.0,8.55597992582047,8.529325204961111
post_primary_exploratory,unweighted_tilt_05,False,0.5,0.0,5,1440,48,9,ordinary_kg,27,845.68,0.0,8.55739932784991,8.632127728901924
post_primary_exploratory,unweighted_tilt_05,False,0.5,0.0,5,1440,48,9,ordinary_kg,28,234.8,0.0,8.558672267853122,8.698599093531108
post_primary_exploratory,unweighted_tilt_05,False,0.5,0.0,5,1440,48,9,ordinary_kg,29,937.16,0.0,8.55494879729495,8.384601691143747
post_primary_exploratory,unweighted_tilt_05,False,0.5,0.0,5,1440,48,9,ordinary_kg,30,712.84,0.0,8.557368645801864,8.572748028227481
post_primary_exploratory,unweighted_tilt_05,False,0.5,0.0,5,1440,48,9,ordinary_kg,31,375.96,0.0,8.55975373006907,8.814423125346226
post_primary_exploratory,unweighted_tilt_05,False,0.5,0.0,5,1440,48,9,ordinary_kg,32,704.0,0.0,8.553429678035602,8.271645021645021
post_primary_exploratory,unweighted_tilt_05,False,0.5,0.0,5,1440,48,9,ordinary_kg,33,428.92,0.0,8.558741004727771,8.757779437391088
post_primary_exploratory,unweighted_tilt_05,False,0.5,0.0,5,1440,48,9,ordinary_kg,34,905.96,0.0,8.556998729093621,8.648255191607793
post_primary_exploratory,unweighted_tilt_05,False,0.5,0.0,5,1440,48,9,ordinary_kg,35,225.44,0.0,8.554515247563279,8.344547053649956
post_primary_exploratory,unweighted_tilt_05,False,0.5,0.0,5,1440,48,9,ordinary_kg,36,504.04,0.0,8.556014522336023,8.55199342375668
post_primary_exploratory,unweighted_tilt_05,False,0.5,0.0,5,1440,48,9,ordinary_kg,37,844.96,0.0,8.554607677993957,8.525340283811179
post_primary_exploratory,unweighted_tilt_05,False,0.5,0.0,5,1440,48,9,ordinary_kg,38,336.04,0.0,8.559714409552528,8.852889474840696
post_primary_exploratory,unweighted_tilt_05,False,0.5,0.0,5,1440,48,9,ordinary_kg,39,677.76,0.0,8.55500386224033,8.497960372960375
post_primary_exploratory,unweighted_tilt_05,False,0.5,0.0,5,1440,48,9,ordinary_kg,40,964.72,0.0,8.555795847414734,8.43805003460892
post_primary_exploratory,unweighted_tilt_05,False,0.5,0.0,5,1440,48,9,ordinary_kg,41,299.64,0.0,8.552783498076252,8.179193899782135
post_primary_exploratory,unweighted_tilt_05,False,0.5,0.0,5,1440,48,9,ordinary_kg,44,353.24,0.0,8.558465658362389,8.715135738192634
post_primary_exploratory,unweighted_tilt_05,False,0.5,0.0,5,1440,48,9,ordinary_kg,45,339.52,0.0,8.558105674470987,8.683043063859284
post_primary_exploratory,unweighted_tilt_05,False,0.5,0.0,5,1440,48,9,ordinary_kg,46,292.24,0.0,8.559512488474553,8.805004409171076
post_primary_exploratory,unweighted_tilt_05,False,0.5,0.0,5,1440,48,9,ordinary_kg,48,970.6,0.0,8.555145328006809,8.50069498069498
post_primary_exploratory,unweighted_tilt_05,False,0.5,0.0,5,1440,48,9,ordinary_kg,49,979.72,0.0,8.555460065029639,8.465273829827554
post_primary_exploratory,unweighted_tilt_05,False,0.5,0.0,5,1440,48,9,ordinary_kg,50,654.4,0.0,8.558062349485379,8.580938833570412
post_primary_exploratory,unweighted_tilt_05,False,0.5,0.0,5,1440,48,9,ordinary_kg,51,603.32,0.0,8.55821735460361,8.594168096054887
post_primary_exploratory,unweighted_tilt_05,False,0.5,0.0,5,1440,48,9,ordinary_kg,53,509.56,0.0,8.555524522164484,8.444160681032189
post_primary_exploratory,unweighted_tilt_05,False,0.5,0.0,5,1440,48,9,ordinary_kg,54,580.36,0.0,8.555514093557187,8.267142457318778
post_primary_exploratory,unweighted_tilt_05,False,0.5,0.0,5,1440,48,9,ordinary_kg,55,861.24,0.0,8.556790088739298,8.5075743170438
post_primary_exploratory,unweighted_tilt_05,False,0.5,0.0,5,1440,48,9,ordinary_kg,56,391.52,0.0,8.558667482808993,8.636943744752307
post_primary_exploratory,unweighted_tilt_05,False,0.5,0.0,5,1440,48,9,two_channel_kg,01,20.0,156.08,8.511190394765318,8.35949741315595
post_primary_exploratory,unweighted_tilt_05,False,0.5,0.0,5,1440,48,9,two_channel_kg,02,20.0,103.32,8.578453571901385,8.635873229939312
post_primary_exploratory,unweighted_tilt_05,False,0.5,0.0,5,1440,48,9,two_channel_kg,04,20.0,134.2,8.555201339641952,8.519881085098477
post_primary_exploratory,unweighted_tilt_05,False,0.5,0.0,5,1440,48,9,two_channel_kg,05,20.0,162.32,8.490941961839695,8.29320987654321
post_primary_exploratory,unweighted_tilt_05,False,0.5,0.0,5,1440,48,9,two_channel_kg,06,20.0,154.96,8.531547315069325,8.431945521937767
post_primary_exploratory,unweighted_tilt_05,False,0.5,0.0,5,1440,48,9,two_channel_kg,08,20.0,148.12,8.551485100405296,8.508233957978423
post_primary_exploratory,unweighted_tilt_05,False,0.5,0.0,5,1440,48,9,two_channel_kg,09,20.0,128.64,8.566632641809433,8.553915436577434
post_primary_exploratory,unweighted_tilt_05,False,0.5,0.0,5,1440,48,9,two_channel_kg,10,20.0,76.96,8.585245722690809,8.68655574679671
post_primary_exploratory,unweighted_tilt_05,False,0.5,0.0,5,1440,48,9,two_channel_kg,11,20.0,76.16,8.600970053146854,8.715625586193958
post_primary_exploratory,unweighted_tilt_05,False,0.5,0.0,5,1440,48,9,two_channel_kg,12,20.0,112.04,8.564360246086997,8.560529336304098
post_primary_exploratory,unweighted_tilt_05,False,0.5,0.0,5,1440,48,9,two_channel_kg,13,20.0,146.24,8.536164364541305,8.443810730882975
post_primary_exploratory,unweighted_tilt_05,False,0.5,0.0,5,1440,48,9,two_channel_kg,15,20.0,93.64,8.579279277290297,8.658482845451683
post_primary_exploratory,unweighted_tilt_05,False,0.5,0.0,5,1440,48,9,two_channel_kg,16,20.0,125.04,8.55679567190944,8.519994162288384
post_primary_exploratory,unweighted_tilt_05,False,0.5,0.0,5,1440,48,9,two_channel_kg,17,20.0,86.88,8.584907093681055,8.66492682427592
post_primary_exploratory,unweighted_tilt_05,False,0.5,0.0,5,1440,48,9,two_channel_kg,18,20.0,150.84,8.54741254632038,8.485706993363962
post_primary_exploratory,unweighted_tilt_05,False,0.5,0.0,5,1440,48,9,two_channel_kg,19,20.0,109.56,8.571149823464442,8.577984966753396
post_primary_exploratory,unweighted_tilt_05,False,0.5,0.0,5,1440,48,9,two_channel_kg,20,20.0,139.2,8.558889852137431,8.534743722050223
post_primary_exploratory,unweighted_tilt_05,False,0.5,0.0,5,1440,48,9,two_channel_kg,22,20.0,162.68,8.50057905226231,8.30594265577447
post_primary_exploratory,unweighted_tilt_05,False,0.5,0.0,5,1440,48,9,two_channel_kg,23,20.0,111.68,8.570998913129387,8.594057633792733
post_primary_exploratory,unweighted_tilt_05,False,0.5,0.0,5,1440,48,9,two_channel_kg,24,20.0,101.4,8.581045644420447,8.630635650276268
post_primary_exploratory,unweighted_tilt_05,False,0.5,0.0,5,1440,48,9,two_channel_kg,25,20.0,98.72,8.582310750211276,8.637808611816821
post_primary_exploratory,unweighted_tilt_05,False,0.5,0.0,5,1440,48,9,two_channel_kg,26,20.0,132.12,8.558068095970345,8.529325204961111
post_primary_exploratory,unweighted_tilt_05,False,0.5,0.0,5,1440,48,9,two_channel_kg,27,20.0,92.56,8.582760282749314,8.632127728901924
post_primary_exploratory,unweighted_tilt_05,False,0.5,0.0,5,1440,48,9,two_channel_kg,28,20.0,69.52,8.58372797809154,8.698599093531108
post_primary_exploratory,unweighted_tilt_05,False,0.5,0.0,5,1440,48,9,two_channel_kg,29,20.0,163.28,8.515525174236629,8.384601691143747
post_primary_exploratory,unweighted_tilt_05,False,0.5,0.0,5,1440,48,9,two_channel_kg,30,20.0,116.44,8.561347299152446,8.572748028227481
post_primary_exploratory,unweighted_tilt_05,False,0.5,0.0,5,1440,48,9,two_channel_kg,31,20.0,53.64,8.602311541985392,8.814423125346226
post_primary_exploratory,unweighted_tilt_05,False,0.5,0.0,5,1440,48,9,two_channel_kg,32,20.0,162.96,8.488030595032741,8.271645021645021
post_primary_exploratory,unweighted_tilt_05,False,0.5,0.0,5,1440,48,9,two_channel_kg,33,20.0,67.32,8.594815497542061,8.757779437391088
post_primary_exploratory,unweighted_tilt_05,False,0.5,0.0,5,1440,48,9,two_channel_kg,34,20.0,96.68,8.580925161631265,8.648255191607793
post_primary_exploratory,unweighted_tilt_05,False,0.5,0.0,5,1440,48,9,two_channel_kg,35,20.0,155.72,8.491911690396071,8.344547053649956
post_primary_exploratory,unweighted_tilt_05,False,0.5,0.0,5,1440,48,9,two_channel_kg,36,20.0,124.28,8.559795310957222,8.55199342375668
post_primary_exploratory,unweighted_tilt_05,False,0.5,0.0,5,1440,48,9,two_channel_kg,37,20.0,138.12,8.555195194056557,8.525340283811179
post_primary_exploratory,unweighted_tilt_05,False,0.5,0.0,5,1440,48,9,two_channel_kg,38,20.0,53.12,8.60591058837139,8.852889474840696
post_primary_exploratory,unweighted_tilt_05,False,0.5,0.0,5,1440,48,9,two_channel_kg,39,20.0,147.6,8.542724757170364,8.497960372960375
post_primary_exploratory,unweighted_tilt_05,False,0.5,0.0,5,1440,48,9,two_channel_kg,40,20.0,158.08,8.529509458620492,8.43805003460892
post_primary_exploratory,unweighted_tilt_05,False,0.5,0.0,5,1440,48,9,two_channel_kg,41,20.0,148.24,8.455821381622474,8.179193899782135
post_primary_exploratory,unweighted_tilt_05,False,0.5,0.0,5,1440,48,9,two_channel_kg,44,20.0,69.76,8.592534391293153,8.715135738192634
post_primary_exploratory,unweighted_tilt_05,False,0.5,0.0,5,1440,48,9,two_channel_kg,45,20.0,84.24,8.585150457410357,8.683043063859284
post_primary_exploratory,unweighted_tilt_05,False,0.5,0.0,5,1440,48,9,two_channel_kg,46,20.0,59.24,8.595656359646794,8.805004409171076
post_primary_exploratory,unweighted_tilt_05,False,0.5,0.0,5,1440,48,9,two_channel_kg,48,20.0,149.08,8.547785917006717,8.50069498069498
post_primary_exploratory,unweighted_tilt_05,False,0.5,0.0,5,1440,48,9,two_channel_kg,49,20.0,158.36,8.5400023271555,8.465273829827554
post_primary_exploratory,unweighted_tilt_05,False,0.5,0.0,5,1440,48,9,two_channel_kg,50,20.0,108.96,8.573674257749294,8.580938833570412
post_primary_exploratory,unweighted_tilt_05,False,0.5,0.0,5,1440,48,9,two_channel_kg,51,20.0,111.8,8.573184257856527,8.594168096054887
post_primary_exploratory,unweighted_tilt_05,False,0.5,0.0,5,1440,48,9,two_channel_kg,53,20.0,164.32,8.529754346456835,8.444160681032189
post_primary_exploratory,unweighted_tilt_05,False,0.5,0.0,5,1440,48,9,two_channel_kg,54,20.0,156.72,8.499293297587966,8.267142457318778
post_primary_exploratory,unweighted_tilt_05,False,0.5,0.0,5,1440,48,9,two_channel_kg,55,20.0,141.48,8.553249179125064,8.5075743170438
post_primary_exploratory,unweighted_tilt_05,False,0.5,0.0,5,1440,48,9,two_channel_kg,56,20.0,97.68,8.580594745041692,8.636943744752307
post_primary_exploratory,unweighted_tilt_05,False,0.5,0.0,5,1440,48,9,balanced_mix,01,320.96,60.44,8.531037511385778,8.35949741315595
post_primary_exploratory,unweighted_tilt_05,False,0.5,0.0,5,1440,48,9,balanced_mix,02,318.72,58.16,8.566770629567275,8.635873229939312
post_primary_exploratory,unweighted_tilt_05,False,0.5,0.0,5,1440,48,9,balanced_mix,04,321.4,59.8,8.551106262296758,8.519881085098477
post_primary_exploratory,unweighted_tilt_05,False,0.5,0.0,5,1440,48,9,balanced_mix,05,321.52,59.56,8.523809793736131,8.29320987654321
post_primary_exploratory,unweighted_tilt_05,False,0.5,0.0,5,1440,48,9,balanced_mix,06,324.08,58.16,8.539267355093397,8.431945521937767
post_primary_exploratory,unweighted_tilt_05,False,0.5,0.0,5,1440,48,9,balanced_mix,08,321.72,61.28,8.547314758891822,8.508233957978423
post_primary_exploratory,unweighted_tilt_05,False,0.5,0.0,5,1440,48,9,balanced_mix,09,322.32,59.4,8.55801153988339,8.553915436577434
post_primary_exploratory,unweighted_tilt_05,False,0.5,0.0,5,1440,48,9,balanced_mix,10,317.64,59.8,8.579640894721942,8.68655574679671
post_primary_exploratory,unweighted_tilt_05,False,0.5,0.0,5,1440,48,9,balanced_mix,11,317.56,56.28,8.586294683447674,8.715625586193958
post_primary_exploratory,unweighted_tilt_05,False,0.5,0.0,5,1440,48,9,balanced_mix,12,318.52,58.8,8.557480521452439,8.560529336304098
post_primary_exploratory,unweighted_tilt_05,False,0.5,0.0,5,1440,48,9,balanced_mix,13,324.52,61.64,8.544540214880893,8.443810730882975
post_primary_exploratory,unweighted_tilt_05,False,0.5,0.0,5,1440,48,9,balanced_mix,15,314.76,58.92,8.567931001894108,8.658482845451683
post_primary_exploratory,unweighted_tilt_05,False,0.5,0.0,5,1440,48,9,balanced_mix,16,315.36,59.04,8.550413752644115,8.519994162288384
post_primary_exploratory,unweighted_tilt_05,False,0.5,0.0,5,1440,48,9,balanced_mix,17,325.6,62.76,8.573499684581403,8.66492682427592
post_primary_exploratory,unweighted_tilt_05,False,0.5,0.0,5,1440,48,9,balanced_mix,18,320.6,58.48,8.551936992485873,8.485706993363962
post_primary_exploratory,unweighted_tilt_05,False,0.5,0.0,5,1440,48,9,balanced_mix,19,321.72,61.24,8.560567493959434,8.577984966753396
post_primary_exploratory,unweighted_tilt_05,False,0.5,0.0,5,1440,48,9,balanced_mix,20,318.76,59.48,8.554222436221531,8.534743722050223
post_primary_exploratory,unweighted_tilt_05,False,0.5,0.0,5,1440,48,9,balanced_mix,22,322.4,61.56,8.528487760177152,8.30594265577447
post_primary_exploratory,unweighted_tilt_05,False,0.5,0.0,5,1440,48,9,balanced_mix,23,321.28,56.12,8.561464844462504,8.594057633792733
post_primary_exploratory,unweighted_tilt_05,False,0.5,0.0,5,1440,48,9,balanced_mix,24,327.24,60.44,8.570859391751915,8.630635650276268
post_primary_exploratory,unweighted_tilt_05,False,0.5,0.0,5,1440,48,9,balanced_mix,25,322.4,58.56,8.569626579426837,8.637808611816821
post_primary_exploratory,unweighted_tilt_05,False,0.5,0.0,5,1440,48,9,balanced_mix,26,318.84,59.64,8.553976626446973,8.529325204961111
post_primary_exploratory,unweighted_tilt_05,False,0.5,0.0,5,1440,48,9,balanced_mix,27,322.68,59.28,8.568399832042832,8.632127728901924
post_primary_exploratory,unweighted_tilt_05,False,0.5,0.0,5,1440,48,9,balanced_mix,28,317.24,60.24,8.579647896191648,8.698599093531108
post_primary_exploratory,unweighted_tilt_05,False,0.5,0.0,5,1440,48,9,balanced_mix,29,325.4,58.84,8.534501858711936,8.384601691143747
post_primary_exploratory,unweighted_tilt_05,False,0.5,0.0,5,1440,48,9,balanced_mix,30,319.4,59.92,8.558203384909291,8.572748028227481
post_primary_exploratory,unweighted_tilt_05,False,0.5,0.0,5,1440,48,9,balanced_mix,31,326.04,62.16,8.602192243089654,8.814423125346226
post_primary_exploratory,unweighted_tilt_05,False,0.5,0.0,5,1440,48,9,balanced_mix,32,322.12,60.04,8.522045286741093,8.271645021645021
post_primary_exploratory,unweighted_tilt_05,False,0.5,0.0,5,1440,48,9,balanced_mix,33,318.28,60.8,8.59026270055323,8.757779437391088
post_primary_exploratory,unweighted_tilt_05,False,0.5,0.0,5,1440,48,9,balanced_mix,34,320.84,59.32,8.56759121922208,8.648255191607793
post_primary_exploratory,unweighted_tilt_05,False,0.5,0.0,5,1440,48,9,balanced_mix,35,321.8,61.32,8.523116215388171,8.344547053649956
post_primary_exploratory,unweighted_tilt_05,False,0.5,0.0,5,1440,48,9,balanced_mix,36,317.76,58.84,8.554601356479296,8.55199342375668
post_primary_exploratory,unweighted_tilt_05,False,0.5,0.0,5,1440,48,9,balanced_mix,37,321.6,60.96,8.54810341634358,8.525340283811179
post_primary_exploratory,unweighted_tilt_05,False,0.5,0.0,5,1440,48,9,balanced_mix,38,324.0,60.72,8.608259132280585,8.852889474840696
post_primary_exploratory,unweighted_tilt_05,False,0.5,0.0,5,1440,48,9,balanced_mix,39,317.88,58.04,8.546012006413354,8.497960372960375
post_primary_exploratory,unweighted_tilt_05,False,0.5,0.0,5,1440,48,9,balanced_mix,40,321.48,58.44,8.542390173886558,8.43805003460892
post_primary_exploratory,unweighted_tilt_05,False,0.5,0.0,5,1440,48,9,balanced_mix,41,325.88,61.4,8.506890475574979,8.179193899782135
post_primary_exploratory,unweighted_tilt_05,False,0.5,0.0,5,1440,48,9,balanced_mix,44,324.48,63.28,8.584101314155896,8.715135738192634
post_primary_exploratory,unweighted_tilt_05,False,0.5,0.0,5,1440,48,9,balanced_mix,45,323.44,57.8,8.575774010651818,8.683043063859284
post_primary_exploratory,unweighted_tilt_05,False,0.5,0.0,5,1440,48,9,balanced_mix,46,320.36,60.32,8.592431213431867,8.805004409171076
post_primary_exploratory,unweighted_tilt_05,False,0.5,0.0,5,1440,48,9,balanced_mix,48,319.44,59.28,8.545414141122889,8.50069498069498
post_primary_exploratory,unweighted_tilt_05,False,0.5,0.0,5,1440,48,9,balanced_mix,49,322.56,56.8,8.542843939540822,8.465273829827554
post_primary_exploratory,unweighted_tilt_05,False,0.5,0.0,5,1440,48,9,balanced_mix,50,324.72,59.76,8.564474917398671,8.580938833570412
post_primary_exploratory,unweighted_tilt_05,False,0.5,0.0,5,1440,48,9,balanced_mix,51,319.88,59.76,8.562793830463326,8.594168096054887
post_primary_exploratory,unweighted_tilt_05,False,0.5,0.0,5,1440,48,9,balanced_mix,53,316.8,60.24,8.539855668539923,8.444160681032189
post_primary_exploratory,unweighted_tilt_05,False,0.5,0.0,5,1440,48,9,balanced_mix,54,319.92,60.44,8.527842081408199,8.267142457318778
post_primary_exploratory,unweighted_tilt_05,False,0.5,0.0,5,1440,48,9,balanced_mix,55,319.2,61.88,8.55061658661507,8.5075743170438
post_primary_exploratory,unweighted_tilt_05,False,0.5,0.0,5,1440,48,9,balanced_mix,56,319.08,60.52,8.57111264200592,8.636943744752307
post_primary_exploratory,unweighted_tilt_05,False,0.5,0.0,5,1440,48,9,validation_only,01,20.0,121.84,8.512142702386708,8.35949741315595
post_primary_exploratory,unweighted_tilt_05,False,0.5,0.0,5,1440,48,9,validation_only,02,20.0,122.0,8.575196693070877,8.635873229939312
post_primary_exploratory,unweighted_tilt_05,False,0.5,0.0,5,1440,48,9,validation_only,04,20.0,117.44,8.549464606965703,8.519881085098477
post_primary_exploratory,unweighted_tilt_05,False,0.5,0.0,5,1440,48,9,validation_only,05,20.0,118.12,8.49789980677907,8.29320987654321
post_primary_exploratory,unweighted_tilt_05,False,0.5,0.0,5,1440,48,9,validation_only,06,20.0,119.56,8.532003441573753,8.431945521937767
post_primary_exploratory,unweighted_tilt_05,False,0.5,0.0,5,1440,48,9,validation_only,08,20.0,120.52,8.542706280469927,8.508233957978423
post_primary_exploratory,unweighted_tilt_05,False,0.5,0.0,5,1440,48,9,validation_only,09,20.0,120.2,8.555618439227663,8.553915436577434
post_primary_exploratory,unweighted_tilt_05,False,0.5,0.0,5,1440,48,9,validation_only,10,20.0,120.08,8.594426595419856,8.68655574679671
post_primary_exploratory,unweighted_tilt_05,False,0.5,0.0,5,1440,48,9,validation_only,11,20.0,122.44,8.609346492964393,8.715625586193958
post_primary_exploratory,unweighted_tilt_05,False,0.5,0.0,5,1440,48,9,validation_only,12,20.0,120.44,8.558756948625414,8.560529336304098
post_primary_exploratory,unweighted_tilt_05,False,0.5,0.0,5,1440,48,9,validation_only,13,20.0,118.04,8.532252575410322,8.443810730882975
post_primary_exploratory,unweighted_tilt_05,False,0.5,0.0,5,1440,48,9,validation_only,15,20.0,120.56,8.577375556064668,8.658482845451683
post_primary_exploratory,unweighted_tilt_05,False,0.5,0.0,5,1440,48,9,validation_only,16,20.0,117.6,8.548521378327264,8.519994162288384
post_primary_exploratory,unweighted_tilt_05,False,0.5,0.0,5,1440,48,9,validation_only,17,20.0,119.92,8.587955266613244,8.66492682427592
post_primary_exploratory,unweighted_tilt_05,False,0.5,0.0,5,1440,48,9,validation_only,18,20.0,115.28,8.546046077325194,8.485706993363962
post_primary_exploratory,unweighted_tilt_05,False,0.5,0.0,5,1440,48,9,validation_only,19,20.0,123.96,8.560608895808812,8.577984966753396
post_primary_exploratory,unweighted_tilt_05,False,0.5,0.0,5,1440,48,9,validation_only,20,20.0,121.24,8.549648279892091,8.534743722050223
post_primary_exploratory,unweighted_tilt_05,False,0.5,0.0,5,1440,48,9,validation_only,22,20.0,118.84,8.507454573343681,8.30594265577447
post_primary_exploratory,unweighted_tilt_05,False,0.5,0.0,5,1440,48,9,validation_only,23,20.0,120.0,8.563649907264901,8.594057633792733
post_primary_exploratory,unweighted_tilt_05,False,0.5,0.0,5,1440,48,9,validation_only,24,20.0,120.64,8.575814646282568,8.630635650276268
post_primary_exploratory,unweighted_tilt_05,False,0.5,0.0,5,1440,48,9,validation_only,25,20.0,116.32,8.57467983997872,8.637808611816821
post_primary_exploratory,unweighted_tilt_05,False,0.5,0.0,5,1440,48,9,validation_only,26,20.0,119.52,8.55121491501542,8.529325204961111
post_primary_exploratory,unweighted_tilt_05,False,0.5,0.0,5,1440,48,9,validation_only,27,20.0,118.12,8.581300596793152,8.632127728901924
post_primary_exploratory,unweighted_tilt_05,False,0.5,0.0,5,1440,48,9,validation_only,28,20.0,119.52,8.592740644447105,8.698599093531108
post_primary_exploratory,unweighted_tilt_05,False,0.5,0.0,5,1440,48,9,validation_only,29,20.0,115.84,8.517389165381235,8.384601691143747
post_primary_exploratory,unweighted_tilt_05,False,0.5,0.0,5,1440,48,9,validation_only,30,20.0,122.84,8.557043640907173,8.572748028227481
post_primary_exploratory,unweighted_tilt_05,False,0.5,0.0,5,1440,48,9,validation_only,31,20.0,121.64,8.6290331354434,8.814423125346226
post_primary_exploratory,unweighted_tilt_05,False,0.5,0.0,5,1440,48,9,validation_only,32,20.0,120.28,8.495995569396673,8.271645021645021
post_primary_exploratory,unweighted_tilt_05,False,0.5,0.0,5,1440,48,9,validation_only,33,20.0,119.92,8.61375153543585,8.757779437391088
post_primary_exploratory,unweighted_tilt_05,False,0.5,0.0,5,1440,48,9,validation_only,34,20.0,120.48,8.578767788979661,8.648255191607793
post_primary_exploratory,unweighted_tilt_05,False,0.5,0.0,5,1440,48,9,validation_only,35,20.0,122.44,8.496411882049696,8.344547053649956
post_primary_exploratory,unweighted_tilt_05,False,0.5,0.0,5,1440,48,9,validation_only,36,20.0,120.04,8.557375188064603,8.55199342375668
post_primary_exploratory,unweighted_tilt_05,False,0.5,0.0,5,1440,48,9,validation_only,37,20.0,119.48,8.546030384885086,8.525340283811179
post_primary_exploratory,unweighted_tilt_05,False,0.5,0.0,5,1440,48,9,validation_only,38,20.0,123.56,8.645668315399309,8.852889474840696
post_primary_exploratory,unweighted_tilt_05,False,0.5,0.0,5,1440,48,9,validation_only,39,20.0,117.4,8.540449166839698,8.497960372960375
post_primary_exploratory,unweighted_tilt_05,False,0.5,0.0,5,1440,48,9,validation_only,40,20.0,120.84,8.531384489003052,8.43805003460892
post_primary_exploratory,unweighted_tilt_05,False,0.5,0.0,5,1440,48,9,validation_only,41,20.0,122.16,8.468067266464688,8.179193899782135
post_primary_exploratory,unweighted_tilt_05,False,0.5,0.0,5,1440,48,9,validation_only,44,20.0,118.44,8.60162235706182,8.715135738192634
post_primary_exploratory,unweighted_tilt_05,False,0.5,0.0,5,1440,48,9,validation_only,45,20.0,119.84,8.588468949156026,8.683043063859284
post_primary_exploratory,unweighted_tilt_05,False,0.5,0.0,5,1440,48,9,validation_only,46,20.0,120.76,8.620769656200796,8.805004409171076
post_primary_exploratory,unweighted_tilt_05,False,0.5,0.0,5,1440,48,9,validation_only,48,20.0,121.52,8.539598261391351,8.50069498069498
post_primary_exploratory,unweighted_tilt_05,False,0.5,0.0,5,1440,48,9,validation_only,49,20.0,122.68,8.535689804304674,8.465273829827554
post_primary_exploratory,unweighted_tilt_05,False,0.5,0.0,5,1440,48,9,validation_only,50,20.0,119.92,8.56908120139559,8.580938833570412
post_primary_exploratory,unweighted_tilt_05,False,0.5,0.0,5,1440,48,9,validation_only,51,20.0,117.12,8.56633052284747,8.594168096054887
post_primary_exploratory,unweighted_tilt_05,False,0.5,0.0,5,1440,48,9,validation_only,53,20.0,119.28,8.528257336674304,8.444160681032189
post_primary_exploratory,unweighted_tilt_05,False,0.5,0.0,5,1440,48,9,validation_only,54,20.0,122.68,8.504300802682666,8.267142457318778
post_primary_exploratory,unweighted_tilt_05,False,0.5,0.0,5,1440,48,9,validation_only,55,20.0,118.48,8.548193277622005,8.5075743170438
post_primary_exploratory,unweighted_tilt_05,False,0.5,0.0,5,1440,48,9,validation_only,56,20.0,120.16,8.575319100326249,8.636943744752307
post_primary_exploratory,unweighted_tilt_05,False,0.5,0.0,5,1440,48,9,uniform,01,615.76,0.0,8.555638301976554,8.35949741315595
post_primary_exploratory,unweighted_tilt_05,False,0.5,0.0,5,1440,48,9,uniform,02,622.2,0.0,8.557557359079858,8.635873229939312
post_primary_exploratory,unweighted_tilt_05,False,0.5,0.0,5,1440,48,9,uniform,04,624.76,0.0,8.556831046907915,8.519881085098477
post_primary_exploratory,unweighted_tilt_05,False,0.5,0.0,5,1440,48,9,uniform,05,622.36,0.0,8.554633211441129,8.29320987654321
post_primary_exploratory,unweighted_tilt_05,False,0.5,0.0,5,1440,48,9,uniform,06,620.96,0.0,8.55462884863405,8.431945521937767
post_primary_exploratory,unweighted_tilt_05,False,0.5,0.0,5,1440,48,9,uniform,08,615.36,0.0,8.556550703990752,8.508233957978423
post_primary_exploratory,unweighted_tilt_05,False,0.5,0.0,5,1440,48,9,uniform,09,615.2,0.0,8.556672374880685,8.553915436577434
post_primary_exploratory,unweighted_tilt_05,False,0.5,0.0,5,1440,48,9,uniform,10,621.8,0.0,8.558228045396936,8.68655574679671
post_primary_exploratory,unweighted_tilt_05,False,0.5,0.0,5,1440,48,9,uniform,11,620.6,0.0,8.558747181932176,8.715625586193958
post_primary_exploratory,unweighted_tilt_05,False,0.5,0.0,5,1440,48,9,uniform,12,615.28,0.0,8.558724355655773,8.560529336304098
post_primary_exploratory,unweighted_tilt_05,False,0.5,0.0,5,1440,48,9,uniform,13,614.2,0.0,8.555996896147855,8.443810730882975
post_primary_exploratory,unweighted_tilt_05,False,0.5,0.0,5,1440,48,9,uniform,15,613.96,0.0,8.557940834903214,8.658482845451683
post_primary_exploratory,unweighted_tilt_05,False,0.5,0.0,5,1440,48,9,uniform,16,617.84,0.0,8.556642151964308,8.519994162288384
post_primary_exploratory,unweighted_tilt_05,False,0.5,0.0,5,1440,48,9,uniform,17,622.52,0.0,8.557483742667342,8.66492682427592
post_primary_exploratory,unweighted_tilt_05,False,0.5,0.0,5,1440,48,9,uniform,18,610.36,0.0,8.556922237467905,8.485706993363962
post_primary_exploratory,unweighted_tilt_05,False,0.5,0.0,5,1440,48,9,uniform,19,613.04,0.0,8.557211608486826,8.577984966753396
post_primary_exploratory,unweighted_tilt_05,False,0.5,0.0,5,1440,48,9,uniform,20,624.72,0.0,8.557433790244719,8.534743722050223
post_primary_exploratory,unweighted_tilt_05,False,0.5,0.0,5,1440,48,9,uniform,22,623.2,0.0,8.555207992283483,8.30594265577447
post_primary_exploratory,unweighted_tilt_05,False,0.5,0.0,5,1440,48,9,uniform,23,618.56,0.0,8.5571185970223,8.594057633792733
post_primary_exploratory,unweighted_tilt_05,False,0.5,0.0,5,1440,48,9,uniform,24,614.16,0.0,8.558259404143623,8.630635650276268
post_primary_exploratory,unweighted_tilt_05,False,0.5,0.0,5,1440,48,9,uniform,25,622.12,0.0,8.558007901890893,8.637808611816821
post_primary_exploratory,unweighted_tilt_05,False,0.5,0.0,5,1440,48,9,uniform,26,631.32,0.0,8.555846951354317,8.529325204961111
post_primary_exploratory,unweighted_tilt_05,False,0.5,0.0,5,1440,48,9,uniform,27,612.72,0.0,8.557730966757234,8.632127728901924
post_primary_exploratory,unweighted_tilt_05,False,0.5,0.0,5,1440,48,9,uniform,28,616.72,0.0,8.558742188594332,8.698599093531108
post_primary_exploratory,unweighted_tilt_05,False,0.5,0.0,5,1440,48,9,uniform,29,626.84,0.0,8.555235747527805,8.384601691143747
post_primary_exploratory,unweighted_tilt_05,False,0.5,0.0,5,1440,48,9,uniform,30,617.08,0.0,8.557465284845286,8.572748028227481
post_primary_exploratory,unweighted_tilt_05,False,0.5,0.0,5,1440,48,9,uniform,31,619.6,0.0,8.559868639915157,8.814423125346226
post_primary_exploratory,unweighted_tilt_05,False,0.5,0.0,5,1440,48,9,uniform,32,631.16,0.0,8.5537730692284,8.271645021645021
post_primary_exploratory,unweighted_tilt_05,False,0.5,0.0,5,1440,48,9,uniform,33,621.0,0.0,8.55877035231816,8.757779437391088
post_primary_exploratory,unweighted_tilt_05,False,0.5,0.0,5,1440,48,9,uniform,34,631.2,0.0,8.557237745204958,8.648255191607793
post_primary_exploratory,unweighted_tilt_05,False,0.5,0.0,5,1440,48,9,uniform,35,622.6,0.0,8.555071618214642,8.344547053649956
post_primary_exploratory,unweighted_tilt_05,False,0.5,0.0,5,1440,48,9,uniform,36,620.04,0.0,8.55673113137127,8.55199342375668
post_primary_exploratory,unweighted_tilt_05,False,0.5,0.0,5,1440,48,9,uniform,37,622.16,0.0,8.55505650656853,8.525340283811179
post_primary_exploratory,unweighted_tilt_05,False,0.5,0.0,5,1440,48,9,uniform,38,626.48,0.0,8.559797445136633,8.852889474840696
post_primary_exploratory,unweighted_tilt_05,False,0.5,0.0,5,1440,48,9,uniform,39,620.4,0.0,8.555589314929973,8.497960372960375
post_primary_exploratory,unweighted_tilt_05,False,0.5,0.0,5,1440,48,9,uniform,40,615.4,0.0,8.556029906312338,8.43805003460892
post_primary_exploratory,unweighted_tilt_05,False,0.5,0.0,5,1440,48,9,uniform,41,617.56,0.0,8.553286345121546,8.179193899782135
post_primary_exploratory,unweighted_tilt_05,False,0.5,0.0,5,1440,48,9,uniform,44,615.64,0.0,8.5584015119289,8.715135738192634
post_primary_exploratory,unweighted_tilt_05,False,0.5,0.0,5,1440,48,9,uniform,45,616.48,0.0,8.558041743739786,8.683043063859284
post_primary_exploratory,unweighted_tilt_05,False,0.5,0.0,5,1440,48,9,uniform,46,614.52,0.0,8.559499147558931,8.805004409171076
post_primary_exploratory,unweighted_tilt_05,False,0.5,0.0,5,1440,48,9,uniform,48,622.76,0.0,8.555492137610855,8.50069498069498
post_primary_exploratory,unweighted_tilt_05,False,0.5,0.0,5,1440,48,9,uniform,49,620.6,0.0,8.555558889900748,8.465273829827554
post_primary_exploratory,unweighted_tilt_05,False,0.5,0.0,5,1440,48,9,uniform,50,617.2,0.0,8.558170425007903,8.580938833570412
post_primary_exploratory,unweighted_tilt_05,False,0.5,0.0,5,1440,48,9,uniform,51,619.68,0.0,8.558306614173889,8.594168096054887
post_primary_exploratory,unweighted_tilt_05,False,0.5,0.0,5,1440,48,9,uniform,53,630.8,0.0,8.556056881371866,8.444160681032189
post_primary_exploratory,unweighted_tilt_05,False,0.5,0.0,5,1440,48,9,uniform,54,626.32,0.0,8.555388867912589,8.267142457318778
post_primary_exploratory,unweighted_tilt_05,False,0.5,0.0,5,1440,48,9,uniform,55,615.88,0.0,8.557225896799688,8.5075743170438
post_primary_exploratory,unweighted_tilt_05,False,0.5,0.0,5,1440,48,9,uniform,56,618.88,0.0,8.558805018314061,8.636943744752307
