scenario,weighted,kappa,validation_kappa,audit_cost,budget,units,k,policy,reps,regret_mean,regret_mcse,regret_lo,regret_hi,overlap_mean,overlap_mcse,overlap_lo,overlap_hi,mse_mean,mse_mcse,mse_lo,mse_hi,coverage_mean,coverage_mcse,coverage_lo,coverage_hi,spent_mean,spent_mcse,spent_lo,spent_hi,validation_fraction_mean,validation_fraction_mcse,validation_fraction_lo,validation_fraction_hi,regular_packets_mean,regular_packets_mcse,regular_packets_lo,regular_packets_hi,validation_packets_mean,validation_packets_mcse,validation_packets_lo,validation_packets_hi,posterior_sd_mean,posterior_sd_mcse,posterior_sd_lo,posterior_sd_hi,regret_diff_uniform_mean,regret_diff_uniform_mcse,regret_diff_uniform_lo,regret_diff_uniform_hi,overlap_diff_uniform_mean,overlap_diff_uniform_mcse,overlap_diff_uniform_lo,overlap_diff_uniform_hi,regret_diff_ordinary_kg_mean,regret_diff_ordinary_kg_mcse,regret_diff_ordinary_kg_lo,regret_diff_ordinary_kg_hi,overlap_diff_ordinary_kg_mean,overlap_diff_ordinary_kg_mcse,overlap_diff_ordinary_kg_lo,overlap_diff_ordinary_kg_hi
unweighted_uniform,False,0.0,0.0,2,48,48,9,uniform,1000,0.16907279523335644,0.0013462695254982007,0.16643410696337996,0.17171148350333293,0.31866666666666665,0.004124533574758251,0.31058258086014046,0.32675075247319285,0.01980103820801094,5.1726708705689483e-05,0.019699653858947785,0.01990242255707409,0.9212291666666667,0.0008376595141560207,0.9195873540189209,0.9228709793144124,48.0,0.0,48.0,48.0,0.0,0.0,0.0,0.0,48.0,0.0,48.0,48.0,0.0,0.0,0.0,0.0,0.1318131377580802,1.5082599193912284e-06,0.1318101815686382,0.13181609394752222,0.0,0.0,0.0,0.0,0.0,0.0,0.0,0.0,0.02144663385094931,0.001313088626858454,0.01887298014230674,0.02402028755959188,-0.045222222222222226,0.004071420557280116,-0.05320220651449126,-0.037242237929953195
unweighted_uniform,False,0.0,0.0,2,48,48,9,uniform_blind,1000,0.16907279523335644,0.0013462695254982007,0.16643410696337996,0.17171148350333293,0.31866666666666665,0.004124533574758251,0.31058258086014046,0.32675075247319285,0.01980103820801093,5.172670870568948e-05,0.01969965385894778,0.019902422557074084,0.9212291666666667,0.0008376595141560207,0.9195873540189209,0.9228709793144124,48.0,0.0,48.0,48.0,0.0,0.0,0.0,0.0,48.0,0.0,48.0,48.0,0.0,0.0,0.0,0.0,0.1318131377580802,1.5082599193912284e-06,0.1318101815686382,0.13181609394752222,0.0,0.0,0.0,0.0,0.0,0.0,0.0,0.0,0.02144663385094931,0.001313088626858454,0.01887298014230674,0.02402028755959188,-0.045222222222222226,0.004071420557280116,-0.05320220651449126,-0.037242237929953195
unweighted_uniform,False,0.0,0.0,2,48,48,9,uncertainty,1000,0.16794165908581657,0.0013801233863967213,0.165236617248479,0.17064670092315415,0.321,0.00418713358315671,0.31279321817701283,0.3292067818229872,0.019759181504202042,5.30986146227674e-05,0.019655108219541417,0.019863254788862666,0.9204166666666668,0.0008424592069014803,0.9187654466211399,0.9220678867121936,48.0,0.0,48.0,48.0,0.0,0.0,0.0,0.0,48.0,0.0,48.0,48.0,0.0,0.0,0.0,0.0,0.1316963077595143,8.78147550742909e-19,0.1316963077595143,0.1316963077595143,-0.0011311361475398604,0.0011978576705917155,-0.0034789371818996226,0.0012166648868199021,0.002333333333333333,0.0036339085997675494,-0.004789127522211063,0.00945579418887773,0.020315497703409447,0.0012133180839147594,0.01793739425893652,0.022693601147882374,-0.04288888888888889,0.0036987019947311984,-0.050138344798562044,-0.03563943297921574
unweighted_uniform,False,0.0,0.0,2,48,48,9,boundary,1000,0.14342682566396708,0.0013296799505429322,0.14082065296090293,0.14603299836703124,0.38022222222222224,0.004288090607063676,0.3718175646323774,0.38862687981206706,0.019708071269318797,5.341112256112331e-05,0.019603385469098997,0.019812757069538597,0.9187916666666667,0.0008157331849093156,0.9171928296242444,0.9203905037090889,48.0,0.0,48.0,48.0,0.0,0.0,0.0,0.0,48.0,0.0,48.0,48.0,0.0,0.0,0.0,0.0,0.1319895620920409,2.3981163671145173e-06,0.13198486178396135,0.13199426240012047,-0.02564596956938932,0.001354415867412489,-0.0283006246695178,-0.022991314469260844,0.06155555555555556,0.004101259135843387,0.05351708764930252,0.0695940234618086,-0.004199335718440009,0.0007730213809071213,-0.005714457625017967,-0.002684213811862051,0.016333333333333335,0.002403338364557478,0.011622790138800678,0.02104387652786599
unweighted_uniform,False,0.0,0.0,2,48,48,9,bias_blind_kg,1000,0.1476261613824071,0.0013323784678161332,0.1450146995854875,0.15023762317932673,0.36388888888888893,0.00426128979177137,0.355536760897017,0.37224101688076083,0.01976994247502013,5.2252713385644056e-05,0.019667527156784267,0.019872357793255992,0.9180833333333334,0.0007957228421430259,0.916523716562733,0.9196429501039337,48.0,0.0,48.0,48.0,0.0,0.0,0.0,0.0,48.0,0.0,48.0,48.0,0.0,0.0,0.0,0.0,0.13199567259663764,2.7542342449121206e-06,0.1319902742975176,0.13200107089575766,-0.02144663385094931,0.001313088626858454,-0.02402028755959188,-0.01887298014230674,0.045222222222222226,0.004071420557280116,0.037242237929953195,0.05320220651449126,0.0,0.0,0.0,0.0,0.0,0.0,0.0,0.0
unweighted_uniform,False,0.0,0.0,2,48,48,9,ordinary_kg,1000,0.1476261613824071,0.0013323784678161332,0.1450146995854875,0.15023762317932673,0.36388888888888893,0.00426128979177137,0.355536760897017,0.37224101688076083,0.019769942475020136,5.2252713385644076e-05,0.019667527156784274,0.019872357793256,0.9180833333333334,0.0007957228421430259,0.916523716562733,0.9196429501039337,48.0,0.0,48.0,48.0,0.0,0.0,0.0,0.0,48.0,0.0,48.0,48.0,0.0,0.0,0.0,0.0,0.13199567259663764,2.7542342449121206e-06,0.1319902742975176,0.13200107089575766,-0.02144663385094931,0.001313088626858454,-0.02402028755959188,-0.01887298014230674,0.045222222222222226,0.004071420557280116,0.037242237929953195,0.05320220651449126,0.0,0.0,0.0,0.0,0.0,0.0,0.0,0.0
unweighted_uniform,False,0.0,0.0,2,48,48,9,two_channel_uniform,1000,0.1750875351472467,0.0013645369536464667,0.17241304271809962,0.17776202757639378,0.3053333333333333,0.004118416736823331,0.2972612365291596,0.313405430137507,0.020144395151619428,4.908021417034126e-05,0.02004819793184556,0.020240592371393296,0.9195416666666667,0.0008489721667115842,0.917877681219912,0.9212056521134214,48.0,0.0,48.0,48.0,0.6575416666666666,0.002482784331649031,0.6526754093766345,0.6624079239566987,16.438,0.1191736479191535,16.204419650078457,16.67158034992154,15.781,0.05958682395957675,15.66420982503923,15.897790174960772,0.13287282525187324,4.210805741859557e-06,0.1328645720726192,0.1328810784311273,0.006014739913890303,0.0012907624285364726,0.0034848455539588166,0.008544634273821789,-0.013333333333333334,0.0038438612222941597,-0.020867301329029888,-0.005799365337636781,0.027461373764839613,0.0014061317097729075,0.024705355613684712,0.030217391915994513,-0.058555555555555555,0.0043529552978135485,-0.06708734793927011,-0.050023763171841
unweighted_uniform,False,0.0,0.0,2,48,48,9,balanced_mix,1000,0.17440564583290147,0.0013983215818522121,0.17166493553247114,0.1771463561333318,0.30377777777777776,0.004158354144748107,0.2956274036540715,0.31192815190148404,0.020086493665183603,4.867795591467626e-05,0.019991084871590837,0.02018190245877637,0.9202291666666668,0.0008383645978623794,0.9185859720548565,0.921872361278477,48.0,0.0,48.0,48.0,0.49766666666666665,0.0027262691823746747,0.4923231790692123,0.503010154264121,24.112,0.1308609207539844,23.85551259532219,24.368487404677808,11.944,0.0654304603769922,11.815756297661096,12.072243702338906,0.1326144656156725,4.6728295189085285e-06,0.13260530686981545,0.13262362436152955,0.005332850599545036,0.0013660103919831059,0.0026554702312581485,0.008010230967831924,-0.014888888888888889,0.004153596450617909,-0.02302993793209999,-0.006747839845677787,0.026779484450494353,0.001428574825479014,0.023979477792555486,0.02957949110843322,-0.060111111111111115,0.00432882505776125,-0.06859560822432316,-0.051626613997899064
unweighted_uniform,False,0.0,0.0,2,48,48,9,validation_only,1000,0.1780894353922876,0.0013923910183008923,0.17536034899641786,0.18081852178815735,0.2971111111111111,0.004150143711804581,0.28897682943597414,0.30524539278624807,0.02035723462010372,4.606643684139508e-05,0.020266944403894586,0.020447524836312854,0.9176666666666666,0.0008378298773305905,0.9160245201070987,0.9193088132262346,48.0,0.0,48.0,48.0,1.0,0.0,1.0,1.0,0.0,0.0,0.0,0.0,24.0,0.0,24.0,24.0,0.13343496669879143,1.0726470667331883e-06,0.13343286431054063,0.13343706908704223,0.009016640158931177,0.001489831430123735,0.006096570555888655,0.011936709761973698,-0.021555555555555557,0.004469349639187833,-0.03031548084836371,-0.012795630262747404,0.030463274009880487,0.0015024717478896719,0.027518429384016732,0.03340811863574424,-0.06677777777777778,0.004575153636352372,-0.07574507890502843,-0.05781047665052713
unweighted_uniform,False,0.0,0.0,2,48,48,9,two_channel_kg,1000,0.1476261613824071,0.0013323784678161332,0.1450146995854875,0.15023762317932673,0.36388888888888893,0.00426128979177137,0.355536760897017,0.37224101688076083,0.019769942475020136,5.2252713385644076e-05,0.019667527156784274,0.019872357793256,0.9180833333333334,0.0007957228421430259,0.916523716562733,0.9196429501039337,48.0,0.0,48.0,48.0,0.0,0.0,0.0,0.0,48.0,0.0,48.0,48.0,0.0,0.0,0.0,0.0,0.13199567259663764,2.7542342449121206e-06,0.1319902742975176,0.13200107089575766,-0.02144663385094931,0.001313088626858454,-0.02402028755959188,-0.01887298014230674,0.045222222222222226,0.004071420557280116,0.037242237929953195,0.05320220651449126,0.0,0.0,0.0,0.0,0.0,0.0,0.0,0.0
unweighted_uniform,False,0.0,0.0,2,144,48,9,uniform,1000,0.13972339509497755,0.0012998324304245446,0.13717572353134544,0.14227106665860967,0.3867777777777778,0.0042790360661986325,0.37839086708802844,0.3951646884675271,0.017900270010863934,6.219887296326571e-05,0.017778360219855932,0.018022179801871936,0.9253958333333333,0.0009050701913978344,0.9236218957581935,0.9271697709084731,144.0,0.0,144.0,144.0,0.0,0.0,0.0,0.0,144.0,0.0,144.0,144.0,0.0,0.0,0.0,0.0,0.125855582940867,2.3959386390081585e-06,0.12585088690113452,0.12586027898059945,0.0,0.0,0.0,0.0,0.0,0.0,0.0,0.0,0.027287619355800846,0.0012631877260107312,0.024811771412819813,0.02976346729878188,-0.07066666666666667,0.004367456882201529,-0.07922688215578166,-0.062106451177551675
unweighted_uniform,False,0.0,0.0,2,144,48,9,uniform_blind,1000,0.13972339509497755,0.0012998324304245446,0.13717572353134544,0.14227106665860967,0.3867777777777778,0.0042790360661986325,0.37839086708802844,0.3951646884675271,0.017900270010863927,6.219887296326571e-05,0.017778360219855925,0.01802217980187193,0.9253958333333333,0.0009050701913978344,0.9236218957581935,0.9271697709084731,144.0,0.0,144.0,144.0,0.0,0.0,0.0,0.0,144.0,0.0,144.0,144.0,0.0,0.0,0.0,0.0,0.125855582940867,2.3959386390081585e-06,0.12585088690113452,0.12586027898059945,0.0,0.0,0.0,0.0,0.0,0.0,0.0,0.0,0.027287619355800846,0.0012631877260107312,0.024811771412819813,0.02976346729878188,-0.07066666666666667,0.004367456882201529,-0.07922688215578166,-0.062106451177551675
unweighted_uniform,False,0.0,0.0,2,144,48,9,uncertainty,1000,0.13431859578937075,0.001329052695655557,0.13171365250588585,0.13692353907285565,0.40677777777777774,0.004388028943373599,0.3981772410487655,0.41537831450678997,0.017800604916058043,6.236739371275148e-05,0.01767836482438105,0.017922845007735035,0.9253541666666666,0.0008953385159488421,0.9235993031754068,0.9271090301579263,144.0,0.0,144.0,144.0,0.0,0.0,0.0,0.0,144.0,0.0,144.0,144.0,0.0,0.0,0.0,0.0,0.12567136304619234,0.0,0.12567136304619234,0.12567136304619234,-0.005404799305606773,0.0012190038223413497,-0.007794046797395818,-0.003015551813817727,0.020000000000000004,0.003907632349419857,0.012341040595137083,0.027658959404862925,0.021882820050194072,0.0012358753572425897,0.019460504349998596,0.024305135750389548,-0.05066666666666667,0.004253581685437056,-0.059003686770123305,-0.04232964656321004
unweighted_uniform,False,0.0,0.0,2,144,48,9,boundary,1000,0.10424151155330068,0.0011780762733902864,0.10193248205745571,0.10655054104914564,0.4855555555555555,0.004272476626695746,0.47718150136723186,0.49392960974387917,0.017752699518797196,6.377677107188929e-05,0.017627697047496293,0.0178777019900981,0.9245,0.0008937632245681625,0.9227482240798464,0.9262517759201536,144.0,0.0,144.0,144.0,0.0,0.0,0.0,0.0,144.0,0.0,144.0,144.0,0.0,0.0,0.0,0.0,0.126739469235305,8.991745700417338e-06,0.1267218454137322,0.1267570930568778,-0.03548188354167685,0.0012308427808653364,-0.037894335392172906,-0.03306943169118079,0.0987777777777778,0.004169387388886527,0.0906057784955602,0.1069497770599954,-0.008194264185876007,0.0007052440193692895,-0.009576542463839814,-0.0068119859079122,0.028111111111111114,0.0024632671330814967,0.02328310753027138,0.03293911469195085
unweighted_uniform,False,0.0,0.0,2,144,48,9,bias_blind_kg,1000,0.11243577573917668,0.0012276658667602018,0.11002955064032668,0.11484200083802668,0.45744444444444443,0.00444014779520992,0.448741754765833,0.46614713412305586,0.018020753141657592,6.379510242764493e-05,0.017895714740899408,0.018145791542415777,0.9213125,0.0008905118344522557,0.9195670968044736,0.9230579031955264,144.0,0.0,144.0,144.0,0.0,0.0,0.0,0.0,144.0,0.0,144.0,144.0,0.0,0.0,0.0,0.0,0.12690621361763652,1.0398598507958135e-05,0.1268858323645609,0.12692659487071212,-0.027287619355800846,0.0012631877260107312,-0.02976346729878188,-0.024811771412819813,0.07066666666666667,0.004367456882201529,0.062106451177551675,0.07922688215578166,0.0,0.0,0.0,0.0,0.0,0.0,0.0,0.0
unweighted_uniform,False,0.0,0.0,2,144,48,9,ordinary_kg,1000,0.11243577573917668,0.0012276658667602018,0.11002955064032668,0.11484200083802668,0.45744444444444443,0.00444014779520992,0.448741754765833,0.46614713412305586,0.0180207531416576,6.379510242764496e-05,0.017895714740899415,0.018145791542415784,0.9213125,0.0008905118344522557,0.9195670968044736,0.9230579031955264,144.0,0.0,144.0,144.0,0.0,0.0,0.0,0.0,144.0,0.0,144.0,144.0,0.0,0.0,0.0,0.0,0.12690621361763652,1.0398598507958135e-05,0.1268858323645609,0.12692659487071212,-0.027287619355800846,0.0012631877260107312,-0.02976346729878188,-0.024811771412819813,0.07066666666666667,0.004367456882201529,0.062106451177551675,0.07922688215578166,0.0,0.0,0.0,0.0,0.0,0.0,0.0,0.0
unweighted_uniform,False,0.0,0.0,2,144,48,9,two_channel_uniform,1000,0.15414829155031382,0.001356718023864832,0.15148912422353875,0.15680745887708888,0.351,0.004250173826775173,0.34266965929952065,0.3593303407004793,0.018857535177445144,5.941486463928845e-05,0.018741082042752138,0.01897398831213815,0.9223958333333334,0.0009093649246006093,0.9206134780811163,0.9241781885855506,144.0,0.0,144.0,144.0,0.664611111111111,0.0013965211272706313,0.6618739297016606,0.6673482925205615,48.296,0.20109904232697087,47.901845877039136,48.69015412296086,47.852,0.10054952116348544,47.65492293851957,48.049077061480425,0.12872917453084864,6.507854898760264e-06,0.12871641913524706,0.12874192992645023,0.014424896455336272,0.0014823889569420118,0.011519414099729928,0.017330378810942616,-0.03577777777777777,0.0046561681804190205,-0.04490386741139905,-0.026651688144156492,0.04171251581113712,0.0015417310976989108,0.03869072285964725,0.04473430876262699,-0.10644444444444445,0.0048815173796656055,-0.11601221850858903,-0.09687667038029987
unweighted_uniform,False,0.0,0.0,2,144,48,9,balanced_mix,1000,0.15149304367920394,0.0013223027936587132,0.14890133020363286,0.15408475715477501,0.3602222222222222,0.004281630185852864,0.3518302270579506,0.36861421738649386,0.01868121240722353,5.786223987616817e-05,0.018567802417066237,0.01879462239738082,0.9224375,0.0008755050717491225,0.9207215100593718,0.9241534899406283,144.0,0.0,144.0,144.0,0.4983194444444445,0.0016030497964263813,0.49517746684344877,0.5014614220454402,72.242,0.23083917068539891,71.78955522545662,72.69444477454338,35.879,0.11541958534269946,35.65277761272831,36.10522238727169,0.1279926161181528,7.2909693912858065e-06,0.1279783258181459,0.1280069064181597,0.01176964858422641,0.0014271496079296018,0.00897243535268439,0.014566861815768429,-0.026555555555555558,0.0046608940998861545,-0.03569090799133242,-0.017420203119778696,0.03905726794002726,0.0014365423873704852,0.0362416448607811,0.04187289101927341,-0.09722222222222222,0.0048038619292309105,-0.1066377916035148,-0.08780665284092964
unweighted_uniform,False,0.0,0.0,2,144,48,9,validation_only,1000,0.160669032241521,0.0013440514729064865,0.15803469135462428,0.1633033731284177,0.33666666666666667,0.004269583170704451,0.32829828365208596,0.3450350496812474,0.019334918628097525,5.342548356697844e-05,0.019230204680306246,0.019439632575888804,0.9197708333333332,0.00087613209689019,0.9180536144234285,0.9214880522432379,144.0,0.0,144.0,144.0,1.0,0.0,1.0,1.0,0.0,0.0,0.0,0.0,72.0,0.0,72.0,72.0,0.13024926227347167,1.8310209537564538e-06,0.1302456734724023,0.13025285107454104,0.020945637146543475,0.0016850067044705602,0.017643024005781178,0.024248250287305772,-0.05011111111111111,0.00551772124312679,-0.060925844747639624,-0.0392963774745826,0.04823325650234432,0.0016708253152390971,0.04495843888447569,0.05150807412021295,-0.12077777777777779,0.0055108096813745976,-0.131578964753272,-0.10997659080228359
unweighted_uniform,False,0.0,0.0,2,144,48,9,two_channel_kg,1000,0.11243577573917668,0.0012276658667602018,0.11002955064032668,0.11484200083802668,0.45744444444444443,0.00444014779520992,0.448741754765833,0.46614713412305586,0.0180207531416576,6.379510242764496e-05,0.017895714740899415,0.018145791542415784,0.9213125,0.0008905118344522557,0.9195670968044736,0.9230579031955264,144.0,0.0,144.0,144.0,0.0,0.0,0.0,0.0,144.0,0.0,144.0,144.0,0.0,0.0,0.0,0.0,0.12690621361763652,1.0398598507958135e-05,0.1268858323645609,0.12692659487071212,-0.027287619355800846,0.0012631877260107312,-0.02976346729878188,-0.024811771412819813,0.07066666666666667,0.004367456882201529,0.062106451177551675,0.07922688215578166,0.0,0.0,0.0,0.0,0.0,0.0,0.0,0.0
unweighted_uniform,False,0.0,0.0,5,48,48,9,uniform,1000,0.16907279523335644,0.0013462695254982007,0.16643410696337996,0.17171148350333293,0.31866666666666665,0.004124533574758251,0.31058258086014046,0.32675075247319285,0.01980103820801094,5.1726708705689483e-05,0.019699653858947785,0.01990242255707409,0.9212291666666667,0.0008376595141560207,0.9195873540189209,0.9228709793144124,48.0,0.0,48.0,48.0,0.0,0.0,0.0,0.0,48.0,0.0,48.0,48.0,0.0,0.0,0.0,0.0,0.1318131377580802,1.5082599193912284e-06,0.1318101815686382,0.13181609394752222,0.0,0.0,0.0,0.0,0.0,0.0,0.0,0.0,0.02144663385094931,0.001313088626858454,0.01887298014230674,0.02402028755959188,-0.045222222222222226,0.004071420557280116,-0.05320220651449126,-0.037242237929953195
unweighted_uniform,False,0.0,0.0,5,48,48,9,uniform_blind,1000,0.16907279523335644,0.0013462695254982007,0.16643410696337996,0.17171148350333293,0.31866666666666665,0.004124533574758251,0.31058258086014046,0.32675075247319285,0.01980103820801093,5.172670870568948e-05,0.01969965385894778,0.019902422557074084,0.9212291666666667,0.0008376595141560207,0.9195873540189209,0.9228709793144124,48.0,0.0,48.0,48.0,0.0,0.0,0.0,0.0,48.0,0.0,48.0,48.0,0.0,0.0,0.0,0.0,0.1318131377580802,1.5082599193912284e-06,0.1318101815686382,0.13181609394752222,0.0,0.0,0.0,0.0,0.0,0.0,0.0,0.0,0.02144663385094931,0.001313088626858454,0.01887298014230674,0.02402028755959188,-0.045222222222222226,0.004071420557280116,-0.05320220651449126,-0.037242237929953195
unweighted_uniform,False,0.0,0.0,5,48,48,9,uncertainty,1000,0.16794165908581657,0.0013801233863967213,0.165236617248479,0.17064670092315415,0.321,0.00418713358315671,0.31279321817701283,0.3292067818229872,0.019759181504202042,5.30986146227674e-05,0.019655108219541417,0.019863254788862666,0.9204166666666668,0.0008424592069014803,0.9187654466211399,0.9220678867121936,48.0,0.0,48.0,48.0,0.0,0.0,0.0,0.0,48.0,0.0,48.0,48.0,0.0,0.0,0.0,0.0,0.1316963077595143,8.78147550742909e-19,0.1316963077595143,0.1316963077595143,-0.0011311361475398604,0.0011978576705917155,-0.0034789371818996226,0.0012166648868199021,0.002333333333333333,0.0036339085997675494,-0.004789127522211063,0.00945579418887773,0.020315497703409447,0.0012133180839147594,0.01793739425893652,0.022693601147882374,-0.04288888888888889,0.0036987019947311984,-0.050138344798562044,-0.03563943297921574
unweighted_uniform,False,0.0,0.0,5,48,48,9,boundary,1000,0.14342682566396708,0.0013296799505429322,0.14082065296090293,0.14603299836703124,0.38022222222222224,0.004288090607063676,0.3718175646323774,0.38862687981206706,0.019708071269318797,5.341112256112331e-05,0.019603385469098997,0.019812757069538597,0.9187916666666667,0.0008157331849093156,0.9171928296242444,0.9203905037090889,48.0,0.0,48.0,48.0,0.0,0.0,0.0,0.0,48.0,0.0,48.0,48.0,0.0,0.0,0.0,0.0,0.1319895620920409,2.3981163671145173e-06,0.13198486178396135,0.13199426240012047,-0.02564596956938932,0.001354415867412489,-0.0283006246695178,-0.022991314469260844,0.06155555555555556,0.004101259135843387,0.05351708764930252,0.0695940234618086,-0.004199335718440009,0.0007730213809071213,-0.005714457625017967,-0.002684213811862051,0.016333333333333335,0.002403338364557478,0.011622790138800678,0.02104387652786599
unweighted_uniform,False,0.0,0.0,5,48,48,9,bias_blind_kg,1000,0.1476261613824071,0.0013323784678161332,0.1450146995854875,0.15023762317932673,0.36388888888888893,0.00426128979177137,0.355536760897017,0.37224101688076083,0.01976994247502013,5.2252713385644056e-05,0.019667527156784267,0.019872357793255992,0.9180833333333334,0.0007957228421430259,0.916523716562733,0.9196429501039337,48.0,0.0,48.0,48.0,0.0,0.0,0.0,0.0,48.0,0.0,48.0,48.0,0.0,0.0,0.0,0.0,0.13199567259663764,2.7542342449121206e-06,0.1319902742975176,0.13200107089575766,-0.02144663385094931,0.001313088626858454,-0.02402028755959188,-0.01887298014230674,0.045222222222222226,0.004071420557280116,0.037242237929953195,0.05320220651449126,0.0,0.0,0.0,0.0,0.0,0.0,0.0,0.0
unweighted_uniform,False,0.0,0.0,5,48,48,9,ordinary_kg,1000,0.1476261613824071,0.0013323784678161332,0.1450146995854875,0.15023762317932673,0.36388888888888893,0.00426128979177137,0.355536760897017,0.37224101688076083,0.019769942475020136,5.2252713385644076e-05,0.019667527156784274,0.019872357793256,0.9180833333333334,0.0007957228421430259,0.916523716562733,0.9196429501039337,48.0,0.0,48.0,48.0,0.0,0.0,0.0,0.0,48.0,0.0,48.0,48.0,0.0,0.0,0.0,0.0,0.13199567259663764,2.7542342449121206e-06,0.1319902742975176,0.13200107089575766,-0.02144663385094931,0.001313088626858454,-0.02402028755959188,-0.01887298014230674,0.045222222222222226,0.004071420557280116,0.037242237929953195,0.05320220651449126,0.0,0.0,0.0,0.0,0.0,0.0,0.0,0.0
unweighted_uniform,False,0.0,0.0,5,48,48,9,two_channel_uniform,1000,0.18194789284842972,0.0014183117953144458,0.1791680017296134,0.18472778396724604,0.2872222222222222,0.00412782661127859,0.2791316820641162,0.2953127623803282,0.02051991724097345,4.520099794545449e-05,0.02043132328500036,0.020608511196946542,0.9178125,0.0008072685417323611,0.9162302536582047,0.9193947463417954,48.0,0.0,48.0,48.0,0.7953125,0.002315850775442943,0.7907734324801318,0.7998515675198682,9.825,0.1111608372212612,9.607124759046327,10.042875240953672,7.635,0.022232167444252243,7.591424951809265,7.678575048190734,0.1338862061580327,6.1769787555900555e-06,0.13387409927967175,0.13389831303639366,0.012875097615073284,0.0013190267552431155,0.010289805174796779,0.01546039005534979,-0.03144444444444445,0.003900210730525716,-0.03908885747627485,-0.023800031412614046,0.0343217314660226,0.0014106536013807393,0.031556850407316345,0.03708661252472885,-0.07666666666666669,0.004262050992058381,-0.08502028661110111,-0.06831304672223226
unweighted_uniform,False,0.0,0.0,5,48,48,9,balanced_mix,1000,0.17612921918262675,0.0013699875089899817,0.17344404366500638,0.17881439470024713,0.2987777777777778,0.00408192134109923,0.29077721194922335,0.30677834360633227,0.02021232755170792,4.724985486910899e-05,0.020119717836164466,0.020304937267251376,0.91925,0.0007998746912760562,0.9176822456050989,0.9208177543949011,48.0,0.0,48.0,48.0,0.4703125,0.0040279921567158705,0.4624176353728369,0.4782073646271631,25.425,0.19334362352236178,25.04604649789617,25.80395350210383,4.515,0.03866872470447235,4.439209299579234,4.590790700420765,0.13302702890354468,1.0679252739858814e-05,0.13300609756817455,0.1330479602389148,0.007056423949270348,0.0013177321121872578,0.004473669009383323,0.009639178889157374,-0.019888888888888893,0.003960030597882209,-0.027650548860738023,-0.012127228917039764,0.028503057800219656,0.0013938334607686831,0.02577114421711304,0.031234971383326274,-0.06511111111111112,0.004154429440408557,-0.0732537928143119,-0.056968429407910345
unweighted_uniform,False,0.0,0.0,5,48,48,9,validation_only,1000,0.18503284639563264,0.0014062585216337653,0.18227657969323047,0.1877891130980348,0.2812222222222222,0.004107213475809262,0.27317208380963603,0.2892723606348084,0.02070771353311459,4.216901024282102e-05,0.02062506227303866,0.02079036479319052,0.9172083333333334,0.0008070933425276418,0.9156264303819792,0.9187902362846876,45.0,0.0,45.0,45.0,0.9375,0.0,0.9375,0.9375,0.0,0.0,0.0,0.0,9.0,0.0,9.0,9.0,0.13447692552960178,6.600094049504178e-07,0.13447563191116807,0.13447821914803548,0.015960051162276206,0.0013837903564487737,0.01324782206363661,0.018672280260915802,-0.03744444444444444,0.004116818566404031,-0.04551340883459634,-0.029375480054292538,0.03740668501322553,0.001437179106192276,0.034589813965088666,0.04022355606136239,-0.08266666666666667,0.004309002875072413,-0.09111231230180859,-0.07422102103152474
unweighted_uniform,False,0.0,0.0,5,48,48,9,two_channel_kg,1000,0.1476261613824071,0.0013323784678161332,0.1450146995854875,0.15023762317932673,0.36388888888888893,0.00426128979177137,0.355536760897017,0.37224101688076083,0.019769942475020136,5.2252713385644076e-05,0.019667527156784274,0.019872357793256,0.9180833333333334,0.0007957228421430259,0.916523716562733,0.9196429501039337,48.0,0.0,48.0,48.0,0.0,0.0,0.0,0.0,48.0,0.0,48.0,48.0,0.0,0.0,0.0,0.0,0.13199567259663764,2.7542342449121206e-06,0.1319902742975176,0.13200107089575766,-0.02144663385094931,0.001313088626858454,-0.02402028755959188,-0.01887298014230674,0.045222222222222226,0.004071420557280116,0.037242237929953195,0.05320220651449126,0.0,0.0,0.0,0.0,0.0,0.0,0.0,0.0
unweighted_uniform,False,0.0,0.0,5,144,48,9,uniform,1000,0.13972339509497755,0.0012998324304245446,0.13717572353134544,0.14227106665860967,0.3867777777777778,0.0042790360661986325,0.37839086708802844,0.3951646884675271,0.017900270010863934,6.219887296326571e-05,0.017778360219855932,0.018022179801871936,0.9253958333333333,0.0009050701913978344,0.9236218957581935,0.9271697709084731,144.0,0.0,144.0,144.0,0.0,0.0,0.0,0.0,144.0,0.0,144.0,144.0,0.0,0.0,0.0,0.0,0.125855582940867,2.3959386390081585e-06,0.12585088690113452,0.12586027898059945,0.0,0.0,0.0,0.0,0.0,0.0,0.0,0.0,0.027287619355800846,0.0012631877260107312,0.024811771412819813,0.02976346729878188,-0.07066666666666667,0.004367456882201529,-0.07922688215578166,-0.062106451177551675
unweighted_uniform,False,0.0,0.0,5,144,48,9,uniform_blind,1000,0.13972339509497755,0.0012998324304245446,0.13717572353134544,0.14227106665860967,0.3867777777777778,0.0042790360661986325,0.37839086708802844,0.3951646884675271,0.017900270010863927,6.219887296326571e-05,0.017778360219855925,0.01802217980187193,0.9253958333333333,0.0009050701913978344,0.9236218957581935,0.9271697709084731,144.0,0.0,144.0,144.0,0.0,0.0,0.0,0.0,144.0,0.0,144.0,144.0,0.0,0.0,0.0,0.0,0.125855582940867,2.3959386390081585e-06,0.12585088690113452,0.12586027898059945,0.0,0.0,0.0,0.0,0.0,0.0,0.0,0.0,0.027287619355800846,0.0012631877260107312,0.024811771412819813,0.02976346729878188,-0.07066666666666667,0.004367456882201529,-0.07922688215578166,-0.062106451177551675
unweighted_uniform,False,0.0,0.0,5,144,48,9,uncertainty,1000,0.13431859578937075,0.001329052695655557,0.13171365250588585,0.13692353907285565,0.40677777777777774,0.004388028943373599,0.3981772410487655,0.41537831450678997,0.017800604916058043,6.236739371275148e-05,0.01767836482438105,0.017922845007735035,0.9253541666666666,0.0008953385159488421,0.9235993031754068,0.9271090301579263,144.0,0.0,144.0,144.0,0.0,0.0,0.0,0.0,144.0,0.0,144.0,144.0,0.0,0.0,0.0,0.0,0.12567136304619234,0.0,0.12567136304619234,0.12567136304619234,-0.005404799305606773,0.0012190038223413497,-0.007794046797395818,-0.003015551813817727,0.020000000000000004,0.003907632349419857,0.012341040595137083,0.027658959404862925,0.021882820050194072,0.0012358753572425897,0.019460504349998596,0.024305135750389548,-0.05066666666666667,0.004253581685437056,-0.059003686770123305,-0.04232964656321004
unweighted_uniform,False,0.0,0.0,5,144,48,9,boundary,1000,0.10424151155330068,0.0011780762733902864,0.10193248205745571,0.10655054104914564,0.4855555555555555,0.004272476626695746,0.47718150136723186,0.49392960974387917,0.017752699518797196,6.377677107188929e-05,0.017627697047496293,0.0178777019900981,0.9245,0.0008937632245681625,0.9227482240798464,0.9262517759201536,144.0,0.0,144.0,144.0,0.0,0.0,0.0,0.0,144.0,0.0,144.0,144.0,0.0,0.0,0.0,0.0,0.126739469235305,8.991745700417338e-06,0.1267218454137322,0.1267570930568778,-0.03548188354167685,0.0012308427808653364,-0.037894335392172906,-0.03306943169118079,0.0987777777777778,0.004169387388886527,0.0906057784955602,0.1069497770599954,-0.008194264185876007,0.0007052440193692895,-0.009576542463839814,-0.0068119859079122,0.028111111111111114,0.0024632671330814967,0.02328310753027138,0.03293911469195085
unweighted_uniform,False,0.0,0.0,5,144,48,9,bias_blind_kg,1000,0.11243577573917668,0.0012276658667602018,0.11002955064032668,0.11484200083802668,0.45744444444444443,0.00444014779520992,0.448741754765833,0.46614713412305586,0.018020753141657592,6.379510242764493e-05,0.017895714740899408,0.018145791542415777,0.9213125,0.0008905118344522557,0.9195670968044736,0.9230579031955264,144.0,0.0,144.0,144.0,0.0,0.0,0.0,0.0,144.0,0.0,144.0,144.0,0.0,0.0,0.0,0.0,0.12690621361763652,1.0398598507958135e-05,0.1268858323645609,0.12692659487071212,-0.027287619355800846,0.0012631877260107312,-0.02976346729878188,-0.024811771412819813,0.07066666666666667,0.004367456882201529,0.062106451177551675,0.07922688215578166,0.0,0.0,0.0,0.0,0.0,0.0,0.0,0.0
unweighted_uniform,False,0.0,0.0,5,144,48,9,ordinary_kg,1000,0.11243577573917668,0.0012276658667602018,0.11002955064032668,0.11484200083802668,0.45744444444444443,0.00444014779520992,0.448741754765833,0.46614713412305586,0.0180207531416576,6.379510242764496e-05,0.017895714740899415,0.018145791542415784,0.9213125,0.0008905118344522557,0.9195670968044736,0.9230579031955264,144.0,0.0,144.0,144.0,0.0,0.0,0.0,0.0,144.0,0.0,144.0,144.0,0.0,0.0,0.0,0.0,0.12690621361763652,1.0398598507958135e-05,0.1268858323645609,0.12692659487071212,-0.027287619355800846,0.0012631877260107312,-0.02976346729878188,-0.024811771412819813,0.07066666666666667,0.004367456882201529,0.062106451177551675,0.07922688215578166,0.0,0.0,0.0,0.0,0.0,0.0,0.0,0.0
unweighted_uniform,False,0.0,0.0,5,144,48,9,two_channel_uniform,1000,0.16973147717183656,0.0013745966340368992,0.16703726776912425,0.17242568657454888,0.3162222222222223,0.004150977394467328,0.3080863065290663,0.32435813791537826,0.019806196908723785,5.255322094372846e-05,0.019703192595674077,0.019909201221773493,0.920375,0.0008569588529783214,0.9186953606481626,0.9220546393518375,144.0,0.0,144.0,144.0,0.8195833333333333,0.0013324725305885932,0.8169716871733796,0.822194979493287,25.98,0.19187604440475736,25.603922952966677,26.356077047033324,23.604,0.03837520888095147,23.528784590593336,23.679215409406662,0.13170777052224303,1.0297185005768078e-05,0.13168758803963174,0.13172795300485432,0.030008082076858997,0.001546668467787435,0.026976611879995623,0.03303955227372237,-0.07055555555555557,0.004710865523699169,-0.07978885198200594,-0.061322259129105196,0.05729570143265984,0.0015387557168920715,0.05427974022755138,0.060311662637768305,-0.14122222222222222,0.004890778039667112,-0.15080814717996976,-0.13163629726447468
unweighted_uniform,False,0.0,0.0,5,144,48,9,balanced_mix,1000,0.155786297916907,0.0013659303538370731,0.15310907442338634,0.1584635214104277,0.3468888888888889,0.004298453084673994,0.33846392084292787,0.35531385693484996,0.019050472981151766,5.746677707149492e-05,0.018937838098091637,0.019163107864211895,0.9224375,0.0008498199704505779,0.9207718528579169,0.9241031471420832,144.0,0.0,144.0,144.0,0.4921875,0.0022659099793188985,0.48774631644053495,0.49662868355946505,73.125,0.32629103702192136,72.48546956743704,73.76453043256296,14.175,0.06525820740438426,14.047093913487407,14.302906086512595,0.12928262225208095,1.6389976362460643e-05,0.12925049789841053,0.12931474660575137,0.01606290282192949,0.0014420394006765043,0.013236505596603542,0.01888930004725544,-0.03988888888888889,0.004634623932775724,-0.04897275179712931,-0.030805025980648472,0.04335052217773034,0.0014357296718845861,0.04053649202083655,0.04616455233462413,-0.11055555555555557,0.0046437555599178745,-0.1196573164529946,-0.10145379465811655
unweighted_uniform,False,0.0,0.0,5,144,48,9,validation_only,1000,0.17647972475480941,0.0013749982546292642,0.17378472817573606,0.17917472133388276,0.30133333333333334,0.0040466147754046515,0.2934019683735402,0.30926469829312647,0.02025573103462812,4.701161069544803e-05,0.02016358827766504,0.020347873791591198,0.9182291666666668,0.0008439469975828896,0.9165750305514043,0.9198833027819292,140.0,0.0,140.0,140.0,0.972222222222222,7.025180405943273e-18,0.972222222222222,0.972222222222222,0.0,0.0,0.0,0.0,28.0,0.0,28.0,28.0,0.13316038952271747,1.144409490738293e-06,0.13315814648011562,0.13316263256531932,0.03675632965983188,0.0016423236676513758,0.03353737527123518,0.03997528404842858,-0.08544444444444445,0.0051325309290773365,-0.09550420506543603,-0.07538468382345287,0.06404394901563272,0.001606356696911051,0.06089548988968706,0.06719240814157838,-0.15611111111111114,0.005093055155381102,-0.1660934992156581,-0.14612872300656418
unweighted_uniform,False,0.0,0.0,5,144,48,9,two_channel_kg,1000,0.11243577573917668,0.0012276658667602018,0.11002955064032668,0.11484200083802668,0.45744444444444443,0.00444014779520992,0.448741754765833,0.46614713412305586,0.0180207531416576,6.379510242764496e-05,0.017895714740899415,0.018145791542415784,0.9213125,0.0008905118344522557,0.9195670968044736,0.9230579031955264,144.0,0.0,144.0,144.0,0.0,0.0,0.0,0.0,144.0,0.0,144.0,144.0,0.0,0.0,0.0,0.0,0.12690621361763652,1.0398598507958135e-05,0.1268858323645609,0.12692659487071212,-0.027287619355800846,0.0012631877260107312,-0.02976346729878188,-0.024811771412819813,0.07066666666666667,0.004367456882201529,0.062106451177551675,0.07922688215578166,0.0,0.0,0.0,0.0,0.0,0.0,0.0,0.0
unweighted_uniform,False,0.0,0.0,10,48,48,9,uniform,1000,0.16907279523335644,0.0013462695254982007,0.16643410696337996,0.17171148350333293,0.31866666666666665,0.004124533574758251,0.31058258086014046,0.32675075247319285,0.01980103820801094,5.1726708705689483e-05,0.019699653858947785,0.01990242255707409,0.9212291666666667,0.0008376595141560207,0.9195873540189209,0.9228709793144124,48.0,0.0,48.0,48.0,0.0,0.0,0.0,0.0,48.0,0.0,48.0,48.0,0.0,0.0,0.0,0.0,0.1318131377580802,1.5082599193912284e-06,0.1318101815686382,0.13181609394752222,0.0,0.0,0.0,0.0,0.0,0.0,0.0,0.0,0.02144663385094931,0.001313088626858454,0.01887298014230674,0.02402028755959188,-0.045222222222222226,0.004071420557280116,-0.05320220651449126,-0.037242237929953195
unweighted_uniform,False,0.0,0.0,10,48,48,9,uniform_blind,1000,0.16907279523335644,0.0013462695254982007,0.16643410696337996,0.17171148350333293,0.31866666666666665,0.004124533574758251,0.31058258086014046,0.32675075247319285,0.01980103820801093,5.172670870568948e-05,0.01969965385894778,0.019902422557074084,0.9212291666666667,0.0008376595141560207,0.9195873540189209,0.9228709793144124,48.0,0.0,48.0,48.0,0.0,0.0,0.0,0.0,48.0,0.0,48.0,48.0,0.0,0.0,0.0,0.0,0.1318131377580802,1.5082599193912284e-06,0.1318101815686382,0.13181609394752222,0.0,0.0,0.0,0.0,0.0,0.0,0.0,0.0,0.02144663385094931,0.001313088626858454,0.01887298014230674,0.02402028755959188,-0.045222222222222226,0.004071420557280116,-0.05320220651449126,-0.037242237929953195
unweighted_uniform,False,0.0,0.0,10,48,48,9,uncertainty,1000,0.16794165908581657,0.0013801233863967213,0.165236617248479,0.17064670092315415,0.321,0.00418713358315671,0.31279321817701283,0.3292067818229872,0.019759181504202042,5.30986146227674e-05,0.019655108219541417,0.019863254788862666,0.9204166666666668,0.0008424592069014803,0.9187654466211399,0.9220678867121936,48.0,0.0,48.0,48.0,0.0,0.0,0.0,0.0,48.0,0.0,48.0,48.0,0.0,0.0,0.0,0.0,0.1316963077595143,8.78147550742909e-19,0.1316963077595143,0.1316963077595143,-0.0011311361475398604,0.0011978576705917155,-0.0034789371818996226,0.0012166648868199021,0.002333333333333333,0.0036339085997675494,-0.004789127522211063,0.00945579418887773,0.020315497703409447,0.0012133180839147594,0.01793739425893652,0.022693601147882374,-0.04288888888888889,0.0036987019947311984,-0.050138344798562044,-0.03563943297921574
unweighted_uniform,False,0.0,0.0,10,48,48,9,boundary,1000,0.14342682566396708,0.0013296799505429322,0.14082065296090293,0.14603299836703124,0.38022222222222224,0.004288090607063676,0.3718175646323774,0.38862687981206706,0.019708071269318797,5.341112256112331e-05,0.019603385469098997,0.019812757069538597,0.9187916666666667,0.0008157331849093156,0.9171928296242444,0.9203905037090889,48.0,0.0,48.0,48.0,0.0,0.0,0.0,0.0,48.0,0.0,48.0,48.0,0.0,0.0,0.0,0.0,0.1319895620920409,2.3981163671145173e-06,0.13198486178396135,0.13199426240012047,-0.02564596956938932,0.001354415867412489,-0.0283006246695178,-0.022991314469260844,0.06155555555555556,0.004101259135843387,0.05351708764930252,0.0695940234618086,-0.004199335718440009,0.0007730213809071213,-0.005714457625017967,-0.002684213811862051,0.016333333333333335,0.002403338364557478,0.011622790138800678,0.02104387652786599
unweighted_uniform,False,0.0,0.0,10,48,48,9,bias_blind_kg,1000,0.1476261613824071,0.0013323784678161332,0.1450146995854875,0.15023762317932673,0.36388888888888893,0.00426128979177137,0.355536760897017,0.37224101688076083,0.01976994247502013,5.2252713385644056e-05,0.019667527156784267,0.019872357793255992,0.9180833333333334,0.0007957228421430259,0.916523716562733,0.9196429501039337,48.0,0.0,48.0,48.0,0.0,0.0,0.0,0.0,48.0,0.0,48.0,48.0,0.0,0.0,0.0,0.0,0.13199567259663764,2.7542342449121206e-06,0.1319902742975176,0.13200107089575766,-0.02144663385094931,0.001313088626858454,-0.02402028755959188,-0.01887298014230674,0.045222222222222226,0.004071420557280116,0.037242237929953195,0.05320220651449126,0.0,0.0,0.0,0.0,0.0,0.0,0.0,0.0
unweighted_uniform,False,0.0,0.0,10,48,48,9,ordinary_kg,1000,0.1476261613824071,0.0013323784678161332,0.1450146995854875,0.15023762317932673,0.36388888888888893,0.00426128979177137,0.355536760897017,0.37224101688076083,0.019769942475020136,5.2252713385644076e-05,0.019667527156784274,0.019872357793256,0.9180833333333334,0.0007957228421430259,0.916523716562733,0.9196429501039337,48.0,0.0,48.0,48.0,0.0,0.0,0.0,0.0,48.0,0.0,48.0,48.0,0.0,0.0,0.0,0.0,0.13199567259663764,2.7542342449121206e-06,0.1319902742975176,0.13200107089575766,-0.02144663385094931,0.001313088626858454,-0.02402028755959188,-0.01887298014230674,0.045222222222222226,0.004071420557280116,0.037242237929953195,0.05320220651449126,0.0,0.0,0.0,0.0,0.0,0.0,0.0,0.0
unweighted_uniform,False,0.0,0.0,10,48,48,9,two_channel_uniform,1000,0.18274463827458753,0.0013987304293218237,0.18000312663311677,0.1854861499160583,0.28722222222222216,0.004136798370125871,0.27911409741677545,0.29533034702766886,0.02062240461334899,4.3490961450911654e-05,0.020537162328905203,0.020707646897792777,0.9179791666666667,0.0008026960634485704,0.9164058823823075,0.9195524509510259,48.0,0.0,48.0,48.0,0.8197916666666667,0.0016249443878816755,0.8166067756664186,0.8229765576669148,8.65,0.07799733061832041,8.497125231988093,8.802874768011907,3.935,0.007799733061832043,3.9197125231988093,3.950287476801191,0.1342259944789447,4.880222348284675e-06,0.13421642924314206,0.13423555971474735,0.01367184304123114,0.0012950928032098433,0.011133461146939846,0.016210224935522433,-0.03144444444444445,0.0038715887017629893,-0.03903275829989991,-0.02385613058898899,0.03511847689218045,0.0013750500739089855,0.03242337874731884,0.03781357503704206,-0.07666666666666667,0.004256247938115005,-0.08500891262537208,-0.06832442070796127
unweighted_uniform,False,0.0,0.0,10,48,48,9,balanced_mix,1000,0.17686175354290307,0.0013941647773184015,0.174129190579359,0.17959431650644714,0.3016666666666667,0.004171011341055327,0.2934914844381983,0.3098418488951351,0.020239944714790604,4.763287775536762e-05,0.020146584274390086,0.020333305155191123,0.9196875,0.0008206129480282301,0.9180790986218647,0.9212959013781353,48.0,0.0,48.0,48.0,0.43020833333333336,0.005366103904396508,0.4196907696807162,0.4407258969859505,27.35,0.2575729874110324,26.84515694467438,27.854843055325624,2.065,0.02575729874110324,2.0145156944674376,2.1154843055325623,0.13306572534155137,1.5818148048016087e-05,0.13303472177137726,0.13309672891172547,0.007788958309546668,0.0012861184376581716,0.005268166171736652,0.010309750447356684,-0.017,0.0038470604294736648,-0.024540238441768385,-0.009459761558231618,0.029235592160495982,0.0013673224548430354,0.026555640149003634,0.03191554417198833,-0.06222222222222222,0.004168973891291385,-0.07039341104915334,-0.054051033395291104
unweighted_uniform,False,0.0,0.0,10,48,48,9,validation_only,1000,0.18608826411861396,0.0013968998989134908,0.18335034031674352,0.1888261879204844,0.2787777777777778,0.0041325302420264255,0.270678018503406,0.2868775370521496,0.0208177767956144,4.0390106684333274e-05,0.020738612186513107,0.020896941404715694,0.9170208333333333,0.0008009838755673667,0.9154509049372213,0.9185907617294453,40.0,0.0,40.0,40.0,0.8333333333333335,3.512590202971636e-18,0.8333333333333335,0.8333333333333335,0.0,0.0,0.0,0.0,4.0,0.0,4.0,4.0,0.13483039681697906,4.398793216838146e-07,0.13482953465350855,0.13483125898044956,0.01701546888525752,0.0013490333524148696,0.014371363514524374,0.019659574255990662,-0.03988888888888889,0.004008356118238807,-0.047745266880636954,-0.03203251089714083,0.03846210273620683,0.0014004665755589629,0.035717188248111265,0.041207017224302395,-0.08511111111111111,0.004196810474208721,-0.09333685964056021,-0.07688536258166201
unweighted_uniform,False,0.0,0.0,10,48,48,9,two_channel_kg,1000,0.1476261613824071,0.0013323784678161332,0.1450146995854875,0.15023762317932673,0.36388888888888893,0.00426128979177137,0.355536760897017,0.37224101688076083,0.019769942475020136,5.2252713385644076e-05,0.019667527156784274,0.019872357793256,0.9180833333333334,0.0007957228421430259,0.916523716562733,0.9196429501039337,48.0,0.0,48.0,48.0,0.0,0.0,0.0,0.0,48.0,0.0,48.0,48.0,0.0,0.0,0.0,0.0,0.13199567259663764,2.7542342449121206e-06,0.1319902742975176,0.13200107089575766,-0.02144663385094931,0.001313088626858454,-0.02402028755959188,-0.01887298014230674,0.045222222222222226,0.004071420557280116,0.037242237929953195,0.05320220651449126,0.0,0.0,0.0,0.0,0.0,0.0,0.0,0.0
unweighted_uniform,False,0.0,0.0,10,144,48,9,uniform,1000,0.13972339509497755,0.0012998324304245446,0.13717572353134544,0.14227106665860967,0.3867777777777778,0.0042790360661986325,0.37839086708802844,0.3951646884675271,0.017900270010863934,6.219887296326571e-05,0.017778360219855932,0.018022179801871936,0.9253958333333333,0.0009050701913978344,0.9236218957581935,0.9271697709084731,144.0,0.0,144.0,144.0,0.0,0.0,0.0,0.0,144.0,0.0,144.0,144.0,0.0,0.0,0.0,0.0,0.125855582940867,2.3959386390081585e-06,0.12585088690113452,0.12586027898059945,0.0,0.0,0.0,0.0,0.0,0.0,0.0,0.0,0.027287619355800846,0.0012631877260107312,0.024811771412819813,0.02976346729878188,-0.07066666666666667,0.004367456882201529,-0.07922688215578166,-0.062106451177551675
unweighted_uniform,False,0.0,0.0,10,144,48,9,uniform_blind,1000,0.13972339509497755,0.0012998324304245446,0.13717572353134544,0.14227106665860967,0.3867777777777778,0.0042790360661986325,0.37839086708802844,0.3951646884675271,0.017900270010863927,6.219887296326571e-05,0.017778360219855925,0.01802217980187193,0.9253958333333333,0.0009050701913978344,0.9236218957581935,0.9271697709084731,144.0,0.0,144.0,144.0,0.0,0.0,0.0,0.0,144.0,0.0,144.0,144.0,0.0,0.0,0.0,0.0,0.125855582940867,2.3959386390081585e-06,0.12585088690113452,0.12586027898059945,0.0,0.0,0.0,0.0,0.0,0.0,0.0,0.0,0.027287619355800846,0.0012631877260107312,0.024811771412819813,0.02976346729878188,-0.07066666666666667,0.004367456882201529,-0.07922688215578166,-0.062106451177551675
unweighted_uniform,False,0.0,0.0,10,144,48,9,uncertainty,1000,0.13431859578937075,0.001329052695655557,0.13171365250588585,0.13692353907285565,0.40677777777777774,0.004388028943373599,0.3981772410487655,0.41537831450678997,0.017800604916058043,6.236739371275148e-05,0.01767836482438105,0.017922845007735035,0.9253541666666666,0.0008953385159488421,0.9235993031754068,0.9271090301579263,144.0,0.0,144.0,144.0,0.0,0.0,0.0,0.0,144.0,0.0,144.0,144.0,0.0,0.0,0.0,0.0,0.12567136304619234,0.0,0.12567136304619234,0.12567136304619234,-0.005404799305606773,0.0012190038223413497,-0.007794046797395818,-0.003015551813817727,0.020000000000000004,0.003907632349419857,0.012341040595137083,0.027658959404862925,0.021882820050194072,0.0012358753572425897,0.019460504349998596,0.024305135750389548,-0.05066666666666667,0.004253581685437056,-0.059003686770123305,-0.04232964656321004
unweighted_uniform,False,0.0,0.0,10,144,48,9,boundary,1000,0.10424151155330068,0.0011780762733902864,0.10193248205745571,0.10655054104914564,0.4855555555555555,0.004272476626695746,0.47718150136723186,0.49392960974387917,0.017752699518797196,6.377677107188929e-05,0.017627697047496293,0.0178777019900981,0.9245,0.0008937632245681625,0.9227482240798464,0.9262517759201536,144.0,0.0,144.0,144.0,0.0,0.0,0.0,0.0,144.0,0.0,144.0,144.0,0.0,0.0,0.0,0.0,0.126739469235305,8.991745700417338e-06,0.1267218454137322,0.1267570930568778,-0.03548188354167685,0.0012308427808653364,-0.037894335392172906,-0.03306943169118079,0.0987777777777778,0.004169387388886527,0.0906057784955602,0.1069497770599954,-0.008194264185876007,0.0007052440193692895,-0.009576542463839814,-0.0068119859079122,0.028111111111111114,0.0024632671330814967,0.02328310753027138,0.03293911469195085
unweighted_uniform,False,0.0,0.0,10,144,48,9,bias_blind_kg,1000,0.11243577573917668,0.0012276658667602018,0.11002955064032668,0.11484200083802668,0.45744444444444443,0.00444014779520992,0.448741754765833,0.46614713412305586,0.018020753141657592,6.379510242764493e-05,0.017895714740899408,0.018145791542415777,0.9213125,0.0008905118344522557,0.9195670968044736,0.9230579031955264,144.0,0.0,144.0,144.0,0.0,0.0,0.0,0.0,144.0,0.0,144.0,144.0,0.0,0.0,0.0,0.0,0.12690621361763652,1.0398598507958135e-05,0.1268858323645609,0.12692659487071212,-0.027287619355800846,0.0012631877260107312,-0.02976346729878188,-0.024811771412819813,0.07066666666666667,0.004367456882201529,0.062106451177551675,0.07922688215578166,0.0,0.0,0.0,0.0,0.0,0.0,0.0,0.0
unweighted_uniform,False,0.0,0.0,10,144,48,9,ordinary_kg,1000,0.11243577573917668,0.0012276658667602018,0.11002955064032668,0.11484200083802668,0.45744444444444443,0.00444014779520992,0.448741754765833,0.46614713412305586,0.0180207531416576,6.379510242764496e-05,0.017895714740899415,0.018145791542415784,0.9213125,0.0008905118344522557,0.9195670968044736,0.9230579031955264,144.0,0.0,144.0,144.0,0.0,0.0,0.0,0.0,144.0,0.0,144.0,144.0,0.0,0.0,0.0,0.0,0.12690621361763652,1.0398598507958135e-05,0.1268858323645609,0.12692659487071212,-0.027287619355800846,0.0012631877260107312,-0.02976346729878188,-0.024811771412819813,0.07066666666666667,0.004367456882201529,0.062106451177551675,0.07922688215578166,0.0,0.0,0.0,0.0,0.0,0.0,0.0,0.0
unweighted_uniform,False,0.0,0.0,10,144,48,9,two_channel_uniform,1000,0.1752570178396711,0.0013923441851856734,0.17252802323670718,0.177986012442635,0.3046666666666667,0.004137785569307055,0.29655660695082486,0.31277672638250853,0.020197051277918432,4.904823768445229e-05,0.020100916732056905,0.02029318582377996,0.9190625,0.0008496931733900022,0.9173971013801556,0.9207278986198444,144.0,0.0,144.0,144.0,0.8780555555555559,0.0011734869048951524,0.8757555212219614,0.8803555898891504,17.56,0.16898211430490195,17.22879505596239,17.891204944037607,12.644,0.0168982114304902,12.61087950559624,12.677120494403761,0.13301046847329265,1.0393999270033126e-05,0.13299009623472338,0.13303084071186191,0.03553362274469358,0.0015245260409637266,0.03254555170440467,0.038521693784982484,-0.08211111111111112,0.004849314300240381,-0.09161576713958226,-0.07260645508263998,0.06282124210049443,0.0015292687741002727,0.0598238753032579,0.06581860889773096,-0.15277777777777782,0.004959549172272589,-0.1624984941554321,-0.14305706140012353
unweighted_uniform,False,0.0,0.0,10,144,48,9,balanced_mix,1000,0.15818249082430452,0.001401582666727805,0.15543538879751803,0.160929592851091,0.3413333333333334,0.004343782763399799,0.33281951911706975,0.349847147549597,0.019151708525718774,5.969495119757416e-05,0.01903470642137153,0.019268710630066018,0.9216458333333333,0.000880850152262427,0.919919367034899,0.9233722996317676,144.0,0.0,144.0,144.0,0.4770833333333333,0.0030893640027595463,0.4710281798879246,0.483138486778742,75.3,0.4448684163973747,74.42805790386114,76.17194209613885,6.87,0.04448684163973747,6.7828057903861145,6.957194209613886,0.1296117941438971,2.5312394936599382e-05,0.12956218184982135,0.12966140643797283,0.01845909572932699,0.001399751947508437,0.015715581912210452,0.021202609546443527,-0.04544444444444444,0.004485020814667898,-0.05423508524119352,-0.03665380364769536,0.04574671508512783,0.0014162876780464287,0.04297079123615683,0.048522638934098826,-0.11611111111111112,0.004609029912789013,-0.12514480974017758,-0.10707741248204466
unweighted_uniform,False,0.0,0.0,10,144,48,9,validation_only,1000,0.18383555623723152,0.0014162842819590447,0.1810596390445918,0.18661147342987125,0.2846666666666666,0.004144828024470842,0.27654280373870377,0.2927905295946295,0.020590111211216545,4.3450705234154677e-05,0.020504947828957603,0.020675274593475488,0.9173541666666666,0.000815284343090106,0.91575620935421,0.9189521239791232,140.0,0.0,140.0,140.0,0.972222222222222,7.025180405943273e-18,0.972222222222222,0.972222222222222,0.0,0.0,0.0,0.0,14.0,0.0,14.0,14.0,0.13412623305802213,8.218328754208861e-07,0.1341246222655863,0.13412784385045795,0.04411216114225398,0.0016380879674744084,0.04090150872600414,0.047322813558503825,-0.10211111111111111,0.005106944620072582,-0.11212072256645338,-0.09210149965576885,0.07139978049805483,0.0015736220562624,0.06831548126778053,0.07448407972832913,-0.17277777777777784,0.005007409332408963,-0.1825923000692994,-0.16296325548625626
unweighted_uniform,False,0.0,0.0,10,144,48,9,two_channel_kg,1000,0.11243577573917668,0.0012276658667602018,0.11002955064032668,0.11484200083802668,0.45744444444444443,0.00444014779520992,0.448741754765833,0.46614713412305586,0.0180207531416576,6.379510242764496e-05,0.017895714740899415,0.018145791542415784,0.9213125,0.0008905118344522557,0.9195670968044736,0.9230579031955264,144.0,0.0,144.0,144.0,0.0,0.0,0.0,0.0,144.0,0.0,144.0,144.0,0.0,0.0,0.0,0.0,0.12690621361763652,1.0398598507958135e-05,0.1268858323645609,0.12692659487071212,-0.027287619355800846,0.0012631877260107312,-0.02976346729878188,-0.024811771412819813,0.07066666666666667,0.004367456882201529,0.062106451177551675,0.07922688215578166,0.0,0.0,0.0,0.0,0.0,0.0,0.0,0.0
unweighted_tilt_025,False,0.25,0.0,5,48,48,9,uniform,1000,0.19576912905792135,0.001410210817533907,0.19300511585555488,0.19853314226028781,0.26077777777777783,0.00411555759983595,0.2527112848820994,0.2688442706734563,0.021466116788194482,2.996402132541744e-05,0.021407387306396665,0.0215248462699923,0.9167083333333332,0.000765847430089743,0.9152072723703574,0.9182093942963091,48.0,0.0,48.0,48.0,0.0,0.0,0.0,0.0,48.0,0.0,48.0,48.0,0.0,0.0,0.0,0.0,0.13693090729656962,4.519876954675102e-07,0.1369300214006865,0.13693179319245274,0.0,0.0,0.0,0.0,0.0,0.0,0.0,0.0,0.016063360812089863,0.0011177295584659606,0.01387261087749658,0.018254110746683146,-0.02788888888888889,0.0032026798767533513,-0.03416614144732546,-0.021611636330452322
unweighted_tilt_025,False,0.25,0.0,5,48,48,9,uniform_blind,1000,0.20335820678532457,0.0014476918730960213,0.20052073071405638,0.20619568285659276,0.245,0.004146048791896004,0.23687374436788383,0.25312625563211616,0.024766799154377486,0.00010201024453579215,0.024566859075087332,0.02496673923366764,0.8894375,0.0011666456260913118,0.887150874572861,0.891724125427139,48.0,0.0,48.0,48.0,0.0,0.0,0.0,0.0,48.0,0.0,48.0,48.0,0.0,0.0,0.0,0.0,0.13246921545470125,1.1756157342493042e-06,0.1324669112478621,0.1324715196615404,0.0075890777274032215,0.000984771652326588,0.005658925288843109,0.009519230165963333,-0.01577777777777778,0.002745246051277534,-0.021158460038281746,-0.010397095517273813,0.023652438539493083,0.001259779361007839,0.02118327099191772,0.02612160608706845,-0.04366666666666667,0.003633894996717456,-0.05078910086023289,-0.03654423247310046
unweighted_tilt_025,False,0.25,0.0,5,48,48,9,uncertainty,1000,0.18908487183796802,0.0013960597631540199,0.18634859470218615,0.19182114897374988,0.27844444444444444,0.004117618479465559,0.2703739122246919,0.28651497666419695,0.021468057724294477,2.9907368860733773e-05,0.02140943928132744,0.021526676167261515,0.9170833333333333,0.0007479395565464589,0.9156173718025022,0.9185492948641643,48.0,0.0,48.0,48.0,0.0,0.0,0.0,0.0,48.0,0.0,48.0,48.0,0.0,0.0,0.0,0.0,0.1368680535928126,0.0,0.1368680535928126,0.1368680535928126,-0.006684257219953361,0.0010506912774715935,-0.008743612123797685,-0.0046249023161090376,0.017666666666666667,0.002948997367642645,0.011886631826087082,0.023446701507246252,0.009379103592136503,0.0010912630088594007,0.007240228094772077,0.011517979089500929,-0.010222222222222223,0.00291912854031673,-0.015943714161243013,-0.004500730283201432
unweighted_tilt_025,False,0.25,0.0,5,48,48,9,boundary,1000,0.1821559910220599,0.0013749728307380174,0.17946104427381337,0.18485093777030642,0.2907777777777778,0.004109126666214614,0.2827238895119972,0.29883166604355843,0.02138778372495878,2.9418176059368983e-05,0.021330124099882417,0.021445443350035145,0.9179583333333332,0.0007232982186421232,0.9165406688247947,0.9193759978418717,48.0,0.0,48.0,48.0,0.0,0.0,0.0,0.0,48.0,0.0,48.0,48.0,0.0,0.0,0.0,0.0,0.13713110739475437,9.598510336297976e-07,0.13712922608672845,0.1371329887027803,-0.013613138035861446,0.0010581936449825296,-0.015687197580027203,-0.011539078491695689,0.030000000000000002,0.0032240262037158134,0.023680908640717008,0.036319091359283,0.002450222776228416,0.0009400162490944951,0.0006077909280032055,0.004292654624453626,0.002111111111111111,0.002664847097307336,-0.003111989199611267,0.0073342114218334885
unweighted_tilt_025,False,0.25,0.0,5,48,48,9,bias_blind_kg,1000,0.19852250428326307,0.0013666748836818484,0.19584382151124666,0.20120118705527948,0.25033333333333335,0.004009700110847387,0.24247432111607248,0.2581923455505942,0.029066460652140566,0.00012816485780941237,0.028815257530834117,0.029317663773447016,0.8505208333333333,0.0012672550502743239,0.8480370134347957,0.8530046532318709,48.0,0.0,48.0,48.0,0.0,0.0,0.0,0.0,48.0,0.0,48.0,48.0,0.0,0.0,0.0,0.0,0.1327453236170723,1.949115579073324e-06,0.13274150335053733,0.13274914388360728,0.0027533752253416973,0.0011112979108768935,0.0005752313200229862,0.004931519130660408,-0.010444444444444445,0.003231805691067292,-0.016778783598936337,-0.0041101052899525535,0.018816736037431562,0.001110818053310268,0.016639532652943437,0.020993939421919686,-0.03833333333333333,0.00307265867854072,-0.04435574434327314,-0.03231092232339352
unweighted_tilt_025,False,0.25,0.0,5,48,48,9,ordinary_kg,1000,0.1797057682458315,0.0013850878787358722,0.1769909960035092,0.18242054048815382,0.2886666666666667,0.004198506236164112,0.280437594443785,0.29689573888954834,0.02134444624934816,2.9940133514115557e-05,0.021285763587660492,0.021403128911035827,0.9168958333333332,0.0007407248066667091,0.9154440127122665,0.9183476539544,48.0,0.0,48.0,48.0,0.0,0.0,0.0,0.0,48.0,0.0,48.0,48.0,0.0,0.0,0.0,0.0,0.1370259416835632,7.373127726167312e-07,0.13702449655052887,0.1370273868165975,-0.016063360812089863,0.0011177295584659606,-0.018254110746683146,-0.01387261087749658,0.02788888888888889,0.0032026798767533513,0.021611636330452322,0.03416614144732546,0.0,0.0,0.0,0.0,0.0,0.0,0.0,0.0
unweighted_tilt_025,False,0.25,0.0,5,48,48,9,two_channel_uniform,1000,0.1970108062916561,0.0013986240278531232,0.194269503197064,0.1997521093862482,0.25977777777777783,0.004068999174876956,0.251802539395019,0.26775301616053665,0.021373855175298134,3.238510578203183e-05,0.021310380367965353,0.021437329982630916,0.9160208333333334,0.0007256618902277622,0.914598536028487,0.9174431306381798,48.0,0.0,48.0,48.0,0.7916666666666666,0.0023397060123494635,0.7870808428824617,0.7962524904508715,10.0,0.11230588859277423,9.779880458358162,10.220119541641838,7.6,0.02246117771855484,7.555976091671632,7.644023908328367,0.13662794503760023,1.0116893432134192e-06,0.13662596212648753,0.13662992794871293,0.0012416772337347519,0.001190795198883559,-0.001092281356077024,0.0035756358235465276,-0.0009999999999999996,0.0034710351657912075,-0.007803228924950766,0.005803228924950768,0.017305038045824617,0.001372046121081251,0.014615827648505365,0.019994248443143868,-0.028888888888888895,0.003905734365490475,-0.036544128245250225,-0.021233649532527564
unweighted_tilt_025,False,0.25,0.0,5,48,48,9,balanced_mix,1000,0.19730274897018193,0.0014489208321469057,0.194462864139174,0.20014263380118988,0.2588888888888889,0.004064963879144089,0.25092155968576646,0.2668562180920113,0.021410030168216444,3.182372618988197e-05,0.021347655664884276,0.021472404671548612,0.91575,0.0007670004423515389,0.914246679132991,0.917253320867009,48.0,0.0,48.0,48.0,0.4684375,0.0039930773163875865,0.4606110684598803,0.4762639315401197,25.515,0.1916677111866042,25.139331286074256,25.890668713925745,4.497,0.038333542237320835,4.421866257214851,4.572133742785149,0.13673922172617223,1.6144127261521237e-06,0.13673605747722897,0.13674238597511548,0.0015336199122605709,0.001174820990804112,-0.0007690292297154885,0.00383626905423663,-0.0018888888888888885,0.003438469133722711,-0.008628288390985402,0.004850510613207624,0.017596980724350435,0.0012612419379183486,0.015124946526030473,0.020069014922670398,-0.029777777777777778,0.0035853219584706156,-0.036805008816380186,-0.02275054673917537
unweighted_tilt_025,False,0.25,0.0,5,48,48,9,validation_only,1000,0.19812870142147335,0.0014222689897639632,0.19534105420153597,0.20091634864141072,0.25911111111111107,0.003995474398306085,0.25127998129043116,0.266942240931791,0.02139278104481925,3.190123268709265e-05,0.021330254628752546,0.02145530746088595,0.9160833333333334,0.0007254154785399841,0.9146615189953949,0.9175051476712718,45.0,0.0,45.0,45.0,0.9375,0.0,0.9375,0.9375,0.0,0.0,0.0,0.0,9.0,0.0,9.0,9.0,0.13660997787682458,7.308756765788694e-07,0.1366085453604985,0.13661141039315067,0.0023595723635519883,0.0012775335456316666,-0.0001443933858860779,0.0048635381129900545,-0.001666666666666667,0.0036916303047768275,-0.008902262064029248,0.005568928730695915,0.01842293317564185,0.0013984334736164695,0.01568200356735357,0.02116386278393013,-0.029555555555555557,0.003941708757903057,-0.03728130472104555,-0.021829806390065567
unweighted_tilt_025,False,0.25,0.0,5,48,48,9,two_channel_kg,1000,0.18882356171226292,0.001424583980245249,0.18603137711098222,0.1916157463135436,0.27466666666666667,0.004263958470208501,0.26630930806505804,0.2830240252682753,0.02135180454538862,3.247131438602356e-05,0.021288160769192016,0.021415448321585227,0.9175833333333333,0.0007025502901882376,0.9162063347645644,0.9189603319021022,48.0,0.0,48.0,48.0,0.7794791666666667,0.002014716594085199,0.7755303221422597,0.7834280111910737,10.585,0.0967063965160895,10.395455462828465,10.774544537171536,7.483,0.0193412793032179,7.445091092565693,7.520908907434307,0.13661977183654372,1.028266443267087e-06,0.13661775643431492,0.13662178723877252,-0.006945567345658447,0.0012000756446928285,-0.00929771560925639,-0.004593419082060503,0.01388888888888889,0.00344325308309793,0.007140112846016947,0.02063766493176083,0.009117793466431415,0.0011641499786889961,0.006836059508200983,0.011399527424661847,-0.014,0.0032412750405635036,-0.020352899079504466,-0.0076471009204955335
unweighted_tilt_025,False,0.25,0.0,5,144,48,9,uniform,1000,0.18130985723680318,0.0014288597241322008,0.17850929217750405,0.1841104222961023,0.2895555555555556,0.00425169280481567,0.28122223765811694,0.2978888734529943,0.021349225716549156,3.241238348158957e-05,0.021285697444925242,0.02141275398817307,0.918,0.0007898392673769218,0.9164519150359413,0.9195480849640588,144.0,0.0,144.0,144.0,0.0,0.0,0.0,0.0,144.0,0.0,144.0,144.0,0.0,0.0,0.0,0.0,0.13657652155594058,4.921046744601805e-07,0.13657555703077864,0.1365774860811025,0.0,0.0,0.0,0.0,0.0,0.0,0.0,0.0,0.02432177625330207,0.0011571067364673211,0.02205384704982612,0.02658970545677802,-0.0488888888888889,0.003268376848757974,-0.05529490751245453,-0.04248287026532327
unweighted_tilt_025,False,0.25,0.0,5,144,48,9,uniform_blind,1000,0.1929082042191983,0.0013960995509114875,0.1901718490994118,0.1956445593389848,0.2623333333333333,0.004109680001731304,0.25427836052993996,0.27038830613672665,0.03324494682447325,0.00016719796667478151,0.03291723880979068,0.03357265483915582,0.8142083333333333,0.0016214348355471848,0.8110303210556609,0.8173863456110058,144.0,0.0,144.0,144.0,0.0,0.0,0.0,0.0,144.0,0.0,144.0,144.0,0.0,0.0,0.0,0.0,0.1269885901945997,1.995581125896702e-06,0.12698467885559295,0.12699250153360647,0.011598346982395136,0.0010932518854110459,0.009455573286989486,0.013741120677800787,-0.02722222222222222,0.003046403924821767,-0.033193173914872885,-0.021251270529571556,0.0359201232356972,0.0012895808163879852,0.03339254483557675,0.038447701635817656,-0.07611111111111112,0.0038344860842678807,-0.08362670383627616,-0.06859551838594607
unweighted_tilt_025,False,0.25,0.0,5,144,48,9,uncertainty,1000,0.17662031268721332,0.0014448965384097619,0.1737883154719302,0.17945230990249644,0.30844444444444447,0.004259040193986349,0.30009672566423123,0.3167921632246577,0.02136756771465567,3.198500532146656e-05,0.021304877104225593,0.021430258325085744,0.9214583333333333,0.0007983730658846827,0.9198935221241993,0.9230231445424673,144.0,0.0,144.0,144.0,0.0,0.0,0.0,0.0,144.0,0.0,144.0,144.0,0.0,0.0,0.0,0.0,0.13668013396260165,8.78147550742909e-19,0.13668013396260165,0.13668013396260165,-0.004689544549589844,0.001177488242485916,-0.006997421504862239,-0.002381667594317448,0.018888888888888893,0.003166007556965767,0.012683514077235988,0.025094263700541797,0.01963223170371222,0.0012185304878490578,0.017243911947528067,0.022020551459896374,-0.030000000000000002,0.0032772503718253294,-0.036423410728777646,-0.023576589271222356
unweighted_tilt_025,False,0.25,0.0,5,144,48,9,boundary,1000,0.1781898050691134,0.0013649614647728019,0.1755144805981587,0.1808651295400681,0.2975555555555555,0.004136112718008346,0.28944877462825913,0.3056623364828519,0.021350807662113638,2.9588096631331895e-05,0.02129281499271623,0.021408800331511046,0.9182083333333333,0.0007173778295952833,0.9168022727873265,0.9196143938793401,144.0,0.0,144.0,144.0,0.0,0.0,0.0,0.0,144.0,0.0,144.0,144.0,0.0,0.0,0.0,0.0,0.1371162703336648,1.1665920638785048e-06,0.1371139838132196,0.13711855685411,-0.003120052167689783,0.001218075985241633,-0.005507481098763384,-0.0007326232366161823,0.008,0.0035273601219500896,0.001086374160977825,0.014913625839022174,0.021201724085612283,0.0011802794270592389,0.018888376408576175,0.02351507176264839,-0.04088888888888889,0.003361898881954594,-0.047478210697519896,-0.03429956708025789
unweighted_tilt_025,False,0.25,0.0,5,144,48,9,bias_blind_kg,1000,0.18941490118358606,0.0013410106281161866,0.18678652035247834,0.19204328201469378,0.2625555555555556,0.0040499345514595254,0.2546176838346949,0.2704934272764163,0.04909528781006968,0.0002025454087460123,0.048698298808927495,0.04949227681121186,0.7521875,0.0012551291649661107,0.7497274468366665,0.7546475531633335,144.0,0.0,144.0,144.0,0.0,0.0,0.0,0.0,144.0,0.0,144.0,144.0,0.0,0.0,0.0,0.0,0.12909430821107779,4.9294739731815856e-06,0.12908464644209036,0.1291039699800652,0.008105043946782896,0.0013012874684257072,0.00555452050866851,0.010655567384897282,-0.027,0.0036869004882854055,-0.034226324957039395,-0.019773675042960605,0.032426820200084965,0.0012796403115948375,0.029918725189359084,0.034934915210810845,-0.07588888888888888,0.0036201980925483924,-0.08298447715028373,-0.06879330062749403
unweighted_tilt_025,False,0.25,0.0,5,144,48,9,ordinary_kg,1000,0.1569880809835011,0.001345962933049775,0.15434999363472354,0.15962616833227863,0.33844444444444444,0.004302430239724531,0.33001168117458435,0.3468772077143045,0.02116356186048663,3.1060226629378686e-05,0.021102683816293048,0.021224439904680214,0.9176041666666667,0.000734864411157677,0.9161638324207976,0.9190445009125358,144.0,0.0,144.0,144.0,0.0,0.0,0.0,0.0,144.0,0.0,144.0,144.0,0.0,0.0,0.0,0.0,0.13681004118649864,1.5300631497845224e-06,0.13680704226272505,0.13681304011027223,-0.02432177625330207,0.0011571067364673211,-0.02658970545677802,-0.02205384704982612,0.0488888888888889,0.003268376848757974,0.04248287026532327,0.05529490751245453,0.0,0.0,0.0,0.0,0.0,0.0,0.0,0.0
unweighted_tilt_025,False,0.25,0.0,5,144,48,9,two_channel_uniform,1000,0.18521340408474607,0.0013490907883569028,0.18256918613956655,0.1878576220299256,0.2853333333333334,0.004086606743456399,0.2773235841161588,0.29334308255050795,0.020937556243712088,3.809213047758764e-05,0.020862895667976018,0.02101221681944816,0.9177708333333332,0.0007613511742104183,0.9162785850318808,0.9192630816347857,144.0,0.0,144.0,144.0,0.8189930555555556,0.001304670043057439,0.816435902271163,0.8215502088399481,26.065,0.18787248620027117,25.69676992704747,26.433230072952533,23.587,0.03757449724005423,23.513353985409495,23.660646014590505,0.13534762594421612,1.9068785948353477e-06,0.13534388846217024,0.135351363426262,0.003903546847942898,0.001579728622001133,0.0008072787488206776,0.006999814947065119,-0.004222222222222222,0.004635206517561877,-0.013307226996643502,0.004862782552199058,0.02822532310124496,0.0015633260394416321,0.02516120406393936,0.03128944213855056,-0.053111111111111116,0.0047937425485671354,-0.0625068465063027,-0.04371537571591953
unweighted_tilt_025,False,0.25,0.0,5,144,48,9,balanced_mix,1000,0.1863211622752193,0.0013824272899851519,0.1836116047868484,0.1890307197635902,0.2825555555555556,0.0042913099709987294,0.2741445880123981,0.2909665230987131,0.021111032943860825,3.7300198014791615e-05,0.021037924555751833,0.021184141331969816,0.9181041666666667,0.0007866244760117149,0.9165623826936837,0.9196459506396497,144.0,0.0,144.0,144.0,0.49284722222222216,0.0022557648051223936,0.48842592320418227,0.49726852124026205,73.03,0.3248301319376246,72.39333294140226,73.66666705859774,14.194,0.06496602638752491,14.066666588280452,14.32133341171955,0.13577107261859558,3.4873028329200766e-06,0.13576423750504307,0.1357779077321481,0.005011305038416132,0.0013703766493983684,0.00232536680559533,0.007697243271236933,-0.006999999999999999,0.004134192586039252,-0.015103017468636933,0.0011030174686369344,0.0293330812917182,0.001376268983825089,0.026635594083421026,0.03203056850001537,-0.055888888888888884,0.004087536528087388,-0.06390046048394016,-0.0478773172938376
unweighted_tilt_025,False,0.25,0.0,5,144,48,9,validation_only,1000,0.1866303540437565,0.0014413052339558993,0.18380539578520294,0.18945531230231005,0.28344444444444444,0.004223455731869319,0.27516647120998056,0.29172241767890833,0.020945611401932542,3.9649534730802355e-05,0.02086789831386017,0.021023324490004915,0.9163958333333333,0.0007767848011297305,0.9148733351231191,0.9179183315435475,140.0,0.0,140.0,140.0,0.972222222222222,7.025180405943273e-18,0.972222222222222,0.972222222222222,0.0,0.0,0.0,0.0,28.0,0.0,28.0,28.0,0.1352311875080905,1.3113611670659742e-06,0.13522861724020305,0.13523375777597793,0.005320496806953333,0.0016966065031268354,0.001995148060824736,0.00864584555308193,-0.006111111111111111,0.004786595004661689,-0.015492837320248021,0.0032706150980257977,0.029642273060255398,0.0016682900769387893,0.026372424509455372,0.032912121611055424,-0.05500000000000001,0.004913989768364576,-0.06463141994599457,-0.04536858005400544
unweighted_tilt_025,False,0.25,0.0,5,144,48,9,two_channel_kg,1000,0.17554333220349322,0.0013670336399515782,0.17286394626918813,0.1782227181377983,0.3035555555555555,0.004224592348836416,0.2952753545518361,0.3118357565592749,0.020918231675166356,3.91625410350956e-05,0.020841473094737568,0.020994990255595144,0.917375,0.0007034093511397373,0.9159963176717661,0.918753682328234,144.0,0.0,144.0,144.0,0.9015972222222224,0.000806410722585218,0.9000166572059554,0.9031777872384894,14.17,0.11612314405227145,13.942398637657547,14.397601362342453,25.966,0.023224628810454288,25.92047972753151,26.01152027246849,0.13528804669189365,1.7222706089702698e-06,0.13528467104150008,0.13529142234228722,-0.005766525033309967,0.0014896142033081366,-0.008686168871793916,-0.00284688119482602,0.014,0.004192214340993781,0.00578325989165219,0.02221674010834781,0.0185552512199921,0.0014316161677964518,0.015749283531111054,0.021361218908873145,-0.034888888888888886,0.004128768065426267,-0.04298127429712437,-0.026796503480653402
unweighted_tilt_05,False,0.5,0.0,2,48,48,9,uniform,1000,0.1974324493439539,0.0014004705290936782,0.1946875271069303,0.2001773715809775,0.2567777777777778,0.0039869642007245125,0.24896332794435777,0.2645922276111979,0.02194301034496072,1.6934220776383782e-05,0.021909819272239006,0.02197620141768243,0.9105,0.0004898877320264199,0.9095398200452282,0.9114601799547718,48.0,0.0,48.0,48.0,0.0,0.0,0.0,0.0,48.0,0.0,48.0,48.0,0.0,0.0,0.0,0.0,0.13828752626669388,4.923641235925643e-08,0.13828742976332567,0.1382876227700621,0.0,0.0,0.0,0.0,0.0,0.0,0.0,0.0,0.01699175185859266,0.001145090897475667,0.014747373699540354,0.01923613001764497,-0.034666666666666665,0.0031139698005970035,-0.04077004747583679,-0.02856328585749654
unweighted_tilt_05,False,0.5,0.0,2,48,48,9,uniform_blind,1000,0.21662535696100926,0.0014721488709772954,0.21373994517389378,0.21951076874812475,0.21733333333333338,0.003999011234828978,0.20949527131306858,0.22517139535359817,0.03866943767100359,0.00019933036266043592,0.03827875016018913,0.03906012518181804,0.8040625,0.0015493201781885887,0.8010258324507504,0.8070991675492496,48.0,0.0,48.0,48.0,0.0,0.0,0.0,0.0,48.0,0.0,48.0,48.0,0.0,0.0,0.0,0.0,0.13347272069302135,6.171862528516104e-07,0.13347151100796575,0.13347393037807695,0.01919290761705538,0.00135282694087965,0.016541366812931266,0.021844448421179496,-0.03944444444444445,0.003627809326119486,-0.04655495072363864,-0.03233393816525026,0.03618465947564805,0.0014543352371162734,0.033334162410900155,0.039035156540395945,-0.07411111111111111,0.003946200504833766,-0.0818456641005853,-0.06637655812163692
unweighted_tilt_05,False,0.5,0.0,2,48,48,9,uncertainty,1000,0.19832154464244692,0.00143895257288622,0.19550119759958992,0.20114189168530391,0.26011111111111107,0.003940885682518427,0.25238697517337494,0.2678352470488472,0.02194876017491093,1.6823784332764123e-05,0.021915785557618712,0.02198173479220315,0.9096458333333333,0.0004894649604162206,0.9086864820109175,0.910605184655749,48.0,0.0,48.0,48.0,0.0,0.0,0.0,0.0,48.0,0.0,48.0,48.0,0.0,0.0,0.0,0.0,0.13830013488251375,8.78147550742909e-19,0.13830013488251375,0.13830013488251375,0.0008890952984930217,0.0011071383876047952,-0.0012808959412123767,0.0030590865381984198,0.003333333333333333,0.0030303889736146877,-0.0026062290549514547,0.009272895721618121,0.017880847157085683,0.0012294431693717195,0.015471138545117114,0.020290555769054253,-0.03133333333333334,0.0031920064151466,-0.037589665907020675,-0.025077000759646
unweighted_tilt_05,False,0.5,0.0,2,48,48,9,boundary,1000,0.18956900572526125,0.0014083614690335677,0.18680861724595546,0.19232939420456704,0.27444444444444444,0.003897340546758967,0.26680565697279685,0.282083231916092,0.021906207512983236,1.6657204554591442e-05,0.021873559392056235,0.021938855633910237,0.9124999999999999,0.000499380942538073,0.9115212133526253,0.9134787866473745,48.0,0.0,48.0,48.0,0.0,0.0,0.0,0.0,48.0,0.0,48.0,48.0,0.0,0.0,0.0,0.0,0.13831195184064257,9.247376096540658e-08,0.1383117705920711,0.13831213308921406,-0.007863443618692614,0.001067004782001275,-0.009954772991415114,-0.005772114245970115,0.017666666666666664,0.0029740346196633276,0.011837558812126541,0.023495774521206787,0.009128308239900048,0.0010270290515035742,0.007115331298953042,0.011141285180847053,-0.017,0.0027671155620016567,-0.02242354650152325,-0.011576453498476753
unweighted_tilt_05,False,0.5,0.0,2,48,48,9,bias_blind_kg,1000,0.20806986836935182,0.0014360291104644697,0.20525525131284145,0.2108844854258622,0.23588888888888893,0.003792513802046934,0.22845556183687693,0.24332221594090092,0.061831724670717875,0.0002658558560444916,0.061310647192870674,0.062352802148565076,0.7404791666666667,0.0012679021617869757,0.7379940784295642,0.7429642549037692,48.0,0.0,48.0,48.0,0.0,0.0,0.0,0.0,48.0,0.0,48.0,48.0,0.0,0.0,0.0,0.0,0.1336632050173304,8.720105293961346e-07,0.13366149587669277,0.13366491415796802,0.01063741902539794,0.0011582131781606702,0.008367321196203027,0.012907516854592852,-0.02088888888888889,0.0030457568286635602,-0.026858572273069467,-0.014919205504708313,0.0276291708839906,0.001220885826987647,0.02523623466309481,0.03002210710488639,-0.05555555555555556,0.0032257506406401988,-0.06187802681121035,-0.04923308429990077
unweighted_tilt_05,False,0.5,0.0,2,48,48,9,ordinary_kg,1000,0.18044069748536123,0.001417161099053558,0.17766306173121627,0.1832183332395062,0.29144444444444445,0.004115977964948461,0.2833771276331455,0.2995117612557434,0.021866625857029084,1.673975106195471e-05,0.02183381594494765,0.021899435769110517,0.9125416666666665,0.0004900703913040215,0.9115811286997106,0.9135022046336223,48.0,0.0,48.0,48.0,0.0,0.0,0.0,0.0,48.0,0.0,48.0,48.0,0.0,0.0,0.0,0.0,0.13829894671340004,7.740234226148658e-08,0.1382987950048092,0.13829909842199087,-0.01699175185859266,0.001145090897475667,-0.01923613001764497,-0.014747373699540354,0.034666666666666665,0.0031139698005970035,0.02856328585749654,0.04077004747583679,0.0,0.0,0.0,0.0,0.0,0.0,0.0,0.0
unweighted_tilt_05,False,0.5,0.0,2,48,48,9,two_channel_uniform,1000,0.19266603696326026,0.0013644085154020345,0.18999179627307228,0.19534027765344825,0.2658888888888889,0.003950019244858283,0.2581468511689667,0.2736309266088111,0.02153767730744303,2.8909667323018113e-05,0.021481014359489917,0.021594340255396145,0.9142291666666666,0.0006374616162352711,0.9129797418988456,0.9154785914344877,48.0,0.0,48.0,48.0,0.6553333333333332,0.00247541577089473,0.6504815184223796,0.6601851482442869,16.544,0.11881995700294704,16.311112884274223,16.776887115725778,15.728,0.05940997850147352,15.611556442137111,15.844443557862888,0.13712282241360207,4.421479619124705e-06,0.1371141563135486,0.13713148851365556,-0.004766412380693637,0.0014292584923716236,-0.007567759025742018,-0.0019650657356452546,0.009111111111111111,0.004086455538967527,0.0011016582547347595,0.017120563967487464,0.012225339477899026,0.001540007432054338,0.009206924911072523,0.015243754044725529,-0.025555555555555554,0.004349872472421324,-0.03408130560150135,-0.01702980550960976
unweighted_tilt_05,False,0.5,0.0,2,48,48,9,balanced_mix,1000,0.19383020386978791,0.001392917904710952,0.19110008477655444,0.1965603229630214,0.26266666666666666,0.003948381082160141,0.25492783974563277,0.27040549358770055,0.021637287657121283,2.5872794777961565e-05,0.021586576979356478,0.021687998334886088,0.9129791666666668,0.0006217141268612704,0.9117606069780188,0.9141977263553148,48.0,0.0,48.0,48.0,0.494625,0.002978356086833806,0.48878742206980574,0.5004625779301942,24.258,0.14296109216802266,23.977796259350676,24.538203740649323,11.871,0.07148054608401133,11.730898129675339,12.011101870324662,0.13740388192507458,5.36125479071469e-06,0.1373933738656848,0.13741438998446437,-0.0036022454741659635,0.001376334071052268,-0.0062998602534284085,-0.0009046306949035184,0.00588888888888889,0.003889549811165298,-0.0017346287409950945,0.013512406518772873,0.0133895063844267,0.0014238815424786292,0.010598698561168586,0.01618031420768481,-0.028777777777777777,0.003989505071887972,-0.0365972077186782,-0.020958347836877354
unweighted_tilt_05,False,0.5,0.0,2,48,48,9,validation_only,1000,0.19193979728481697,0.0014289113805270519,0.18913913097898394,0.19474046359065,0.27044444444444443,0.004059707127700649,0.26248741847415114,0.27840147041473773,0.02138218624777421,3.330621917540086e-05,0.02131690605819042,0.021447466437357995,0.9145416666666667,0.0006765705271690374,0.9132155884334154,0.915867744899918,48.0,0.0,48.0,48.0,1.0,0.0,1.0,1.0,0.0,0.0,0.0,0.0,24.0,0.0,24.0,24.0,0.1365230277360526,1.269628281699875e-06,0.13652053926462046,0.13652551620748474,-0.005492652059136924,0.0016642877693851111,-0.008754656087131742,-0.0022306480311421067,0.013666666666666667,0.00464494763172465,0.0045625693084863535,0.02277076402484698,0.011499099799455735,0.0016565060772636107,0.008252347888019058,0.014745851710892412,-0.021,0.004644160047148589,-0.030102553692411237,-0.011897446307588766
unweighted_tilt_05,False,0.5,0.0,2,48,48,9,two_channel_kg,1000,0.18837066184838058,0.001429847068191435,0.18556816159472536,0.1911731621020358,0.26911111111111113,0.0041085326497864805,0.26105838711752966,0.2771638351046926,0.02141568315653862,3.245299570843182e-05,0.021352075284950093,0.021479291028127147,0.9103958333333333,0.0005926371911786717,0.9092342644386231,0.9115574022280435,48.0,0.0,48.0,48.0,1.0,0.0,1.0,1.0,0.0,0.0,0.0,0.0,24.0,0.0,24.0,24.0,0.13649897456123647,1.2738254542650654e-06,0.13649647786334612,0.13650147125912682,-0.009061787495573277,0.0015291932338046732,-0.012059006233830437,-0.006064568757316117,0.012333333333333333,0.00426028044800674,0.003983183655240122,0.020683483011426543,0.007929964363019383,0.0015211002950386813,0.004948607784743568,0.010911320941295198,-0.022333333333333337,0.004088455521951379,-0.03034670615635804,-0.014319960510308634
unweighted_tilt_05,False,0.5,0.0,2,144,48,9,uniform,1000,0.18478164678965237,0.0014375611490845806,0.1819640269374466,0.18759926664185814,0.28411111111111115,0.004181332954174868,0.2759156985209284,0.2923065237012939,0.02193076731405234,1.740910861695823e-05,0.021896645461163104,0.021964889166941576,0.9095208333333332,0.0004903163417387662,0.9085598133035252,0.9104818533631412,144.0,0.0,144.0,144.0,0.0,0.0,0.0,0.0,144.0,0.0,144.0,144.0,0.0,0.0,0.0,0.0,0.13825604821902368,4.781815717888991e-08,0.13825595449543562,0.13825614194261174,0.0,0.0,0.0,0.0,0.0,0.0,0.0,0.0,0.023325298059443923,0.0011090769792659269,0.021151507180082706,0.02549908893880514,-0.04777777777777779,0.0031854645220529914,-0.05402128824100165,-0.041534267314553924
unweighted_tilt_05,False,0.5,0.0,2,144,48,9,uniform_blind,1000,0.21027689964780652,0.0014807159895678659,0.2073746963082535,0.21317910298735954,0.23388888888888892,0.00412962252236678,0.22579482874505002,0.24198294903272782,0.07768578681460411,0.00039396854886848513,0.07691360845882188,0.07845796517038635,0.611125,0.002056724889246937,0.6070938192170761,0.615156180782924,144.0,0.0,144.0,144.0,0.0,0.0,0.0,0.0,144.0,0.0,144.0,144.0,0.0,0.0,0.0,0.0,0.12875551282431597,1.2152259811351025e-06,0.12875313098139293,0.128757894667239,0.02549525285815417,0.001390980373034348,0.022768931327006848,0.02822157438930149,-0.05022222222222223,0.003779171071258576,-0.05762939752188904,-0.04281504692255542,0.048820550917598085,0.0014588374245072227,0.04596122956556393,0.05167987226963224,-0.098,0.004120786589558429,-0.10607674171553452,-0.08992325828446548
unweighted_tilt_05,False,0.5,0.0,2,144,48,9,uncertainty,1000,0.19670557123797316,0.0014261064900156744,0.19391040251754244,0.1995007399584039,0.2608888888888889,0.004031071009558302,0.2529879897101546,0.26878978806762316,0.02194571724588688,1.7009657900406733e-05,0.021912378316402085,0.021979056175371676,0.9096458333333333,0.0004894649604162206,0.9086864820109175,0.910605184655749,144.0,0.0,144.0,144.0,0.0,0.0,0.0,0.0,144.0,0.0,144.0,144.0,0.0,0.0,0.0,0.0,0.13829492051163975,0.0,0.13829492051163975,0.13829492051163975,0.011923924448320822,0.0012430128280256304,0.009487619305390587,0.014360229591251057,-0.02322222222222222,0.00339617296098187,-0.029878721225746686,-0.016565723218697755,0.035249222507764744,0.001275739507551737,0.03274877307296334,0.03774967194256615,-0.07100000000000001,0.0035585138816277076,-0.07797468720799032,-0.0640253127920097
unweighted_tilt_05,False,0.5,0.0,2,144,48,9,boundary,1000,0.18847355741221522,0.001425353751879196,0.18567986405853198,0.19126725076589846,0.27877777777777785,0.003945899856970117,0.2710438140581164,0.2865117414974393,0.021901282618193327,1.6708511668676633e-05,0.02186853393532272,0.021934031301063934,0.9127916666666666,0.0004973776606514333,0.9118168064517898,0.9137665268815434,144.0,0.0,144.0,144.0,0.0,0.0,0.0,0.0,144.0,0.0,144.0,144.0,0.0,0.0,0.0,0.0,0.13831140711843237,1.0016794852172229e-07,0.13831121078925326,0.13831160344761148,0.003691910622562859,0.0011958005687512244,0.0013481415078104592,0.006035679737315259,-0.005333333333333333,0.0032442704453885447,-0.01169210340629488,0.001025436739628214,0.027017208682006782,0.0012216694347205088,0.024622736589954584,0.02941168077405898,-0.053111111111111116,0.0033782902397084154,-0.05973255998093961,-0.04648966224128262
unweighted_tilt_05,False,0.5,0.0,2,144,48,9,bias_blind_kg,1000,0.20080690339333435,0.0014405938970333805,0.19798333935514892,0.20363046743151977,0.24844444444444447,0.003911905764510965,0.24077710914600298,0.25611177974288596,0.17583156715564827,0.00048588866508828855,0.17487922537207523,0.1767839089392213,0.7141666666666667,0.0008837360028062618,0.7124345441011665,0.715898789232167,144.0,0.0,144.0,144.0,0.0,0.0,0.0,0.0,144.0,0.0,144.0,144.0,0.0,0.0,0.0,0.0,0.13031530435527805,1.7484068848308786e-06,0.13031187747778378,0.13031873123277232,0.016025256603681995,0.0013379861946714892,0.013402803662125876,0.018647709545238113,-0.03566666666666667,0.003632888229664507,-0.04278712759680911,-0.02854620573652424,0.03935055466312592,0.0013500469055353949,0.03670446272827654,0.04199664659797529,-0.08344444444444446,0.0037943511704253484,-0.09088137273847814,-0.07600751615041078
unweighted_tilt_05,False,0.5,0.0,2,144,48,9,ordinary_kg,1000,0.16145634873020845,0.001349882044459524,0.15881057992306777,0.16410211753734913,0.3318888888888889,0.004240148039704331,0.3235781987310684,0.3401995790467094,0.02183031266204866,1.6841742499587923e-05,0.021797302846749467,0.021863322477347853,0.913375,0.0004812317680391905,0.9124317857346432,0.9143182142653569,144.0,0.0,144.0,144.0,0.0,0.0,0.0,0.0,144.0,0.0,144.0,144.0,0.0,0.0,0.0,0.0,0.13828531175025985,1.2646976896969483e-07,0.13828506386951267,0.13828555963100703,-0.023325298059443923,0.0011090769792659269,-0.02549908893880514,-0.021151507180082706,0.04777777777777779,0.0031854645220529914,0.041534267314553924,0.05402128824100165,0.0,0.0,0.0,0.0,0.0,0.0,0.0,0.0
unweighted_tilt_05,False,0.5,0.0,2,144,48,9,two_channel_uniform,1000,0.17798204690053843,0.0013887103272655556,0.17526017465909793,0.18070391914197892,0.2981111111111111,0.004233847975371234,0.28981276907938347,0.30640945314283874,0.02072382942509,4.278654562544115e-05,0.020639967795664137,0.020807691054515864,0.9176666666666666,0.0007919794177027149,0.9161143870079693,0.9192189463253639,144.0,0.0,144.0,144.0,0.6647361111111111,0.0014346858759882914,0.661924126794174,0.6675480954280482,48.278,0.20659476614231398,47.873074258361065,48.68292574163893,47.861,0.10329738307115699,47.65853712918053,48.063462870819464,0.13476932979934253,7.4314862592491574e-06,0.1347547640862744,0.13478389551241066,-0.006799599889113965,0.0018736483000116285,-0.010471950557136756,-0.003127249221091173,0.014,0.005459772683888501,0.003298845539578538,0.02470115446042146,0.016525698170329957,0.0018100740081538954,0.012977953114348323,0.02007344322631159,-0.03377777777777779,0.0054410215793486835,-0.04444218007330121,-0.023113375482254367
unweighted_tilt_05,False,0.5,0.0,2,144,48,9,balanced_mix,1000,0.18104704185722684,0.0013709332917108577,0.17836001260547354,0.18373407110898013,0.29144444444444445,0.004142911931821673,0.28332433705807397,0.29956455183081493,0.02102280229116827,3.71233159095333e-05,0.020950040591985585,0.021095563990350955,0.9143333333333332,0.0007385446675752127,0.9128857857848858,0.9157808808817807,144.0,0.0,144.0,144.0,0.4982361111111111,0.0016591928573596324,0.4949840931106862,0.501488129111536,72.254,0.2389237714597871,71.78570940793882,72.72229059206119,35.873,0.11946188572989355,35.63885470396941,36.10714529603059,0.13561319066189273,8.648742371657323e-06,0.1355962391268443,0.13563014219694117,-0.0037346049324255156,0.0017800197084917775,-0.007223443561069399,-0.0002457663037816319,0.007333333333333332,0.005227961217537131,-0.002913470653039445,0.01758013731970611,0.019590693127018406,0.0017029372499012265,0.016252936117212003,0.022928450136824808,-0.04044444444444444,0.005194595588638478,-0.05062585179817586,-0.030263037090713027
unweighted_tilt_05,False,0.5,0.0,2,144,48,9,validation_only,1000,0.17183713141365925,0.0013897108104362812,0.16911329822520413,0.17456096460211437,0.313,0.0043447712864267685,0.30448424827860354,0.32151575172139646,0.02025404574649834,4.819474451285812e-05,0.02015958404725314,0.02034850744574354,0.9188541666666667,0.0008373835404596401,0.9172128949273659,0.9204954384059676,144.0,0.0,144.0,144.0,1.0,0.0,1.0,1.0,0.0,0.0,0.0,0.0,72.0,0.0,72.0,72.0,0.13311978346507902,2.092309990638052e-06,0.13311568253749737,0.13312388439266068,-0.012944515375993107,0.0019178501717087523,-0.01670350171254226,-0.009185529039443953,0.028888888888888888,0.005783233651728316,0.01755375093150139,0.040224026846276385,0.010380782683450817,0.001841426984736519,0.006771585793367239,0.013989979573534393,-0.018888888888888886,0.0057346292288294656,-0.030128762177394637,-0.007649015600383134
unweighted_tilt_05,False,0.5,0.0,2,144,48,9,two_channel_kg,1000,0.1625799481737177,0.0013163972282934145,0.15999980960626262,0.1651600867411728,0.33022222222222225,0.004234876750824624,0.321921863790606,0.3385225806538385,0.020302517718240865,4.670553888625771e-05,0.0202109748620238,0.02039406057445793,0.9148541666666666,0.0007775115620299169,0.913330244005088,0.9163780893282453,144.0,0.0,144.0,144.0,1.0,0.0,1.0,1.0,0.0,0.0,0.0,0.0,72.0,0.0,72.0,72.0,0.13325494102393168,4.679979247882448e-06,0.13324576826460582,0.13326411378325753,-0.022201698615934653,0.0016610235574986488,-0.025457304788632003,-0.018946092443237302,0.04611111111111112,0.00493005865257443,0.03644819615206524,0.055774026070156996,0.0011235994435092706,0.0015928304929131122,-0.0019983483226004295,0.00424554720961897,-0.0016666666666666668,0.0048669884389994445,-0.011205964007105579,0.007872630673772245
unweighted_tilt_05,False,0.5,0.0,5,48,48,9,uniform,1000,0.1974324493439539,0.0014004705290936782,0.1946875271069303,0.2001773715809775,0.2567777777777778,0.0039869642007245125,0.24896332794435777,0.2645922276111979,0.02194301034496072,1.6934220776383782e-05,0.021909819272239006,0.02197620141768243,0.9105,0.0004898877320264199,0.9095398200452282,0.9114601799547718,48.0,0.0,48.0,48.0,0.0,0.0,0.0,0.0,48.0,0.0,48.0,48.0,0.0,0.0,0.0,0.0,0.13828752626669388,4.923641235925643e-08,0.13828742976332567,0.1382876227700621,0.0,0.0,0.0,0.0,0.0,0.0,0.0,0.0,0.01699175185859266,0.001145090897475667,0.014747373699540354,0.01923613001764497,-0.034666666666666665,0.0031139698005970035,-0.04077004747583679,-0.02856328585749654
unweighted_tilt_05,False,0.5,0.0,5,48,48,9,uniform_blind,1000,0.21662535696100926,0.0014721488709772954,0.21373994517389378,0.21951076874812475,0.21733333333333338,0.003999011234828978,0.20949527131306858,0.22517139535359817,0.03866943767100359,0.00019933036266043592,0.03827875016018913,0.03906012518181804,0.8040625,0.0015493201781885887,0.8010258324507504,0.8070991675492496,48.0,0.0,48.0,48.0,0.0,0.0,0.0,0.0,48.0,0.0,48.0,48.0,0.0,0.0,0.0,0.0,0.13347272069302135,6.171862528516104e-07,0.13347151100796575,0.13347393037807695,0.01919290761705538,0.00135282694087965,0.016541366812931266,0.021844448421179496,-0.03944444444444445,0.003627809326119486,-0.04655495072363864,-0.03233393816525026,0.03618465947564805,0.0014543352371162734,0.033334162410900155,0.039035156540395945,-0.07411111111111111,0.003946200504833766,-0.0818456641005853,-0.06637655812163692
unweighted_tilt_05,False,0.5,0.0,5,48,48,9,uncertainty,1000,0.19832154464244692,0.00143895257288622,0.19550119759958992,0.20114189168530391,0.26011111111111107,0.003940885682518427,0.25238697517337494,0.2678352470488472,0.02194876017491093,1.6823784332764123e-05,0.021915785557618712,0.02198173479220315,0.9096458333333333,0.0004894649604162206,0.9086864820109175,0.910605184655749,48.0,0.0,48.0,48.0,0.0,0.0,0.0,0.0,48.0,0.0,48.0,48.0,0.0,0.0,0.0,0.0,0.13830013488251375,8.78147550742909e-19,0.13830013488251375,0.13830013488251375,0.0008890952984930217,0.0011071383876047952,-0.0012808959412123767,0.0030590865381984198,0.003333333333333333,0.0030303889736146877,-0.0026062290549514547,0.009272895721618121,0.017880847157085683,0.0012294431693717195,0.015471138545117114,0.020290555769054253,-0.03133333333333334,0.0031920064151466,-0.037589665907020675,-0.025077000759646
unweighted_tilt_05,False,0.5,0.0,5,48,48,9,boundary,1000,0.18956900572526125,0.0014083614690335677,0.18680861724595546,0.19232939420456704,0.27444444444444444,0.003897340546758967,0.26680565697279685,0.282083231916092,0.021906207512983236,1.6657204554591442e-05,0.021873559392056235,0.021938855633910237,0.9124999999999999,0.000499380942538073,0.9115212133526253,0.9134787866473745,48.0,0.0,48.0,48.0,0.0,0.0,0.0,0.0,48.0,0.0,48.0,48.0,0.0,0.0,0.0,0.0,0.13831195184064257,9.247376096540658e-08,0.1383117705920711,0.13831213308921406,-0.007863443618692614,0.001067004782001275,-0.009954772991415114,-0.005772114245970115,0.017666666666666664,0.0029740346196633276,0.011837558812126541,0.023495774521206787,0.009128308239900048,0.0010270290515035742,0.007115331298953042,0.011141285180847053,-0.017,0.0027671155620016567,-0.02242354650152325,-0.011576453498476753
unweighted_tilt_05,False,0.5,0.0,5,48,48,9,bias_blind_kg,1000,0.20806986836935182,0.0014360291104644697,0.20525525131284145,0.2108844854258622,0.23588888888888893,0.003792513802046934,0.22845556183687693,0.24332221594090092,0.061831724670717875,0.0002658558560444916,0.061310647192870674,0.062352802148565076,0.7404791666666667,0.0012679021617869757,0.7379940784295642,0.7429642549037692,48.0,0.0,48.0,48.0,0.0,0.0,0.0,0.0,48.0,0.0,48.0,48.0,0.0,0.0,0.0,0.0,0.1336632050173304,8.720105293961346e-07,0.13366149587669277,0.13366491415796802,0.01063741902539794,0.0011582131781606702,0.008367321196203027,0.012907516854592852,-0.02088888888888889,0.0030457568286635602,-0.026858572273069467,-0.014919205504708313,0.0276291708839906,0.001220885826987647,0.02523623466309481,0.03002210710488639,-0.05555555555555556,0.0032257506406401988,-0.06187802681121035,-0.04923308429990077
unweighted_tilt_05,False,0.5,0.0,5,48,48,9,ordinary_kg,1000,0.18044069748536123,0.001417161099053558,0.17766306173121627,0.1832183332395062,0.29144444444444445,0.004115977964948461,0.2833771276331455,0.2995117612557434,0.021866625857029084,1.673975106195471e-05,0.02183381594494765,0.021899435769110517,0.9125416666666665,0.0004900703913040215,0.9115811286997106,0.9135022046336223,48.0,0.0,48.0,48.0,0.0,0.0,0.0,0.0,48.0,0.0,48.0,48.0,0.0,0.0,0.0,0.0,0.13829894671340004,7.740234226148658e-08,0.1382987950048092,0.13829909842199087,-0.01699175185859266,0.001145090897475667,-0.01923613001764497,-0.014747373699540354,0.034666666666666665,0.0031139698005970035,0.02856328585749654,0.04077004747583679,0.0,0.0,0.0,0.0,0.0,0.0,0.0,0.0
unweighted_tilt_05,False,0.5,0.0,5,48,48,9,two_channel_uniform,1000,0.19730104069474,0.001415585678166929,0.19452649276553283,0.20007558862394717,0.2571111111111111,0.003957603515835248,0.24935420822007404,0.2648680140021482,0.021735758226951105,2.3140729848142272e-05,0.021690402396448746,0.021781114057453463,0.9126875,0.0005649077535984356,0.9115802808029471,0.9137947191970529,48.0,0.0,48.0,48.0,0.793125,0.0023605130108627303,0.7884983944987091,0.7977516055012909,9.93,0.11330462452141105,9.707922935938035,10.152077064061965,7.614,0.022660924904282207,7.569584587187607,7.658415412812393,0.1377358814124245,1.757861431605266e-06,0.13773243600401855,0.13773932682083043,-0.0001314086492138703,0.001248910807522942,-0.0025792738319588364,0.002316456533531096,0.00033333333333333283,0.003534666071159336,-0.006594612166138965,0.007261278832805631,0.01686034320937879,0.0013530148299667536,0.014208434142643951,0.019512252276113626,-0.034333333333333334,0.0037427356035650253,-0.04166909511632078,-0.026997571550345885
unweighted_tilt_05,False,0.5,0.0,5,48,48,9,balanced_mix,1000,0.1984508251737104,0.0014201854243600764,0.19566726174196467,0.20123438860545614,0.25722222222222224,0.003983081597593397,0.24941538229093918,0.2650290621535053,0.021823290260788594,2.0541321913830606e-05,0.021783029269837485,0.021863551251739704,0.912125,0.0005477095486099608,0.9110514892847245,0.9131985107152755,48.0,0.0,48.0,48.0,0.475625,0.003921236613964249,0.46793937623663007,0.48331062376337,25.17,0.18821935747028393,24.801090059358245,25.53890994064176,4.566,0.037643871494056784,4.492218011871649,4.639781988128351,0.1379538187018554,2.787690878288775e-06,0.13794835482773396,0.13795928257597687,0.0010183758297565013,0.0011893675713723004,-0.0013127846101332072,0.00334953626964621,0.0004444444444444442,0.003320116160538305,-0.006062983230210634,0.006951872119099522,0.018010127688349163,0.0012549551693889216,0.015550415556346876,0.02046983982035145,-0.03422222222222223,0.0035314218207229717,-0.041143808990839255,-0.027300635453605206
unweighted_tilt_05,False,0.5,0.0,5,48,48,9,validation_only,1000,0.19949879936381643,0.001435656707183778,0.1966849122177362,0.20231268650989664,0.2531111111111111,0.004030795087502278,0.24521075273960666,0.2610114694826156,0.021731691433652316,2.4675678018296452e-05,0.021683327104736454,0.02178005576256818,0.9124583333333334,0.0005818343746917209,0.9113179379589376,0.9135987287077292,45.0,0.0,45.0,45.0,0.9375,0.0,0.9375,0.9375,0.0,0.0,0.0,0.0,9.0,0.0,9.0,9.0,0.1376391366446557,7.74696418400115e-07,0.13763761823967566,0.13764065504963577,0.0020663500198625606,0.001348464127706034,-0.0005766396704412662,0.004709339710166387,-0.003666666666666667,0.003710222824538806,-0.010938703402762727,0.003605370069429393,0.019058101878455223,0.0014224274796336765,0.016270144018373216,0.02184605973853723,-0.03833333333333333,0.003924003722299461,-0.046024380629040275,-0.030642286037626386
unweighted_tilt_05,False,0.5,0.0,5,48,48,9,two_channel_kg,1000,0.19411257529833598,0.001394961688831383,0.19137845038822646,0.1968467002084455,0.2592222222222223,0.003936794406881557,0.25150610518473443,0.26693833925971017,0.02173759828975849,2.358087817999751e-05,0.021691379768525695,0.021783816810991282,0.91125,0.000560228098357138,0.9101519529272201,0.9123480470727799,48.0,0.0,48.0,48.0,0.9375,0.0,0.9375,0.9375,3.0,0.0,3.0,3.0,9.0,0.0,9.0,9.0,0.13760539958417062,7.448818414952576e-07,0.13760393961576128,0.13760685955257995,-0.0033198740456179205,0.0012525486966705243,-0.005774869491092148,-0.0008648786001436929,0.0024444444444444453,0.0034435061024321364,-0.004304827516322542,0.009193716405211431,0.01367187781297474,0.001274419526729047,0.011174015540585808,0.016169740085363673,-0.03222222222222223,0.003312506769224463,-0.038714735489902175,-0.025729708954542282
unweighted_tilt_05,False,0.5,0.0,5,144,48,9,uniform,1000,0.18478164678965237,0.0014375611490845806,0.1819640269374466,0.18759926664185814,0.28411111111111115,0.004181332954174868,0.2759156985209284,0.2923065237012939,0.02193076731405234,1.740910861695823e-05,0.021896645461163104,0.021964889166941576,0.9095208333333332,0.0004903163417387662,0.9085598133035252,0.9104818533631412,144.0,0.0,144.0,144.0,0.0,0.0,0.0,0.0,144.0,0.0,144.0,144.0,0.0,0.0,0.0,0.0,0.13825604821902368,4.781815717888991e-08,0.13825595449543562,0.13825614194261174,0.0,0.0,0.0,0.0,0.0,0.0,0.0,0.0,0.023325298059443923,0.0011090769792659269,0.021151507180082706,0.02549908893880514,-0.04777777777777779,0.0031854645220529914,-0.05402128824100165,-0.041534267314553924
unweighted_tilt_05,False,0.5,0.0,5,144,48,9,uniform_blind,1000,0.21027689964780652,0.0014807159895678659,0.2073746963082535,0.21317910298735954,0.23388888888888892,0.00412962252236678,0.22579482874505002,0.24198294903272782,0.07768578681460411,0.00039396854886848513,0.07691360845882188,0.07845796517038635,0.611125,0.002056724889246937,0.6070938192170761,0.615156180782924,144.0,0.0,144.0,144.0,0.0,0.0,0.0,0.0,144.0,0.0,144.0,144.0,0.0,0.0,0.0,0.0,0.12875551282431597,1.2152259811351025e-06,0.12875313098139293,0.128757894667239,0.02549525285815417,0.001390980373034348,0.022768931327006848,0.02822157438930149,-0.05022222222222223,0.003779171071258576,-0.05762939752188904,-0.04281504692255542,0.048820550917598085,0.0014588374245072227,0.04596122956556393,0.05167987226963224,-0.098,0.004120786589558429,-0.10607674171553452,-0.08992325828446548
unweighted_tilt_05,False,0.5,0.0,5,144,48,9,uncertainty,1000,0.19670557123797316,0.0014261064900156744,0.19391040251754244,0.1995007399584039,0.2608888888888889,0.004031071009558302,0.2529879897101546,0.26878978806762316,0.02194571724588688,1.7009657900406733e-05,0.021912378316402085,0.021979056175371676,0.9096458333333333,0.0004894649604162206,0.9086864820109175,0.910605184655749,144.0,0.0,144.0,144.0,0.0,0.0,0.0,0.0,144.0,0.0,144.0,144.0,0.0,0.0,0.0,0.0,0.13829492051163975,0.0,0.13829492051163975,0.13829492051163975,0.011923924448320822,0.0012430128280256304,0.009487619305390587,0.014360229591251057,-0.02322222222222222,0.00339617296098187,-0.029878721225746686,-0.016565723218697755,0.035249222507764744,0.001275739507551737,0.03274877307296334,0.03774967194256615,-0.07100000000000001,0.0035585138816277076,-0.07797468720799032,-0.0640253127920097
unweighted_tilt_05,False,0.5,0.0,5,144,48,9,boundary,1000,0.18847355741221522,0.001425353751879196,0.18567986405853198,0.19126725076589846,0.27877777777777785,0.003945899856970117,0.2710438140581164,0.2865117414974393,0.021901282618193327,1.6708511668676633e-05,0.02186853393532272,0.021934031301063934,0.9127916666666666,0.0004973776606514333,0.9118168064517898,0.9137665268815434,144.0,0.0,144.0,144.0,0.0,0.0,0.0,0.0,144.0,0.0,144.0,144.0,0.0,0.0,0.0,0.0,0.13831140711843237,1.0016794852172229e-07,0.13831121078925326,0.13831160344761148,0.003691910622562859,0.0011958005687512244,0.0013481415078104592,0.006035679737315259,-0.005333333333333333,0.0032442704453885447,-0.01169210340629488,0.001025436739628214,0.027017208682006782,0.0012216694347205088,0.024622736589954584,0.02941168077405898,-0.053111111111111116,0.0033782902397084154,-0.05973255998093961,-0.04648966224128262
unweighted_tilt_05,False,0.5,0.0,5,144,48,9,bias_blind_kg,1000,0.20080690339333435,0.0014405938970333805,0.19798333935514892,0.20363046743151977,0.24844444444444447,0.003911905764510965,0.24077710914600298,0.25611177974288596,0.17583156715564827,0.00048588866508828855,0.17487922537207523,0.1767839089392213,0.7141666666666667,0.0008837360028062618,0.7124345441011665,0.715898789232167,144.0,0.0,144.0,144.0,0.0,0.0,0.0,0.0,144.0,0.0,144.0,144.0,0.0,0.0,0.0,0.0,0.13031530435527805,1.7484068848308786e-06,0.13031187747778378,0.13031873123277232,0.016025256603681995,0.0013379861946714892,0.013402803662125876,0.018647709545238113,-0.03566666666666667,0.003632888229664507,-0.04278712759680911,-0.02854620573652424,0.03935055466312592,0.0013500469055353949,0.03670446272827654,0.04199664659797529,-0.08344444444444446,0.0037943511704253484,-0.09088137273847814,-0.07600751615041078
unweighted_tilt_05,False,0.5,0.0,5,144,48,9,ordinary_kg,1000,0.16145634873020845,0.001349882044459524,0.15881057992306777,0.16410211753734913,0.3318888888888889,0.004240148039704331,0.3235781987310684,0.3401995790467094,0.02183031266204866,1.6841742499587923e-05,0.021797302846749467,0.021863322477347853,0.913375,0.0004812317680391905,0.9124317857346432,0.9143182142653569,144.0,0.0,144.0,144.0,0.0,0.0,0.0,0.0,144.0,0.0,144.0,144.0,0.0,0.0,0.0,0.0,0.13828531175025985,1.2646976896969483e-07,0.13828506386951267,0.13828555963100703,-0.023325298059443923,0.0011090769792659269,-0.02549908893880514,-0.021151507180082706,0.04777777777777779,0.0031854645220529914,0.041534267314553924,0.05402128824100165,0.0,0.0,0.0,0.0,0.0,0.0,0.0,0.0
unweighted_tilt_05,False,0.5,0.0,5,144,48,9,two_channel_uniform,1000,0.18927963405556383,0.001377694490654471,0.18657935285388108,0.1919799152572466,0.27266666666666667,0.004057027460776732,0.26471489284354427,0.28061844048978907,0.021333832848076446,3.2601607907884474e-05,0.021269933696576992,0.0213977319995759,0.9145208333333332,0.0006819416921958123,0.9131842276166294,0.915857439050037,144.0,0.0,144.0,144.0,0.81875,0.0012865850669379784,0.8162282932688015,0.8212717067311984,26.1,0.18526824963906882,25.736874230707425,26.463125769292578,23.58,0.03705364992781376,23.507374846141484,23.652625153858512,0.13653477122858335,2.8938813587131207e-06,0.13652909922112028,0.13654044323604642,0.004497987265911482,0.0016315034023483208,0.0013002405973087734,0.0076957339345141915,-0.011444444444444446,0.004724769507996535,-0.020704992680117655,-0.0021838962087712376,0.027823285325355405,0.0016500441085902727,0.02458919887251847,0.03105737177819234,-0.05922222222222223,0.004910135478586349,-0.06884608776025147,-0.04959835668419299
unweighted_tilt_05,False,0.5,0.0,5,144,48,9,balanced_mix,1000,0.18838247352174192,0.0014021321380776027,0.18563429453110983,0.19113065251237402,0.27377777777777784,0.004033841446448619,0.26587144854273853,0.28168410701281715,0.021586348892825846,2.7432689570990845e-05,0.021532580821266703,0.02164011696438499,0.9117291666666667,0.0006521235380346722,0.9104510045321187,0.9130073288012147,144.0,0.0,144.0,144.0,0.4934375,0.002237531799281661,0.48905193767340793,0.497823062326592,72.945,0.32220457909655914,72.31347902497073,73.57652097502925,14.211,0.06444091581931181,14.08469580499415,14.337304195005851,0.1372035971687493,4.744934314185189e-06,0.1371942970974935,0.1372128972400051,0.003600826732089538,0.001408304676768196,0.000840549565623874,0.006361103898555202,-0.010333333333333332,0.004039424040157933,-0.01825060445204288,-0.0024160622146237824,0.02692612479153346,0.0014475907737178224,0.02408884687504653,0.02976340270802039,-0.05811111111111111,0.004167596752308259,-0.0662796007456353,-0.04994262147658693
unweighted_tilt_05,False,0.5,0.0,5,144,48,9,validation_only,1000,0.18991277393801118,0.0014161603882099738,0.18713709957711963,0.19268844829890272,0.27155555555555555,0.004012585398757647,0.26369088817399056,0.27942022293712054,0.021289641379731123,3.468352449416972e-05,0.021221661671722552,0.021357621087739694,0.915,0.0007097904011217929,0.9136088108138013,0.9163911891861988,140.0,0.0,140.0,140.0,0.972222222222222,7.025180405943273e-18,0.972222222222222,0.972222222222222,0.0,0.0,0.0,0.0,28.0,0.0,28.0,28.0,0.1362297070761895,1.3585889837539508e-06,0.13622704424178134,0.13623236991059767,0.005131127148358856,0.0017572081288584718,0.0016869992157962509,0.008575255080921461,-0.012555555555555558,0.0049668397051999755,-0.022290561377747507,-0.0028205497333636063,0.028456425207802775,0.0017242279445235007,0.025076938436536713,0.031835911979068834,-0.06033333333333334,0.005070165986073455,-0.07027085866603731,-0.05039580800062937
unweighted_tilt_05,False,0.5,0.0,5,144,48,9,two_channel_kg,1000,0.1856705427211117,0.0014039626281586886,0.18291877596992065,0.18842230947230273,0.2738888888888889,0.0041278266112785905,0.26579834873078284,0.28197942904699497,0.021287598239203405,3.404475030785685e-05,0.021220870528600007,0.021354325949806803,0.9103333333333332,0.0006025194572485019,0.9091523951971262,0.9115142714695402,144.0,0.0,144.0,144.0,0.972222222222222,7.025180405943273e-18,0.972222222222222,0.972222222222222,4.0,0.0,4.0,4.0,28.0,0.0,28.0,28.0,0.13621037952103618,1.4821684740176934e-06,0.1362074744708271,0.13621328457124526,0.0008888959314593311,0.0015849450792971903,-0.002217596423963162,0.003995388286881824,-0.010222222222222221,0.004479254183346451,-0.019001560421581264,-0.0014428840228631768,0.024214193990903254,0.001518167711146914,0.021238585277055303,0.027189802704751204,-0.058,0.004293274972298599,-0.06641481894570525,-0.04958518105429475
unweighted_tilt_05,False,0.5,0.0,10,48,48,9,uniform,1000,0.1974324493439539,0.0014004705290936782,0.1946875271069303,0.2001773715809775,0.2567777777777778,0.0039869642007245125,0.24896332794435777,0.2645922276111979,0.02194301034496072,1.6934220776383782e-05,0.021909819272239006,0.02197620141768243,0.9105,0.0004898877320264199,0.9095398200452282,0.9114601799547718,48.0,0.0,48.0,48.0,0.0,0.0,0.0,0.0,48.0,0.0,48.0,48.0,0.0,0.0,0.0,0.0,0.13828752626669388,4.923641235925643e-08,0.13828742976332567,0.1382876227700621,0.0,0.0,0.0,0.0,0.0,0.0,0.0,0.0,0.01699175185859266,0.001145090897475667,0.014747373699540354,0.01923613001764497,-0.034666666666666665,0.0031139698005970035,-0.04077004747583679,-0.02856328585749654
unweighted_tilt_05,False,0.5,0.0,10,48,48,9,uniform_blind,1000,0.21662535696100926,0.0014721488709772954,0.21373994517389378,0.21951076874812475,0.21733333333333338,0.003999011234828978,0.20949527131306858,0.22517139535359817,0.03866943767100359,0.00019933036266043592,0.03827875016018913,0.03906012518181804,0.8040625,0.0015493201781885887,0.8010258324507504,0.8070991675492496,48.0,0.0,48.0,48.0,0.0,0.0,0.0,0.0,48.0,0.0,48.0,48.0,0.0,0.0,0.0,0.0,0.13347272069302135,6.171862528516104e-07,0.13347151100796575,0.13347393037807695,0.01919290761705538,0.00135282694087965,0.016541366812931266,0.021844448421179496,-0.03944444444444445,0.003627809326119486,-0.04655495072363864,-0.03233393816525026,0.03618465947564805,0.0014543352371162734,0.033334162410900155,0.039035156540395945,-0.07411111111111111,0.003946200504833766,-0.0818456641005853,-0.06637655812163692
unweighted_tilt_05,False,0.5,0.0,10,48,48,9,uncertainty,1000,0.19832154464244692,0.00143895257288622,0.19550119759958992,0.20114189168530391,0.26011111111111107,0.003940885682518427,0.25238697517337494,0.2678352470488472,0.02194876017491093,1.6823784332764123e-05,0.021915785557618712,0.02198173479220315,0.9096458333333333,0.0004894649604162206,0.9086864820109175,0.910605184655749,48.0,0.0,48.0,48.0,0.0,0.0,0.0,0.0,48.0,0.0,48.0,48.0,0.0,0.0,0.0,0.0,0.13830013488251375,8.78147550742909e-19,0.13830013488251375,0.13830013488251375,0.0008890952984930217,0.0011071383876047952,-0.0012808959412123767,0.0030590865381984198,0.003333333333333333,0.0030303889736146877,-0.0026062290549514547,0.009272895721618121,0.017880847157085683,0.0012294431693717195,0.015471138545117114,0.020290555769054253,-0.03133333333333334,0.0031920064151466,-0.037589665907020675,-0.025077000759646
unweighted_tilt_05,False,0.5,0.0,10,48,48,9,boundary,1000,0.18956900572526125,0.0014083614690335677,0.18680861724595546,0.19232939420456704,0.27444444444444444,0.003897340546758967,0.26680565697279685,0.282083231916092,0.021906207512983236,1.6657204554591442e-05,0.021873559392056235,0.021938855633910237,0.9124999999999999,0.000499380942538073,0.9115212133526253,0.9134787866473745,48.0,0.0,48.0,48.0,0.0,0.0,0.0,0.0,48.0,0.0,48.0,48.0,0.0,0.0,0.0,0.0,0.13831195184064257,9.247376096540658e-08,0.1383117705920711,0.13831213308921406,-0.007863443618692614,0.001067004782001275,-0.009954772991415114,-0.005772114245970115,0.017666666666666664,0.0029740346196633276,0.011837558812126541,0.023495774521206787,0.009128308239900048,0.0010270290515035742,0.007115331298953042,0.011141285180847053,-0.017,0.0027671155620016567,-0.02242354650152325,-0.011576453498476753
unweighted_tilt_05,False,0.5,0.0,10,48,48,9,bias_blind_kg,1000,0.20806986836935182,0.0014360291104644697,0.20525525131284145,0.2108844854258622,0.23588888888888893,0.003792513802046934,0.22845556183687693,0.24332221594090092,0.061831724670717875,0.0002658558560444916,0.061310647192870674,0.062352802148565076,0.7404791666666667,0.0012679021617869757,0.7379940784295642,0.7429642549037692,48.0,0.0,48.0,48.0,0.0,0.0,0.0,0.0,48.0,0.0,48.0,48.0,0.0,0.0,0.0,0.0,0.1336632050173304,8.720105293961346e-07,0.13366149587669277,0.13366491415796802,0.01063741902539794,0.0011582131781606702,0.008367321196203027,0.012907516854592852,-0.02088888888888889,0.0030457568286635602,-0.026858572273069467,-0.014919205504708313,0.0276291708839906,0.001220885826987647,0.02523623466309481,0.03002210710488639,-0.05555555555555556,0.0032257506406401988,-0.06187802681121035,-0.04923308429990077
unweighted_tilt_05,False,0.5,0.0,10,48,48,9,ordinary_kg,1000,0.18044069748536123,0.001417161099053558,0.17766306173121627,0.1832183332395062,0.29144444444444445,0.004115977964948461,0.2833771276331455,0.2995117612557434,0.021866625857029084,1.673975106195471e-05,0.02183381594494765,0.021899435769110517,0.9125416666666665,0.0004900703913040215,0.9115811286997106,0.9135022046336223,48.0,0.0,48.0,48.0,0.0,0.0,0.0,0.0,48.0,0.0,48.0,48.0,0.0,0.0,0.0,0.0,0.13829894671340004,7.740234226148658e-08,0.1382987950048092,0.13829909842199087,-0.01699175185859266,0.001145090897475667,-0.01923613001764497,-0.014747373699540354,0.034666666666666665,0.0031139698005970035,0.02856328585749654,0.04077004747583679,0.0,0.0,0.0,0.0,0.0,0.0,0.0,0.0
unweighted_tilt_05,False,0.5,0.0,10,48,48,9,two_channel_uniform,1000,0.19985965493123267,0.0014094722349546577,0.19709708935072154,0.2026222205117438,0.25277777777777777,0.0038914302832509396,0.24515057442260593,0.26040498113294963,0.021834832064824432,2.016300864270937e-05,0.021795312567884723,0.021874351561764142,0.9122291666666665,0.0005401835879822633,0.9111704068342213,0.9132879264991117,48.0,0.0,48.0,48.0,0.8191666666666667,0.0016853309290285811,0.8158634180457707,0.8224699152875627,8.68,0.0808958845933719,8.521444066196992,8.838555933803008,3.932,0.00808958845933719,3.916144406619699,3.947855593380301,0.13801561579685268,7.316081467732978e-07,0.138014181844885,0.13801704974882034,0.0024272055872788184,0.0011253736185089878,0.00022147329500120253,0.004632937879556435,-0.004,0.0030981505464411103,-0.010072375071024577,0.0020723750710245755,0.019418957445871476,0.0012965129874035438,0.01687779199056053,0.021960122901182422,-0.03866666666666667,0.0035204866033959176,-0.04556682040932267,-0.03176651292401067
unweighted_tilt_05,False,0.5,0.0,10,48,48,9,balanced_mix,1000,0.19813069950202788,0.001427781944890705,0.1953322468900421,0.20092915211401366,0.2585555555555556,0.004002111122476052,0.25071141775550254,0.26639969335560865,0.02189980582285574,1.891942567996279e-05,0.02186272374852301,0.021936887897188468,0.9109166666666665,0.0005189317136741498,0.9098995605078651,0.9119337728254678,48.0,0.0,48.0,48.0,0.43854166666666666,0.005256492396031003,0.4282389415704459,0.44884439176288743,26.95,0.25231163500948817,26.455469195381404,27.444530804618594,2.105,0.025231163500948815,2.0555469195381404,2.1544530804618596,0.13814023870493622,1.7780784698886258e-06,0.13813675367113523,0.1381437237387372,0.0006982501580739751,0.0011237283680579258,-0.0015042574433195596,0.0029007577594675096,0.0017777777777777779,0.003131951110687241,-0.004360846399169215,0.00791640195472477,0.017690002016666637,0.0012195209019221487,0.015299741048899225,0.02008026298443405,-0.032888888888888884,0.0033725568300134595,-0.039499100275715265,-0.026278677502062503
unweighted_tilt_05,False,0.5,0.0,10,48,48,9,validation_only,1000,0.20209091014053399,0.0014320556548805337,0.19928408105696813,0.20489773922409985,0.2474444444444445,0.003904264375955397,0.23979208626757192,0.25509680262131706,0.021859397191580403,2.058198502435032e-05,0.021819056500932677,0.02189973788222813,0.91175,0.0005372290050739825,0.910697031150055,0.9128029688499449,40.0,0.0,40.0,40.0,0.8333333333333335,3.512590202971636e-18,0.8333333333333335,0.8333333333333335,0.0,0.0,0.0,0.0,4.0,0.0,4.0,4.0,0.13801783636273207,5.126009393738163e-07,0.1380168316648909,0.13801884106057324,0.004658460796580085,0.001198705610637261,0.002308997799731054,0.007007923793429117,-0.009333333333333334,0.00331818006758769,-0.015836966265805205,-0.002829700400861462,0.021650212655172744,0.0013065496162737392,0.019089375407276215,0.024211049903069274,-0.044,0.0035973794169553105,-0.05105086365723241,-0.036949136342767586
unweighted_tilt_05,False,0.5,0.0,10,48,48,9,two_channel_kg,1000,0.1949490032301212,0.0014316672975410436,0.19214293532694077,0.19775507113330165,0.26033333333333336,0.0039886252460685995,0.2525156278510389,0.2681510388156278,0.021816398980004183,2.054754502948944e-05,0.021776125791746384,0.02185667216826198,0.9113541666666666,0.0005435287128166276,0.910288850389546,0.9124194829437872,48.0,0.0,48.0,48.0,0.8333333333333335,3.512590202971636e-18,0.8333333333333335,0.8333333333333335,8.0,0.0,8.0,8.0,4.0,0.0,4.0,4.0,0.13798565153368697,5.485794978029622e-07,0.13798457631787128,0.13798672674950266,-0.00248344611383268,0.0011391563797402504,-0.004716192618123571,-0.0002506996095417895,0.0035555555555555557,0.003042346653014368,-0.0024074438843526055,0.009518554995463717,0.014508305744759982,0.0011669191560554739,0.012221144198891254,0.01679546729062871,-0.031111111111111114,0.0030068488331370167,-0.037004534824059666,-0.02521768739816256
unweighted_tilt_05,False,0.5,0.0,10,144,48,9,uniform,1000,0.18478164678965237,0.0014375611490845806,0.1819640269374466,0.18759926664185814,0.28411111111111115,0.004181332954174868,0.2759156985209284,0.2923065237012939,0.02193076731405234,1.740910861695823e-05,0.021896645461163104,0.021964889166941576,0.9095208333333332,0.0004903163417387662,0.9085598133035252,0.9104818533631412,144.0,0.0,144.0,144.0,0.0,0.0,0.0,0.0,144.0,0.0,144.0,144.0,0.0,0.0,0.0,0.0,0.13825604821902368,4.781815717888991e-08,0.13825595449543562,0.13825614194261174,0.0,0.0,0.0,0.0,0.0,0.0,0.0,0.0,0.023325298059443923,0.0011090769792659269,0.021151507180082706,0.02549908893880514,-0.04777777777777779,0.0031854645220529914,-0.05402128824100165,-0.041534267314553924
unweighted_tilt_05,False,0.5,0.0,10,144,48,9,uniform_blind,1000,0.21027689964780652,0.0014807159895678659,0.2073746963082535,0.21317910298735954,0.23388888888888892,0.00412962252236678,0.22579482874505002,0.24198294903272782,0.07768578681460411,0.00039396854886848513,0.07691360845882188,0.07845796517038635,0.611125,0.002056724889246937,0.6070938192170761,0.615156180782924,144.0,0.0,144.0,144.0,0.0,0.0,0.0,0.0,144.0,0.0,144.0,144.0,0.0,0.0,0.0,0.0,0.12875551282431597,1.2152259811351025e-06,0.12875313098139293,0.128757894667239,0.02549525285815417,0.001390980373034348,0.022768931327006848,0.02822157438930149,-0.05022222222222223,0.003779171071258576,-0.05762939752188904,-0.04281504692255542,0.048820550917598085,0.0014588374245072227,0.04596122956556393,0.05167987226963224,-0.098,0.004120786589558429,-0.10607674171553452,-0.08992325828446548
unweighted_tilt_05,False,0.5,0.0,10,144,48,9,uncertainty,1000,0.19670557123797316,0.0014261064900156744,0.19391040251754244,0.1995007399584039,0.2608888888888889,0.004031071009558302,0.2529879897101546,0.26878978806762316,0.02194571724588688,1.7009657900406733e-05,0.021912378316402085,0.021979056175371676,0.9096458333333333,0.0004894649604162206,0.9086864820109175,0.910605184655749,144.0,0.0,144.0,144.0,0.0,0.0,0.0,0.0,144.0,0.0,144.0,144.0,0.0,0.0,0.0,0.0,0.13829492051163975,0.0,0.13829492051163975,0.13829492051163975,0.011923924448320822,0.0012430128280256304,0.009487619305390587,0.014360229591251057,-0.02322222222222222,0.00339617296098187,-0.029878721225746686,-0.016565723218697755,0.035249222507764744,0.001275739507551737,0.03274877307296334,0.03774967194256615,-0.07100000000000001,0.0035585138816277076,-0.07797468720799032,-0.0640253127920097
unweighted_tilt_05,False,0.5,0.0,10,144,48,9,boundary,1000,0.18847355741221522,0.001425353751879196,0.18567986405853198,0.19126725076589846,0.27877777777777785,0.003945899856970117,0.2710438140581164,0.2865117414974393,0.021901282618193327,1.6708511668676633e-05,0.02186853393532272,0.021934031301063934,0.9127916666666666,0.0004973776606514333,0.9118168064517898,0.9137665268815434,144.0,0.0,144.0,144.0,0.0,0.0,0.0,0.0,144.0,0.0,144.0,144.0,0.0,0.0,0.0,0.0,0.13831140711843237,1.0016794852172229e-07,0.13831121078925326,0.13831160344761148,0.003691910622562859,0.0011958005687512244,0.0013481415078104592,0.006035679737315259,-0.005333333333333333,0.0032442704453885447,-0.01169210340629488,0.001025436739628214,0.027017208682006782,0.0012216694347205088,0.024622736589954584,0.02941168077405898,-0.053111111111111116,0.0033782902397084154,-0.05973255998093961,-0.04648966224128262
unweighted_tilt_05,False,0.5,0.0,10,144,48,9,bias_blind_kg,1000,0.20080690339333435,0.0014405938970333805,0.19798333935514892,0.20363046743151977,0.24844444444444447,0.003911905764510965,0.24077710914600298,0.25611177974288596,0.17583156715564827,0.00048588866508828855,0.17487922537207523,0.1767839089392213,0.7141666666666667,0.0008837360028062618,0.7124345441011665,0.715898789232167,144.0,0.0,144.0,144.0,0.0,0.0,0.0,0.0,144.0,0.0,144.0,144.0,0.0,0.0,0.0,0.0,0.13031530435527805,1.7484068848308786e-06,0.13031187747778378,0.13031873123277232,0.016025256603681995,0.0013379861946714892,0.013402803662125876,0.018647709545238113,-0.03566666666666667,0.003632888229664507,-0.04278712759680911,-0.02854620573652424,0.03935055466312592,0.0013500469055353949,0.03670446272827654,0.04199664659797529,-0.08344444444444446,0.0037943511704253484,-0.09088137273847814,-0.07600751615041078
unweighted_tilt_05,False,0.5,0.0,10,144,48,9,ordinary_kg,1000,0.16145634873020845,0.001349882044459524,0.15881057992306777,0.16410211753734913,0.3318888888888889,0.004240148039704331,0.3235781987310684,0.3401995790467094,0.02183031266204866,1.6841742499587923e-05,0.021797302846749467,0.021863322477347853,0.913375,0.0004812317680391905,0.9124317857346432,0.9143182142653569,144.0,0.0,144.0,144.0,0.0,0.0,0.0,0.0,144.0,0.0,144.0,144.0,0.0,0.0,0.0,0.0,0.13828531175025985,1.2646976896969483e-07,0.13828506386951267,0.13828555963100703,-0.023325298059443923,0.0011090769792659269,-0.02549908893880514,-0.021151507180082706,0.04777777777777779,0.0031854645220529914,0.041534267314553924,0.05402128824100165,0.0,0.0,0.0,0.0,0.0,0.0,0.0,0.0
unweighted_tilt_05,False,0.5,0.0,10,144,48,9,two_channel_uniform,1000,0.1934216951187504,0.0013661471588535953,0.19074404668739736,0.19609934355010344,0.2664444444444445,0.0039453940278849,0.25871147214979007,0.2741774167390989,0.02160480379574286,2.7250390863884927e-05,0.021551393029649646,0.021658214561836073,0.9139791666666667,0.0006212555360557913,0.9127615058159974,0.915196827517336,144.0,0.0,144.0,144.0,0.8788194444444448,0.0011953147492944041,0.8764766275358278,0.8811622613530619,17.45,0.17212532389839424,17.112634365159145,17.787365634840853,12.655,0.017212532389839424,12.621263436515914,12.688736563484085,0.1373511909973621,1.4942462512339653e-06,0.13734826227470967,0.13735411972001452,0.008640048329098012,0.0014750264393323797,0.0057489965080065476,0.011531100150189476,-0.017666666666666664,0.00425308048735308,-0.0260027044218787,-0.009330628911454628,0.03196534638854193,0.0015064863603964527,0.029012633122164885,0.03491805965491898,-0.06544444444444446,0.004446778110492924,-0.07416012954101059,-0.05672875934787833
unweighted_tilt_05,False,0.5,0.0,10,144,48,9,balanced_mix,1000,0.1897064168756292,0.0013773218212840348,0.1870068661059125,0.1924059676453459,0.2722222222222223,0.0039826549628229875,0.26441621849508923,0.2800282259493554,0.021764497154890493,2.317393503736859e-05,0.02171907624221725,0.021809918067563737,0.9110833333333332,0.0005807057461469208,0.9099451500708853,0.9122215165957812,144.0,0.0,144.0,144.0,0.4767361111111111,0.003157120297628387,0.47054815532775945,0.4829240668944627,75.35,0.4546253228584877,74.45893436719736,76.24106563280263,6.865,0.04546253228584877,6.775893436719737,6.954106563280264,0.13775427250358888,3.276934000071424e-06,0.13774784971294873,0.13776069529422902,0.004924770085976817,0.0012641221039002882,0.0024470907623322523,0.007402449409621382,-0.01188888888888889,0.003676158834082531,-0.01909416020369065,-0.0046836175740871296,0.02825006814542074,0.0013152220244026834,0.025672232977591483,0.03082790331325,-0.05966666666666667,0.0037937518430801497,-0.06710242027910376,-0.05223091305422958
unweighted_tilt_05,False,0.5,0.0,10,144,48,9,validation_only,1000,0.19529659059713464,0.0014290354669204484,0.19249568108197057,0.1980975001122987,0.2628888888888889,0.0040082405014973555,0.25503273750595407,0.2707450402718237,0.021584511021452053,2.779711152958001e-05,0.021530028682854075,0.02163899336005003,0.9130416666666668,0.0006118713421276523,0.9118423988360965,0.914240934497237,140.0,0.0,140.0,140.0,0.972222222222222,7.025180405943273e-18,0.972222222222222,0.972222222222222,0.0,0.0,0.0,0.0,14.0,0.0,14.0,14.0,0.13726385974363153,1.0003584886269598e-06,0.1372618990409938,0.13726582044626925,0.01051494380748228,0.0015165467862865174,0.007542512106360706,0.013487375508603853,-0.021222222222222222,0.004343360261203935,-0.029735208334181935,-0.01270923611026251,0.033840241866926205,0.001555775852129014,0.030790921196753338,0.036889562537099074,-0.069,0.004628273408291952,-0.07807141588025224,-0.05992858411974778
unweighted_tilt_05,False,0.5,0.0,10,144,48,9,two_channel_kg,1000,0.19326042769966886,0.0013986953213802457,0.19051898486976357,0.19600187052957416,0.2575555555555556,0.003934855528008354,0.24984323872065922,0.26526787239045196,0.021637411532068968,2.642755378485379e-05,0.021585613526650654,0.02168920953748728,0.9113541666666666,0.0005776297592555859,0.9102220123385256,0.9124863209948075,144.0,0.0,144.0,144.0,0.9713888888888884,0.000239234527368043,0.970919989215247,0.9718577885625298,4.12,0.03444977194099819,4.052478446995644,4.187521553004356,13.988,0.0034449771940998205,13.981247844699563,13.994752155300436,0.13722766416720367,9.269896458216255e-07,0.13722584726749787,0.13722948106690946,0.008478780910016491,0.0014308783774877674,0.005674259290140466,0.011283302529892516,-0.026555555555555558,0.003977033077652576,-0.034350540387754605,-0.01876057072335651,0.031804078969460414,0.001444597852925273,0.02897266717772688,0.034635490761193946,-0.07433333333333335,0.004083676916444131,-0.08233734008956385,-0.06632932657710285
weighted_tilt_05,True,0.5,0.0,5,48,48,9,uniform,1000,0.20714683773890977,0.0014561521976752699,0.20429277943146623,0.2100008960463533,0.2644444444444445,0.004197334584902378,0.2562176686580358,0.27267122023085316,0.02257997027275225,1.7624397204889798e-05,0.022545426454230664,0.022614514091273834,0.9635416666666667,0.0004309670609311192,0.9626969712272417,0.9643863621060917,48.0,0.0,48.0,48.0,0.0,0.0,0.0,0.0,48.0,0.0,48.0,48.0,0.0,0.0,0.0,0.0,0.14377735783021733,5.5329531070338085e-08,0.14377724938433645,0.14377746627609822,0.0,0.0,0.0,0.0,0.0,0.0,0.0,0.0,0.014293740525226755,0.001186744710395938,0.011967720892850716,0.016619760157602793,-0.03822222222222223,0.003282081048149772,-0.04465510107659578,-0.03178934336784867
weighted_tilt_05,True,0.5,0.0,5,48,48,9,uniform_blind,1000,0.22524249975376057,0.0014544456440898704,0.22239178629134443,0.2280932132161767,0.22222222222222224,0.0038987671860161053,0.21458063853763068,0.2298638059068138,0.042930339490870086,0.00022020219809293403,0.042498743182607934,0.04336193579913224,0.7907916666666668,0.0016349049616653938,0.7875872529418027,0.7939960803915309,48.0,0.0,48.0,48.0,0.0,0.0,0.0,0.0,48.0,0.0,48.0,48.0,0.0,0.0,0.0,0.0,0.13848986579395334,8.170844791699314e-07,0.13848826430837416,0.13849146727953252,0.018095662014850817,0.00139036921538247,0.015370538352701177,0.020820785677000457,-0.04222222222222223,0.003693010924396569,-0.04946052363403951,-0.03498392081040495,0.03238940254007758,0.0014956782571472064,0.029457873156069053,0.0353209319240861,-0.08044444444444446,0.004084259419057837,-0.08844959290579782,-0.0724392959830911
weighted_tilt_05,True,0.5,0.0,5,48,48,9,uncertainty,1000,0.20458579843545066,0.001492747888335376,0.20166001257431332,0.207511584296588,0.2687777777777778,0.004065479149289281,0.2608094386451708,0.27674611691038475,0.02257965151180545,1.749893724178876e-05,0.022545353594811544,0.02261394942879936,0.964375,0.0004321750999116558,0.9635279368041731,0.9652220631958268,48.0,0.0,48.0,48.0,0.0,0.0,0.0,0.0,48.0,0.0,48.0,48.0,0.0,0.0,0.0,0.0,0.14378806774933753,0.0,0.14378806774933753,0.14378806774933753,-0.002561039303459121,0.0011946996840133015,-0.004902650684125192,-0.00021942792279304978,0.004333333333333333,0.0032628498891729327,-0.0020618524494456147,0.010728519116112282,0.011732701221767634,0.0012745387521323533,0.00923460526758822,0.014230797175947047,-0.03388888888888889,0.0033571149575375094,-0.04046883420566241,-0.027308943572115375
weighted_tilt_05,True,0.5,0.0,5,48,48,9,boundary,1000,0.2008054521637457,0.0014486404249138601,0.19796611693091454,0.20364478739657688,0.282,0.00412150627495195,0.2739218477010942,0.29007815229890577,0.022544788100842858,1.739335424543023e-05,0.022510697126521814,0.022578879075163902,0.9645625,0.00040610519800725846,0.9637665338119058,0.9653584661880942,48.0,0.0,48.0,48.0,0.0,0.0,0.0,0.0,48.0,0.0,48.0,48.0,0.0,0.0,0.0,0.0,0.14380418187892577,1.0226721345714163e-07,0.14380398143518738,0.14380438232266415,-0.006341385575164036,0.0010985775721422122,-0.008494597616562773,-0.0041881735337653,0.017555555555555557,0.0030707697989302654,0.011536846749652236,0.023574264361458878,0.00795235495006272,0.001044790582888872,0.00590456540760053,0.010000144492524909,-0.020666666666666663,0.0027666979561461903,-0.026089394660713194,-0.01524393867262013
weighted_tilt_05,True,0.5,0.0,5,48,48,9,bias_blind_kg,1000,0.21944552521364014,0.0014553689956807903,0.2165930019821058,0.22229804844517448,0.23622222222222225,0.004051296779821342,0.22828168053377243,0.24416276391067207,0.06991519171804617,0.00029062175554303484,0.06934557307718182,0.07048481035891051,0.7431666666666668,0.0012627973539555573,0.7406915838529139,0.7456417494804196,48.0,0.0,48.0,48.0,0.0,0.0,0.0,0.0,48.0,0.0,48.0,48.0,0.0,0.0,0.0,0.0,0.13870338522275755,1.191197067343153e-06,0.13870105047650555,0.13870571996900954,0.012298687474730369,0.0011116707494985144,0.01011981280571328,0.014477562143747458,-0.02822222222222222,0.0029652226951869575,-0.03403405870478866,-0.022410385739655786,0.026592427999957122,0.0012424705198607648,0.024157185781030023,0.02902767021888422,-0.06644444444444446,0.003354207432109869,-0.0730186910113798,-0.059870197877509114
weighted_tilt_05,True,0.5,0.0,5,48,48,9,ordinary_kg,1000,0.192853097213683,0.0014414624348716197,0.19002783084133462,0.19567836358603136,0.3026666666666667,0.004206487137768646,0.29442195187664016,0.3109113814566932,0.022516056952706174,1.773266657552555e-05,0.022481300926218143,0.022550812979194205,0.9644791666666668,0.0004052355675045388,0.9636849049543579,0.9652734283789757,48.0,0.0,48.0,48.0,0.0,0.0,0.0,0.0,48.0,0.0,48.0,48.0,0.0,0.0,0.0,0.0,0.14378950982706476,8.196828633553254e-08,0.14378934916922353,0.14378967048490598,-0.014293740525226755,0.001186744710395938,-0.016619760157602793,-0.011967720892850716,0.03822222222222223,0.003282081048149772,0.03178934336784867,0.04465510107659578,0.0,0.0,0.0,0.0,0.0,0.0,0.0,0.0
weighted_tilt_05,True,0.5,0.0,5,48,48,9,two_channel_uniform,1000,0.20856749317525958,0.0014173369778058217,0.20578951269876017,0.21134547365175899,0.2591111111111112,0.004053815619314276,0.2511656324972552,0.26705658972496715,0.02239954356866928,2.3753333429033645e-05,0.022352987035148375,0.022446100102190183,0.9610833333333334,0.0004837260954091931,0.9601352301863314,0.9620314364803354,48.0,0.0,48.0,48.0,0.7921875,0.002346601234408086,0.7875881615805602,0.7967868384194399,9.975,0.11263685925158808,9.754231755866886,10.195768244133113,7.605,0.022527371850317612,7.560846351173378,7.649153648826623,0.14320722449894588,1.814921807855765e-06,0.1432036672522025,0.14321078174568927,0.0014206554363497945,0.001281973490695703,-0.0010920126054137834,0.0039333234781133725,-0.005333333333333333,0.0034688573396505925,-0.012132293719048493,0.0014656270523818278,0.01571439596157655,0.0014181764420938534,0.012934770135072597,0.018494021788080503,-0.043555555555555556,0.0038224798355038546,-0.05104761603314311,-0.036063495077968
weighted_tilt_05,True,0.5,0.0,5,48,48,9,balanced_mix,1000,0.20828572871615955,0.0014981046521450575,0.20534944359795523,0.21122201383436387,0.26366666666666666,0.004141420195751814,0.2555494830829931,0.27178385025034024,0.0224784508007768,2.2450151964666935e-05,0.02243444850292605,0.02252245309862755,0.9618541666666668,0.0004718425540500546,0.9609293552607286,0.9627789780726049,48.0,0.0,48.0,48.0,0.464375,0.003930355703985167,0.45667150282018903,0.47207849717981093,25.71,0.18865707379128807,25.340232135369078,26.079767864630924,4.458,0.0377314147582576,4.384046427073815,4.531953572926185,0.14344145517873821,2.8946641362753877e-06,0.1434357816370311,0.14344712872044532,0.0011388909772497779,0.0012226987366195823,-0.0012575985465246035,0.003535380501024159,-0.000777777777777778,0.003340464325776932,-0.007325087856300564,0.005769532300745008,0.015432631502476533,0.001312337669506453,0.012860449670243884,0.018004813334709182,-0.039,0.0035881179802262275,-0.046032711241243404,-0.031967288758756596
weighted_tilt_05,True,0.5,0.0,5,48,48,9,validation_only,1000,0.2099129722323674,0.0014340099469274472,0.2071023127363896,0.2127236317283452,0.2558888888888889,0.004010008302527493,0.248029272615935,0.2637485051618428,0.022373445066295235,2.4783520065617466e-05,0.022324869366966624,0.022422020765623846,0.960125,0.0005099714057901795,0.9591254560446513,0.9611245439553487,45.0,0.0,45.0,45.0,0.9375,0.0,0.9375,0.9375,0.0,0.0,0.0,0.0,9.0,0.0,9.0,9.0,0.1431079157144114,8.142004296351368e-07,0.1431063198815693,0.1431095115472535,0.002766134493457637,0.0013703366385955005,8.027468181045615e-05,0.005451994305104818,-0.008555555555555556,0.0037054900596963465,-0.015818316072560394,-0.0012927950385507167,0.017059875018684393,0.001489785602449048,0.014139895237884259,0.019979854799484525,-0.046777777777777786,0.004007801127461877,-0.05463306798760306,-0.03892248756795251
weighted_tilt_05,True,0.5,0.0,5,48,48,9,two_channel_kg,1000,0.20393014073117216,0.0014606533274965012,0.201067260209279,0.2067930212530653,0.26733333333333337,0.004113414571702925,0.2592710407727956,0.2753956258938711,0.02235517115231414,2.5249804269918983e-05,0.022305681535945098,0.022404660768683183,0.9612708333333334,0.0004893264710358178,0.9603117534501032,0.9622299132165636,48.0,0.0,48.0,48.0,0.9375,0.0,0.9375,0.9375,3.0,0.0,3.0,3.0,9.0,0.0,9.0,9.0,0.14306955471538224,7.507817209861996e-07,0.1430680831832091,0.14307102624755538,-0.0032166970077375768,0.0012894869320599321,-0.005744091394575044,-0.0006893026209001097,0.002888888888888889,0.003443161560887592,-0.0038597077704507917,0.00963748554822857,0.01107704351748918,0.0012899531151015153,0.00854873541189021,0.01360535162308815,-0.035333333333333335,0.0033771194530246526,-0.04195248746126165,-0.028714179205405015
weighted_tilt_05,True,0.5,0.0,5,144,48,9,uniform,1000,0.19646471540199548,0.0014475234324553164,0.19362756947438306,0.1993018613296079,0.2953333333333334,0.004237531442019613,0.28702777170697497,0.3036388949596918,0.022575462354703858,1.8359661517600783e-05,0.02253947741812936,0.022611447291278355,0.9640625,0.0004359161871596221,0.9632081042731672,0.9649168957268329,144.0,0.0,144.0,144.0,0.0,0.0,0.0,0.0,144.0,0.0,144.0,144.0,0.0,0.0,0.0,0.0,0.14374311567325185,5.390458582188615e-08,0.14374301002026363,0.14374322132624007,0.0,0.0,0.0,0.0,0.0,0.0,0.0,0.0,0.01916563017234097,0.0010944769229528886,0.01702045540335331,0.021310804941328632,-0.047,0.002995465292486517,-0.05287111197327357,-0.04112888802672643
weighted_tilt_05,True,0.5,0.0,5,144,48,9,uniform_blind,1000,0.21998695146250677,0.001436228752330147,0.2171719431079397,0.22280195981707385,0.2376666666666667,0.004038395965641389,0.22975141057400958,0.2455819227593238,0.08731151179466454,0.00044479872652385615,0.08643970629067778,0.0881833172986513,0.5994375,0.0021102151856285736,0.595301478236168,0.6035735217638319,144.0,0.0,144.0,144.0,0.0,0.0,0.0,0.0,144.0,0.0,144.0,144.0,0.0,0.0,0.0,0.0,0.13334390037822852,1.5042262031589356e-06,0.13334095209487032,0.13334684866158672,0.023522236060511296,0.0013690184214727652,0.020838959954424675,0.026205512166597916,-0.05766666666666667,0.0037561172850477317,-0.06502865654536022,-0.05030467678797312,0.04268786623285227,0.0014092657149955912,0.039925705431460914,0.045450027034243626,-0.10466666666666669,0.004115625161410435,-0.11273329198303114,-0.09660004135030223
weighted_tilt_05,True,0.5,0.0,5,144,48,9,uncertainty,1000,0.20198040275819507,0.0014472938190043321,0.19914370687294658,0.20481709864344355,0.278,0.004029691210348124,0.2701018052277177,0.28589819477228234,0.022577150497020495,1.7534943194210582e-05,0.02254278200835984,0.02261151898568115,0.964375,0.0004321750999116558,0.9635279368041731,0.9652220631958268,144.0,0.0,144.0,144.0,0.0,0.0,0.0,0.0,144.0,0.0,144.0,144.0,0.0,0.0,0.0,0.0,0.1437837874416001,0.0,0.1437837874416001,0.1437837874416001,0.0055156873561995725,0.0013279499683290666,0.002912905418274602,0.008118469294124544,-0.017333333333333336,0.0034794718001384317,-0.024153098061604664,-0.01051356860506201,0.024681317528540546,0.0013599433937706432,0.022015828476750085,0.027346806580331007,-0.06433333333333334,0.0036630383493370835,-0.07151288849803403,-0.05715377816863266
weighted_tilt_05,True,0.5,0.0,5,144,48,9,boundary,1000,0.1996097185217928,0.0014544971528351442,0.1967589041022359,0.2024605329413497,0.2846666666666667,0.004177496399462907,0.2764787737237194,0.292854559609614,0.02254149932542438,1.7388705894774796e-05,0.022507417461870623,0.02257558118897814,0.9646875,0.0004063062756723814,0.9638911396996822,0.9654838603003179,144.0,0.0,144.0,144.0,0.0,0.0,0.0,0.0,144.0,0.0,144.0,144.0,0.0,0.0,0.0,0.0,0.14380372460612376,1.1084213429386411e-07,0.14380350735554054,0.14380394185670697,0.0031450031197973257,0.001194002761647744,0.0008047577069677475,0.005485248532626904,-0.010666666666666668,0.0032501465107330346,-0.017036953827703417,-0.00429637950562992,0.0223106332921383,0.0012362180369723224,0.019887645939672547,0.024733620644604052,-0.05766666666666667,0.003289556080065402,-0.06411419658359487,-0.051219136749738485
weighted_tilt_05,True,0.5,0.0,5,144,48,9,bias_blind_kg,1000,0.21290261575241357,0.001440011917063102,0.2100801923949699,0.21572503910985724,0.24822222222222223,0.004155381224273529,0.24007767502264613,0.25636676942179837,0.19013679574397582,0.0005373947998931903,0.18908350193618517,0.19119008955176647,0.7205208333333333,0.000922504078143212,0.7187127253401726,0.722328941326494,144.0,0.0,144.0,144.0,0.0,0.0,0.0,0.0,144.0,0.0,144.0,144.0,0.0,0.0,0.0,0.0,0.13510896837882683,2.3143457671354614e-06,0.13510443226112323,0.13511350449653042,0.0164379003504181,0.0013403727537865554,0.01381076975299645,0.019065030947839748,-0.04711111111111112,0.003633338928458643,-0.05423245541089006,-0.03998976681133218,0.03560353052275907,0.0013616677341457483,0.0329346617638334,0.038272399281684744,-0.09411111111111113,0.00373955124349995,-0.10144063154837103,-0.08678159067385123
weighted_tilt_05,True,0.5,0.0,5,144,48,9,ordinary_kg,1000,0.1772990852296545,0.0014449167061163155,0.17446704848566652,0.1801311219736425,0.3423333333333334,0.004461150617025921,0.33358947812396256,0.3510771885427042,0.022501423838430932,1.784453164911867e-05,0.02246644855639866,0.022536399120463204,0.9651875,0.00041097579730086,0.9643819874372903,0.9659930125627096,144.0,0.0,144.0,144.0,0.0,0.0,0.0,0.0,144.0,0.0,144.0,144.0,0.0,0.0,0.0,0.0,0.14377493497557345,1.3558565817252334e-07,0.14377466922768342,0.14377520072346348,-0.01916563017234097,0.0010944769229528886,-0.021310804941328632,-0.01702045540335331,0.047,0.002995465292486517,0.04112888802672643,0.05287111197327357,0.0,0.0,0.0,0.0,0.0,0.0,0.0,0.0
weighted_tilt_05,True,0.5,0.0,5,144,48,9,two_channel_uniform,1000,0.19903913789236083,0.0014301500398833475,0.19623604381418946,0.2018422319705322,0.2771111111111111,0.004132597526124485,0.2690112199599071,0.28521100226231505,0.022013077299119027,3.504246480914921e-05,0.021944394068093096,0.022081760530144958,0.956875,0.0005727673501845554,0.9557523759936383,0.9579976240063618,144.0,0.0,144.0,144.0,0.8209722222222222,0.0013206823098277224,0.8183836848949598,0.8235607595494846,25.78,0.19017825261519195,25.407250624874226,26.152749375125776,23.644,0.038035650523038395,23.569450124974843,23.718549875025154,0.14195626754958832,3.0662583720812355e-06,0.14195025768317904,0.1419622774159976,0.0025744224903653207,0.0016392933864810074,-0.0006385925471374537,0.005787437527868095,-0.018222222222222223,0.004603837396733912,-0.02724574351982069,-0.009198700924623757,0.021740052662706295,0.0016764280952890045,0.018454253595939846,0.025025851729472744,-0.06522222222222222,0.004858927564629142,-0.07474572024889534,-0.0556987241955491
weighted_tilt_05,True,0.5,0.0,5,144,48,9,balanced_mix,1000,0.2008178111793031,0.0014457860953935985,0.19798407043233165,0.20365155192627457,0.28155555555555556,0.004091847058255064,0.27353553532137564,0.2895755757897355,0.022253135028383476,2.9247030114996325e-05,0.022195810849358084,0.02231045920740887,0.9591458333333333,0.0005336486434205789,0.958099881992229,0.9601917846744376,144.0,0.0,144.0,144.0,0.4946875,0.0022870137237095928,0.49020495310152923,0.4991700468984708,72.765,0.3293299762141813,72.1195132466202,73.4104867533798,14.247,0.06586599524283626,14.11790264932404,14.376097350675959,0.14265099383513807,5.079472851694321e-06,0.14264103806834874,0.1426609496019274,0.004353095777307615,0.0014352167501333775,0.0015400709470461955,0.007166120607569035,-0.01377777777777778,0.003981295632384426,-0.021581117217251256,-0.005974438338304304,0.023518725949648586,0.0014818929864767413,0.020614215696154174,0.026423236203142998,-0.060777777777777785,0.004232797052999297,-0.0690740600016564,-0.052481495553899166
weighted_tilt_05,True,0.5,0.0,5,144,48,9,validation_only,1000,0.19952231430973508,0.001449707427564071,0.1966808877517095,0.20236374086776066,0.2761111111111111,0.004162113331579977,0.26795336898121436,0.2842688532410078,0.021917067427310494,3.5538454082329244e-05,0.02184741205730913,0.02198672279731186,0.9556041666666667,0.0005968157910058591,0.9544344077162952,0.9567739256170382,140.0,0.0,140.0,140.0,0.972222222222222,7.025180405943273e-18,0.972222222222222,0.972222222222222,0.0,0.0,0.0,0.0,28.0,0.0,28.0,28.0,0.14164845704737108,1.3824704409042104e-06,0.14164574740530692,0.14165116668943525,0.0030575989077396113,0.0017304376841340721,-0.00033405895316316984,0.006449256768642392,-0.01922222222222222,0.004922904434832577,-0.02887111491449407,-0.00957332952995037,0.02222322908008058,0.001761214902068417,0.018771247872026484,0.02567521028813468,-0.06622222222222222,0.005109781105817462,-0.07623739318962446,-0.05620705125482
weighted_tilt_05,True,0.5,0.0,5,144,48,9,two_channel_kg,1000,0.19587619661975042,0.0014277167873861852,0.1930778717164735,0.19867452152302734,0.27744444444444444,0.004165401876772184,0.26928025676597095,0.2856086321229179,0.021937867827839005,3.546400131479872e-05,0.021868358385262,0.02200737727041601,0.9542708333333334,0.0005757463222440743,0.953142370541735,0.9553992961249318,144.0,0.0,144.0,144.0,0.972222222222222,7.025180405943273e-18,0.972222222222222,0.972222222222222,4.0,0.0,4.0,4.0,28.0,0.0,28.0,28.0,0.14162172116264518,1.5418500384532717e-06,0.14161869913656983,0.14162474318872054,-0.0005885187822450586,0.0015603250069029335,-0.003646755795774808,0.002469718231284691,-0.017888888888888888,0.004289766130160963,-0.026296830504004377,-0.0094809472737734,0.018577111390095914,0.0015583714408712764,0.015522703365988213,0.021631519414203618,-0.06488888888888888,0.004358166001295207,-0.07343089425142749,-0.05634688352635028
validation_tilt_025,False,0.5,0.25,5,48,48,9,uniform,1000,0.19751659607874933,0.0014350470705427477,0.19470390382048555,0.2003292883370131,0.25755555555555554,0.0040676626227534995,0.2495829368149587,0.2655281742961524,0.021930739738269103,1.5952848351063456e-05,0.021899472155501018,0.02196200732103719,0.9094791666666666,0.0004914775110764412,0.9085158707449568,0.9104424625883765,48.0,0.0,48.0,48.0,0.0,0.0,0.0,0.0,48.0,0.0,48.0,48.0,0.0,0.0,0.0,0.0,0.13828773155929935,5.1626939507984115e-08,0.1382876303704979,0.1382878327481008,0.0,0.0,0.0,0.0,0.0,0.0,0.0,0.0,0.01729076360190832,0.0011353016415395622,0.015065572384490777,0.01951595481932586,-0.032,0.003134538483468316,-0.0381436954275979,-0.0258563045724021
validation_tilt_025,False,0.5,0.25,5,48,48,9,uniform_blind,1000,0.21673586995685468,0.001408820119719451,0.21397458252220455,0.2194971573915048,0.2165555555555556,0.00390256742435508,0.20890652340381966,0.22420458770729157,0.03872755028075831,0.00019244200970378728,0.03835036394173889,0.03910473661977774,0.8067083333333332,0.0015261155531149132,0.803717146849228,0.8096995198174385,48.0,0.0,48.0,48.0,0.0,0.0,0.0,0.0,48.0,0.0,48.0,48.0,0.0,0.0,0.0,0.0,0.13347612733294847,6.637928081340121e-07,0.13347482629904453,0.13347742836685242,0.01921927387810537,0.0013762270043567832,0.016521868949566077,0.021916678806644666,-0.041,0.0037184208764350674,-0.048288104917812734,-0.03371189508218727,0.03651003748001369,0.0014241710242860026,0.03371866227241312,0.03930141268761426,-0.073,0.004044010470727544,-0.08092626052262598,-0.065073739477374
validation_tilt_025,False,0.5,0.25,5,48,48,9,uncertainty,1000,0.19602139432818855,0.001407522248964993,0.19326265072021717,0.19878013793615992,0.262,0.004084277573648399,0.25399481595564916,0.27000518404435087,0.021922267915291865,1.5953696778204353e-05,0.021890998669606584,0.021953537160977147,0.9085208333333332,0.0004933057423307853,0.9075539540783649,0.9094877125883015,48.0,0.0,48.0,48.0,0.0,0.0,0.0,0.0,48.0,0.0,48.0,48.0,0.0,0.0,0.0,0.0,0.13830013488251375,8.78147550742909e-19,0.13830013488251375,0.13830013488251375,-0.0014952017505607694,0.0010943149823005854,-0.0036400591158699163,0.0006496556147483777,0.0044444444444444444,0.0029082366747921304,-0.0012556994381481314,0.01014458832703702,0.01579556185134755,0.0012048921454750692,0.013433973246216415,0.018157150456478685,-0.02755555555555556,0.0031609213090945053,-0.03375096132138079,-0.021360149789730328
validation_tilt_025,False,0.5,0.25,5,48,48,9,boundary,1000,0.18937428156102873,0.0013589152823269952,0.1867108076076678,0.19203775551438965,0.27166666666666667,0.004018910980929179,0.2637896011440455,0.27954373218928785,0.02188369607621634,1.5431167277222234e-05,0.021853450988352983,0.021913941164079697,0.9119583333333332,0.0005023838595338203,0.910973660968647,0.9129430056980194,48.0,0.0,48.0,48.0,0.0,0.0,0.0,0.0,48.0,0.0,48.0,48.0,0.0,0.0,0.0,0.0,0.1383120104497261,9.495838857850186e-08,0.1383118243312845,0.1383121965681677,-0.008142314517720578,0.0010637489207110458,-0.010227262402314228,-0.006057366633126927,0.01411111111111111,0.002930399556809652,0.008367527979764193,0.01985469424245803,0.009148449084187741,0.0010427868464216604,0.007104586865201287,0.011192311303174196,-0.017888888888888885,0.002805894845747354,-0.0233884427865537,-0.012389334991224072
validation_tilt_025,False,0.5,0.25,5,48,48,9,bias_blind_kg,1000,0.2060622987732171,0.0014081957125684193,0.203302235176583,0.20882236236985122,0.23166666666666672,0.0038729673920173285,0.22407565057831275,0.23925768275502068,0.06176851427425814,0.0002543398099738382,0.06127000824670942,0.062267020301806864,0.7403125,0.0012538824078119919,0.7378548904806885,0.7427701095193115,48.0,0.0,48.0,48.0,0.0,0.0,0.0,0.0,48.0,0.0,48.0,48.0,0.0,0.0,0.0,0.0,0.13366428234442093,8.695092483270721e-07,0.1336625781062942,0.13366598658254766,0.008545702694467775,0.001106070835941318,0.006377803856022792,0.010713601532912759,-0.025888888888888892,0.002951075167988144,-0.031672996218145656,-0.02010478155963213,0.025836466296376096,0.0012122505509408704,0.023460455216531992,0.0282124773762202,-0.05788888888888889,0.003255417929243831,-0.0642695080302068,-0.05150826974757099
validation_tilt_025,False,0.5,0.25,5,48,48,9,ordinary_kg,1000,0.18022583247684099,0.0013424934726380354,0.17759454527047044,0.18285711968321153,0.28955555555555557,0.004021660602402258,0.28167310077484714,0.297438010336264,0.02184768470666226,1.552741743644235e-05,0.021817250968486832,0.021878118444837686,0.9121041666666666,0.0005093043307473285,0.9111059301784018,0.9131024031549314,48.0,0.0,48.0,48.0,0.0,0.0,0.0,0.0,48.0,0.0,48.0,48.0,0.0,0.0,0.0,0.0,0.1382987876493175,7.820305765611057e-08,0.1382986343713245,0.1382989409273105,-0.01729076360190832,0.0011353016415395622,-0.01951595481932586,-0.015065572384490777,0.032,0.003134538483468316,0.0258563045724021,0.0381436954275979,0.0,0.0,0.0,0.0,0.0,0.0,0.0,0.0
validation_tilt_025,False,0.5,0.25,5,48,48,9,two_channel_uniform,1000,0.20511202567465509,0.0014318061359262764,0.20230568564823959,0.20791836570107058,0.2388888888888889,0.003948374822355633,0.23115007423707185,0.24662770354070596,0.022019191488665726,3.1006197653544045e-05,0.02195841934126478,0.022079963636066673,0.9094583333333333,0.0006070810216200596,0.908268454530958,0.9106482121357086,48.0,0.0,48.0,48.0,0.7942708333333334,0.0023819750871351283,0.7896021621625485,0.7989395045041182,9.875,0.11433480418248612,9.650903783802327,10.099096216197673,7.625,0.022866960836497228,7.580180756760465,7.669819243239535,0.13773400343525916,1.786435232729244e-06,0.137730502022203,0.13773750484831532,0.007595429595905771,0.0013564248442839084,0.0049368369011093104,0.010254022290702231,-0.018666666666666668,0.0037563426507854834,-0.026029098262206216,-0.01130423507112712,0.024886193197814092,0.0014734516019384125,0.021998228058014803,0.027774158337613382,-0.05066666666666667,0.004078567001148435,-0.058660657988917606,-0.04267267534441574
validation_tilt_025,False,0.5,0.25,5,48,48,9,balanced_mix,1000,0.20060191954374795,0.0014104272172383193,0.19783748219796085,0.20336635688953505,0.2477777777777778,0.003947748791778946,0.24004019014589106,0.2555153654096645,0.021994325251421365,2.645639178375464e-05,0.021942470723525207,0.022046179779317523,0.9094791666666666,0.0005806305509511262,0.9083411307868025,0.9106172025465308,48.0,0.0,48.0,48.0,0.4659375,0.0038480182315423746,0.45839538426617693,0.4734796157338231,25.635,0.18470487511403402,25.272978444776495,25.997021555223508,4.473,0.0369409750228068,4.400595688955298,4.5454043110447016,0.13796113310841535,2.722245096376686e-06,0.13795579750802645,0.13796646870880425,0.0030853234649986343,0.001235410511236511,0.0006639188629750728,0.005506728067022196,-0.00977777777777778,0.003412394255946227,-0.016466070519432385,-0.003089485036123175,0.020376087066906953,0.0013371256289759857,0.017755320834114022,0.022996853299699884,-0.04177777777777778,0.003767590469759733,-0.04916225509850686,-0.034393300457048706
validation_tilt_025,False,0.5,0.25,5,48,48,9,validation_only,1000,0.20637304497776512,0.0013868738998403058,0.20365477213407812,0.20909131782145213,0.23433333333333337,0.003862333663088772,0.22676315935367938,0.24190350731298735,0.02205190234775143,3.3305573038625144e-05,0.021986623424595723,0.022117181270907137,0.9096458333333333,0.0005988477279243269,0.9084720917866016,0.9108195748800649,45.0,0.0,45.0,45.0,0.9375,0.0,0.9375,0.9375,0.0,0.0,0.0,0.0,9.0,0.0,9.0,9.0,0.1376382336512603,8.048359995876218e-07,0.1376366561727011,0.1376398111298195,0.008856448899015813,0.0013765779415761102,0.006158356133526636,0.011554541664504989,-0.02322222222222222,0.0038562495749420883,-0.030780471389108714,-0.015663973055335727,0.026147212500924135,0.0014579502844393774,0.023289629943422957,0.029004795058425313,-0.05522222222222223,0.004144582038797847,-0.063345603018266,-0.04709884142617845
validation_tilt_025,False,0.5,0.25,5,48,48,9,two_channel_kg,1000,0.20409400164334862,0.0013987281030803217,0.20135249456131118,0.20683550872538606,0.2406666666666667,0.0038772232358370005,0.23306730912442616,0.24826602420890723,0.022223817823171694,3.4818634668910835e-05,0.02215557329922063,0.02229206234712276,0.9075,0.0006099782474410374,0.9063044426350155,0.9086955573649844,48.0,0.0,48.0,48.0,0.9375,0.0,0.9375,0.9375,3.0,0.0,3.0,3.0,9.0,0.0,9.0,9.0,0.13760584659252675,7.053687488381934e-07,0.13760446406977903,0.13760722911527448,0.00657740556459933,0.001327160335549423,0.00397617130692246,0.009178639822276199,-0.016888888888888894,0.003369829493096192,-0.02349375469535743,-0.010284023082420359,0.02386816916650765,0.0013528485994722052,0.021216585911542126,0.026519752421473173,-0.048888888888888885,0.0034486772618408084,-0.05564829632209687,-0.0421294814556809
validation_tilt_025,False,0.5,0.25,5,144,48,9,uniform,1000,0.18480953628980545,0.0013749178870892803,0.18211469723111046,0.18750437534850045,0.279,0.004041760712463976,0.27107814900357063,0.2869218509964294,0.0219192164000005,1.618638762750507e-05,0.02188749108025059,0.02195094171975041,0.9084375,0.0004901497293418001,0.9074768065304901,0.9093981934695099,144.0,0.0,144.0,144.0,0.0,0.0,0.0,0.0,144.0,0.0,144.0,144.0,0.0,0.0,0.0,0.0,0.13825605331658017,4.760618166369173e-08,0.1382559600084641,0.13825614662469624,0.0,0.0,0.0,0.0,0.0,0.0,0.0,0.0,0.023652506697924153,0.0011221843041566751,0.02145302546177707,0.025851987934071237,-0.04755555555555556,0.0031497983859045888,-0.05372916039192855,-0.04138195071918257
validation_tilt_025,False,0.5,0.25,5,144,48,9,uniform_blind,1000,0.20934242158741317,0.0014517977648636142,0.2064968979682805,0.21218794520654585,0.23244444444444445,0.004028985797159653,0.22454763228201152,0.24034125660687738,0.07848698557825615,0.0003901890234545074,0.07772221509228532,0.07925175606422698,0.6085208333333334,0.002020804094260952,0.604560057308582,0.6124816093580848,144.0,0.0,144.0,144.0,0.0,0.0,0.0,0.0,144.0,0.0,144.0,144.0,0.0,0.0,0.0,0.0,0.1287581428127816,1.2487063233558254e-06,0.12875569534838782,0.1287605902771754,0.024532885297607727,0.0013456124694284602,0.021895484857527944,0.02717028573768751,-0.04655555555555556,0.003706103660199295,-0.05381951872954618,-0.03929159238156494,0.04818539199553187,0.0013972779908116859,0.04544672713354097,0.05092405685752278,-0.09411111111111112,0.004080879746504589,-0.10210963541426012,-0.08611258680796212
validation_tilt_025,False,0.5,0.25,5,144,48,9,uncertainty,1000,0.19501547829789342,0.001400342116653206,0.19227080774925315,0.1977601488465337,0.2648888888888889,0.0040549860724607084,0.2569411161868659,0.2728366615909119,0.02192188214815939,1.593771109098367e-05,0.021890644234421063,0.02195312006189772,0.9085208333333332,0.0004933057423307853,0.9075539540783649,0.9094877125883015,144.0,0.0,144.0,144.0,0.0,0.0,0.0,0.0,144.0,0.0,144.0,144.0,0.0,0.0,0.0,0.0,0.13829492051163975,0.0,0.13829492051163975,0.13829492051163975,0.010205942008087963,0.001280821283180154,0.007695532293054861,0.012716351723121066,-0.01411111111111111,0.0034098854345419576,-0.020794486562813345,-0.007427735659408874,0.03385844870601211,0.001356501953831293,0.031199704876502775,0.036517192535521444,-0.06166666666666667,0.00369865354727286,-0.06891602761932147,-0.05441730571401186
validation_tilt_025,False,0.5,0.25,5,144,48,9,boundary,1000,0.18804966792602942,0.0013647005018851378,0.18537485494233455,0.1907244809097243,0.27411111111111114,0.004046393360160512,0.2661801801251965,0.28204204209702577,0.02187930404699587,1.5427407066731458e-05,0.021849066329145076,0.021909541764846666,0.91225,0.0005033048934948033,0.9112635224087502,0.9132364775912498,144.0,0.0,144.0,144.0,0.0,0.0,0.0,0.0,144.0,0.0,144.0,144.0,0.0,0.0,0.0,0.0,0.13831153052227496,1.0106762349208257e-07,0.13831133242973292,0.138311728614817,0.0032401316362239527,0.0011973694379034886,0.0008932875379331151,0.00558697573451479,-0.00488888888888889,0.0034120465727919542,-0.01157650017156112,0.0017987223937833401,0.02689263833414811,0.001218704379184914,0.024503977750945677,0.02928129891735054,-0.052444444444444446,0.00356638324634779,-0.05943455560728612,-0.045454333281602775
validation_tilt_025,False,0.5,0.25,5,144,48,9,bias_blind_kg,1000,0.19944255756823634,0.001376545321351758,0.19674452873838688,0.2021405863980858,0.2438888888888889,0.003928724897949487,0.2361885880889079,0.2515891896888699,0.1761667152142698,0.00046831698639838613,0.17524881392092895,0.17708461650761065,0.7137083333333334,0.0009231304773495158,0.7118989975977283,0.7155176690689384,144.0,0.0,144.0,144.0,0.0,0.0,0.0,0.0,144.0,0.0,144.0,144.0,0.0,0.0,0.0,0.0,0.13031695892657746,1.7747888080468087e-06,0.13031348034051368,0.13032043751264125,0.01463302127843089,0.0013011093551997697,0.012082846942239342,0.017183195614622438,-0.035111111111111114,0.003673793137245827,-0.042311745660112934,-0.027910476562109293,0.03828552797635504,0.001323618672979368,0.03569123537731548,0.0408798205753946,-0.08266666666666667,0.0038612856422131445,-0.09023478652540443,-0.0750985468079289
validation_tilt_025,False,0.5,0.25,5,144,48,9,ordinary_kg,1000,0.1611570295918813,0.0013224381857086086,0.15856505074789243,0.16374900843587017,0.3265555555555556,0.004234968671786018,0.318255016958855,0.3348560941522562,0.021815308512413565,1.5752569712761414e-05,0.021784433475776552,0.021846183549050577,0.9129166666666667,0.0004913117345981945,0.9119536956668542,0.9138796376664792,144.0,0.0,144.0,144.0,0.0,0.0,0.0,0.0,144.0,0.0,144.0,144.0,0.0,0.0,0.0,0.0,0.13828505901280103,1.3039256154174456e-07,0.1382848034433804,0.13828531458222165,-0.023652506697924153,0.0011221843041566751,-0.025851987934071237,-0.02145302546177707,0.04755555555555556,0.0031497983859045888,0.04138195071918257,0.05372916039192855,0.0,0.0,0.0,0.0,0.0,0.0,0.0,0.0
validation_tilt_025,False,0.5,0.25,5,144,48,9,two_channel_uniform,1000,0.20806932984676513,0.0014331897920906436,0.20526027785426745,0.2108783818392628,0.22977777777777783,0.004022600790482288,0.22189348022843255,0.2376620753271231,0.022322885231086515,5.1946273151927706e-05,0.022221070535708737,0.022424699926464293,0.9069375,0.0007655396101082193,0.9054370423641879,0.908437957635812,144.0,0.0,144.0,144.0,0.8206597222222223,0.0012639557083699545,0.8181823690338171,0.8231370754106274,25.825,0.1820096220052734,25.468261140869664,26.181738859130334,23.635,0.03640192440105468,23.563652228173936,23.706347771826067,0.13652804304039268,2.8414729061312414e-06,0.13652247375349666,0.1365336123272887,0.023259793556959663,0.0018142187568606432,0.019703924793512802,0.026815662320406525,-0.04922222222222222,0.00519607869471806,-0.05940653646386962,-0.039037907980574826,0.04691230025488382,0.00182090406225863,0.043343328292856906,0.05048127221691073,-0.09677777777777777,0.005514091736343585,-0.1075853975810112,-0.08597015797454434
validation_tilt_025,False,0.5,0.25,5,144,48,9,balanced_mix,1000,0.19977580031012046,0.0014214541644080334,0.19698975014788073,0.2025618504723602,0.24966666666666668,0.0040019876053884245,0.24182277096010538,0.257510562373228,0.02208060736308601,4.1150745046149616e-05,0.021999951902795557,0.022161262823376465,0.9084166666666667,0.0006834667871018263,0.907077071763947,0.9097562615693863,144.0,0.0,144.0,144.0,0.49059027777777775,0.002286583086240531,0.4861085749287463,0.4950719806268092,73.355,0.3292679644186364,72.70963478973948,74.00036521026053,14.129,0.06585359288372727,13.999926957947894,14.258073042052105,0.13721074758615148,4.824720915735723e-06,0.13720129113315663,0.13722020403914634,0.014966264020315008,0.0016325974284293683,0.011766373060593447,0.01816615498003657,-0.029333333333333336,0.004422009888659909,-0.03800047271510676,-0.020666193951559914,0.03861877071823916,0.0016132615370915654,0.03545677810553969,0.04178076333093863,-0.07688888888888888,0.004683716094696066,-0.08606897243449317,-0.06770880534328459
validation_tilt_025,False,0.5,0.25,5,144,48,9,validation_only,1000,0.2114176807575053,0.0013988931864996727,0.20867585011196596,0.21415951140304465,0.22344444444444445,0.004000270322926145,0.2156039146115092,0.23128497427737968,0.022450275311441076,5.801982243179026e-05,0.022336556459474768,0.022563994163407385,0.9065416666666667,0.0008072225253470384,0.9049595105169865,0.9081238228163468,140.0,0.0,140.0,140.0,0.972222222222222,7.025180405943273e-18,0.972222222222222,0.972222222222222,0.0,0.0,0.0,0.0,28.0,0.0,28.0,28.0,0.1362283741636946,1.354636568071378e-06,0.13622571907602118,0.136231029251368,0.026608144467699817,0.0018517527148935755,0.02297870914650841,0.030237579788891224,-0.05555555555555556,0.005315117373578607,-0.06597318560776963,-0.04513792550334149,0.05026065116562397,0.0018253358288287873,0.04668299294111955,0.05383830939012839,-0.10311111111111111,0.005532502498195054,-0.11395481600757341,-0.09226740621464881
validation_tilt_025,False,0.5,0.25,5,144,48,9,two_channel_kg,1000,0.22258529349536257,0.001390166827584229,0.2198605665132975,0.22531002047742765,0.20044444444444445,0.003847049186293665,0.19290422803930887,0.20798466084958003,0.0230772185307065,6.203951436457141e-05,0.02295562108255194,0.02319881597886106,0.8975625,0.0007765834240140218,0.8960403964889325,0.8990846035110676,144.0,0.0,144.0,144.0,0.972222222222222,7.025180405943273e-18,0.972222222222222,0.972222222222222,4.0,0.0,4.0,4.0,28.0,0.0,28.0,28.0,0.13621166131904108,1.5017020915442447e-06,0.13620871798294165,0.13621460465514051,0.03777575720555714,0.0016328907492535998,0.034575291337020087,0.040976223074094195,-0.07855555555555557,0.004445488421487248,-0.08726871286167058,-0.06984239824944057,0.061428263903481294,0.0016128843235014207,0.05826701062941851,0.06458951717754408,-0.12611111111111112,0.004505715738239597,-0.13494231395806072,-0.11727990826416151
