scenario,bias_sd,assumed_beta,audit_cost,budget,policy,reps,regret_mean,regret_mcse,regret_lo,regret_hi,overlap_mean,overlap_mcse,overlap_lo,overlap_hi,mse_mean,mse_mcse,mse_lo,mse_hi,coverage_mean,coverage_mcse,coverage_lo,coverage_hi,spent_mean,spent_mcse,spent_lo,spent_hi,validation_fraction_mean,validation_fraction_mcse,validation_fraction_lo,validation_fraction_hi,regular_packets_mean,regular_packets_mcse,regular_packets_lo,regular_packets_hi,validation_packets_mean,validation_packets_mcse,validation_packets_lo,validation_packets_hi,posterior_sd_mean,posterior_sd_mcse,posterior_sd_lo,posterior_sd_hi,repeat_floor_mean,repeat_floor_mcse,repeat_floor_lo,repeat_floor_hi,regret_diff_uniform_mean,regret_diff_uniform_mcse,regret_diff_uniform_lo,regret_diff_uniform_hi,overlap_diff_uniform_mean,overlap_diff_uniform_mcse,overlap_diff_uniform_lo,overlap_diff_uniform_hi,regret_diff_ordinary_kg_mean,regret_diff_ordinary_kg_mcse,regret_diff_ordinary_kg_lo,regret_diff_ordinary_kg_hi,overlap_diff_ordinary_kg_mean,overlap_diff_ordinary_kg_mcse,overlap_diff_ordinary_kg_lo,overlap_diff_ordinary_kg_hi
gaussian,0.0,0.0,2,40,uniform,2000,0.15798510985696923,0.0017036951625746866,0.15464586733832283,0.16132435237561563,0.50525,0.0035289351002066806,0.4983332872035949,0.512166712796405,0.07156965929744864,0.00036756780910397063,0.07084922639160486,0.07229009220329242,0.95095,0.0007688265715677197,0.9494430999197272,0.9524569000802727,40.0,0.0,40.0,40.0,0.0,0.0,0.0,0.0,40.0,0.0,40.0,40.0,0.0,0.0,0.0,0.0,0.2662704669784673,1.6985918050881142e-05,0.2662371745790876,0.266303759377847,0.0,0.0,0.0,0.0,0.0,0.0,0.0,0.0,0.0,0.0,0.0,0.0,0.04791962390820237,0.0015681822354653048,0.04484598672669037,0.050993261089714366,-0.0739375,0.0033299509881778793,-0.08046420393682864,-0.06741079606317137
gaussian,0.0,0.0,2,40,uniform_blind,2000,0.15798510985696923,0.0017036951625746866,0.15464586733832283,0.16132435237561563,0.50525,0.0035289351002066806,0.4983332872035949,0.512166712796405,0.07156965929744864,0.00036756780910397063,0.07084922639160486,0.07229009220329242,0.95095,0.0007688265715677197,0.9494430999197272,0.9524569000802727,40.0,0.0,40.0,40.0,0.0,0.0,0.0,0.0,40.0,0.0,40.0,40.0,0.0,0.0,0.0,0.0,0.2662704669784673,1.6985918050881142e-05,0.2662371745790876,0.266303759377847,0.0,0.0,0.0,0.0,0.0,0.0,0.0,0.0,0.0,0.0,0.0,0.0,0.04791962390820237,0.0015681822354653048,0.04484598672669037,0.050993261089714366,-0.0739375,0.0033299509881778793,-0.08046420393682864,-0.06741079606317137
gaussian,0.0,0.0,2,40,uncertainty,2000,0.1494044257002883,0.0016188662859528045,0.1462314477798208,0.1525774036207558,0.5148125,0.0035025023102193014,0.5079475954719702,0.5216774045280298,0.06855485237773251,0.0003484222209206943,0.06787194482472796,0.06923775993073707,0.9505249999999998,0.0007773202691943969,0.9490014522723789,0.9520485477276208,40.0,0.0,40.0,40.0,0.0,0.0,0.0,0.0,40.0,0.0,40.0,40.0,0.0,0.0,0.0,0.0,0.2620418273530225,2.4831550196201783e-18,0.2620418273530225,0.2620418273530225,0.0,0.0,0.0,0.0,-0.008580684156680889,0.0015062138213345932,-0.011532863246496692,-0.005628505066865086,0.0095625,0.0029976851243797213,0.003687037156215746,0.015437962843784254,0.03933893975152148,0.0013754267370820511,0.036643103346840664,0.0420347761562023,-0.064375,0.002966397974981271,-0.0701891400309633,-0.05856085996903671
gaussian,0.0,0.0,2,40,boundary,2000,0.10944407265407087,0.0013559185023933437,0.10678647238937991,0.11210167291876183,0.5814375,0.0034184650793337512,0.5747373084445059,0.5881376915554942,0.07305510904625251,0.00036506616303712497,0.07233957936669974,0.07377063872580528,0.9503999999999999,0.0007567736472529867,0.948916723651384,0.9518832763486158,40.0,0.0,40.0,40.0,0.0,0.0,0.0,0.0,40.0,0.0,40.0,40.0,0.0,0.0,0.0,0.0,0.2683448594991194,2.8648892090861256e-05,0.2682887076706213,0.2684010113276175,0.0,0.0,0.0,0.0,-0.04854103720289834,0.0015928948902661304,-0.05166311118781995,-0.04541896321797673,0.0761875,0.0033526215425363384,0.06961636177662878,0.08275863822337123,-0.0006214132946959614,0.0006755239597015456,-0.0019454402557109907,0.0007026136663190679,0.00225,0.0015125062272743778,-0.0007145122054577806,0.00521451220545778
gaussian,0.0,0.0,2,40,bias_blind_kg,2000,0.11006548594876682,0.0013528420734071627,0.10741391548488878,0.11271705641264486,0.5791875,0.003440266179755396,0.5724445782876794,0.5859304217123206,0.07374004205968268,0.00037222787424139747,0.07301047542616954,0.07446960869319583,0.9500874999999999,0.0007554801764596548,0.9486067588541389,0.9515682411458608,40.0,0.0,40.0,40.0,0.0,0.0,0.0,0.0,40.0,0.0,40.0,40.0,0.0,0.0,0.0,0.0,0.2693023685130495,3.3433727535150644e-05,0.2692368384070806,0.2693678986190184,0.0,0.0,0.0,0.0,-0.04791962390820237,0.0015681822354653048,-0.050993261089714366,-0.04484598672669037,0.0739375,0.0033299509881778793,0.06741079606317137,0.08046420393682864,0.0,0.0,0.0,0.0,0.0,0.0,0.0,0.0
gaussian,0.0,0.0,2,40,ordinary_kg,2000,0.11006548594876682,0.0013528420734071627,0.10741391548488878,0.11271705641264486,0.5791875,0.003440266179755396,0.5724445782876794,0.5859304217123206,0.07374004205968268,0.00037222787424139747,0.07301047542616954,0.07446960869319583,0.9500874999999999,0.0007554801764596548,0.9486067588541389,0.9515682411458608,40.0,0.0,40.0,40.0,0.0,0.0,0.0,0.0,40.0,0.0,40.0,40.0,0.0,0.0,0.0,0.0,0.2693023685130495,3.3433727535150644e-05,0.2692368384070806,0.2693678986190184,0.0,0.0,0.0,0.0,-0.04791962390820237,0.0015681822354653048,-0.050993261089714366,-0.04484598672669037,0.0739375,0.0033299509881778793,0.06741079606317137,0.08046420393682864,0.0,0.0,0.0,0.0,0.0,0.0,0.0,0.0
gaussian,0.0,0.0,2,40,two_channel_uniform,2000,0.1734384932291349,0.0017572338829090362,0.1699943148186332,0.1768826716396366,0.485,0.003413376344476904,0.47830978236482524,0.49169021763517473,0.07600008480655313,0.00038574729498605184,0.07524402010838047,0.07675614950472578,0.9505624999999999,0.0007743854875426437,0.9490447044444162,0.9520802955555835,40.0,0.0,40.0,40.0,0.654925,0.001983485390580763,0.6510373686344617,0.6588126313655382,13.803,0.07933941562323053,13.647494745378468,13.958505254621533,13.0985,0.03966970781161527,13.020747372689234,13.176252627310765,0.2753638953912221,3.127526297645899e-05,0.2753025958757882,0.27542519490665596,0.0,0.0,0.0,0.0,0.015453383372165714,0.001650545237349277,0.012218314706961131,0.018688452037370296,-0.02025,0.0031861586673495664,-0.02649487098800515,-0.014005129011994851,0.06337300728036808,0.001742184113921322,0.05995832641708229,0.06678768814365388,-0.0941875,0.003494995875528322,-0.10103769191603551,-0.08733730808396448
gaussian,0.0,0.0,2,40,balanced_mix,2000,0.16870112954757388,0.0017367847689252838,0.16529703140048033,0.17210522769466743,0.4876875,0.003440970438794168,0.48094319793996343,0.49443180206003656,0.0748299307171344,0.00038548200599595496,0.07407438598538232,0.07558547544888647,0.9510749999999998,0.0007742153396801808,0.9495575379342266,0.952592462065773,40.0,0.0,40.0,40.0,0.48895,0.0021517466758144274,0.4847325765154037,0.4931674234845963,20.442,0.0860698670325771,20.27330306061615,20.61069693938385,9.779,0.04303493351628855,9.694651530308075,9.863348469691925,0.2730128758651696,3.3449174557830895e-05,0.27294731548303625,0.27307843624730294,0.0,0.0,0.0,0.0,0.01071601969060471,0.001734239665476148,0.00731690994627146,0.014115129434937961,-0.0175625,0.0034545299876528493,-0.024333378775799587,-0.010791621224200416,0.05863564359880708,0.0016755018595549856,0.05535165995407931,0.06191962724353485,-0.0915,0.0034876506208946323,-0.09833579521695347,-0.08466420478304652
gaussian,0.0,0.0,2,40,validation_only,2000,0.17894250561038136,0.001799018927205661,0.17541642851305828,0.18246858270770444,0.4776875,0.003460044201280152,0.47090581336549087,0.4844691866345091,0.07895039665508284,0.0003975273945830642,0.07817124296170004,0.07972955034846564,0.950325,0.000773544680795229,0.9488088524256413,0.9518411475743587,40.0,0.0,40.0,40.0,1.0,0.0,1.0,1.0,0.0,0.0,0.0,0.0,20.0,0.0,20.0,20.0,0.2804274623595478,1.0203721251718845e-05,0.2804074630658944,0.28044746165320117,0.0,0.0,0.0,0.0,0.020957395753412142,0.001886037738085986,0.01726076178676361,0.024654029720060675,-0.0275625,0.003668639394159255,-0.03475303321255214,-0.020371966787447862,0.06887701966161451,0.0018376736972148585,0.06527517921507339,0.07247886010815563,-0.1015,0.003727584330698802,-0.10880606528816966,-0.09419393471183035
gaussian,0.0,0.0,2,40,two_channel_kg,2000,0.11006548594876682,0.0013528420734071627,0.10741391548488878,0.11271705641264486,0.5791875,0.003440266179755396,0.5724445782876794,0.5859304217123206,0.07374004205968268,0.00037222787424139747,0.07301047542616954,0.07446960869319583,0.9500874999999999,0.0007554801764596548,0.9486067588541389,0.9515682411458608,40.0,0.0,40.0,40.0,0.0,0.0,0.0,0.0,40.0,0.0,40.0,40.0,0.0,0.0,0.0,0.0,0.2693023685130495,3.3433727535150644e-05,0.2692368384070806,0.2693678986190184,0.0,0.0,0.0,0.0,-0.04791962390820237,0.0015681822354653048,-0.050993261089714366,-0.04484598672669037,0.0739375,0.0033299509881778793,0.06741079606317137,0.08046420393682864,0.0,0.0,0.0,0.0,0.0,0.0,0.0,0.0
gaussian,0.0,0.0,2,120,uniform,2000,0.10632333120507985,0.001283619894309629,0.10380743621223297,0.10883922619792673,0.5888125,0.0033824246584602704,0.5821829476694178,0.5954420523305821,0.05090932640781486,0.00025993835779901777,0.050399847226528786,0.05141880558910094,0.9512875,0.0007678686300347835,0.9497824774851318,0.9527925225148681,120.0,0.0,120.0,120.0,0.0,0.0,0.0,0.0,120.0,0.0,120.0,120.0,0.0,0.0,0.0,0.0,0.22403856515158424,2.630030539568211e-05,0.2239870165530087,0.22409011375015978,0.0,0.0,0.0,0.0,0.0,0.0,0.0,0.0,0.0,0.0,0.0,0.0,0.04796326801762449,0.001228535943267928,0.04555533756881935,0.05037119846642963,-0.097875,0.0032615082255687666,-0.10426755612211479,-0.09148244387788522
gaussian,0.0,0.0,2,120,uniform_blind,2000,0.10632333120507985,0.001283619894309629,0.10380743621223297,0.10883922619792673,0.5888125,0.0033824246584602704,0.5821829476694178,0.5954420523305821,0.05090932640781486,0.00025993835779901777,0.050399847226528786,0.05141880558910094,0.9512875,0.0007678686300347835,0.9497824774851318,0.9527925225148681,120.0,0.0,120.0,120.0,0.0,0.0,0.0,0.0,120.0,0.0,120.0,120.0,0.0,0.0,0.0,0.0,0.22403856515158424,2.630030539568211e-05,0.2239870165530087,0.22409011375015978,0.0,0.0,0.0,0.0,0.0,0.0,0.0,0.0,0.0,0.0,0.0,0.0,0.04796326801762449,0.001228535943267928,0.04555533756881935,0.05037119846642963,-0.097875,0.0032615082255687666,-0.10426755612211479,-0.09148244387788522
gaussian,0.0,0.0,2,120,uncertainty,2000,0.09710990795389893,0.001214710628533388,0.09472907512197348,0.09949074078582437,0.5994375,0.00334757018745761,0.5928762624325831,0.6059987375674168,0.047620447140215516,0.00023173731388591285,0.04716624200499913,0.0480746522754319,0.950425,0.0007686547355941257,0.9489184367182355,0.9519315632817644,120.0,0.0,120.0,120.0,0.0,0.0,0.0,0.0,120.0,0.0,120.0,120.0,0.0,0.0,0.0,0.0,0.2184090021309516,6.207887549050446e-19,0.2184090021309516,0.2184090021309516,0.0,0.0,0.0,0.0,-0.009213423251180916,0.0011533009832079227,-0.011473893178268444,-0.006952953324093388,0.010625,0.002898427181690749,0.004944082723886132,0.01630591727611387,0.03874984476644357,0.0011109793348934157,0.03657232527005247,0.040927364262834665,-0.08725,0.002993964873346281,-0.0931181711517587,-0.08138182884824129
gaussian,0.0,0.0,2,120,boundary,2000,0.05838784521126961,0.0009242939723575931,0.056576229025448725,0.06019946139709049,0.6873125,0.0033526075539168448,0.680741389194323,0.693883610805677,0.05914262361577377,0.00031723950424348554,0.05852083418745654,0.059764413044091004,0.949425,0.0007789098393067609,0.9478983367149587,0.9509516632850412,120.0,0.0,120.0,120.0,0.0,0.0,0.0,0.0,120.0,0.0,120.0,120.0,0.0,0.0,0.0,0.0,0.23725571683734833,9.012783169500644e-05,0.2370790662872261,0.23743236738747056,0.0,0.0,0.0,0.0,-0.04793548599381024,0.0012284614883032033,-0.05034327051088452,-0.04552770147673597,0.0985,0.0033304535667803923,0.09197231100911044,0.10502768899088957,2.778202381424638e-05,0.00042447648586335055,-0.0008041918884779207,0.0008597559361064135,0.000625,0.0014633866330258925,-0.002243237800730749,0.0034932378007307492
gaussian,0.0,0.0,2,120,bias_blind_kg,2000,0.05836006318745537,0.0009162234930849837,0.0565642651410088,0.06015586123390194,0.6866875,0.0033641980970646104,0.6800936717297533,0.6932813282702467,0.05832927095800294,0.0003099477763074924,0.05772177331644026,0.05893676859956563,0.9499375,0.0007700329682949491,0.9484282353821419,0.951446764617858,120.0,0.0,120.0,120.0,0.0,0.0,0.0,0.0,120.0,0.0,120.0,120.0,0.0,0.0,0.0,0.0,0.23612170574653452,9.161021175040894e-05,0.2359421497315037,0.23630126176156532,0.0,0.0,0.0,0.0,-0.04796326801762449,0.001228535943267928,-0.05037119846642963,-0.04555533756881935,0.097875,0.0032615082255687666,0.09148244387788522,0.10426755612211479,0.0,0.0,0.0,0.0,0.0,0.0,0.0,0.0
gaussian,0.0,0.0,2,120,ordinary_kg,2000,0.05836006318745537,0.0009162234930849837,0.0565642651410088,0.06015586123390194,0.6866875,0.0033641980970646104,0.6800936717297533,0.6932813282702467,0.05832927095800294,0.0003099477763074924,0.05772177331644026,0.05893676859956563,0.9499375,0.0007700329682949491,0.9484282353821419,0.951446764617858,120.0,0.0,120.0,120.0,0.0,0.0,0.0,0.0,120.0,0.0,120.0,120.0,0.0,0.0,0.0,0.0,0.23612170574653452,9.161021175040894e-05,0.2359421497315037,0.23630126176156532,0.0,0.0,0.0,0.0,-0.04796326801762449,0.001228535943267928,-0.05037119846642963,-0.04555533756881935,0.097875,0.0032615082255687666,0.09148244387788522,0.10426755612211479,0.0,0.0,0.0,0.0,0.0,0.0,0.0,0.0
gaussian,0.0,0.0,2,120,two_channel_uniform,2000,0.12671664423943582,0.0014309774567402716,0.1239119284242249,0.12952136005464676,0.5536875,0.00333394136186844,0.5471529749307379,0.5602220250692621,0.05965593784378654,0.0003066440582709956,0.05905491548957539,0.06025696019799769,0.9504874999999998,0.0007632274758975741,0.9489915741472406,0.9519834258527591,120.0,0.0,120.0,120.0,0.6610833333333332,0.0011159362119031447,0.6588960983580031,0.6632705683086634,40.67,0.13391234542837735,40.407531802960385,40.93246819703962,39.665,0.06695617271418867,39.53376590148019,39.79623409851981,0.24264576259536522,4.1960288098758356e-05,0.24256352043069165,0.24272800476003878,0.0,0.0,0.0,0.0,0.02039331303435597,0.001613819162865389,0.017230227475139807,0.02355639859357213,-0.035125,0.003712227431576879,-0.04240096576589068,-0.02784903423410932,0.06835658105198045,0.001510974604985102,0.06539507082620964,0.07131809127775125,-0.133,0.003748753336215641,-0.14034755653898268,-0.12565244346101734
gaussian,0.0,0.0,2,120,balanced_mix,2000,0.12089127911567418,0.0013961451472220081,0.11815483462711905,0.12362772360422931,0.56275,0.0033561008561242968,0.5561720423219964,0.5693279576780036,0.057024965186066166,0.00029622389442318756,0.05644436635299672,0.057605564019135615,0.9516749999999999,0.0007606405027917217,0.9501841446145282,0.9531658553854717,120.0,0.0,120.0,120.0,0.49673333333333336,0.0012565532737339603,0.4942704889168148,0.4991961777498519,60.392,0.1507863928480752,60.096458670017775,60.68754132998223,29.804,0.0753931964240376,29.656229335008884,29.951770664991113,0.23767068779692976,4.492161644147348e-05,0.23758264142870447,0.23775873416515506,0.0,0.0,0.0,0.0,0.014567947910594327,0.0015189896505960396,0.01159072819542609,0.017545167625762564,-0.0260625,0.0036334735945175146,-0.03318410824525433,-0.01894089175474567,0.06253121592821881,0.0014442945702465848,0.0597003985705355,0.06536203328590212,-0.1239375,0.0036809209291043124,-0.13115210502104446,-0.11672289497895555
gaussian,0.0,0.0,2,120,validation_only,2000,0.14197054101595133,0.001564961602907315,0.138903216274253,0.14503786575764965,0.531,0.003418977508496041,0.5242988040833478,0.5377011959166522,0.06516823654318954,0.00033861354544174774,0.06450455399412372,0.06583191909225536,0.9496374999999999,0.0007689757530178466,0.9481303075240849,0.9511446924759149,120.0,0.0,120.0,120.0,1.0,0.0,1.0,1.0,0.0,0.0,0.0,0.0,60.0,0.0,60.0,60.0,0.2538068345809626,2.1380795533475418e-05,0.253764928221717,0.2538487409402082,0.0,0.0,0.0,0.0,0.035647209810871494,0.0018478503026815216,0.032025423217615714,0.039268996404127274,-0.0578125,0.004218386666121001,-0.06608053786559717,-0.04954446213440284,0.08361047782849598,0.0017120947873374552,0.08025477204531457,0.08696618361167739,-0.1556875,0.004154566780597253,-0.1638304508899706,-0.1475445491100294
gaussian,0.0,0.0,2,120,two_channel_kg,2000,0.05836006318745537,0.0009162234930849837,0.0565642651410088,0.06015586123390194,0.6866875,0.0033641980970646104,0.6800936717297533,0.6932813282702467,0.05832927095800294,0.0003099477763074924,0.05772177331644026,0.05893676859956563,0.9499375,0.0007700329682949491,0.9484282353821419,0.951446764617858,120.0,0.0,120.0,120.0,0.0,0.0,0.0,0.0,120.0,0.0,120.0,120.0,0.0,0.0,0.0,0.0,0.23612170574653452,9.161021175040894e-05,0.2359421497315037,0.23630126176156532,0.0,0.0,0.0,0.0,-0.04796326801762449,0.001228535943267928,-0.05037119846642963,-0.04555533756881935,0.097875,0.0032615082255687666,0.09148244387788522,0.10426755612211479,0.0,0.0,0.0,0.0,0.0,0.0,0.0,0.0
gaussian,0.0,0.0,5,40,uniform,2000,0.15798510985696923,0.0017036951625746866,0.15464586733832283,0.16132435237561563,0.50525,0.0035289351002066806,0.4983332872035949,0.512166712796405,0.07156965929744864,0.00036756780910397063,0.07084922639160486,0.07229009220329242,0.95095,0.0007688265715677197,0.9494430999197272,0.9524569000802727,40.0,0.0,40.0,40.0,0.0,0.0,0.0,0.0,40.0,0.0,40.0,40.0,0.0,0.0,0.0,0.0,0.2662704669784673,1.6985918050881142e-05,0.2662371745790876,0.266303759377847,0.0,0.0,0.0,0.0,0.0,0.0,0.0,0.0,0.0,0.0,0.0,0.0,0.04791962390820237,0.0015681822354653048,0.04484598672669037,0.050993261089714366,-0.0739375,0.0033299509881778793,-0.08046420393682864,-0.06741079606317137
gaussian,0.0,0.0,5,40,uniform_blind,2000,0.15798510985696923,0.0017036951625746866,0.15464586733832283,0.16132435237561563,0.50525,0.0035289351002066806,0.4983332872035949,0.512166712796405,0.07156965929744864,0.00036756780910397063,0.07084922639160486,0.07229009220329242,0.95095,0.0007688265715677197,0.9494430999197272,0.9524569000802727,40.0,0.0,40.0,40.0,0.0,0.0,0.0,0.0,40.0,0.0,40.0,40.0,0.0,0.0,0.0,0.0,0.2662704669784673,1.6985918050881142e-05,0.2662371745790876,0.266303759377847,0.0,0.0,0.0,0.0,0.0,0.0,0.0,0.0,0.0,0.0,0.0,0.0,0.04791962390820237,0.0015681822354653048,0.04484598672669037,0.050993261089714366,-0.0739375,0.0033299509881778793,-0.08046420393682864,-0.06741079606317137
gaussian,0.0,0.0,5,40,uncertainty,2000,0.1494044257002883,0.0016188662859528045,0.1462314477798208,0.1525774036207558,0.5148125,0.0035025023102193014,0.5079475954719702,0.5216774045280298,0.06855485237773251,0.0003484222209206943,0.06787194482472796,0.06923775993073707,0.9505249999999998,0.0007773202691943969,0.9490014522723789,0.9520485477276208,40.0,0.0,40.0,40.0,0.0,0.0,0.0,0.0,40.0,0.0,40.0,40.0,0.0,0.0,0.0,0.0,0.2620418273530225,2.4831550196201783e-18,0.2620418273530225,0.2620418273530225,0.0,0.0,0.0,0.0,-0.008580684156680889,0.0015062138213345932,-0.011532863246496692,-0.005628505066865086,0.0095625,0.0029976851243797213,0.003687037156215746,0.015437962843784254,0.03933893975152148,0.0013754267370820511,0.036643103346840664,0.0420347761562023,-0.064375,0.002966397974981271,-0.0701891400309633,-0.05856085996903671
gaussian,0.0,0.0,5,40,boundary,2000,0.10944407265407087,0.0013559185023933437,0.10678647238937991,0.11210167291876183,0.5814375,0.0034184650793337512,0.5747373084445059,0.5881376915554942,0.07305510904625251,0.00036506616303712497,0.07233957936669974,0.07377063872580528,0.9503999999999999,0.0007567736472529867,0.948916723651384,0.9518832763486158,40.0,0.0,40.0,40.0,0.0,0.0,0.0,0.0,40.0,0.0,40.0,40.0,0.0,0.0,0.0,0.0,0.2683448594991194,2.8648892090861256e-05,0.2682887076706213,0.2684010113276175,0.0,0.0,0.0,0.0,-0.04854103720289834,0.0015928948902661304,-0.05166311118781995,-0.04541896321797673,0.0761875,0.0033526215425363384,0.06961636177662878,0.08275863822337123,-0.0006214132946959614,0.0006755239597015456,-0.0019454402557109907,0.0007026136663190679,0.00225,0.0015125062272743778,-0.0007145122054577806,0.00521451220545778
gaussian,0.0,0.0,5,40,bias_blind_kg,2000,0.11006548594876682,0.0013528420734071627,0.10741391548488878,0.11271705641264486,0.5791875,0.003440266179755396,0.5724445782876794,0.5859304217123206,0.07374004205968268,0.00037222787424139747,0.07301047542616954,0.07446960869319583,0.9500874999999999,0.0007554801764596548,0.9486067588541389,0.9515682411458608,40.0,0.0,40.0,40.0,0.0,0.0,0.0,0.0,40.0,0.0,40.0,40.0,0.0,0.0,0.0,0.0,0.2693023685130495,3.3433727535150644e-05,0.2692368384070806,0.2693678986190184,0.0,0.0,0.0,0.0,-0.04791962390820237,0.0015681822354653048,-0.050993261089714366,-0.04484598672669037,0.0739375,0.0033299509881778793,0.06741079606317137,0.08046420393682864,0.0,0.0,0.0,0.0,0.0,0.0,0.0,0.0
gaussian,0.0,0.0,5,40,ordinary_kg,2000,0.11006548594876682,0.0013528420734071627,0.10741391548488878,0.11271705641264486,0.5791875,0.003440266179755396,0.5724445782876794,0.5859304217123206,0.07374004205968268,0.00037222787424139747,0.07301047542616954,0.07446960869319583,0.9500874999999999,0.0007554801764596548,0.9486067588541389,0.9515682411458608,40.0,0.0,40.0,40.0,0.0,0.0,0.0,0.0,40.0,0.0,40.0,40.0,0.0,0.0,0.0,0.0,0.2693023685130495,3.3433727535150644e-05,0.2692368384070806,0.2693678986190184,0.0,0.0,0.0,0.0,-0.04791962390820237,0.0015681822354653048,-0.050993261089714366,-0.04484598672669037,0.0739375,0.0033299509881778793,0.06741079606317137,0.08046420393682864,0.0,0.0,0.0,0.0,0.0,0.0,0.0,0.0
gaussian,0.0,0.0,5,40,two_channel_uniform,2000,0.18687958442022004,0.0018500203269417037,0.1832535445794143,0.19050562426102577,0.4650625,0.0034687779558698426,0.4582636952064951,0.47186130479350485,0.08114066922940706,0.00040887975490732406,0.08033926490978871,0.08194207354902541,0.949875,0.0007749870902118286,0.9483560253031849,0.9513939746968152,40.0,0.0,40.0,40.0,0.786125,0.0018449611454754696,0.7825088761548681,0.7897411238451318,8.555,0.07379844581901877,8.410355046194724,8.699644953805276,6.289,0.014759689163803756,6.260071009238945,6.317928990761055,0.28443626092520524,4.6458301944300944e-05,0.2843452026533944,0.28452731919701607,0.0,0.0,0.0,0.0,0.028894474563250824,0.0017295661361701358,0.025504524936357357,0.03228442419014429,-0.0401875,0.0032292669840851265,-0.046516863288806845,-0.03385813671119316,0.07681409847145321,0.0017747764746661198,0.07333553658110761,0.0802926603617988,-0.114125,0.0034834515074423458,-0.120952564954587,-0.107297435045413
gaussian,0.0,0.0,5,40,balanced_mix,2000,0.17293359287092636,0.0017743907321951975,0.16945578703582376,0.17641139870602895,0.481,0.00350967896298388,0.47412102923255156,0.4878789707674484,0.07692536397784143,0.0003929983939113447,0.07615508712577519,0.07769564082990767,0.9503625,0.0007716140492470943,0.9488501364634757,0.9518748635365243,40.0,0.0,40.0,40.0,0.4578125,0.003031323247723854,0.45187110643446127,0.46375389356553876,21.6875,0.12125292990895417,21.44984425737845,21.92515574262155,3.6625,0.02425058598179083,3.61496885147569,3.71003114852431,0.27651522993940464,7.200266876699592e-05,0.27637410470862134,0.27665635517018794,0.0,0.0,0.0,0.0,0.014948483013957166,0.0017429006713870414,0.011532397698038564,0.018364568329875767,-0.02425,0.003354199841734112,-0.03082423168979886,-0.01767576831020114,0.06286810692215954,0.0017066139605153765,0.0595231435595494,0.06621307028476968,-0.0981875,0.0033971821551357214,-0.104845977024066,-0.09152902297593399
gaussian,0.0,0.0,5,40,validation_only,2000,0.1961768920527432,0.0018943499282751987,0.1924639661933238,0.1998898179121626,0.4523125,0.0034739320695556125,0.445503593143671,0.459121406856329,0.0843091598005696,0.00042341427802165105,0.08347926781564717,0.08513905178549204,0.9500124999999999,0.0007680013573669374,0.9485072173395608,0.9515177826604391,40.0,0.0,40.0,40.0,1.0,0.0,1.0,1.0,0.0,0.0,0.0,0.0,8.0,0.0,8.0,8.0,0.2899002355536861,4.3455480200612975e-06,0.2898917182795668,0.2899087528278054,0.0,0.0,0.0,0.0,0.03819178219577399,0.0018443204937634442,0.03457691402799764,0.041806650363550336,-0.0529375,0.0034797659666227893,-0.059757841294580664,-0.04611715870541933,0.08611140610397637,0.0018352514147412183,0.08251431333108358,0.08970849887686916,-0.126875,0.0035953554035364666,-0.13392189659093146,-0.11982810340906852
gaussian,0.0,0.0,5,40,two_channel_kg,2000,0.11006548594876682,0.0013528420734071627,0.10741391548488878,0.11271705641264486,0.5791875,0.003440266179755396,0.5724445782876794,0.5859304217123206,0.07374004205968268,0.00037222787424139747,0.07301047542616954,0.07446960869319583,0.9500874999999999,0.0007554801764596548,0.9486067588541389,0.9515682411458608,40.0,0.0,40.0,40.0,0.0,0.0,0.0,0.0,40.0,0.0,40.0,40.0,0.0,0.0,0.0,0.0,0.2693023685130495,3.3433727535150644e-05,0.2692368384070806,0.2693678986190184,0.0,0.0,0.0,0.0,-0.04791962390820237,0.0015681822354653048,-0.050993261089714366,-0.04484598672669037,0.0739375,0.0033299509881778793,0.06741079606317137,0.08046420393682864,0.0,0.0,0.0,0.0,0.0,0.0,0.0,0.0
gaussian,0.0,0.0,5,120,uniform,2000,0.10632333120507985,0.001283619894309629,0.10380743621223297,0.10883922619792673,0.5888125,0.0033824246584602704,0.5821829476694178,0.5954420523305821,0.05090932640781486,0.00025993835779901777,0.050399847226528786,0.05141880558910094,0.9512875,0.0007678686300347835,0.9497824774851318,0.9527925225148681,120.0,0.0,120.0,120.0,0.0,0.0,0.0,0.0,120.0,0.0,120.0,120.0,0.0,0.0,0.0,0.0,0.22403856515158424,2.630030539568211e-05,0.2239870165530087,0.22409011375015978,0.0,0.0,0.0,0.0,0.0,0.0,0.0,0.0,0.0,0.0,0.0,0.0,0.04796326801762449,0.001228535943267928,0.04555533756881935,0.05037119846642963,-0.097875,0.0032615082255687666,-0.10426755612211479,-0.09148244387788522
gaussian,0.0,0.0,5,120,uniform_blind,2000,0.10632333120507985,0.001283619894309629,0.10380743621223297,0.10883922619792673,0.5888125,0.0033824246584602704,0.5821829476694178,0.5954420523305821,0.05090932640781486,0.00025993835779901777,0.050399847226528786,0.05141880558910094,0.9512875,0.0007678686300347835,0.9497824774851318,0.9527925225148681,120.0,0.0,120.0,120.0,0.0,0.0,0.0,0.0,120.0,0.0,120.0,120.0,0.0,0.0,0.0,0.0,0.22403856515158424,2.630030539568211e-05,0.2239870165530087,0.22409011375015978,0.0,0.0,0.0,0.0,0.0,0.0,0.0,0.0,0.0,0.0,0.0,0.0,0.04796326801762449,0.001228535943267928,0.04555533756881935,0.05037119846642963,-0.097875,0.0032615082255687666,-0.10426755612211479,-0.09148244387788522
gaussian,0.0,0.0,5,120,uncertainty,2000,0.09710990795389893,0.001214710628533388,0.09472907512197348,0.09949074078582437,0.5994375,0.00334757018745761,0.5928762624325831,0.6059987375674168,0.047620447140215516,0.00023173731388591285,0.04716624200499913,0.0480746522754319,0.950425,0.0007686547355941257,0.9489184367182355,0.9519315632817644,120.0,0.0,120.0,120.0,0.0,0.0,0.0,0.0,120.0,0.0,120.0,120.0,0.0,0.0,0.0,0.0,0.2184090021309516,6.207887549050446e-19,0.2184090021309516,0.2184090021309516,0.0,0.0,0.0,0.0,-0.009213423251180916,0.0011533009832079227,-0.011473893178268444,-0.006952953324093388,0.010625,0.002898427181690749,0.004944082723886132,0.01630591727611387,0.03874984476644357,0.0011109793348934157,0.03657232527005247,0.040927364262834665,-0.08725,0.002993964873346281,-0.0931181711517587,-0.08138182884824129
gaussian,0.0,0.0,5,120,boundary,2000,0.05838784521126961,0.0009242939723575931,0.056576229025448725,0.06019946139709049,0.6873125,0.0033526075539168448,0.680741389194323,0.693883610805677,0.05914262361577377,0.00031723950424348554,0.05852083418745654,0.059764413044091004,0.949425,0.0007789098393067609,0.9478983367149587,0.9509516632850412,120.0,0.0,120.0,120.0,0.0,0.0,0.0,0.0,120.0,0.0,120.0,120.0,0.0,0.0,0.0,0.0,0.23725571683734833,9.012783169500644e-05,0.2370790662872261,0.23743236738747056,0.0,0.0,0.0,0.0,-0.04793548599381024,0.0012284614883032033,-0.05034327051088452,-0.04552770147673597,0.0985,0.0033304535667803923,0.09197231100911044,0.10502768899088957,2.778202381424638e-05,0.00042447648586335055,-0.0008041918884779207,0.0008597559361064135,0.000625,0.0014633866330258925,-0.002243237800730749,0.0034932378007307492
gaussian,0.0,0.0,5,120,bias_blind_kg,2000,0.05836006318745537,0.0009162234930849837,0.0565642651410088,0.06015586123390194,0.6866875,0.0033641980970646104,0.6800936717297533,0.6932813282702467,0.05832927095800294,0.0003099477763074924,0.05772177331644026,0.05893676859956563,0.9499375,0.0007700329682949491,0.9484282353821419,0.951446764617858,120.0,0.0,120.0,120.0,0.0,0.0,0.0,0.0,120.0,0.0,120.0,120.0,0.0,0.0,0.0,0.0,0.23612170574653452,9.161021175040894e-05,0.2359421497315037,0.23630126176156532,0.0,0.0,0.0,0.0,-0.04796326801762449,0.001228535943267928,-0.05037119846642963,-0.04555533756881935,0.097875,0.0032615082255687666,0.09148244387788522,0.10426755612211479,0.0,0.0,0.0,0.0,0.0,0.0,0.0,0.0
gaussian,0.0,0.0,5,120,ordinary_kg,2000,0.05836006318745537,0.0009162234930849837,0.0565642651410088,0.06015586123390194,0.6866875,0.0033641980970646104,0.6800936717297533,0.6932813282702467,0.05832927095800294,0.0003099477763074924,0.05772177331644026,0.05893676859956563,0.9499375,0.0007700329682949491,0.9484282353821419,0.951446764617858,120.0,0.0,120.0,120.0,0.0,0.0,0.0,0.0,120.0,0.0,120.0,120.0,0.0,0.0,0.0,0.0,0.23612170574653452,9.161021175040894e-05,0.2359421497315037,0.23630126176156532,0.0,0.0,0.0,0.0,-0.04796326801762449,0.001228535943267928,-0.05037119846642963,-0.04555533756881935,0.097875,0.0032615082255687666,0.09148244387788522,0.10426755612211479,0.0,0.0,0.0,0.0,0.0,0.0,0.0,0.0
gaussian,0.0,0.0,5,120,two_channel_uniform,2000,0.15840608324172384,0.0016894396205368743,0.15509478158547158,0.1617173848979761,0.5051875,0.0034443534164054,0.49843656730384545,0.5119384326961546,0.07074838923737393,0.00036476864367737986,0.07003344269576627,0.0714633357789816,0.9505374999999999,0.0007820278643790976,0.9490047253858169,0.9520702746141829,120.0,0.0,120.0,120.0,0.8159791666666667,0.0010302032016786446,0.8139599683913765,0.8179983649419569,22.0825,0.12362438420143733,21.84019620696518,22.324803793034818,19.5835,0.024724876840287468,19.535039241393036,19.631960758606965,0.26521399256490996,6.617180753221215e-05,0.2650842958221468,0.2653436893076731,0.0,0.0,0.0,0.0,0.052082752036643996,0.0017959580032145103,0.04856267435034356,0.05560282972294443,-0.083625,0.003792838316979696,-0.09105896310128021,-0.0761910368987198,0.10004602005426848,0.0017528198662267373,0.09661049311646407,0.10348154699207289,-0.1815,0.003855441896347039,-0.1890566661168402,-0.1739433338831598
gaussian,0.0,0.0,5,120,balanced_mix,2000,0.13409095075523905,0.0014985315469267782,0.13115382892326258,0.13702807258721553,0.5408125,0.003434262766919725,0.5340813449768373,0.5475436550231627,0.061508931239456145,0.00032212190690421815,0.06087757230192388,0.06214029017698841,0.9505999999999999,0.0007632897913982774,0.9491039520088592,0.9520960479911406,120.0,0.0,120.0,120.0,0.486,0.0017534378279690217,0.4825632618571807,0.4894367381428193,61.68,0.21041253935628262,61.267591422861685,62.092408577138315,11.664,0.04208250787125652,11.581518284572336,11.746481715427663,0.24644352915652834,9.384339683937449e-05,0.24625959609872317,0.24662746221433351,0.0,0.0,0.0,0.0,0.0277676195501592,0.0015452208991362027,0.024738986587852244,0.030796252512466156,-0.048,0.0035842169026724232,-0.05502506512923795,-0.04097493487076205,0.07573088756778368,0.001487609076536542,0.07281517377777205,0.0786466013577953,-0.145875,0.003684829530905862,-0.15309726588057548,-0.13865273411942453
gaussian,0.0,0.0,5,120,validation_only,2000,0.17380140873885325,0.0017530049558953365,0.1703655190252984,0.1772372984524081,0.4850625,0.003470850428673657,0.47825963315979964,0.4918653668402004,0.07729205471656031,0.00038769845961675965,0.07653216573571146,0.07805194369740916,0.9504625,0.0007685422079741088,0.9489561572723707,0.9519688427276293,120.0,0.0,120.0,120.0,1.0,0.0,1.0,1.0,0.0,0.0,0.0,0.0,24.0,0.0,24.0,24.0,0.27744217769090795,1.16484685610211e-05,0.2774193466925284,0.27746500868928753,0.0,0.0,0.0,0.0,0.06747807753377338,0.001933193289896651,0.06368901868557594,0.07126713638197082,-0.10375,0.004126126356445555,-0.11183720765863328,-0.09566279234136671,0.11544134555139787,0.001838292320552798,0.11183829260311438,0.11904439849968136,-0.201625,0.004092010748211902,-0.20964534106649532,-0.19360465893350468
gaussian,0.0,0.0,5,120,two_channel_kg,2000,0.05836006318745537,0.0009162234930849837,0.0565642651410088,0.06015586123390194,0.6866875,0.0033641980970646104,0.6800936717297533,0.6932813282702467,0.05832927095800294,0.0003099477763074924,0.05772177331644026,0.05893676859956563,0.9499375,0.0007700329682949491,0.9484282353821419,0.951446764617858,120.0,0.0,120.0,120.0,0.0,0.0,0.0,0.0,120.0,0.0,120.0,120.0,0.0,0.0,0.0,0.0,0.23612170574653452,9.161021175040894e-05,0.2359421497315037,0.23630126176156532,0.0,0.0,0.0,0.0,-0.04796326801762449,0.001228535943267928,-0.05037119846642963,-0.04555533756881935,0.097875,0.0032615082255687666,0.09148244387788522,0.10426755612211479,0.0,0.0,0.0,0.0,0.0,0.0,0.0,0.0
gaussian,0.0,0.0,10,40,uniform,2000,0.15798510985696923,0.0017036951625746866,0.15464586733832283,0.16132435237561563,0.50525,0.0035289351002066806,0.4983332872035949,0.512166712796405,0.07156965929744864,0.00036756780910397063,0.07084922639160486,0.07229009220329242,0.95095,0.0007688265715677197,0.9494430999197272,0.9524569000802727,40.0,0.0,40.0,40.0,0.0,0.0,0.0,0.0,40.0,0.0,40.0,40.0,0.0,0.0,0.0,0.0,0.2662704669784673,1.6985918050881142e-05,0.2662371745790876,0.266303759377847,0.0,0.0,0.0,0.0,0.0,0.0,0.0,0.0,0.0,0.0,0.0,0.0,0.04791962390820237,0.0015681822354653048,0.04484598672669037,0.050993261089714366,-0.0739375,0.0033299509881778793,-0.08046420393682864,-0.06741079606317137
gaussian,0.0,0.0,10,40,uniform_blind,2000,0.15798510985696923,0.0017036951625746866,0.15464586733832283,0.16132435237561563,0.50525,0.0035289351002066806,0.4983332872035949,0.512166712796405,0.07156965929744864,0.00036756780910397063,0.07084922639160486,0.07229009220329242,0.95095,0.0007688265715677197,0.9494430999197272,0.9524569000802727,40.0,0.0,40.0,40.0,0.0,0.0,0.0,0.0,40.0,0.0,40.0,40.0,0.0,0.0,0.0,0.0,0.2662704669784673,1.6985918050881142e-05,0.2662371745790876,0.266303759377847,0.0,0.0,0.0,0.0,0.0,0.0,0.0,0.0,0.0,0.0,0.0,0.0,0.04791962390820237,0.0015681822354653048,0.04484598672669037,0.050993261089714366,-0.0739375,0.0033299509881778793,-0.08046420393682864,-0.06741079606317137
gaussian,0.0,0.0,10,40,uncertainty,2000,0.1494044257002883,0.0016188662859528045,0.1462314477798208,0.1525774036207558,0.5148125,0.0035025023102193014,0.5079475954719702,0.5216774045280298,0.06855485237773251,0.0003484222209206943,0.06787194482472796,0.06923775993073707,0.9505249999999998,0.0007773202691943969,0.9490014522723789,0.9520485477276208,40.0,0.0,40.0,40.0,0.0,0.0,0.0,0.0,40.0,0.0,40.0,40.0,0.0,0.0,0.0,0.0,0.2620418273530225,2.4831550196201783e-18,0.2620418273530225,0.2620418273530225,0.0,0.0,0.0,0.0,-0.008580684156680889,0.0015062138213345932,-0.011532863246496692,-0.005628505066865086,0.0095625,0.0029976851243797213,0.003687037156215746,0.015437962843784254,0.03933893975152148,0.0013754267370820511,0.036643103346840664,0.0420347761562023,-0.064375,0.002966397974981271,-0.0701891400309633,-0.05856085996903671
gaussian,0.0,0.0,10,40,boundary,2000,0.10944407265407087,0.0013559185023933437,0.10678647238937991,0.11210167291876183,0.5814375,0.0034184650793337512,0.5747373084445059,0.5881376915554942,0.07305510904625251,0.00036506616303712497,0.07233957936669974,0.07377063872580528,0.9503999999999999,0.0007567736472529867,0.948916723651384,0.9518832763486158,40.0,0.0,40.0,40.0,0.0,0.0,0.0,0.0,40.0,0.0,40.0,40.0,0.0,0.0,0.0,0.0,0.2683448594991194,2.8648892090861256e-05,0.2682887076706213,0.2684010113276175,0.0,0.0,0.0,0.0,-0.04854103720289834,0.0015928948902661304,-0.05166311118781995,-0.04541896321797673,0.0761875,0.0033526215425363384,0.06961636177662878,0.08275863822337123,-0.0006214132946959614,0.0006755239597015456,-0.0019454402557109907,0.0007026136663190679,0.00225,0.0015125062272743778,-0.0007145122054577806,0.00521451220545778
gaussian,0.0,0.0,10,40,bias_blind_kg,2000,0.11006548594876682,0.0013528420734071627,0.10741391548488878,0.11271705641264486,0.5791875,0.003440266179755396,0.5724445782876794,0.5859304217123206,0.07374004205968268,0.00037222787424139747,0.07301047542616954,0.07446960869319583,0.9500874999999999,0.0007554801764596548,0.9486067588541389,0.9515682411458608,40.0,0.0,40.0,40.0,0.0,0.0,0.0,0.0,40.0,0.0,40.0,40.0,0.0,0.0,0.0,0.0,0.2693023685130495,3.3433727535150644e-05,0.2692368384070806,0.2693678986190184,0.0,0.0,0.0,0.0,-0.04791962390820237,0.0015681822354653048,-0.050993261089714366,-0.04484598672669037,0.0739375,0.0033299509881778793,0.06741079606317137,0.08046420393682864,0.0,0.0,0.0,0.0,0.0,0.0,0.0,0.0
gaussian,0.0,0.0,10,40,ordinary_kg,2000,0.11006548594876682,0.0013528420734071627,0.10741391548488878,0.11271705641264486,0.5791875,0.003440266179755396,0.5724445782876794,0.5859304217123206,0.07374004205968268,0.00037222787424139747,0.07301047542616954,0.07446960869319583,0.9500874999999999,0.0007554801764596548,0.9486067588541389,0.9515682411458608,40.0,0.0,40.0,40.0,0.0,0.0,0.0,0.0,40.0,0.0,40.0,40.0,0.0,0.0,0.0,0.0,0.2693023685130495,3.3433727535150644e-05,0.2692368384070806,0.2693678986190184,0.0,0.0,0.0,0.0,-0.04791962390820237,0.0015681822354653048,-0.050993261089714366,-0.04484598672669037,0.0739375,0.0033299509881778793,0.06741079606317137,0.08046420393682864,0.0,0.0,0.0,0.0,0.0,0.0,0.0,0.0
gaussian,0.0,0.0,10,40,two_channel_uniform,2000,0.1879872922435527,0.0018457303697455864,0.18436966071885136,0.19160492376825405,0.4641875,0.003432578108085678,0.45745964690815205,0.4709153530918479,0.08203956877611515,0.00041740849823960005,0.08122144811956554,0.08285768943266476,0.9503125,0.0007661353689634671,0.9488108746768316,0.9518141253231684,40.0,0.0,40.0,40.0,0.764,0.0014989574499359077,0.7610620433981257,0.7669379566018744,9.44,0.0599582979974363,9.322481735925024,9.557518264074975,3.056,0.005995829799743631,3.0442481735925027,3.0677518264074974,0.28628479750803787,4.430694284666724e-05,0.2861979559000584,0.2863716391160173,0.0,0.0,0.0,0.0,0.030002182386583514,0.0016382352288913597,0.026791241337956448,0.03321312343521058,-0.0410625,0.003049311963148293,-0.047039151447770655,-0.03508584855222935,0.07792180629478589,0.0017387656634628701,0.07451382559439866,0.08132978699517311,-0.115,0.0034087933988756355,-0.12168123506179625,-0.10831876493820376
gaussian,0.0,0.0,10,40,balanced_mix,2000,0.17539984659301788,0.0018003339825978367,0.1718711919871261,0.17892850119890966,0.4790625,0.003501370673775141,0.4721998134794007,0.4859251865205993,0.07699008121964872,0.0003945380563591345,0.07621678662918481,0.07776337581011263,0.950475,0.0007755242784421556,0.9489549724142533,0.9519950275857466,40.0,0.0,40.0,40.0,0.416875,0.004031918944210851,0.40897243886934675,0.42477756113065324,23.325,0.16127675776843403,23.008897554773867,23.64110244522613,1.6675,0.016127675776843403,1.635889755477387,1.699110244522613,0.27684894534720444,0.00010675533757763207,0.2766397048855523,0.2770581858088566,0.0,0.0,0.0,0.0,0.01741473673604868,0.0017246721639735906,0.014034379294660443,0.02079509417743692,-0.0261875,0.00325874951416537,-0.03257464904776412,-0.019800350952235875,0.06533436064425106,0.0016820054845168373,0.06203762989459806,0.06863109139390407,-0.100125,0.00337283155284131,-0.10673574984356897,-0.09351425015643104
gaussian,0.0,0.0,10,40,validation_only,2000,0.2023545167841033,0.0019468365249946818,0.1985387171951137,0.20617031637309288,0.444625,0.003478196891250861,0.4378077340931483,0.45144226590685166,0.08620292871030964,0.0004336227912350555,0.08535302803948894,0.08705282938113035,0.9499375,0.0007641228557924255,0.9484398192026469,0.9514351807973531,40.0,0.0,40.0,40.0,1.0,0.0,1.0,1.0,0.0,0.0,0.0,0.0,4.0,0.0,4.0,4.0,0.2932294859210466,2.061040791115816e-06,0.293225446281096,0.2932335255609972,0.0,0.0,0.0,0.0,0.044369406927134085,0.0018331374755900672,0.04077645747497755,0.04796235637929062,-0.060625,0.0033674693186881675,-0.0672252398646288,-0.05402476013537119,0.09228903083533646,0.0018518259295178961,0.08865945201348138,0.09591860965719154,-0.1345625,0.003542654124522742,-0.14150610208406458,-0.12761889791593542
gaussian,0.0,0.0,10,40,two_channel_kg,2000,0.11006548594876682,0.0013528420734071627,0.10741391548488878,0.11271705641264486,0.5791875,0.003440266179755396,0.5724445782876794,0.5859304217123206,0.07374004205968268,0.00037222787424139747,0.07301047542616954,0.07446960869319583,0.9500874999999999,0.0007554801764596548,0.9486067588541389,0.9515682411458608,40.0,0.0,40.0,40.0,0.0,0.0,0.0,0.0,40.0,0.0,40.0,40.0,0.0,0.0,0.0,0.0,0.2693023685130495,3.3433727535150644e-05,0.2692368384070806,0.2693678986190184,0.0,0.0,0.0,0.0,-0.04791962390820237,0.0015681822354653048,-0.050993261089714366,-0.04484598672669037,0.0739375,0.0033299509881778793,0.06741079606317137,0.08046420393682864,0.0,0.0,0.0,0.0,0.0,0.0,0.0,0.0
gaussian,0.0,0.0,10,120,uniform,2000,0.10632333120507985,0.001283619894309629,0.10380743621223297,0.10883922619792673,0.5888125,0.0033824246584602704,0.5821829476694178,0.5954420523305821,0.05090932640781486,0.00025993835779901777,0.050399847226528786,0.05141880558910094,0.9512875,0.0007678686300347835,0.9497824774851318,0.9527925225148681,120.0,0.0,120.0,120.0,0.0,0.0,0.0,0.0,120.0,0.0,120.0,120.0,0.0,0.0,0.0,0.0,0.22403856515158424,2.630030539568211e-05,0.2239870165530087,0.22409011375015978,0.0,0.0,0.0,0.0,0.0,0.0,0.0,0.0,0.0,0.0,0.0,0.0,0.04796326801762449,0.001228535943267928,0.04555533756881935,0.05037119846642963,-0.097875,0.0032615082255687666,-0.10426755612211479,-0.09148244387788522
gaussian,0.0,0.0,10,120,uniform_blind,2000,0.10632333120507985,0.001283619894309629,0.10380743621223297,0.10883922619792673,0.5888125,0.0033824246584602704,0.5821829476694178,0.5954420523305821,0.05090932640781486,0.00025993835779901777,0.050399847226528786,0.05141880558910094,0.9512875,0.0007678686300347835,0.9497824774851318,0.9527925225148681,120.0,0.0,120.0,120.0,0.0,0.0,0.0,0.0,120.0,0.0,120.0,120.0,0.0,0.0,0.0,0.0,0.22403856515158424,2.630030539568211e-05,0.2239870165530087,0.22409011375015978,0.0,0.0,0.0,0.0,0.0,0.0,0.0,0.0,0.0,0.0,0.0,0.0,0.04796326801762449,0.001228535943267928,0.04555533756881935,0.05037119846642963,-0.097875,0.0032615082255687666,-0.10426755612211479,-0.09148244387788522
gaussian,0.0,0.0,10,120,uncertainty,2000,0.09710990795389893,0.001214710628533388,0.09472907512197348,0.09949074078582437,0.5994375,0.00334757018745761,0.5928762624325831,0.6059987375674168,0.047620447140215516,0.00023173731388591285,0.04716624200499913,0.0480746522754319,0.950425,0.0007686547355941257,0.9489184367182355,0.9519315632817644,120.0,0.0,120.0,120.0,0.0,0.0,0.0,0.0,120.0,0.0,120.0,120.0,0.0,0.0,0.0,0.0,0.2184090021309516,6.207887549050446e-19,0.2184090021309516,0.2184090021309516,0.0,0.0,0.0,0.0,-0.009213423251180916,0.0011533009832079227,-0.011473893178268444,-0.006952953324093388,0.010625,0.002898427181690749,0.004944082723886132,0.01630591727611387,0.03874984476644357,0.0011109793348934157,0.03657232527005247,0.040927364262834665,-0.08725,0.002993964873346281,-0.0931181711517587,-0.08138182884824129
gaussian,0.0,0.0,10,120,boundary,2000,0.05838784521126961,0.0009242939723575931,0.056576229025448725,0.06019946139709049,0.6873125,0.0033526075539168448,0.680741389194323,0.693883610805677,0.05914262361577377,0.00031723950424348554,0.05852083418745654,0.059764413044091004,0.949425,0.0007789098393067609,0.9478983367149587,0.9509516632850412,120.0,0.0,120.0,120.0,0.0,0.0,0.0,0.0,120.0,0.0,120.0,120.0,0.0,0.0,0.0,0.0,0.23725571683734833,9.012783169500644e-05,0.2370790662872261,0.23743236738747056,0.0,0.0,0.0,0.0,-0.04793548599381024,0.0012284614883032033,-0.05034327051088452,-0.04552770147673597,0.0985,0.0033304535667803923,0.09197231100911044,0.10502768899088957,2.778202381424638e-05,0.00042447648586335055,-0.0008041918884779207,0.0008597559361064135,0.000625,0.0014633866330258925,-0.002243237800730749,0.0034932378007307492
gaussian,0.0,0.0,10,120,bias_blind_kg,2000,0.05836006318745537,0.0009162234930849837,0.0565642651410088,0.06015586123390194,0.6866875,0.0033641980970646104,0.6800936717297533,0.6932813282702467,0.05832927095800294,0.0003099477763074924,0.05772177331644026,0.05893676859956563,0.9499375,0.0007700329682949491,0.9484282353821419,0.951446764617858,120.0,0.0,120.0,120.0,0.0,0.0,0.0,0.0,120.0,0.0,120.0,120.0,0.0,0.0,0.0,0.0,0.23612170574653452,9.161021175040894e-05,0.2359421497315037,0.23630126176156532,0.0,0.0,0.0,0.0,-0.04796326801762449,0.001228535943267928,-0.05037119846642963,-0.04555533756881935,0.097875,0.0032615082255687666,0.09148244387788522,0.10426755612211479,0.0,0.0,0.0,0.0,0.0,0.0,0.0,0.0
gaussian,0.0,0.0,10,120,ordinary_kg,2000,0.05836006318745537,0.0009162234930849837,0.0565642651410088,0.06015586123390194,0.6866875,0.0033641980970646104,0.6800936717297533,0.6932813282702467,0.05832927095800294,0.0003099477763074924,0.05772177331644026,0.05893676859956563,0.9499375,0.0007700329682949491,0.9484282353821419,0.951446764617858,120.0,0.0,120.0,120.0,0.0,0.0,0.0,0.0,120.0,0.0,120.0,120.0,0.0,0.0,0.0,0.0,0.23612170574653452,9.161021175040894e-05,0.2359421497315037,0.23630126176156532,0.0,0.0,0.0,0.0,-0.04796326801762449,0.001228535943267928,-0.05037119846642963,-0.04555533756881935,0.097875,0.0032615082255687666,0.09148244387788522,0.10426755612211479,0.0,0.0,0.0,0.0,0.0,0.0,0.0,0.0
gaussian,0.0,0.0,10,120,two_channel_uniform,2000,0.17362146204963358,0.0017555853934140867,0.17018051467854198,0.17706240942072518,0.48475,0.0034356488603385785,0.4780161282337364,0.4914838717662636,0.07649879218308718,0.00039396021008756334,0.07572663017131556,0.0772709541948588,0.9506125,0.0007789958852070942,0.9490856680649941,0.9521393319350059,120.0,0.0,120.0,120.0,0.872625,0.0010245915843841032,0.8706168004946071,0.8746331995053929,15.285,0.1229509901260925,15.04401605935286,15.52598394064714,10.4715,0.012295099012609249,10.447401605935287,10.495598394064714,0.27623877424046733,8.109486927259154e-05,0.27607982829669303,0.27639772018424164,0.0,0.0,0.0,0.0,0.06729813084455374,0.0018408253397019046,0.06369011317873802,0.07090614851036947,-0.1040625,0.0038164691817677097,-0.11154277959626471,-0.09658222040373529,0.11526139886217822,0.0018166244227647043,0.1117008149935594,0.11882198273079704,-0.2019375,0.003924726874241531,-0.20962996467351339,-0.1942450353264866
gaussian,0.0,0.0,10,120,balanced_mix,2000,0.134984804383331,0.0015300865721218668,0.13198583470197214,0.13798377406468984,0.5395625,0.0034483791418908846,0.5328036768818938,0.5463213231181061,0.06262529001678613,0.0003370820468718284,0.061964609204917344,0.0632859708286549,0.9507749999999998,0.0007648478172759567,0.949275898278139,0.9522741017218607,120.0,0.0,120.0,120.0,0.4672083333333334,0.002400439408376674,0.4625034720929151,0.4719131945737517,63.935,0.2880527290052008,63.37041665114981,64.4995833488502,5.6065,0.028805272900520082,5.55004166511498,5.662958334885019,0.24866999826080025,0.00014526448342097226,0.24838527987329515,0.24895471664830535,0.0,0.0,0.0,0.0,0.028661473178251143,0.0015504506002389168,0.025622590001782866,0.03170035635471942,-0.04925,0.0034916689599764506,-0.056093671161553844,-0.04240632883844616,0.07662474119587563,0.001525903588946258,0.07363397016154097,0.0796155122302103,-0.147125,0.003564675040108254,-0.15411176307861219,-0.14013823692138783
gaussian,0.0,0.0,10,120,validation_only,2000,0.19085161544207882,0.001860907433904602,0.1872042368716258,0.19449899401253185,0.4615625,0.0034172026840629433,0.45486478273923664,0.46826021726076333,0.08238476054868064,0.0004138216373245269,0.08157367013952457,0.08319585095783671,0.9503999999999999,0.0007676438878603048,0.9488954179797937,0.9519045820202061,120.0,0.0,120.0,120.0,1.0,0.0,1.0,1.0,0.0,0.0,0.0,0.0,12.0,0.0,12.0,12.0,0.28665389365633653,6.3194937272687034e-06,0.2866415074486311,0.286666279864042,0.0,0.0,0.0,0.0,0.08452828423699896,0.00197214667954845,0.08066287674508399,0.08839369172891393,-0.12725,0.003960429111772447,-0.135012441059074,-0.11948755894092601,0.13249155225462342,0.0019230183988723612,0.12872243619283358,0.13626066831641326,-0.225125,0.0039935687653077446,-0.23295239478000318,-0.2172976052199968
gaussian,0.0,0.0,10,120,two_channel_kg,2000,0.05836006318745537,0.0009162234930849837,0.0565642651410088,0.06015586123390194,0.6866875,0.0033641980970646104,0.6800936717297533,0.6932813282702467,0.05832927095800294,0.0003099477763074924,0.05772177331644026,0.05893676859956563,0.9499375,0.0007700329682949491,0.9484282353821419,0.951446764617858,120.0,0.0,120.0,120.0,0.0,0.0,0.0,0.0,120.0,0.0,120.0,120.0,0.0,0.0,0.0,0.0,0.23612170574653452,9.161021175040894e-05,0.2359421497315037,0.23630126176156532,0.0,0.0,0.0,0.0,-0.04796326801762449,0.001228535943267928,-0.05037119846642963,-0.04555533756881935,0.097875,0.0032615082255687666,0.09148244387788522,0.10426755612211479,0.0,0.0,0.0,0.0,0.0,0.0,0.0,0.0
gaussian,0.15,0.15,2,40,uniform,2000,0.1683572000055246,0.001711121263918811,0.16500340232824373,0.17171099768280546,0.4874375,0.003532437133612778,0.480513923218119,0.49436107678188107,0.07565560671071357,0.0003760167560481486,0.0749186138688592,0.07639259955256794,0.9499374999999999,0.0007446435683580085,0.9484779986060182,0.9513970013939815,40.0,0.0,40.0,40.0,0.0,0.0,0.0,0.0,40.0,0.0,40.0,40.0,0.0,0.0,0.0,0.0,0.27381245226884665,1.654032810570647e-05,0.27378003322575944,0.27384487131193386,0.019008620689655174,6.598162437737987e-20,0.019008620689655174,0.019008620689655174,0.0,0.0,0.0,0.0,0.0,0.0,0.0,0.0,0.04417695835504932,0.001608230378176744,0.0410248268138229,0.04732908989627574,-0.0636875,0.0032022526653812736,-0.06996391522414729,-0.057411084775852696
gaussian,0.15,0.15,2,40,uniform_blind,2000,0.16862961250938588,0.001709980454208673,0.16527805081913688,0.17198117419963488,0.48725,0.0035370767175526355,0.48031732963359686,0.4941826703664032,0.07602847198454202,0.00037811816772428735,0.07528736037580241,0.07676958359328162,0.9420999999999999,0.0008023742282757466,0.9405273465125795,0.9436726534874204,40.0,0.0,40.0,40.0,0.0,0.0,0.0,0.0,40.0,0.0,40.0,40.0,0.0,0.0,0.0,0.0,0.26629591278613995,1.704375963253085e-05,0.2662625070172602,0.26632931855501973,0.0,0.0,0.0,0.0,0.00027241250386129853,0.0002784209913639276,-0.00027329263921199964,0.0008181176469345968,-0.0001875,0.0005485564045195989,-0.0012626705528584138,0.0008876705528584139,0.04444937085891061,0.001605272754031036,0.04130303626100978,0.047595705456811445,-0.063875,0.0031936604266829117,-0.0701345744362985,-0.05761542556370149
gaussian,0.15,0.15,2,40,uncertainty,2000,0.1618915701121038,0.0016598138961460315,0.1586383348756576,0.16514480534855003,0.495625,0.003439808618101388,0.48888297510852124,0.5023670248914787,0.07279180120210203,0.0003519392941825483,0.07210200018550424,0.07348160221869983,0.9507874999999999,0.0007456954490449587,0.9493259369198718,0.952249063080128,40.0,0.0,40.0,40.0,0.0,0.0,0.0,0.0,40.0,0.0,40.0,40.0,0.0,0.0,0.0,0.0,0.2696047514264191,0.0,0.2696047514264191,0.2696047514264191,0.01900862068965519,1.5519718872626114e-19,0.01900862068965519,0.01900862068965519,-0.006465629893420803,0.0015478230755305421,-0.009499363121460665,-0.0034318966653809407,0.0081875,0.0029365179619313367,0.00243192479461458,0.01394307520538542,0.03771132846162851,0.0014263896685900758,0.03491560471119196,0.040507052212065055,-0.0555,0.0029770360884503848,-0.06133499073336275,-0.04966500926663725
gaussian,0.15,0.15,2,40,boundary,2000,0.12495788921988706,0.0014717363029404813,0.1220732860661237,0.1278424923736504,0.55,0.0035220221208717515,0.5430968366430914,0.5569031633569087,0.0772388642545144,0.0003810802033829706,0.07649194705588377,0.07798578145314503,0.9506125,0.0007362844078476872,0.9491693825606186,0.9520556174393814,40.0,0.0,40.0,40.0,0.0,0.0,0.0,0.0,40.0,0.0,40.0,40.0,0.0,0.0,0.0,0.0,0.27642223487554685,3.142138166466348e-05,0.2763606489674841,0.2764838207836096,0.019008620689655163,1.1462549590054424e-19,0.019008620689655163,0.019008620689655163,-0.04339931078563754,0.001627648966697823,-0.04658950276036527,-0.04020911881090981,0.0625625,0.0032496100580900193,0.05619326428614355,0.06893173571385643,0.0007776475694117759,0.0005927016178305096,-0.0003840476015360229,0.0019393427403595746,-0.001125,0.0012686792191016964,-0.003611611269439325,0.0013616112694393248
gaussian,0.15,0.15,2,40,bias_blind_kg,2000,0.12449413147175176,0.0014525948335342867,0.12164704559802456,0.12734121734547896,0.55025,0.0035113488911695688,0.5433677561733077,0.5571322438266924,0.07787257975075489,0.00038129218304261647,0.07712524707199135,0.07861991242951842,0.9416125,0.0007935181203845876,0.9400572044840462,0.9431677955159538,40.0,0.0,40.0,40.0,0.0,0.0,0.0,0.0,40.0,0.0,40.0,40.0,0.0,0.0,0.0,0.0,0.26944125844505046,3.412213607673342e-05,0.26937437905834005,0.26950813783176086,0.0,0.0,0.0,0.0,-0.04386306853377283,0.0016074709730837691,-0.04701371164101702,-0.04071242542652864,0.0628125,0.003201134533728083,0.05653827631389295,0.06908672368610703,0.0003138898212764782,0.0004181801691397496,-0.0005057433102374309,0.0011335229527903875,-0.000875,0.0009270501056842746,-0.0026920182071411784,0.0009420182071411782
gaussian,0.15,0.15,2,40,ordinary_kg,2000,0.12418024165047527,0.0014496386063627738,0.12133894998200423,0.1270215333189463,0.551125,0.0035172685107037523,0.5442311537190206,0.5580188462809793,0.07746753488957239,0.00037960755709558685,0.07672350407766504,0.07821156570147975,0.950625,0.0007314863112948904,0.9491912868298621,0.952058713170138,40.0,0.0,40.0,40.0,0.0,0.0,0.0,0.0,40.0,0.0,40.0,40.0,0.0,0.0,0.0,0.0,0.2767083506066005,3.181566696161285e-05,0.27664599189935574,0.27677070931384523,0.019008620689655163,1.0879035113713553e-19,0.019008620689655163,0.019008620689655163,-0.04417695835504932,0.001608230378176744,-0.04732908989627574,-0.0410248268138229,0.0636875,0.0032022526653812736,0.057411084775852696,0.06996391522414729,0.0,0.0,0.0,0.0,0.0,0.0,0.0,0.0
gaussian,0.15,0.15,2,40,two_channel_uniform,2000,0.17830912387305745,0.0017839625231961878,0.1748125573275929,0.181805690418522,0.4770625,0.0035107163601686446,0.47018149593406944,0.48394350406593056,0.0787111333892341,0.00039105934453808266,0.07794465707393947,0.07947760970452875,0.9505749999999998,0.0007454780722986683,0.9491138629782945,0.9520361370217052,40.0,0.0,40.0,40.0,0.6567000000000001,0.0019233836596870566,0.6529301680270134,0.6604698319729867,13.732,0.07693534638748227,13.581206721080534,13.882793278919465,13.134,0.038467673193741135,13.058603360540268,13.209396639459733,0.2794639203826222,2.199790908725098e-05,0.2794208044808112,0.2795070362844332,0.018656562101290384,1.0143945074407151e-06,0.0186545738880558,0.018658550314524968,0.009951923867532847,0.0016666934861223805,0.006685204634732982,0.013218643100332713,-0.010375,0.0031951677163911023,-0.016637528724126563,-0.00411247127587344,0.054128882222582164,0.0017879663472849631,0.05062446818190364,0.05763329626326069,-0.0740625,0.003521404825186451,-0.08096445345736544,-0.06716054654263456
gaussian,0.15,0.15,2,40,balanced_mix,2000,0.17895692411980021,0.0017720960650528426,0.17548361583229663,0.1824302324073038,0.47475,0.0034048884537810262,0.4680764186305892,0.4814235813694108,0.07840182742598284,0.0003898894456222368,0.07763764411256326,0.07916601073940242,0.9496874999999999,0.0007612224718837783,0.9481955039551077,0.9511794960448922,40.0,0.0,40.0,40.0,0.4848,0.002199294989132793,0.48048938182129974,0.4891106181787003,20.608,0.08797179956531172,20.435575272851988,20.780424727148013,9.696,0.04398589978265586,9.609787636425994,9.782212363574006,0.2778796592636726,2.379866381485189e-05,0.27783301388259546,0.2779263046447497,0.018747680114245328,1.1725842952512216e-06,0.018745381849026636,0.01874997837946402,0.010599724114275616,0.001795581838340141,0.00708038371112894,0.014119064517422293,-0.0126875,0.0033423334690578367,-0.01923847359935336,-0.006136526400646641,0.054776682469324926,0.0017638132412956837,0.05131960851638539,0.058233756422264464,-0.076375,0.0034544386317649813,-0.08314569971825936,-0.06960430028174064
gaussian,0.15,0.15,2,40,validation_only,2000,0.18553312208293954,0.0018109160596581286,0.18198372660600962,0.18908251755986946,0.4658125,0.003465754881742961,0.4590196204317838,0.47260537956821624,0.08074530130744037,0.000399671811286436,0.07996194455731896,0.08152865805756178,0.9504,0.0007423833689767479,0.9489449285968056,0.9518550714031945,40.0,0.0,40.0,40.0,1.0,0.0,1.0,1.0,0.0,0.0,0.0,0.0,20.0,0.0,20.0,20.0,0.2828891808587383,1.0298393427791302e-05,0.28286899600761983,0.2829093657098568,0.0184773157988975,1.3200278730851522e-07,0.018477057073434378,0.018477574524360624,0.017175922077414942,0.001886155064111392,0.013479058151756615,0.02087278600307327,-0.021625,0.0035738726852652765,-0.02862979046311994,-0.014620209536880056,0.061352880432464243,0.0018774232609648695,0.0576731308409731,0.06503263002395539,-0.0853125,0.00371817594231957,-0.09260012484694635,-0.07802487515305365
gaussian,0.15,0.15,2,40,two_channel_kg,2000,0.1251694488216203,0.0014437863253379216,0.12233962762395796,0.1279992700192826,0.55025,0.0034822901117240513,0.5434247113810209,0.5570752886189791,0.07780289200362069,0.0003828386759825499,0.07705252819869489,0.07855325580854648,0.95085,0.0007328675169487995,0.9494135796667803,0.9522864203332196,40.0,0.0,40.0,40.0,0.0955,0.0019164971903815485,0.09174366550685217,0.09925633449314783,36.18,0.07665988761526195,36.02974662027409,36.33025337972591,1.91,0.03832994380763097,1.8348733101370431,1.9851266898629567,0.2773377043622686,3.618549881443812e-05,0.2772667807845923,0.2774086279399449,0.018957196452126013,1.0198289302671801e-06,0.01895519758742269,0.018959195316829335,-0.043187751183904326,0.0016231028768859542,-0.0463690328226008,-0.040006469545207854,0.0628125,0.0032206093886549087,0.05650010559823637,0.06912489440176361,0.0009892071711449888,0.0006207339536643716,-0.0002274313780371794,0.002205845720327157,-0.000875,0.0014686543706162332,-0.003753562566407817,0.0020035625664078173
gaussian,0.15,0.15,2,120,uniform,2000,0.12335184425070468,0.0014057331652952158,0.12059660724672606,0.1261070812546833,0.55125,0.003472741887631307,0.5444434259002426,0.5580565740997574,0.05807961957963101,0.00028773817103887566,0.05751565276439481,0.058643586394867206,0.950125,0.0007543385850202975,0.9486464963733602,0.9516035036266398,120.0,0.0,120.0,120.0,0.0,0.0,0.0,0.0,120.0,0.0,120.0,120.0,0.0,0.0,0.0,0.0,0.24014148941674268,2.4424480714937856e-05,0.2400936174345414,0.24018936139894395,0.019008620689655177,2.3664390796794917e-20,0.019008620689655177,0.019008620689655177,0.0,0.0,0.0,0.0,0.0,0.0,0.0,0.0,0.04291153858411726,0.0012923349690357215,0.04037856204480725,0.04544451512342727,-0.084,0.0031125201028580273,-0.09010053940160173,-0.07789946059839828
gaussian,0.15,0.15,2,120,uniform_blind,2000,0.1234382846185226,0.0014114987637663865,0.12067174704154049,0.12620482219550472,0.5508125,0.003472019027877003,0.5440073427053611,0.557617657294639,0.05892253471783519,0.00029174619012013823,0.05835071218519972,0.05949435725047066,0.92825,0.0008915176116184763,0.9265026254812279,0.9299973745187722,120.0,0.0,120.0,120.0,0.0,0.0,0.0,0.0,120.0,0.0,120.0,120.0,0.0,0.0,0.0,0.0,0.22404399590156587,2.677246205600329e-05,0.2239915218759361,0.22409646992719565,0.0,0.0,0.0,0.0,8.644036781791636e-05,0.0002851552187151261,-0.0004724638608637308,0.0006453445964995635,-0.0004375,0.0006405198511481573,-0.0016929189082503882,0.0008179189082503883,0.04299797895193518,0.0012914473992203337,0.04046674204946333,0.045529215854407036,-0.0844375,0.003121026425689139,-0.0905547117943507,-0.07832028820564929
gaussian,0.15,0.15,2,120,uncertainty,2000,0.11480552318741337,0.0013540738355716242,0.11215153846969299,0.11745950790513375,0.5666875,0.003471591262637699,0.5598831811252302,0.5734918188747699,0.05522374315819157,0.0002658158443879688,0.05470274410319115,0.05574474221319199,0.95025,0.0007501667315087565,0.9487796732062429,0.9517203267937572,120.0,0.0,120.0,120.0,0.0,0.0,0.0,0.0,120.0,0.0,120.0,120.0,0.0,0.0,0.0,0.0,0.23504275789569806,2.4831550196201783e-18,0.23504275789569806,0.23504275789569806,0.019008620689655177,0.0,0.019008620689655177,0.019008620689655177,-0.008546321063291312,0.0012656135098172623,-0.011026923542533146,-0.006065718584049478,0.0154375,0.0027849261127724373,0.009979044818966023,0.020895955181033977,0.03436521752082595,0.0012078157229938851,0.03199789870375793,0.036732536337893966,-0.0685625,0.00293710083714175,-0.07431921764079782,-0.06280578235920217
gaussian,0.15,0.15,2,120,boundary,2000,0.08222355509598805,0.001162669423123046,0.07994472302666689,0.08450238716530922,0.632375,0.0034768123043097537,0.6255604478835529,0.6391895521164471,0.067049935856932,0.0003461725239602821,0.06637143770996985,0.06772843400389415,0.9495,0.0007534313700760719,0.948023274514651,0.9509767254853491,120.0,0.0,120.0,120.0,0.0,0.0,0.0,0.0,120.0,0.0,120.0,120.0,0.0,0.0,0.0,0.0,0.25561457101992463,9.491946975477068e-05,0.2554285288592053,0.25580061318064395,0.01900862068965517,6.265816215251735e-20,0.01900862068965517,0.01900862068965517,-0.04112828915471664,0.0013385039463801505,-0.04375175688962173,-0.03850482141981155,0.081125,0.0031751528286434686,0.07490170045585881,0.0873482995441412,0.0017832494294006275,0.0006156785170586047,0.0005765195359657622,0.002989979322835493,-0.002875,0.0016023306210672017,-0.006015568017291716,0.00026556801729171525
gaussian,0.15,0.15,2,120,bias_blind_kg,2000,0.08079068344407324,0.001125791268311416,0.07858413255818286,0.08299723432996362,0.635125,0.0034755980893278306,0.6283128277449175,0.6419371722550826,0.06538029883619208,0.00033410338541210255,0.06472545620078436,0.06603514147159979,0.9269749999999999,0.0009031306716112581,0.9252048638836419,0.9287451361163579,120.0,0.0,120.0,120.0,0.0,0.0,0.0,0.0,120.0,0.0,120.0,120.0,0.0,0.0,0.0,0.0,0.23690681090599552,9.217825319822225e-05,0.236726141529727,0.23708748028226403,0.0,0.0,0.0,0.0,-0.04256116080663144,0.0012974072358908706,-0.04510407898897755,-0.040018242624285334,0.083875,0.0031079248359464785,0.07778346732154491,0.0899665326784551,0.000350377777485816,0.0003749033393278662,-0.00038443276759680175,0.0010851883225684337,-0.000125,0.0009805153709638356,-0.0020468101270891175,0.0017968101270891177
gaussian,0.15,0.15,2,120,ordinary_kg,2000,0.08044030566658741,0.0011283658030823546,0.078228708692546,0.08265190264062883,0.63525,0.0034832776032683232,0.6284227758975941,0.6420772241024059,0.06437474228289743,0.0003274977622191689,0.06373284666894785,0.065016637896847,0.9495125,0.0007535392043824064,0.9480355631594105,0.9509894368405895,120.0,0.0,120.0,120.0,0.0,0.0,0.0,0.0,120.0,0.0,120.0,120.0,0.0,0.0,0.0,0.0,0.2510607273972861,7.884949270446791e-05,0.2509061823915853,0.25121527240298686,0.01900862068965517,7.750153542037632e-20,0.01900862068965517,0.01900862068965517,-0.04291153858411726,0.0012923349690357215,-0.04544451512342727,-0.04037856204480725,0.084,0.0031125201028580273,0.07789946059839828,0.09010053940160173,0.0,0.0,0.0,0.0,0.0,0.0,0.0,0.0
gaussian,0.15,0.15,2,120,two_channel_uniform,2000,0.1347219474155662,0.001510796254210979,0.13176078675731268,0.13768310807381973,0.540875,0.0034718088103620932,0.5340702547316903,0.5476797452683096,0.06274375198254617,0.00032249773939164566,0.062111656413338545,0.0633758475517538,0.950425,0.0007664143024118681,0.9489228279672727,0.9519271720327273,120.0,0.0,120.0,120.0,0.662725,0.0010788856216449897,0.6606103841815758,0.6648396158184242,40.473,0.12946627459739876,40.219246101789096,40.7267538982109,39.7635,0.06473313729869938,39.63662305089455,39.89037694910545,0.24865822387093248,2.9819424814666917e-05,0.24859977779829573,0.24871666994356922,0.017979473340876455,1.6054749512258556e-06,0.017976326609972053,0.017982620071780857,0.011370103164861547,0.0016418184855734235,0.008152138933137638,0.014588067396585457,-0.010375,0.0036281812299027334,-0.01748623521060936,-0.003263764789390643,0.05428164174897881,0.001600842899898632,0.05114398966517749,0.057419293832780126,-0.094375,0.003863825081396648,-0.10194809715953743,-0.08680190284046257
gaussian,0.15,0.15,2,120,balanced_mix,2000,0.13168203947695997,0.001478888353588341,0.1287834183039268,0.13458066064999313,0.543375,0.0034316366725844257,0.5366489921217346,0.5501010078782655,0.06158363628548108,0.0003102901053792538,0.060975467678937745,0.062191804892024416,0.9493874999999998,0.0007664528014322939,0.9478852525091925,0.9508897474908071,120.0,0.0,120.0,120.0,0.49573333333333336,0.0012219542305775485,0.49333830304140136,0.49812836362526536,60.512,0.14663450766930583,60.224596364968164,60.79940363503184,29.744,0.07331725383465292,29.60029818248408,29.887701817515918,0.24593167624558077,2.9667397409050318e-05,0.24587352814665903,0.2459898243445025,0.018228767800475904,1.8579983991370642e-06,0.018225126123613596,0.018232409477338212,0.008330195226255277,0.0016266905202344246,0.005141881806595805,0.011518508645914749,-0.007875,0.0036280950544827486,-0.014986066306786186,-0.0007639336932138132,0.05124173381037254,0.001536537817647766,0.048230119687782916,0.05425334793296216,-0.091875,0.0037224633045910625,-0.09917102807699849,-0.08457897192300151
gaussian,0.15,0.15,2,120,validation_only,2000,0.14374710705015065,0.0015756833348760531,0.14065876771379357,0.14683544638650772,0.5283125,0.003420922211372706,0.5216074924657095,0.5350175075342904,0.06658272865129154,0.00033422617749978047,0.06592764534339197,0.06723781195919111,0.9493124999999999,0.0007604827998840337,0.9478219537122272,0.9508030462877726,120.0,0.0,120.0,120.0,1.0,0.0,1.0,1.0,0.0,0.0,0.0,0.0,60.0,0.0,60.0,60.0,0.25568781253254574,2.2945810292796288e-05,0.2556428387443719,0.2557327863207196,0.017495558328797584,3.6211631311207885e-07,0.017494848580823886,0.017496268076771283,0.020395262799445972,0.0018437110673044232,0.016781589107529304,0.02400893649136264,-0.0229375,0.004153247708738316,-0.031077865509127098,-0.0147971344908729,0.06330680138356325,0.0017834362741186607,0.059811266286290674,0.06680233648083582,-0.1069375,0.004245193179284038,-0.11525807863139671,-0.0986169213686033
gaussian,0.15,0.15,2,120,two_channel_kg,2000,0.07964584382530604,0.0011166156208353925,0.07745727720846866,0.08183441044214342,0.6368125,0.003453183445725106,0.6300442604463788,0.6435807395536212,0.06703448242223914,0.00034816254692588897,0.06635208383026439,0.06771688101421389,0.9508249999999998,0.0007549467927145028,0.9493453042862794,0.9523046957137202,120.0,0.0,120.0,120.0,0.46967500000000006,0.0018613910921999395,0.46602667345928817,0.47332332654071196,63.639,0.22336693106399272,63.201200815114575,64.07679918488543,28.1805,0.11168346553199636,27.961600407557285,28.399399592442713,0.2553026838651978,7.235270820048362e-05,0.25516087255712483,0.2554444951732707,0.01831307396105631,2.663542986638805e-06,0.018307853416802498,0.018318294505310122,-0.04370600042539865,0.0013788246142495918,-0.04640849666932785,-0.04100350418146945,0.0855625,0.0033397155413033923,0.07901665753904535,0.09210834246095465,-0.0007944618412813883,0.0010278822818119116,-0.0028091111136327347,0.0012201874310699583,0.0015625,0.0029618738824134056,-0.004242772809530275,0.007367772809530274
gaussian,0.15,0.15,5,40,uniform,2000,0.1683572000055246,0.001711121263918811,0.16500340232824373,0.17171099768280546,0.4874375,0.003532437133612778,0.480513923218119,0.49436107678188107,0.07565560671071357,0.0003760167560481486,0.0749186138688592,0.07639259955256794,0.9499374999999999,0.0007446435683580085,0.9484779986060182,0.9513970013939815,40.0,0.0,40.0,40.0,0.0,0.0,0.0,0.0,40.0,0.0,40.0,40.0,0.0,0.0,0.0,0.0,0.27381245226884665,1.654032810570647e-05,0.27378003322575944,0.27384487131193386,0.019008620689655174,6.598162437737987e-20,0.019008620689655174,0.019008620689655174,0.0,0.0,0.0,0.0,0.0,0.0,0.0,0.0,0.04417695835504932,0.001608230378176744,0.0410248268138229,0.04732908989627574,-0.0636875,0.0032022526653812736,-0.06996391522414729,-0.057411084775852696
gaussian,0.15,0.15,5,40,uniform_blind,2000,0.16862961250938588,0.001709980454208673,0.16527805081913688,0.17198117419963488,0.48725,0.0035370767175526355,0.48031732963359686,0.4941826703664032,0.07602847198454202,0.00037811816772428735,0.07528736037580241,0.07676958359328162,0.9420999999999999,0.0008023742282757466,0.9405273465125795,0.9436726534874204,40.0,0.0,40.0,40.0,0.0,0.0,0.0,0.0,40.0,0.0,40.0,40.0,0.0,0.0,0.0,0.0,0.26629591278613995,1.704375963253085e-05,0.2662625070172602,0.26632931855501973,0.0,0.0,0.0,0.0,0.00027241250386129853,0.0002784209913639276,-0.00027329263921199964,0.0008181176469345968,-0.0001875,0.0005485564045195989,-0.0012626705528584138,0.0008876705528584139,0.04444937085891061,0.001605272754031036,0.04130303626100978,0.047595705456811445,-0.063875,0.0031936604266829117,-0.0701345744362985,-0.05761542556370149
gaussian,0.15,0.15,5,40,uncertainty,2000,0.1618915701121038,0.0016598138961460315,0.1586383348756576,0.16514480534855003,0.495625,0.003439808618101388,0.48888297510852124,0.5023670248914787,0.07279180120210203,0.0003519392941825483,0.07210200018550424,0.07348160221869983,0.9507874999999999,0.0007456954490449587,0.9493259369198718,0.952249063080128,40.0,0.0,40.0,40.0,0.0,0.0,0.0,0.0,40.0,0.0,40.0,40.0,0.0,0.0,0.0,0.0,0.2696047514264191,0.0,0.2696047514264191,0.2696047514264191,0.01900862068965519,1.5519718872626114e-19,0.01900862068965519,0.01900862068965519,-0.006465629893420803,0.0015478230755305421,-0.009499363121460665,-0.0034318966653809407,0.0081875,0.0029365179619313367,0.00243192479461458,0.01394307520538542,0.03771132846162851,0.0014263896685900758,0.03491560471119196,0.040507052212065055,-0.0555,0.0029770360884503848,-0.06133499073336275,-0.04966500926663725
gaussian,0.15,0.15,5,40,boundary,2000,0.12495788921988706,0.0014717363029404813,0.1220732860661237,0.1278424923736504,0.55,0.0035220221208717515,0.5430968366430914,0.5569031633569087,0.0772388642545144,0.0003810802033829706,0.07649194705588377,0.07798578145314503,0.9506125,0.0007362844078476872,0.9491693825606186,0.9520556174393814,40.0,0.0,40.0,40.0,0.0,0.0,0.0,0.0,40.0,0.0,40.0,40.0,0.0,0.0,0.0,0.0,0.27642223487554685,3.142138166466348e-05,0.2763606489674841,0.2764838207836096,0.019008620689655163,1.1462549590054424e-19,0.019008620689655163,0.019008620689655163,-0.04339931078563754,0.001627648966697823,-0.04658950276036527,-0.04020911881090981,0.0625625,0.0032496100580900193,0.05619326428614355,0.06893173571385643,0.0007776475694117759,0.0005927016178305096,-0.0003840476015360229,0.0019393427403595746,-0.001125,0.0012686792191016964,-0.003611611269439325,0.0013616112694393248
gaussian,0.15,0.15,5,40,bias_blind_kg,2000,0.12449413147175176,0.0014525948335342867,0.12164704559802456,0.12734121734547896,0.55025,0.0035113488911695688,0.5433677561733077,0.5571322438266924,0.07787257975075489,0.00038129218304261647,0.07712524707199135,0.07861991242951842,0.9416125,0.0007935181203845876,0.9400572044840462,0.9431677955159538,40.0,0.0,40.0,40.0,0.0,0.0,0.0,0.0,40.0,0.0,40.0,40.0,0.0,0.0,0.0,0.0,0.26944125844505046,3.412213607673342e-05,0.26937437905834005,0.26950813783176086,0.0,0.0,0.0,0.0,-0.04386306853377283,0.0016074709730837691,-0.04701371164101702,-0.04071242542652864,0.0628125,0.003201134533728083,0.05653827631389295,0.06908672368610703,0.0003138898212764782,0.0004181801691397496,-0.0005057433102374309,0.0011335229527903875,-0.000875,0.0009270501056842746,-0.0026920182071411784,0.0009420182071411782
gaussian,0.15,0.15,5,40,ordinary_kg,2000,0.12418024165047527,0.0014496386063627738,0.12133894998200423,0.1270215333189463,0.551125,0.0035172685107037523,0.5442311537190206,0.5580188462809793,0.07746753488957239,0.00037960755709558685,0.07672350407766504,0.07821156570147975,0.950625,0.0007314863112948904,0.9491912868298621,0.952058713170138,40.0,0.0,40.0,40.0,0.0,0.0,0.0,0.0,40.0,0.0,40.0,40.0,0.0,0.0,0.0,0.0,0.2767083506066005,3.181566696161285e-05,0.27664599189935574,0.27677070931384523,0.019008620689655163,1.0879035113713553e-19,0.019008620689655163,0.019008620689655163,-0.04417695835504932,0.001608230378176744,-0.04732908989627574,-0.0410248268138229,0.0636875,0.0032022526653812736,0.057411084775852696,0.06996391522414729,0.0,0.0,0.0,0.0,0.0,0.0,0.0,0.0
gaussian,0.15,0.15,5,40,two_channel_uniform,2000,0.19349748874085987,0.0018679713442693688,0.1898362649060919,0.19715871257562784,0.4569375,0.0034827656575181156,0.4501112793112645,0.4637637206887355,0.08370609668673887,0.00041054758579048604,0.08290142341858951,0.08451076995488822,0.9501874999999999,0.0007517371390573427,0.9487140952074474,0.9516609047925523,40.0,0.0,40.0,40.0,0.786125,0.0018107509759899413,0.7825759280870597,0.7896740719129403,8.555,0.07243003903959763,8.413037123482388,8.696962876517611,6.289,0.01448600780791953,6.260607424696477,6.317392575303522,0.2881031769455518,3.749845389643606e-05,0.28802967997591483,0.2881766739151888,0.018838415628157,3.9120019370190494e-07,0.018837648875777345,0.018839182380536654,0.025140288735335282,0.0017018859645144295,0.021804592244887,0.028475985225783564,-0.0305,0.003143814050383975,-0.03666187553875259,-0.024338124461247407,0.0693172470903846,0.0018443181316095247,0.06570238355242994,0.07293211062833926,-0.0941875,0.003507274819600697,-0.10106175864641737,-0.08731324135358262
gaussian,0.15,0.15,5,40,balanced_mix,2000,0.18290738006723323,0.0018129471748070229,0.17935400360461146,0.186460756529855,0.468875,0.0034514052625913582,0.46211024568532094,0.47563975431467903,0.08014634707847273,0.0003989452412229256,0.0793644144056758,0.08092827975126966,0.94955,0.000748659799740759,0.9480826267925081,0.9510173732074919,40.0,0.0,40.0,40.0,0.456625,0.0030313197022202283,0.4506836133836484,0.46256638661635163,21.735,0.12125278808880913,21.497344535345935,21.972655464654064,3.653,0.024250557617761827,3.605468907069187,3.700531092930813,0.2817670412416143,5.727237519329806e-05,0.2816547873862354,0.28187929509699317,0.018909479574292058,6.561038507359245e-07,0.018908193610744615,0.0189107655378395,0.014550180061708629,0.0017892740691362384,0.011043202886201602,0.018057157237215654,-0.0185625,0.0033238659102270635,-0.025077277184045045,-0.012047722815954955,0.05872713841675794,0.0017074461319957711,0.055380543998046226,0.06207373283546965,-0.08225,0.0033444822515249473,-0.0888051852129889,-0.07569481478701111
gaussian,0.15,0.15,5,40,validation_only,2000,0.20326906428883437,0.0019090452012654124,0.19952733569435416,0.2070107928833146,0.443125,0.003481817587748844,0.43630063752801224,0.44994936247198775,0.08606173442679724,0.00042310253702792063,0.0852324534542225,0.08689101539937197,0.9498999999999999,0.0007457952837760847,0.9484382412437987,0.951361758756201,40.0,0.0,40.0,40.0,1.0,0.0,1.0,1.0,0.0,0.0,0.0,0.0,8.0,0.0,8.0,8.0,0.29257672560280706,4.627780918893432e-06,0.292567655152206,0.2925857960534081,0.018792724470956663,5.572322427169741e-08,0.01879261525343709,0.018792833688476236,0.034911864283309814,0.0018298474464848377,0.03132536328819953,0.0384983652784201,-0.0443125,0.003410203023898592,-0.05099649792684124,-0.03762850207315876,0.07908882263835912,0.001907494951003592,0.07535013253439207,0.08282751274232616,-0.108,0.0036264497885720843,-0.11510784158560128,-0.10089215841439872
gaussian,0.15,0.15,5,40,two_channel_kg,2000,0.12410008115801802,0.001449729152974804,0.1212586120181874,0.12694155029784862,0.55125,0.003519691089098777,0.5443514054653664,0.5581485945346336,0.07746772317043786,0.0003794407895516451,0.07672401922291663,0.07821142711795909,0.950625,0.0007304169644600165,0.9491933827496584,0.9520566172503417,40.0,0.0,40.0,40.0,0.00175,0.0003284778513833538,0.0011061834112886266,0.0023938165887113735,39.93,0.013139114055334153,39.90424733645155,39.95575266354845,0.014,0.0026278228110668306,0.008849467290309013,0.019150532709690988,0.27672843686314347,3.250328297788277e-05,0.2766647304285068,0.2767921432977801,0.01900823920732472,7.160485499720606e-08,0.019008098861808924,0.019008379552840515,-0.04425711884750657,0.0016080955326422256,-0.04740898609148533,-0.041105251603527806,0.0638125,0.003203448487642885,0.05753374096421994,0.07009125903578005,-8.016049245725598e-05,5.3697833725489706e-05,-0.0001854082465592158,2.508726164470384e-05,0.000125,0.000125,-0.00011999999999999999,0.00037
gaussian,0.15,0.15,5,120,uniform,2000,0.12335184425070468,0.0014057331652952158,0.12059660724672606,0.1261070812546833,0.55125,0.003472741887631307,0.5444434259002426,0.5580565740997574,0.05807961957963101,0.00028773817103887566,0.05751565276439481,0.058643586394867206,0.950125,0.0007543385850202975,0.9486464963733602,0.9516035036266398,120.0,0.0,120.0,120.0,0.0,0.0,0.0,0.0,120.0,0.0,120.0,120.0,0.0,0.0,0.0,0.0,0.24014148941674268,2.4424480714937856e-05,0.2400936174345414,0.24018936139894395,0.019008620689655177,2.3664390796794917e-20,0.019008620689655177,0.019008620689655177,0.0,0.0,0.0,0.0,0.0,0.0,0.0,0.0,0.04291153858411726,0.0012923349690357215,0.04037856204480725,0.04544451512342727,-0.084,0.0031125201028580273,-0.09010053940160173,-0.07789946059839828
gaussian,0.15,0.15,5,120,uniform_blind,2000,0.1234382846185226,0.0014114987637663865,0.12067174704154049,0.12620482219550472,0.5508125,0.003472019027877003,0.5440073427053611,0.557617657294639,0.05892253471783519,0.00029174619012013823,0.05835071218519972,0.05949435725047066,0.92825,0.0008915176116184763,0.9265026254812279,0.9299973745187722,120.0,0.0,120.0,120.0,0.0,0.0,0.0,0.0,120.0,0.0,120.0,120.0,0.0,0.0,0.0,0.0,0.22404399590156587,2.677246205600329e-05,0.2239915218759361,0.22409646992719565,0.0,0.0,0.0,0.0,8.644036781791636e-05,0.0002851552187151261,-0.0004724638608637308,0.0006453445964995635,-0.0004375,0.0006405198511481573,-0.0016929189082503882,0.0008179189082503883,0.04299797895193518,0.0012914473992203337,0.04046674204946333,0.045529215854407036,-0.0844375,0.003121026425689139,-0.0905547117943507,-0.07832028820564929
gaussian,0.15,0.15,5,120,uncertainty,2000,0.11480552318741337,0.0013540738355716242,0.11215153846969299,0.11745950790513375,0.5666875,0.003471591262637699,0.5598831811252302,0.5734918188747699,0.05522374315819157,0.0002658158443879688,0.05470274410319115,0.05574474221319199,0.95025,0.0007501667315087565,0.9487796732062429,0.9517203267937572,120.0,0.0,120.0,120.0,0.0,0.0,0.0,0.0,120.0,0.0,120.0,120.0,0.0,0.0,0.0,0.0,0.23504275789569806,2.4831550196201783e-18,0.23504275789569806,0.23504275789569806,0.019008620689655177,0.0,0.019008620689655177,0.019008620689655177,-0.008546321063291312,0.0012656135098172623,-0.011026923542533146,-0.006065718584049478,0.0154375,0.0027849261127724373,0.009979044818966023,0.020895955181033977,0.03436521752082595,0.0012078157229938851,0.03199789870375793,0.036732536337893966,-0.0685625,0.00293710083714175,-0.07431921764079782,-0.06280578235920217
gaussian,0.15,0.15,5,120,boundary,2000,0.08222355509598805,0.001162669423123046,0.07994472302666689,0.08450238716530922,0.632375,0.0034768123043097537,0.6255604478835529,0.6391895521164471,0.067049935856932,0.0003461725239602821,0.06637143770996985,0.06772843400389415,0.9495,0.0007534313700760719,0.948023274514651,0.9509767254853491,120.0,0.0,120.0,120.0,0.0,0.0,0.0,0.0,120.0,0.0,120.0,120.0,0.0,0.0,0.0,0.0,0.25561457101992463,9.491946975477068e-05,0.2554285288592053,0.25580061318064395,0.01900862068965517,6.265816215251735e-20,0.01900862068965517,0.01900862068965517,-0.04112828915471664,0.0013385039463801505,-0.04375175688962173,-0.03850482141981155,0.081125,0.0031751528286434686,0.07490170045585881,0.0873482995441412,0.0017832494294006275,0.0006156785170586047,0.0005765195359657622,0.002989979322835493,-0.002875,0.0016023306210672017,-0.006015568017291716,0.00026556801729171525
gaussian,0.15,0.15,5,120,bias_blind_kg,2000,0.08079068344407324,0.001125791268311416,0.07858413255818286,0.08299723432996362,0.635125,0.0034755980893278306,0.6283128277449175,0.6419371722550826,0.06538029883619208,0.00033410338541210255,0.06472545620078436,0.06603514147159979,0.9269749999999999,0.0009031306716112581,0.9252048638836419,0.9287451361163579,120.0,0.0,120.0,120.0,0.0,0.0,0.0,0.0,120.0,0.0,120.0,120.0,0.0,0.0,0.0,0.0,0.23690681090599552,9.217825319822225e-05,0.236726141529727,0.23708748028226403,0.0,0.0,0.0,0.0,-0.04256116080663144,0.0012974072358908706,-0.04510407898897755,-0.040018242624285334,0.083875,0.0031079248359464785,0.07778346732154491,0.0899665326784551,0.000350377777485816,0.0003749033393278662,-0.00038443276759680175,0.0010851883225684337,-0.000125,0.0009805153709638356,-0.0020468101270891175,0.0017968101270891177
gaussian,0.15,0.15,5,120,ordinary_kg,2000,0.08044030566658741,0.0011283658030823546,0.078228708692546,0.08265190264062883,0.63525,0.0034832776032683232,0.6284227758975941,0.6420772241024059,0.06437474228289743,0.0003274977622191689,0.06373284666894785,0.065016637896847,0.9495125,0.0007535392043824064,0.9480355631594105,0.9509894368405895,120.0,0.0,120.0,120.0,0.0,0.0,0.0,0.0,120.0,0.0,120.0,120.0,0.0,0.0,0.0,0.0,0.2510607273972861,7.884949270446791e-05,0.2509061823915853,0.25121527240298686,0.01900862068965517,7.750153542037632e-20,0.01900862068965517,0.01900862068965517,-0.04291153858411726,0.0012923349690357215,-0.04544451512342727,-0.04037856204480725,0.084,0.0031125201028580273,0.07789946059839828,0.09010053940160173,0.0,0.0,0.0,0.0,0.0,0.0,0.0,0.0
gaussian,0.15,0.15,5,120,two_channel_uniform,2000,0.1664301865969048,0.0017077565881173549,0.1630829836841948,0.16977738950961482,0.492875,0.003453388572665536,0.48610635839757554,0.49964364160242447,0.07385653596665614,0.0003683580378422892,0.07313455421248526,0.07457851772082703,0.95,0.0007582710514675781,0.9485137887391235,0.9514862112608764,120.0,0.0,120.0,120.0,0.8175625,0.0010007873017657532,0.8156009568885391,0.8195240431114609,21.8925,0.12009447621189037,21.657114826624692,22.127885173375304,19.6215,0.024018895242378078,19.57442296532494,19.668577034675064,0.27009277171432516,5.2463739943109195e-05,0.26998994278403665,0.2701956006446137,0.018487094149211458,6.315049124034358e-07,0.018485856399583146,0.01848833189883977,0.043078342346200116,0.0018106515134122367,0.03952946537991213,0.0466272193124881,-0.058375,0.0036644090429859438,-0.06555724172425245,-0.051192758275747555,0.08598988093031738,0.0018037133571045933,0.08245460275039238,0.08952515911024239,-0.142375,0.003955494932063342,-0.15012777006684416,-0.13462222993315584
gaussian,0.15,0.15,5,120,balanced_mix,2000,0.14158837852821024,0.0014944241401881832,0.1386593072134414,0.14451744984297907,0.52825,0.0033722811107535166,0.5216403290229231,0.5348596709770769,0.06633061468186499,0.0003324848560091269,0.0656789443640871,0.06698228499964289,0.9497499999999999,0.0007482888600728024,0.9482833538342572,0.9512166461657425,120.0,0.0,120.0,120.0,0.4868958333333333,0.001700504259793877,0.4835628449841373,0.4902288216825293,61.5725,0.20406051117526525,61.17254139809648,61.97245860190352,11.6855,0.04081210223505305,11.605508279619295,11.765491720380703,0.25574461502972573,6.783741822978675e-05,0.25561165368999533,0.25587757636945613,0.018694862292536245,1.0843588662384087e-06,0.018692736949158417,0.018696987635914073,0.018236534277505538,0.0015877321536292481,0.015124579256392212,0.021348489298618864,-0.023,0.003408270551772121,-0.029680210281473357,-0.016319789718526642,0.06114807286162279,0.001529250198893801,0.058150742471790945,0.06414540325145464,-0.107,0.0035112019693596115,-0.11388195585994483,-0.10011804414005517
gaussian,0.15,0.15,5,120,validation_only,2000,0.18010015797468165,0.0018098429381174907,0.17655286581597138,0.18364745013339193,0.474375,0.0035208845481641037,0.46747406628559834,0.48127593371440164,0.07906630537412944,0.0003920449133942641,0.07829789734387668,0.0798347134043822,0.9498624999999999,0.0007492429374806825,0.9483939838425378,0.9513310161574621,120.0,0.0,120.0,120.0,1.0,0.0,1.0,1.0,0.0,0.0,0.0,0.0,24.0,0.0,24.0,24.0,0.2798364490872118,1.2310814925676564e-05,0.2798123198899575,0.2798605782844661,0.018374437134390895,1.6186709114204826e-07,0.018374119874892257,0.018374754393889532,0.05674831372397696,0.0019907442849374183,0.05284645492549962,0.060650172522454304,-0.076875,0.0040657034643256885,-0.08484377879007834,-0.06890622120992165,0.09965985230809422,0.001916569005538599,0.09590337705723857,0.10341632755894987,-0.160875,0.004164339749621197,-0.16903710590925752,-0.15271289409074246
gaussian,0.15,0.15,5,120,two_channel_kg,2000,0.08621539142765063,0.0011764931385016668,0.08390946487618736,0.08852131797911389,0.6241875,0.0034541883099094574,0.6174172909125775,0.6309577090874225,0.0680691102986884,0.00035166427864778157,0.06737984831253874,0.06875837228483805,0.9502749999999999,0.0007445144984613859,0.9488157515830156,0.9517342484169842,120.0,0.0,120.0,120.0,0.2734791666666666,0.00209216648130618,0.2693785203633065,0.2775798129700267,87.1825,0.2510599777567416,86.69042244359679,87.67457755640322,6.5635,0.050211995551348323,6.4650844887193575,6.661915511280643,0.25801055278514523,9.02984808405618e-05,0.2578335677626977,0.25818753780759274,0.018836296316033112,1.272085495648743e-06,0.01883380302846164,0.018838789603604585,-0.037136452823054056,0.0012971433325614195,-0.03967885375487444,-0.03459405189123367,0.0729375,0.00302025914111931,0.06701779208340615,0.07885720791659385,0.005775085761063206,0.0007917447012608513,0.004223266146591937,0.007326905375534474,-0.0110625,0.002161391936791477,-0.015298828196111294,-0.0068261718038887045
gaussian,0.15,0.15,10,40,uniform,2000,0.1683572000055246,0.001711121263918811,0.16500340232824373,0.17171099768280546,0.4874375,0.003532437133612778,0.480513923218119,0.49436107678188107,0.07565560671071357,0.0003760167560481486,0.0749186138688592,0.07639259955256794,0.9499374999999999,0.0007446435683580085,0.9484779986060182,0.9513970013939815,40.0,0.0,40.0,40.0,0.0,0.0,0.0,0.0,40.0,0.0,40.0,40.0,0.0,0.0,0.0,0.0,0.27381245226884665,1.654032810570647e-05,0.27378003322575944,0.27384487131193386,0.019008620689655174,6.598162437737987e-20,0.019008620689655174,0.019008620689655174,0.0,0.0,0.0,0.0,0.0,0.0,0.0,0.0,0.04417695835504932,0.001608230378176744,0.0410248268138229,0.04732908989627574,-0.0636875,0.0032022526653812736,-0.06996391522414729,-0.057411084775852696
gaussian,0.15,0.15,10,40,uniform_blind,2000,0.16862961250938588,0.001709980454208673,0.16527805081913688,0.17198117419963488,0.48725,0.0035370767175526355,0.48031732963359686,0.4941826703664032,0.07602847198454202,0.00037811816772428735,0.07528736037580241,0.07676958359328162,0.9420999999999999,0.0008023742282757466,0.9405273465125795,0.9436726534874204,40.0,0.0,40.0,40.0,0.0,0.0,0.0,0.0,40.0,0.0,40.0,40.0,0.0,0.0,0.0,0.0,0.26629591278613995,1.704375963253085e-05,0.2662625070172602,0.26632931855501973,0.0,0.0,0.0,0.0,0.00027241250386129853,0.0002784209913639276,-0.00027329263921199964,0.0008181176469345968,-0.0001875,0.0005485564045195989,-0.0012626705528584138,0.0008876705528584139,0.04444937085891061,0.001605272754031036,0.04130303626100978,0.047595705456811445,-0.063875,0.0031936604266829117,-0.0701345744362985,-0.05761542556370149
gaussian,0.15,0.15,10,40,uncertainty,2000,0.1618915701121038,0.0016598138961460315,0.1586383348756576,0.16514480534855003,0.495625,0.003439808618101388,0.48888297510852124,0.5023670248914787,0.07279180120210203,0.0003519392941825483,0.07210200018550424,0.07348160221869983,0.9507874999999999,0.0007456954490449587,0.9493259369198718,0.952249063080128,40.0,0.0,40.0,40.0,0.0,0.0,0.0,0.0,40.0,0.0,40.0,40.0,0.0,0.0,0.0,0.0,0.2696047514264191,0.0,0.2696047514264191,0.2696047514264191,0.01900862068965519,1.5519718872626114e-19,0.01900862068965519,0.01900862068965519,-0.006465629893420803,0.0015478230755305421,-0.009499363121460665,-0.0034318966653809407,0.0081875,0.0029365179619313367,0.00243192479461458,0.01394307520538542,0.03771132846162851,0.0014263896685900758,0.03491560471119196,0.040507052212065055,-0.0555,0.0029770360884503848,-0.06133499073336275,-0.04966500926663725
gaussian,0.15,0.15,10,40,boundary,2000,0.12495788921988706,0.0014717363029404813,0.1220732860661237,0.1278424923736504,0.55,0.0035220221208717515,0.5430968366430914,0.5569031633569087,0.0772388642545144,0.0003810802033829706,0.07649194705588377,0.07798578145314503,0.9506125,0.0007362844078476872,0.9491693825606186,0.9520556174393814,40.0,0.0,40.0,40.0,0.0,0.0,0.0,0.0,40.0,0.0,40.0,40.0,0.0,0.0,0.0,0.0,0.27642223487554685,3.142138166466348e-05,0.2763606489674841,0.2764838207836096,0.019008620689655163,1.1462549590054424e-19,0.019008620689655163,0.019008620689655163,-0.04339931078563754,0.001627648966697823,-0.04658950276036527,-0.04020911881090981,0.0625625,0.0032496100580900193,0.05619326428614355,0.06893173571385643,0.0007776475694117759,0.0005927016178305096,-0.0003840476015360229,0.0019393427403595746,-0.001125,0.0012686792191016964,-0.003611611269439325,0.0013616112694393248
gaussian,0.15,0.15,10,40,bias_blind_kg,2000,0.12449413147175176,0.0014525948335342867,0.12164704559802456,0.12734121734547896,0.55025,0.0035113488911695688,0.5433677561733077,0.5571322438266924,0.07787257975075489,0.00038129218304261647,0.07712524707199135,0.07861991242951842,0.9416125,0.0007935181203845876,0.9400572044840462,0.9431677955159538,40.0,0.0,40.0,40.0,0.0,0.0,0.0,0.0,40.0,0.0,40.0,40.0,0.0,0.0,0.0,0.0,0.26944125844505046,3.412213607673342e-05,0.26937437905834005,0.26950813783176086,0.0,0.0,0.0,0.0,-0.04386306853377283,0.0016074709730837691,-0.04701371164101702,-0.04071242542652864,0.0628125,0.003201134533728083,0.05653827631389295,0.06908672368610703,0.0003138898212764782,0.0004181801691397496,-0.0005057433102374309,0.0011335229527903875,-0.000875,0.0009270501056842746,-0.0026920182071411784,0.0009420182071411782
gaussian,0.15,0.15,10,40,ordinary_kg,2000,0.12418024165047527,0.0014496386063627738,0.12133894998200423,0.1270215333189463,0.551125,0.0035172685107037523,0.5442311537190206,0.5580188462809793,0.07746753488957239,0.00037960755709558685,0.07672350407766504,0.07821156570147975,0.950625,0.0007314863112948904,0.9491912868298621,0.952058713170138,40.0,0.0,40.0,40.0,0.0,0.0,0.0,0.0,40.0,0.0,40.0,40.0,0.0,0.0,0.0,0.0,0.2767083506066005,3.181566696161285e-05,0.27664599189935574,0.27677070931384523,0.019008620689655163,1.0879035113713553e-19,0.019008620689655163,0.019008620689655163,-0.04417695835504932,0.001608230378176744,-0.04732908989627574,-0.0410248268138229,0.0636875,0.0032022526653812736,0.057411084775852696,0.06996391522414729,0.0,0.0,0.0,0.0,0.0,0.0,0.0,0.0
gaussian,0.15,0.15,10,40,two_channel_uniform,2000,0.19964846347812404,0.0019288598620364845,0.19586789814853253,0.20342902880771555,0.4489375,0.0035238278871653453,0.4420307973411559,0.45584420265884407,0.0849085191706294,0.0004162396897290366,0.0840926893787605,0.08572434896249831,0.9499875,0.0007446448279783571,0.9485279961371624,0.9514470038628375,40.0,0.0,40.0,40.0,0.76275,0.0014730253398451475,0.7598628703339035,0.7656371296660965,9.49,0.0589210135938059,9.374514813356141,9.60548518664386,3.051,0.00589210135938059,3.039451481335614,3.062548518664386,0.2901231021846695,3.652043730265605e-05,0.2900515221275563,0.29019468224178274,0.018925715312266125,1.6114791250328324e-07,0.01892539946235762,0.01892603116217463,0.03129126347259943,0.0016672422877029587,0.028023468588701632,0.03455905835649723,-0.0385,0.003050014556423821,-0.044478028530590685,-0.032521971469409314,0.07546822182764876,0.0018556939245729157,0.07183106173548584,0.07910538191981167,-0.1021875,0.0034943875062587075,-0.10903649951226707,-0.09533850048773293
gaussian,0.15,0.15,10,40,balanced_mix,2000,0.1845131948367009,0.0017902092913501528,0.1810043846256546,0.1880220050477472,0.4675,0.003482294600955513,0.4606747025821272,0.4743252974178728,0.08038522695640977,0.00039782240297251407,0.07960549504658365,0.0811649588662359,0.9500249999999999,0.0007365177640141164,0.9485814251825322,0.9514685748174676,40.0,0.0,40.0,40.0,0.41025,0.004188524874023091,0.40204049124691477,0.41845950875308524,23.59,0.16754099496092367,23.26161964987659,23.91838035012341,1.641,0.016754099496092363,1.608161964987659,1.673838035012341,0.28223245587324425,9.1140740221319e-05,0.2820538200224105,0.282411091724078,0.018963972007484297,4.550799157314097e-07,0.018963080050849464,0.01896486396411913,0.016155994831176326,0.0017102744805018086,0.01280385684939278,0.01950813281295987,-0.0199375,0.003170546952950773,-0.026151772027783515,-0.013723227972216485,0.06033295318622564,0.0017495069253546283,0.05690391961253057,0.06376198675992072,-0.083625,0.0033890610875325798,-0.09026755973156386,-0.07698244026843615
gaussian,0.15,0.15,10,40,validation_only,2000,0.20990538056643016,0.001966677458278829,0.20605069274820365,0.21376006838465667,0.435875,0.0034951001487832957,0.42902460370838474,0.4427253962916153,0.08805532424270106,0.00042955081508665356,0.08721340464513122,0.0888972438402709,0.9498624999999999,0.0007429571249538961,0.9484063040350903,0.9513186959649096,40.0,0.0,40.0,40.0,1.0,0.0,1.0,1.0,0.0,0.0,0.0,0.0,4.0,0.0,4.0,4.0,0.29598566535759346,2.1035209919518883e-06,0.29598154245644925,0.2959897882587377,0.018900056543702835,2.4502025900191294e-08,0.01890000851973207,0.0189001045676736,0.041548180560905555,0.0018205696448176166,0.03797986405706303,0.04511649706474808,-0.0515625,0.003282331091704916,-0.05799586893974163,-0.045129131060258364,0.08572513891595487,0.00195305066837834,0.08189715960593333,0.08955311822597642,-0.11525,0.0036204226244997964,-0.1223460283440196,-0.10815397165598041
gaussian,0.15,0.15,10,40,two_channel_kg,2000,0.12418024165047527,0.0014496386063627738,0.12133894998200423,0.1270215333189463,0.551125,0.0035172685107037523,0.5442311537190206,0.5580188462809793,0.07746753488957239,0.00037960755709558685,0.07672350407766504,0.07821156570147975,0.950625,0.0007314863112948904,0.9491912868298621,0.952058713170138,40.0,0.0,40.0,40.0,0.0,0.0,0.0,0.0,40.0,0.0,40.0,40.0,0.0,0.0,0.0,0.0,0.2767083506066005,3.181566696161285e-05,0.27664599189935574,0.27677070931384523,0.019008620689655163,1.0879035113713553e-19,0.019008620689655163,0.019008620689655163,-0.04417695835504932,0.001608230378176744,-0.04732908989627574,-0.0410248268138229,0.0636875,0.0032022526653812736,0.057411084775852696,0.06996391522414729,0.0,0.0,0.0,0.0,0.0,0.0,0.0,0.0
gaussian,0.15,0.15,10,120,uniform,2000,0.12335184425070468,0.0014057331652952158,0.12059660724672606,0.1261070812546833,0.55125,0.003472741887631307,0.5444434259002426,0.5580565740997574,0.05807961957963101,0.00028773817103887566,0.05751565276439481,0.058643586394867206,0.950125,0.0007543385850202975,0.9486464963733602,0.9516035036266398,120.0,0.0,120.0,120.0,0.0,0.0,0.0,0.0,120.0,0.0,120.0,120.0,0.0,0.0,0.0,0.0,0.24014148941674268,2.4424480714937856e-05,0.2400936174345414,0.24018936139894395,0.019008620689655177,2.3664390796794917e-20,0.019008620689655177,0.019008620689655177,0.0,0.0,0.0,0.0,0.0,0.0,0.0,0.0,0.04291153858411726,0.0012923349690357215,0.04037856204480725,0.04544451512342727,-0.084,0.0031125201028580273,-0.09010053940160173,-0.07789946059839828
gaussian,0.15,0.15,10,120,uniform_blind,2000,0.1234382846185226,0.0014114987637663865,0.12067174704154049,0.12620482219550472,0.5508125,0.003472019027877003,0.5440073427053611,0.557617657294639,0.05892253471783519,0.00029174619012013823,0.05835071218519972,0.05949435725047066,0.92825,0.0008915176116184763,0.9265026254812279,0.9299973745187722,120.0,0.0,120.0,120.0,0.0,0.0,0.0,0.0,120.0,0.0,120.0,120.0,0.0,0.0,0.0,0.0,0.22404399590156587,2.677246205600329e-05,0.2239915218759361,0.22409646992719565,0.0,0.0,0.0,0.0,8.644036781791636e-05,0.0002851552187151261,-0.0004724638608637308,0.0006453445964995635,-0.0004375,0.0006405198511481573,-0.0016929189082503882,0.0008179189082503883,0.04299797895193518,0.0012914473992203337,0.04046674204946333,0.045529215854407036,-0.0844375,0.003121026425689139,-0.0905547117943507,-0.07832028820564929
gaussian,0.15,0.15,10,120,uncertainty,2000,0.11480552318741337,0.0013540738355716242,0.11215153846969299,0.11745950790513375,0.5666875,0.003471591262637699,0.5598831811252302,0.5734918188747699,0.05522374315819157,0.0002658158443879688,0.05470274410319115,0.05574474221319199,0.95025,0.0007501667315087565,0.9487796732062429,0.9517203267937572,120.0,0.0,120.0,120.0,0.0,0.0,0.0,0.0,120.0,0.0,120.0,120.0,0.0,0.0,0.0,0.0,0.23504275789569806,2.4831550196201783e-18,0.23504275789569806,0.23504275789569806,0.019008620689655177,0.0,0.019008620689655177,0.019008620689655177,-0.008546321063291312,0.0012656135098172623,-0.011026923542533146,-0.006065718584049478,0.0154375,0.0027849261127724373,0.009979044818966023,0.020895955181033977,0.03436521752082595,0.0012078157229938851,0.03199789870375793,0.036732536337893966,-0.0685625,0.00293710083714175,-0.07431921764079782,-0.06280578235920217
gaussian,0.15,0.15,10,120,boundary,2000,0.08222355509598805,0.001162669423123046,0.07994472302666689,0.08450238716530922,0.632375,0.0034768123043097537,0.6255604478835529,0.6391895521164471,0.067049935856932,0.0003461725239602821,0.06637143770996985,0.06772843400389415,0.9495,0.0007534313700760719,0.948023274514651,0.9509767254853491,120.0,0.0,120.0,120.0,0.0,0.0,0.0,0.0,120.0,0.0,120.0,120.0,0.0,0.0,0.0,0.0,0.25561457101992463,9.491946975477068e-05,0.2554285288592053,0.25580061318064395,0.01900862068965517,6.265816215251735e-20,0.01900862068965517,0.01900862068965517,-0.04112828915471664,0.0013385039463801505,-0.04375175688962173,-0.03850482141981155,0.081125,0.0031751528286434686,0.07490170045585881,0.0873482995441412,0.0017832494294006275,0.0006156785170586047,0.0005765195359657622,0.002989979322835493,-0.002875,0.0016023306210672017,-0.006015568017291716,0.00026556801729171525
gaussian,0.15,0.15,10,120,bias_blind_kg,2000,0.08079068344407324,0.001125791268311416,0.07858413255818286,0.08299723432996362,0.635125,0.0034755980893278306,0.6283128277449175,0.6419371722550826,0.06538029883619208,0.00033410338541210255,0.06472545620078436,0.06603514147159979,0.9269749999999999,0.0009031306716112581,0.9252048638836419,0.9287451361163579,120.0,0.0,120.0,120.0,0.0,0.0,0.0,0.0,120.0,0.0,120.0,120.0,0.0,0.0,0.0,0.0,0.23690681090599552,9.217825319822225e-05,0.236726141529727,0.23708748028226403,0.0,0.0,0.0,0.0,-0.04256116080663144,0.0012974072358908706,-0.04510407898897755,-0.040018242624285334,0.083875,0.0031079248359464785,0.07778346732154491,0.0899665326784551,0.000350377777485816,0.0003749033393278662,-0.00038443276759680175,0.0010851883225684337,-0.000125,0.0009805153709638356,-0.0020468101270891175,0.0017968101270891177
gaussian,0.15,0.15,10,120,ordinary_kg,2000,0.08044030566658741,0.0011283658030823546,0.078228708692546,0.08265190264062883,0.63525,0.0034832776032683232,0.6284227758975941,0.6420772241024059,0.06437474228289743,0.0003274977622191689,0.06373284666894785,0.065016637896847,0.9495125,0.0007535392043824064,0.9480355631594105,0.9509894368405895,120.0,0.0,120.0,120.0,0.0,0.0,0.0,0.0,120.0,0.0,120.0,120.0,0.0,0.0,0.0,0.0,0.2510607273972861,7.884949270446791e-05,0.2509061823915853,0.25121527240298686,0.01900862068965517,7.750153542037632e-20,0.01900862068965517,0.01900862068965517,-0.04291153858411726,0.0012923349690357215,-0.04544451512342727,-0.04037856204480725,0.084,0.0031125201028580273,0.07789946059839828,0.09010053940160173,0.0,0.0,0.0,0.0,0.0,0.0,0.0,0.0
gaussian,0.15,0.15,10,120,two_channel_uniform,2000,0.17959216882816878,0.0017653724957107165,0.17613203873657576,0.1830522989197618,0.4761875,0.0034742155602026743,0.46937803750200274,0.48299696249799723,0.07947705955861344,0.00039767887917889895,0.0786976089554228,0.08025651016180407,0.9504499999999999,0.0007446818283755526,0.9489904236163839,0.951909576383616,120.0,0.0,120.0,120.0,0.8747083333333333,0.0010054250701719686,0.8727377001957962,0.8766789664708704,15.035,0.12065100842063634,14.798524023495553,15.271475976504448,10.4965,0.012065100842063631,10.472852402349554,10.520147597650444,0.28069458361066496,6.588588816466175e-05,0.2805654472698622,0.2808237199514677,0.01872615504794517,3.2598619607073973e-07,0.01872551611500087,0.01872679398088947,0.05624032457746407,0.0018355961125494343,0.05264255619686718,0.05983809295806096,-0.0750625,0.003665463423351673,-0.08224680830976928,-0.06787819169023072,0.09915186316158134,0.0018225874068595045,0.09557959184413671,0.10272413447902597,-0.1590625,0.003930283432629942,-0.16676585552795467,-0.15135914447204532
gaussian,0.15,0.15,10,120,balanced_mix,2000,0.14906546537403265,0.0016349361287396789,0.14586099056170287,0.15226994018636242,0.5181875,0.0034978931230134824,0.5113316294788935,0.5250433705211065,0.06782090162354704,0.00035011743685178434,0.06713467144731754,0.06850713179977654,0.9497374999999999,0.0007659406827161744,0.9482362562618762,0.9512387437381236,120.0,0.0,120.0,120.0,0.4697083333333334,0.00242399310204864,0.46495730685331804,0.47445935981334875,63.635,0.29087917224583676,63.064876822398155,64.20512317760183,5.6365,0.029087917224583683,5.579487682239816,5.693512317760184,0.25859422983561375,0.00011327092537017718,0.2583722188218882,0.2588162408493393,0.01885607835347488,7.823549867279425e-07,0.018854544937700893,0.018857611769248866,0.02571362112332796,0.0016320103509887337,0.022514880835390043,0.02891236141126588,-0.0330625,0.003370676493953171,-0.039669025928148215,-0.02645597407185179,0.06862515970744522,0.0016049991762536603,0.06547936132198805,0.07177095809290239,-0.1170625,0.0035622586430795696,-0.12404452694043595,-0.11008047305956405
gaussian,0.15,0.15,10,120,validation_only,2000,0.19619590707665355,0.0018933869006600627,0.1924848687513598,0.19990694540194728,0.4515625,0.003474366295809025,0.4447527420602143,0.45837225793978564,0.08426691744865251,0.00041499002984195026,0.0834535369901623,0.08508029790714274,0.9499375,0.0007482039838678604,0.948471020191619,0.951403979808381,120.0,0.0,120.0,120.0,1.0,0.0,1.0,1.0,0.0,0.0,0.0,0.0,12.0,0.0,12.0,12.0,0.2892522659502693,6.682240142037101e-06,0.28923916875959094,0.2892653631409477,0.018686410269692626,8.224117282018003e-08,0.0186862490769939,0.018686571462391353,0.07284406282594884,0.00202880715966135,0.06886760079301259,0.07682052485888509,-0.0996875,0.003972073905081414,-0.10747276485395957,-0.09190223514604043,0.1157556014100661,0.001965249682694001,0.11190371203198586,0.11960749078814635,-0.1836875,0.004088990381872586,-0.19170192114847026,-0.17567307885152975
gaussian,0.15,0.15,10,120,two_channel_kg,2000,0.08604222479332382,0.0011658826147412091,0.08375709486843105,0.0883273547182166,0.62425,0.0034683095068660913,0.6174521133665425,0.6310478866334575,0.0671823930584219,0.00034306908743611173,0.06650997764704712,0.06785480846979668,0.9499749999999999,0.0007481006047032566,0.9485087228147815,0.9514412771852183,120.0,0.0,120.0,120.0,0.18958333333333333,0.002391534984252073,0.18489592476419928,0.19427074190246738,97.25,0.28698419811024867,96.68751097170392,97.81248902829608,2.275,0.02869841981102487,2.218751097170391,2.331248902829609,0.2566581055379503,0.00010418904658063461,0.2564538950066523,0.25686231606924836,0.01894737115342332,7.608023978062084e-07,0.01894587998072362,0.01894886232612302,-0.03730961945738086,0.0012765601413165352,-0.039811677334361265,-0.03480756158040045,0.073,0.0030071824975027106,0.06710592230489468,0.07889407769510531,0.005601919126736403,0.0006526470720632035,0.004322730865492524,0.006881107387980282,-0.011,0.0017375657015732216,-0.014405628775083513,-0.0075943712249164855
gaussian,0.35,0.35,2,40,uniform,2000,0.20685760183948357,0.0019102873248663314,0.20311343868274556,0.21060176499622157,0.4350625,0.0035127106862162054,0.42817758705501624,0.4419474129449838,0.08663348202146973,0.00042665760504646827,0.08579723311557864,0.08746973092736081,0.95005,0.000754964393609267,0.9485702697885258,0.9515297302114741,40.0,0.0,40.0,40.0,0.0,0.0,0.0,0.0,40.0,0.0,40.0,40.0,0.0,0.0,0.0,0.0,0.2949082419871075,1.19748309935937e-05,0.2948847713183601,0.29493171265585494,0.06125000000000002,3.113241679848574e-19,0.06125000000000002,0.06125000000000002,0.0,0.0,0.0,0.0,0.0,0.0,0.0,0.0,0.031744539813864714,0.001626809353217537,0.02855599348155834,0.034933086146171084,-0.044125,0.0029606164581732304,-0.049927808258019526,-0.03832219174198047
gaussian,0.35,0.35,2,40,uniform_blind,2000,0.20740959004841641,0.0019205631018944578,0.20364528636870327,0.21117389372812956,0.434,0.0035044636726347172,0.427131251201636,0.440868748798364,0.09385581109098544,0.000462301989920629,0.092949699190741,0.09476192299122987,0.907525,0.000990575745540858,0.90558347153874,0.9094665284612601,40.0,0.0,40.0,40.0,0.0,0.0,0.0,0.0,40.0,0.0,40.0,40.0,0.0,0.0,0.0,0.0,0.26628136238416034,1.7211484632520683e-05,0.2662476278742806,0.2663150968940401,0.0,0.0,0.0,0.0,0.0005519882089328475,0.0006145592042185764,-0.0006525478313355622,0.001756524249201257,-0.0010625,0.0010951045264434437,-0.0032089048718291495,0.0010839048718291494,0.03229652802279756,0.0016484792809343708,0.029065508632166195,0.03552754741342893,-0.0451875,0.0029861509038367835,-0.05104035577152009,-0.039334644228479904
gaussian,0.35,0.35,2,40,uncertainty,2000,0.19767728105675003,0.0018906721711378276,0.1939715636013199,0.20138299851218017,0.445625,0.0034804703740316844,0.4388032780668979,0.4524467219331021,0.08457239225483769,0.0004101608740506201,0.08376847694169848,0.0853763075679769,0.9497625,0.0007446259334493947,0.9483030331704392,0.9512219668295607,40.0,0.0,40.0,40.0,0.0,0.0,0.0,0.0,40.0,0.0,40.0,40.0,0.0,0.0,0.0,0.0,0.29172117870651604,2.4831550196201783e-18,0.29172117870651604,0.29172117870651604,0.06125000000000002,3.103943774525223e-19,0.06125000000000002,0.06125000000000002,-0.009180320782733556,0.0015540796822326992,-0.012226316959909646,-0.006134324605557465,0.0105625,0.00271257296176738,0.005245856994935936,0.015879143005064066,0.022564219031131153,0.0015305712503014067,0.019564299380540398,0.025564138681721908,-0.0335625,0.00276684852716247,-0.03898552311323844,-0.02813947688676156
gaussian,0.35,0.35,2,40,boundary,2000,0.1769222856710476,0.0018008684559613704,0.1733925834973633,0.18045198784473188,0.4764375,0.0035164336620679853,0.46954529002234674,0.4833297099776533,0.08892294521587724,0.0004361520504333667,0.08806808719702784,0.08977780323472663,0.950125,0.0007495569393332642,0.9486558683989068,0.9515941316010932,40.0,0.0,40.0,40.0,0.0,0.0,0.0,0.0,40.0,0.0,40.0,40.0,0.0,0.0,0.0,0.0,0.29827760560006633,2.930983666702317e-05,0.298220158320199,0.29833505287993367,0.06125000000000001,2.953439608280123e-19,0.06125000000000001,0.06125000000000001,-0.029935316168435987,0.001637574040003869,-0.03314496128684357,-0.026725671050028404,0.041375,0.0029699056984067206,0.03555398483112283,0.04719601516887718,0.0018092236454287237,0.0008437217959462783,0.00015552892537401834,0.003462918365483429,-0.00275,0.0015120927426024887,-0.005713701775500877,0.00021370177550087766
gaussian,0.35,0.35,2,40,bias_blind_kg,2000,0.17533804695339925,0.0017886526980694735,0.17183228766518308,0.17884380624161542,0.4791875,0.0035184447414410656,0.4722913483067755,0.4860836516932245,0.0949958759169019,0.0004627656651103428,0.09408885521328562,0.09590289662051817,0.907025,0.0009778114568374423,0.9051084895445985,0.9089415104554014,40.0,0.0,40.0,40.0,0.0,0.0,0.0,0.0,40.0,0.0,40.0,40.0,0.0,0.0,0.0,0.0,0.2700654030272626,3.664471735154754e-05,0.26999357938125357,0.27013722667327167,0.0,0.0,0.0,0.0,-0.031519554886084336,0.0016415829917084917,-0.03473705754983298,-0.028302052222335693,0.044125,0.0029447330802565073,0.038353323162697246,0.04989667683730275,0.0002249849277803711,0.0007526856688661326,-0.0012502789831972487,0.001700248838757991,0.0,0.0013667924351489476,-0.002678913172891937,0.002678913172891937
gaussian,0.35,0.35,2,40,ordinary_kg,2000,0.17511306202561885,0.0017510969980461743,0.17168091190944834,0.17854521214178937,0.4791875,0.0034972763177501926,0.47233283841720963,0.48604216158279034,0.08820923010711153,0.0004301125013240556,0.08736620960451638,0.08905225060970667,0.9498999999999999,0.0007480974701951983,0.9484337289584173,0.9513662710415824,40.0,0.0,40.0,40.0,0.0,0.0,0.0,0.0,40.0,0.0,40.0,40.0,0.0,0.0,0.0,0.0,0.2970584891027733,2.193187584091923e-05,0.29701550262612514,0.2971014755794215,0.06125000000000001,2.3997922040457273e-19,0.06125000000000001,0.06125000000000001,-0.031744539813864714,0.001626809353217537,-0.034933086146171084,-0.02855599348155834,0.044125,0.0029606164581732304,0.03832219174198047,0.049927808258019526,0.0,0.0,0.0,0.0,0.0,0.0,0.0,0.0
gaussian,0.35,0.35,2,40,two_channel_uniform,2000,0.20010505374156273,0.0018806789928512192,0.19641892291557433,0.20379118456755113,0.4449375,0.0034587133656820966,0.4381584218032631,0.4517165781967369,0.0852806307098954,0.00042102480812099204,0.08445542208597825,0.08610583933381255,0.95055,0.000754657872318394,0.949070870570256,0.952029129429744,40.0,0.0,40.0,40.0,0.6537999999999999,0.0019201884183019358,0.6500364307001282,0.6575635692998717,13.848,0.07680753673207744,13.69745722800513,13.998542771994872,13.076,0.03840376836603871,13.000728614002565,13.151271385997436,0.292008537872061,1.2299804749478946e-05,0.291984430254752,0.29203264548936997,0.058105012889158175,9.101647395148483e-06,0.05808717366026368,0.05812285211805267,-0.006752548097920853,0.0017464291572892572,-0.010175549246207798,-0.0033295469496339093,0.009875,0.003057211222295388,0.00388286600430104,0.01586713399569896,0.024991991715943854,0.0018764067958512473,0.02131423439607541,0.0286697490358123,-0.03425,0.0033722811107535166,-0.04085967097707689,-0.02764032902292311
gaussian,0.35,0.35,2,40,balanced_mix,2000,0.2010951009422903,0.001863944611579457,0.19744176950359457,0.20474843238098603,0.44275,0.0035433030138733636,0.4358051260928082,0.44969487390719176,0.08549933128644738,0.0004168097126553142,0.08468238424964296,0.0863162783232518,0.9501375,0.0007471535425085269,0.9486730790566833,0.9516019209433166,40.0,0.0,40.0,40.0,0.492925,0.0021095787135526223,0.4887902257214369,0.4970597742785631,20.283,0.08438314854210488,20.117609028857476,20.448390971142526,9.8585,0.04219157427105244,9.775804514428737,9.941195485571262,0.2925972206942225,1.30908144562951e-05,0.29257156269788814,0.29262287869055686,0.05885309201224057,1.0021461669200434e-05,0.058833449947368936,0.05887273407711221,-0.005762500897193291,0.0018479280188202678,-0.009384439814081016,-0.0021405619803055663,0.0076875,0.0033697232734075763,0.0010828423841211503,0.01429215761587885,0.025982038916671422,0.0018360529753529366,0.022383375084979666,0.029580702748363177,-0.0364375,0.0034052692222661415,-0.04311182767564163,-0.02976317232435836
gaussian,0.35,0.35,2,40,validation_only,2000,0.19801135615414406,0.0019178809897511648,0.19425230941423177,0.20177040289405634,0.448625,0.0035453352293463333,0.4416761429504812,0.4555738570495188,0.08472084032967907,0.0004190411892938193,0.08389951959866318,0.08554216106069495,0.9499374999999999,0.0007465306094531052,0.9484743000054718,0.9514006999945279,40.0,0.0,40.0,40.0,1.0,0.0,1.0,1.0,0.0,0.0,0.0,0.0,20.0,0.0,20.0,20.0,0.291142162118608,1.1665920792782509e-05,0.29111929691385413,0.29116502732336186,0.05654695171048932,2.8960439237325087e-06,0.0565412754643988,0.05655262795657984,-0.008846245685339519,0.001975083354278088,-0.012717409059724571,-0.004975082310954466,0.0135625,0.0036148176302719702,0.0064774574446669385,0.020647542555333062,0.022898294128525194,0.002025033863402612,0.018929227756256075,0.026867360500794312,-0.0305625,0.003785908358363149,-0.037982880382391775,-0.023142119617608228
gaussian,0.35,0.35,2,40,two_channel_kg,2000,0.1566831083135498,0.0017136805754436049,0.15332429438568035,0.16004192224141928,0.5058125,0.0034911918283110762,0.4989697640165103,0.5126552359834897,0.08578824880014636,0.00042948345838385337,0.08494646122171401,0.08663003637857872,0.9504124999999999,0.0007418533177438267,0.948958467497222,0.9518665325027778,40.0,0.0,40.0,40.0,0.735475,0.0016942025701415806,0.7321543629625225,0.7387956370374775,10.581,0.06776810280566321,10.448174518500899,10.7138254814991,14.7095,0.03388405140283161,14.64308725925045,14.77591274074955,0.2925885286504492,1.638651184070234e-05,0.29255641108724145,0.29262064621365697,0.05780714779348655,7.687772995758041e-06,0.05779207975841486,0.05782221582855824,-0.050174493525933755,0.0017975986968105599,-0.053697786971682454,-0.04665120008018506,0.07075,0.003318212850053343,0.06424630281389544,0.07725369718610454,-0.01842995371206904,0.0016730704815776515,-0.02170917185596124,-0.015150735568176844,0.026625,0.003238322954135001,0.0202778870098954,0.0329721129901046
gaussian,0.35,0.35,2,120,uniform,2000,0.17717160484763284,0.0017283893552983425,0.17378396171124808,0.1805592479840176,0.4741875,0.0034738195668552697,0.46737881364896366,0.4809961863510363,0.07750594224647776,0.0003755121841188312,0.07676993836560485,0.07824194612735068,0.9488874999999999,0.0007631045709259534,0.947391815040985,0.9503831849590147,120.0,0.0,120.0,120.0,0.0,0.0,0.0,0.0,120.0,0.0,120.0,120.0,0.0,0.0,0.0,0.0,0.2787549246810936,1.451583938086439e-05,0.2787264736359071,0.2787833757262801,0.06125000000000001,1.9783837344248691e-19,0.06125000000000001,0.06125000000000001,0.0,0.0,0.0,0.0,0.0,0.0,0.0,0.0,0.023034399564574665,0.0014872803929477456,0.020119329994397084,0.025949469134752247,-0.03275,0.002797678904668442,-0.03823345065315015,-0.027266549346849855
gaussian,0.35,0.35,2,120,uniform_blind,2000,0.17794251762567637,0.0017097782947112633,0.17459135216804228,0.18129368308331045,0.472625,0.003485255111049197,0.4657938999823436,0.47945610001765643,0.09421428379083431,0.0004574087661679318,0.09331776260914516,0.09511080497252346,0.840275,0.0012304853654624703,0.8378632486836936,0.8426867513163064,120.0,0.0,120.0,120.0,0.0,0.0,0.0,0.0,120.0,0.0,120.0,120.0,0.0,0.0,0.0,0.0,0.22409449995332847,2.6386989765433398e-05,0.2240427814533882,0.22414621845326874,0.0,0.0,0.0,0.0,0.0007709127780435535,0.0006521655364519242,-0.0005073316734022179,0.002049157229489325,-0.0015625,0.0011640126758888044,-0.0038439648447420567,0.0007189648447420566,0.023805312342618224,0.001456393357810554,0.02095078136130954,0.02665984332392691,-0.0343125,0.0027805751601036595,-0.039762427313803174,-0.02886257268619683
gaussian,0.35,0.35,2,120,uncertainty,2000,0.1719929139377998,0.0017353665025448726,0.16859159559281187,0.17539423228278775,0.484375,0.003487873609903221,0.4775387677245897,0.4912112322754103,0.07584862768553034,0.0003689338466782993,0.07512551734604088,0.0765717380250198,0.9489749999999999,0.0007566858491059007,0.9474918957357523,0.9504581042642475,120.0,0.0,120.0,120.0,0.0,0.0,0.0,0.0,120.0,0.0,120.0,120.0,0.0,0.0,0.0,0.0,0.27578795150856766,0.0,0.27578795150856766,0.27578795150856766,0.06125000000000002,3.103943774525223e-19,0.06125000000000002,0.06125000000000002,-0.005178690909833003,0.0013830754513627953,-0.007889518794504082,-0.002467863025161924,0.0101875,0.002548396227736529,0.005192643393636404,0.015182356606363596,0.01785570865474167,0.0013826776488125368,0.015145660463069097,0.020565756846414242,-0.0225625,0.002628512428288638,-0.027714384359445732,-0.017410615640554267
gaussian,0.35,0.35,2,120,boundary,2000,0.1603987645859799,0.0016785977069262558,0.15710871308040444,0.16368881609155536,0.500375,0.0035086710552268774,0.4934980047317553,0.5072519952682447,0.08626744040804359,0.00042057599321364026,0.08544311146134485,0.08709176935474232,0.9500625,0.0007395879204131245,0.9486129076759903,0.9515120923240098,120.0,0.0,120.0,120.0,0.0,0.0,0.0,0.0,120.0,0.0,120.0,120.0,0.0,0.0,0.0,0.0,0.29308974634633,6.465906278254334e-05,0.2929630145832762,0.2932164781093838,0.06125000000000001,2.6865256481140146e-19,0.06125000000000001,0.06125000000000001,-0.016772840261652926,0.0014933262654357182,-0.019699759741906932,-0.013845920781398919,0.0261875,0.002778409788413361,0.02074181681470981,0.03163318318529019,0.006261559302921742,0.001118199677324312,0.004069887935366091,0.008453230670477393,-0.0065625,0.002108443338942682,-0.010695048944327656,-0.002429951055672343
gaussian,0.35,0.35,2,120,bias_blind_kg,2000,0.15396800182947107,0.0016323419166163944,0.15076861167290292,0.1571673919860392,0.5083125,0.0035087676821355103,0.5014353153430143,0.5151896846569856,0.09572786502803149,0.0004766349348177181,0.09479366055578876,0.09666206950027421,0.8485874999999999,0.0012258558370141126,0.8461848225594523,0.8509901774405476,120.0,0.0,120.0,120.0,0.0,0.0,0.0,0.0,120.0,0.0,120.0,120.0,0.0,0.0,0.0,0.0,0.2390967400329207,0.00010706971559142585,0.23888688339036152,0.23930659667547988,0.0,0.0,0.0,0.0,-0.02320360301816179,0.0015026567353750495,-0.026148810219496887,-0.020258395816826695,0.034125,0.0028559053354658957,0.02852742554248685,0.039722574457513156,-0.00016920345358712268,0.000629931630530684,-0.0014038694494272633,0.001065462542253018,0.001375,0.0012436651635466475,-0.001062583720551429,0.003812583720551429
gaussian,0.35,0.35,2,120,ordinary_kg,2000,0.15413720528305816,0.0016040450088688745,0.15099327706567517,0.15728113350044115,0.5069375,0.003497993678776933,0.5000814323895972,0.5137935676104028,0.08168036877933915,0.00039645700123191866,0.0809033130569246,0.08245742450175371,0.9489249999999999,0.0007630290257566045,0.9474294631095169,0.9504205368904829,120.0,0.0,120.0,120.0,0.0,0.0,0.0,0.0,120.0,0.0,120.0,120.0,0.0,0.0,0.0,0.0,0.2849433685547022,4.769481982373102e-05,0.28484988670784767,0.28503685040155674,0.06125000000000001,2.283034520737457e-19,0.06125000000000001,0.06125000000000001,-0.023034399564574665,0.0014872803929477456,-0.025949469134752247,-0.020119329994397084,0.03275,0.002797678904668442,0.027266549346849855,0.03823345065315015,0.0,0.0,0.0,0.0,0.0,0.0,0.0,0.0
gaussian,0.35,0.35,2,120,two_channel_uniform,2000,0.15759837091796464,0.0016913440678898203,0.1542833365449006,0.16091340529102868,0.50375,0.0036421458459514754,0.4966113941419351,0.510888605858065,0.07060223677681075,0.0003495466911382148,0.06991712526217986,0.07128734829144165,0.9492875,0.0007592368814777755,0.9477993957123035,0.9507756042876964,120.0,0.0,120.0,120.0,0.6643833333333333,0.0011226684719027507,0.6621829031284039,0.6665837635382628,40.274,0.13472021662833011,40.00994837540848,40.538051624591525,39.863,0.06736010831416506,39.730974187704234,39.995025812295765,0.2650011111436675,2.592527792005949e-05,0.2649502975989442,0.2650519246883908,0.05247683409646946,1.3887004197389431e-05,0.052449615568242576,0.05250405262469634,-0.019573233929668192,0.0019216079333816923,-0.023339585479096307,-0.015806882380240077,0.0295625,0.003855311889037757,0.022006088697485993,0.037118911302514004,0.003461165634906476,0.001901175528437558,-0.00026513840083113764,0.007187469670644089,-0.0031875,0.0039209310784730795,-0.010872524913807236,0.004497524913807236
gaussian,0.35,0.35,2,120,balanced_mix,2000,0.16038006527243726,0.0016497740486796865,0.15714650813702508,0.16361362240784944,0.4993125,0.003495814322981897,0.49246070392695546,0.5061642960730445,0.0720025272231318,0.0003549566953269133,0.07130681210029105,0.07269824234597255,0.9496125,0.0007531532325967173,0.9481363196641104,0.9510886803358896,120.0,0.0,120.0,120.0,0.4966583333333333,0.0012233655532653497,0.49426053684893323,0.4990561298177334,60.401,0.14680386639184198,60.113264421871996,60.68873557812801,29.7995,0.07340193319592099,29.655632210935995,29.943367789064002,0.26759997036216193,2.854036286113042e-05,0.2675440312509541,0.26765590947336976,0.05447496992664199,1.5585242674160895e-05,0.05444442285100064,0.054505517002283344,-0.016791539575195573,0.0018786330625467987,-0.0204736603777873,-0.013109418772603847,0.025125,0.003596250992088712,0.018076348055506126,0.032173651944493876,0.006242859989379097,0.0018227953226402308,0.0026701811570042444,0.009815538821753948,-0.007625,0.0035795633566696656,-0.014640944179072544,-0.0006090558209274552
gaussian,0.35,0.35,2,120,validation_only,2000,0.1528088000080973,0.0016262050695368979,0.14962143807180497,0.15599616194438962,0.5111875,0.003477903330695641,0.5043708094718365,0.5180041905281635,0.06937228268999804,0.0003589441650157512,0.06866875212656716,0.07007581325342892,0.94925,0.0007493744264488263,0.9477812261241604,0.9507187738758397,120.0,0.0,120.0,120.0,1.0,0.0,1.0,1.0,0.0,0.0,0.0,0.0,60.0,0.0,60.0,60.0,0.26188645151928674,2.4969916640143578e-05,0.26183751048267206,0.2619353925559014,0.048840595750885396,6.417355590672022e-06,0.04882801773392768,0.048853173767843115,-0.024362804839535516,0.0020880631881100486,-0.02845540868823121,-0.020270200990839822,0.037,0.004107409208394338,0.028949477951547096,0.045050522048452904,-0.0013284052749608479,0.0020506956319747624,-0.005347768713631382,0.0026909581637096867,0.00425,0.004139123992309466,-0.0038626830249265526,0.012362683024926553
gaussian,0.35,0.35,2,120,two_channel_kg,2000,0.09815036919310967,0.0012672454709258974,0.09566656807009491,0.10063417031612443,0.5976875,0.0034477330745798424,0.5909299431738235,0.6044450568261766,0.07347917044571463,0.0003796975041889227,0.07273496333750434,0.07422337755392491,0.9494874999999999,0.0007350476647195773,0.9480468065771496,0.9509281934228503,120.0,0.0,120.0,120.0,0.8785583333333333,0.0006594382333156349,0.8772658343960347,0.879850832270632,14.573,0.0791325879978762,14.417900127524163,14.728099872475838,52.7135,0.0395662939989381,52.63595006376208,52.791049936237926,0.26799017281359566,5.2427022163759134e-05,0.2678874158501547,0.26809292977703664,0.05123677491823285,1.3713692025104104e-05,0.051209896081863646,0.051263653754602054,-0.07902123565452317,0.001818478315552191,-0.08258545315300546,-0.07545701815604088,0.1235,0.0038657272179321873,0.11592317465285291,0.1310768253471471,-0.0559868360899485,0.0017438426323168497,-0.05940476764928952,-0.052568904530607474,0.09075,0.0038688276859834315,0.08316709773547247,0.09833290226452752
gaussian,0.35,0.35,5,40,uniform,2000,0.20685760183948357,0.0019102873248663314,0.20311343868274556,0.21060176499622157,0.4350625,0.0035127106862162054,0.42817758705501624,0.4419474129449838,0.08663348202146973,0.00042665760504646827,0.08579723311557864,0.08746973092736081,0.95005,0.000754964393609267,0.9485702697885258,0.9515297302114741,40.0,0.0,40.0,40.0,0.0,0.0,0.0,0.0,40.0,0.0,40.0,40.0,0.0,0.0,0.0,0.0,0.2949082419871075,1.19748309935937e-05,0.2948847713183601,0.29493171265585494,0.06125000000000002,3.113241679848574e-19,0.06125000000000002,0.06125000000000002,0.0,0.0,0.0,0.0,0.0,0.0,0.0,0.0,0.031744539813864714,0.001626809353217537,0.02855599348155834,0.034933086146171084,-0.044125,0.0029606164581732304,-0.049927808258019526,-0.03832219174198047
gaussian,0.35,0.35,5,40,uniform_blind,2000,0.20740959004841641,0.0019205631018944578,0.20364528636870327,0.21117389372812956,0.434,0.0035044636726347172,0.427131251201636,0.440868748798364,0.09385581109098544,0.000462301989920629,0.092949699190741,0.09476192299122987,0.907525,0.000990575745540858,0.90558347153874,0.9094665284612601,40.0,0.0,40.0,40.0,0.0,0.0,0.0,0.0,40.0,0.0,40.0,40.0,0.0,0.0,0.0,0.0,0.26628136238416034,1.7211484632520683e-05,0.2662476278742806,0.2663150968940401,0.0,0.0,0.0,0.0,0.0005519882089328475,0.0006145592042185764,-0.0006525478313355622,0.001756524249201257,-0.0010625,0.0010951045264434437,-0.0032089048718291495,0.0010839048718291494,0.03229652802279756,0.0016484792809343708,0.029065508632166195,0.03552754741342893,-0.0451875,0.0029861509038367835,-0.05104035577152009,-0.039334644228479904
gaussian,0.35,0.35,5,40,uncertainty,2000,0.19767728105675003,0.0018906721711378276,0.1939715636013199,0.20138299851218017,0.445625,0.0034804703740316844,0.4388032780668979,0.4524467219331021,0.08457239225483769,0.0004101608740506201,0.08376847694169848,0.0853763075679769,0.9497625,0.0007446259334493947,0.9483030331704392,0.9512219668295607,40.0,0.0,40.0,40.0,0.0,0.0,0.0,0.0,40.0,0.0,40.0,40.0,0.0,0.0,0.0,0.0,0.29172117870651604,2.4831550196201783e-18,0.29172117870651604,0.29172117870651604,0.06125000000000002,3.103943774525223e-19,0.06125000000000002,0.06125000000000002,-0.009180320782733556,0.0015540796822326992,-0.012226316959909646,-0.006134324605557465,0.0105625,0.00271257296176738,0.005245856994935936,0.015879143005064066,0.022564219031131153,0.0015305712503014067,0.019564299380540398,0.025564138681721908,-0.0335625,0.00276684852716247,-0.03898552311323844,-0.02813947688676156
gaussian,0.35,0.35,5,40,boundary,2000,0.1769222856710476,0.0018008684559613704,0.1733925834973633,0.18045198784473188,0.4764375,0.0035164336620679853,0.46954529002234674,0.4833297099776533,0.08892294521587724,0.0004361520504333667,0.08806808719702784,0.08977780323472663,0.950125,0.0007495569393332642,0.9486558683989068,0.9515941316010932,40.0,0.0,40.0,40.0,0.0,0.0,0.0,0.0,40.0,0.0,40.0,40.0,0.0,0.0,0.0,0.0,0.29827760560006633,2.930983666702317e-05,0.298220158320199,0.29833505287993367,0.06125000000000001,2.953439608280123e-19,0.06125000000000001,0.06125000000000001,-0.029935316168435987,0.001637574040003869,-0.03314496128684357,-0.026725671050028404,0.041375,0.0029699056984067206,0.03555398483112283,0.04719601516887718,0.0018092236454287237,0.0008437217959462783,0.00015552892537401834,0.003462918365483429,-0.00275,0.0015120927426024887,-0.005713701775500877,0.00021370177550087766
gaussian,0.35,0.35,5,40,bias_blind_kg,2000,0.17533804695339925,0.0017886526980694735,0.17183228766518308,0.17884380624161542,0.4791875,0.0035184447414410656,0.4722913483067755,0.4860836516932245,0.0949958759169019,0.0004627656651103428,0.09408885521328562,0.09590289662051817,0.907025,0.0009778114568374423,0.9051084895445985,0.9089415104554014,40.0,0.0,40.0,40.0,0.0,0.0,0.0,0.0,40.0,0.0,40.0,40.0,0.0,0.0,0.0,0.0,0.2700654030272626,3.664471735154754e-05,0.26999357938125357,0.27013722667327167,0.0,0.0,0.0,0.0,-0.031519554886084336,0.0016415829917084917,-0.03473705754983298,-0.028302052222335693,0.044125,0.0029447330802565073,0.038353323162697246,0.04989667683730275,0.0002249849277803711,0.0007526856688661326,-0.0012502789831972487,0.001700248838757991,0.0,0.0013667924351489476,-0.002678913172891937,0.002678913172891937
gaussian,0.35,0.35,5,40,ordinary_kg,2000,0.17511306202561885,0.0017510969980461743,0.17168091190944834,0.17854521214178937,0.4791875,0.0034972763177501926,0.47233283841720963,0.48604216158279034,0.08820923010711153,0.0004301125013240556,0.08736620960451638,0.08905225060970667,0.9498999999999999,0.0007480974701951983,0.9484337289584173,0.9513662710415824,40.0,0.0,40.0,40.0,0.0,0.0,0.0,0.0,40.0,0.0,40.0,40.0,0.0,0.0,0.0,0.0,0.2970584891027733,2.193187584091923e-05,0.29701550262612514,0.2971014755794215,0.06125000000000001,2.3997922040457273e-19,0.06125000000000001,0.06125000000000001,-0.031744539813864714,0.001626809353217537,-0.034933086146171084,-0.02855599348155834,0.044125,0.0029606164581732304,0.03832219174198047,0.049927808258019526,0.0,0.0,0.0,0.0,0.0,0.0,0.0,0.0
gaussian,0.35,0.35,5,40,two_channel_uniform,2000,0.21413437812147926,0.0019788503838837745,0.21025583136906706,0.21801292487389146,0.4279375,0.003467389607791589,0.42114141636872854,0.4347335836312715,0.08955696483765299,0.00044009493642501997,0.08869437876225995,0.09041955091304603,0.9501374999999999,0.000746525583686553,0.9486743098559742,0.9516006901440255,40.0,0.0,40.0,40.0,0.786,0.0019065853072356568,0.7822630927978181,0.7897369072021819,8.56,0.07626341228942626,8.410523711912726,8.709476288087275,6.288,0.015252682457885254,6.258104742382545,6.317895257617455,0.2998205907288061,1.6159303638853256e-05,0.29978891849367395,0.2998522629639383,0.05970097308839807,3.7940087440529383e-06,0.059693536831259726,0.059708409345536416,0.007276776281995653,0.0017431994588038675,0.003860105342740073,0.010693447221251233,-0.007125,0.003048239339198042,-0.013099549104828162,-0.0011504508951718385,0.03902131609586037,0.0019173840789248348,0.035263243301167695,0.04277938889055304,-0.05125,0.003401103130052164,-0.057916162134902235,-0.04458383786509776
gaussian,0.35,0.35,5,40,balanced_mix,2000,0.20883223285905103,0.001971396903811475,0.20496829492758054,0.21269617079052153,0.433,0.0034691432627507244,0.4262004792050086,0.4397995207949914,0.08806408510732913,0.00043079808600387864,0.08721972085876153,0.08890844935589673,0.9502999999999999,0.0007413533586631952,0.94884694741702,0.9517530525829798,40.0,0.0,40.0,40.0,0.4644375,0.00297006459335809,0.45861617339701816,0.47025882660298185,21.4225,0.1188025837343236,21.189646935880724,21.655353064119275,3.7155,0.02376051674686472,3.6689293871761453,3.762070612823855,0.29750335829824237,2.103301676081634e-05,0.2974621335853912,0.29754458301109354,0.06032732980837952,5.859270023550422e-06,0.060315845639133364,0.06033881397762568,0.001974631019567425,0.0017608384600794425,-0.001476612362188282,0.005425874401323132,-0.0020625,0.0030603655362526124,-0.00806081645105512,0.00393581645105512,0.033719170833432136,0.0018012943909217751,0.030188633827225458,0.03724970783963882,-0.0461875,0.0032157225638538597,-0.052490316225153565,-0.039884683774846434
gaussian,0.35,0.35,5,40,validation_only,2000,0.21719718152402914,0.0019659874658834197,0.21334384609089763,0.22105051695716066,0.424875,0.0035450265576081478,0.417926747947088,0.431823252052912,0.0905481532469641,0.0004433695192492883,0.08967914898923549,0.0914171575046927,0.9498,0.0007388355290384215,0.9483518823630847,0.9512481176369153,40.0,0.0,40.0,40.0,1.0,0.0,1.0,1.0,0.0,0.0,0.0,0.0,8.0,0.0,8.0,8.0,0.3016451456239533,5.206559766477346e-06,0.30163494076681097,0.3016553504810956,0.05929231146636246,1.2768636351411942e-06,0.05928980881363759,0.05929481411908734,0.010339579684545536,0.0018725514843602022,0.00666937877519954,0.014009780593891533,-0.0101875,0.003360594883478285,-0.01677426597161744,-0.0036007340283825615,0.04208411949841025,0.0019612129330563097,0.03824014214961988,0.04592809684720062,-0.0543125,0.0035767571230982146,-0.0613229439612725,-0.0473020560387275
gaussian,0.35,0.35,5,40,two_channel_kg,2000,0.1761952461149508,0.0018018646037329764,0.17266359149163416,0.17972690073826744,0.4789375,0.0035409548115393503,0.47199722856938287,0.48587777143061717,0.08890041511278274,0.0004356583999471529,0.08804652464888632,0.08975430557667916,0.9498874999999998,0.0007507041362781426,0.9484161198928946,0.9513588801071049,40.0,0.0,40.0,40.0,0.3401875,0.0030446302827526243,0.33422002464580486,0.3461549753541951,26.3925,0.12178521131010499,26.15380098583219,26.631199014167805,2.7215,0.024357042262020994,2.673760197166439,2.7692398028335607,0.29807553779543033,2.1874433560480602e-05,0.2980326639056518,0.29811841168520886,0.06057413177966306,5.943851427705027e-06,0.06056248183086476,0.06058578172846136,-0.030662355724532776,0.0016232619714131639,-0.03384394918850258,-0.027480762260562976,0.043875,0.002959834876939822,0.038073723641197946,0.04967627635880205,0.001082184089331931,0.0011125135855880187,-0.0010983425384205854,0.0032627107170844476,-0.00025,0.0021014850391294347,-0.004368910676693692,0.0038689106766936912
gaussian,0.35,0.35,5,120,uniform,2000,0.17717160484763284,0.0017283893552983425,0.17378396171124808,0.1805592479840176,0.4741875,0.0034738195668552697,0.46737881364896366,0.4809961863510363,0.07750594224647776,0.0003755121841188312,0.07676993836560485,0.07824194612735068,0.9488874999999999,0.0007631045709259534,0.947391815040985,0.9503831849590147,120.0,0.0,120.0,120.0,0.0,0.0,0.0,0.0,120.0,0.0,120.0,120.0,0.0,0.0,0.0,0.0,0.2787549246810936,1.451583938086439e-05,0.2787264736359071,0.2787833757262801,0.06125000000000001,1.9783837344248691e-19,0.06125000000000001,0.06125000000000001,0.0,0.0,0.0,0.0,0.0,0.0,0.0,0.0,0.023034399564574665,0.0014872803929477456,0.020119329994397084,0.025949469134752247,-0.03275,0.002797678904668442,-0.03823345065315015,-0.027266549346849855
gaussian,0.35,0.35,5,120,uniform_blind,2000,0.17794251762567637,0.0017097782947112633,0.17459135216804228,0.18129368308331045,0.472625,0.003485255111049197,0.4657938999823436,0.47945610001765643,0.09421428379083431,0.0004574087661679318,0.09331776260914516,0.09511080497252346,0.840275,0.0012304853654624703,0.8378632486836936,0.8426867513163064,120.0,0.0,120.0,120.0,0.0,0.0,0.0,0.0,120.0,0.0,120.0,120.0,0.0,0.0,0.0,0.0,0.22409449995332847,2.6386989765433398e-05,0.2240427814533882,0.22414621845326874,0.0,0.0,0.0,0.0,0.0007709127780435535,0.0006521655364519242,-0.0005073316734022179,0.002049157229489325,-0.0015625,0.0011640126758888044,-0.0038439648447420567,0.0007189648447420566,0.023805312342618224,0.001456393357810554,0.02095078136130954,0.02665984332392691,-0.0343125,0.0027805751601036595,-0.039762427313803174,-0.02886257268619683
gaussian,0.35,0.35,5,120,uncertainty,2000,0.1719929139377998,0.0017353665025448726,0.16859159559281187,0.17539423228278775,0.484375,0.003487873609903221,0.4775387677245897,0.4912112322754103,0.07584862768553034,0.0003689338466782993,0.07512551734604088,0.0765717380250198,0.9489749999999999,0.0007566858491059007,0.9474918957357523,0.9504581042642475,120.0,0.0,120.0,120.0,0.0,0.0,0.0,0.0,120.0,0.0,120.0,120.0,0.0,0.0,0.0,0.0,0.27578795150856766,0.0,0.27578795150856766,0.27578795150856766,0.06125000000000002,3.103943774525223e-19,0.06125000000000002,0.06125000000000002,-0.005178690909833003,0.0013830754513627953,-0.007889518794504082,-0.002467863025161924,0.0101875,0.002548396227736529,0.005192643393636404,0.015182356606363596,0.01785570865474167,0.0013826776488125368,0.015145660463069097,0.020565756846414242,-0.0225625,0.002628512428288638,-0.027714384359445732,-0.017410615640554267
gaussian,0.35,0.35,5,120,boundary,2000,0.1603987645859799,0.0016785977069262558,0.15710871308040444,0.16368881609155536,0.500375,0.0035086710552268774,0.4934980047317553,0.5072519952682447,0.08626744040804359,0.00042057599321364026,0.08544311146134485,0.08709176935474232,0.9500625,0.0007395879204131245,0.9486129076759903,0.9515120923240098,120.0,0.0,120.0,120.0,0.0,0.0,0.0,0.0,120.0,0.0,120.0,120.0,0.0,0.0,0.0,0.0,0.29308974634633,6.465906278254334e-05,0.2929630145832762,0.2932164781093838,0.06125000000000001,2.6865256481140146e-19,0.06125000000000001,0.06125000000000001,-0.016772840261652926,0.0014933262654357182,-0.019699759741906932,-0.013845920781398919,0.0261875,0.002778409788413361,0.02074181681470981,0.03163318318529019,0.006261559302921742,0.001118199677324312,0.004069887935366091,0.008453230670477393,-0.0065625,0.002108443338942682,-0.010695048944327656,-0.002429951055672343
gaussian,0.35,0.35,5,120,bias_blind_kg,2000,0.15396800182947107,0.0016323419166163944,0.15076861167290292,0.1571673919860392,0.5083125,0.0035087676821355103,0.5014353153430143,0.5151896846569856,0.09572786502803149,0.0004766349348177181,0.09479366055578876,0.09666206950027421,0.8485874999999999,0.0012258558370141126,0.8461848225594523,0.8509901774405476,120.0,0.0,120.0,120.0,0.0,0.0,0.0,0.0,120.0,0.0,120.0,120.0,0.0,0.0,0.0,0.0,0.2390967400329207,0.00010706971559142585,0.23888688339036152,0.23930659667547988,0.0,0.0,0.0,0.0,-0.02320360301816179,0.0015026567353750495,-0.026148810219496887,-0.020258395816826695,0.034125,0.0028559053354658957,0.02852742554248685,0.039722574457513156,-0.00016920345358712268,0.000629931630530684,-0.0014038694494272633,0.001065462542253018,0.001375,0.0012436651635466475,-0.001062583720551429,0.003812583720551429
gaussian,0.35,0.35,5,120,ordinary_kg,2000,0.15413720528305816,0.0016040450088688745,0.15099327706567517,0.15728113350044115,0.5069375,0.003497993678776933,0.5000814323895972,0.5137935676104028,0.08168036877933915,0.00039645700123191866,0.0809033130569246,0.08245742450175371,0.9489249999999999,0.0007630290257566045,0.9474294631095169,0.9504205368904829,120.0,0.0,120.0,120.0,0.0,0.0,0.0,0.0,120.0,0.0,120.0,120.0,0.0,0.0,0.0,0.0,0.2849433685547022,4.769481982373102e-05,0.28484988670784767,0.28503685040155674,0.06125000000000001,2.283034520737457e-19,0.06125000000000001,0.06125000000000001,-0.023034399564574665,0.0014872803929477456,-0.025949469134752247,-0.020119329994397084,0.03275,0.002797678904668442,0.027266549346849855,0.03823345065315015,0.0,0.0,0.0,0.0,0.0,0.0,0.0,0.0
gaussian,0.35,0.35,5,120,two_channel_uniform,2000,0.1886259650049211,0.0018067979004223027,0.18508464112009337,0.19216728888974882,0.458875,0.0034927824799472,0.45202914633930347,0.4657208536606965,0.08083255716923334,0.0003979901400242639,0.08005249649478578,0.08161261784368089,0.9498249999999998,0.0007403183255273067,0.9483739760819663,0.9512760239180333,120.0,0.0,120.0,120.0,0.8164375,0.0010063397460574762,0.8144650740977274,0.8184099259022727,22.0275,0.12076076952689711,21.79080889172728,22.26419110827272,19.5945,0.024152153905379423,19.547161778345455,19.641838221654545,0.28413428722969364,2.1950742678434466e-05,0.2840912637740439,0.28417731068534335,0.05663820566779305,6.0393080982251535e-06,0.05662636862392052,0.05665004271166557,0.011454360157288231,0.00193737373058741,0.007657107645336908,0.015251612669239554,-0.0153125,0.0036404218515858505,-0.022447726829108266,-0.008177273170891734,0.0344887597218629,0.0019454556216678724,0.030675666703393868,0.038301852740331925,-0.0480625,0.003686471800250481,-0.055287984728490946,-0.040837015271509056
gaussian,0.35,0.35,5,120,balanced_mix,2000,0.1805412951681156,0.0017710861365349685,0.17706996634050706,0.18401262399572413,0.4718125,0.003456667534938608,0.46503743163152034,0.4785875683684797,0.0785913716917378,0.00038851004774616114,0.07782989199815532,0.07935285138532028,0.9492624999999999,0.0007569565961924496,0.9477788650714627,0.9507461349285371,120.0,0.0,120.0,120.0,0.4867708333333334,0.0017582826037418444,0.48332459942999934,0.4902170672366674,61.5875,0.21099391244902127,61.173951931599916,62.00104806840008,11.6825,0.042198782489804264,11.599790386319983,11.765209613680016,0.28022448694712343,2.0310801370544342e-05,0.2801846777764372,0.2802642961178097,0.058425778120157784,9.964569784080635e-06,0.05840624756338099,0.05844530867693458,0.003369690320482756,0.0017730617124049033,-0.00010551063583085461,0.006844891276796367,-0.002375,0.003237125527121117,-0.008719766033157389,0.00396976603315739,0.026404089885057425,0.001773707995838878,0.022927622213213223,0.029880557556901628,-0.035125,0.0033468220443277526,-0.041684771206882396,-0.028565228793117608
gaussian,0.35,0.35,5,120,validation_only,2000,0.1931095650348773,0.0018690473777245224,0.18944623217453724,0.19677289789521737,0.455375,0.003517081832970325,0.44848151960737814,0.4622684803926218,0.08293295425754824,0.000412304833024085,0.08212483678482103,0.08374107173027544,0.9498249999999998,0.0007474634026286064,0.9483599717308477,0.9512900282691519,120.0,0.0,120.0,120.0,1.0,0.0,1.0,1.0,0.0,0.0,0.0,0.0,24.0,0.0,24.0,24.0,0.28784613585576363,1.3614535061977447e-05,0.2878194513670422,0.2878728203444851,0.055682692019803935,3.3917634584968895e-06,0.05567604416342528,0.05568933987618259,0.01593796018724449,0.002116975757025394,0.011788687703474717,0.02008723267101426,-0.0188125,0.003976357552027456,-0.02660616080197381,-0.011018839198026186,0.038972359751819154,0.0021034026127524476,0.034849690630824354,0.043095028872813954,-0.0515625,0.004006216785614787,-0.059414684899804976,-0.04371031510019502
gaussian,0.35,0.35,5,120,two_channel_kg,2000,0.13641281297898888,0.0015366836708683043,0.13340091298408702,0.13942471297389075,0.538375,0.0034871743403420436,0.5315401382929297,0.5452098617070704,0.08231905804382908,0.00040594144851031515,0.08152341280474887,0.08311470328290929,0.9504874999999999,0.0007254226636213176,0.9490656715793021,0.9519093284206978,120.0,0.0,120.0,120.0,0.68325,0.0014564922631562774,0.6803952751642137,0.6861047248357863,38.01,0.17477907157875328,37.66743301970564,38.352566980294355,16.398,0.03495581431575065,16.329486603941127,16.466513396058872,0.28586657298326384,3.404179202390024e-05,0.285799851070897,0.2859332948956307,0.0575594497055598,8.059636449727497e-06,0.05754365281811833,0.05757524659300126,-0.040758791868643965,0.0016627665929965585,-0.04401781439091722,-0.03749976934637071,0.0641875,0.0032252464679873123,0.05786601692274486,0.07050898307725513,-0.017724392304069296,0.0015842340679574774,-0.020829491077265953,-0.01461929353087264,0.0314375,0.003201444622465045,0.025162668539968513,0.03771233146003149
gaussian,0.35,0.35,10,40,uniform,2000,0.20685760183948357,0.0019102873248663314,0.20311343868274556,0.21060176499622157,0.4350625,0.0035127106862162054,0.42817758705501624,0.4419474129449838,0.08663348202146973,0.00042665760504646827,0.08579723311557864,0.08746973092736081,0.95005,0.000754964393609267,0.9485702697885258,0.9515297302114741,40.0,0.0,40.0,40.0,0.0,0.0,0.0,0.0,40.0,0.0,40.0,40.0,0.0,0.0,0.0,0.0,0.2949082419871075,1.19748309935937e-05,0.2948847713183601,0.29493171265585494,0.06125000000000002,3.113241679848574e-19,0.06125000000000002,0.06125000000000002,0.0,0.0,0.0,0.0,0.0,0.0,0.0,0.0,0.031744539813864714,0.001626809353217537,0.02855599348155834,0.034933086146171084,-0.044125,0.0029606164581732304,-0.049927808258019526,-0.03832219174198047
gaussian,0.35,0.35,10,40,uniform_blind,2000,0.20740959004841641,0.0019205631018944578,0.20364528636870327,0.21117389372812956,0.434,0.0035044636726347172,0.427131251201636,0.440868748798364,0.09385581109098544,0.000462301989920629,0.092949699190741,0.09476192299122987,0.907525,0.000990575745540858,0.90558347153874,0.9094665284612601,40.0,0.0,40.0,40.0,0.0,0.0,0.0,0.0,40.0,0.0,40.0,40.0,0.0,0.0,0.0,0.0,0.26628136238416034,1.7211484632520683e-05,0.2662476278742806,0.2663150968940401,0.0,0.0,0.0,0.0,0.0005519882089328475,0.0006145592042185764,-0.0006525478313355622,0.001756524249201257,-0.0010625,0.0010951045264434437,-0.0032089048718291495,0.0010839048718291494,0.03229652802279756,0.0016484792809343708,0.029065508632166195,0.03552754741342893,-0.0451875,0.0029861509038367835,-0.05104035577152009,-0.039334644228479904
gaussian,0.35,0.35,10,40,uncertainty,2000,0.19767728105675003,0.0018906721711378276,0.1939715636013199,0.20138299851218017,0.445625,0.0034804703740316844,0.4388032780668979,0.4524467219331021,0.08457239225483769,0.0004101608740506201,0.08376847694169848,0.0853763075679769,0.9497625,0.0007446259334493947,0.9483030331704392,0.9512219668295607,40.0,0.0,40.0,40.0,0.0,0.0,0.0,0.0,40.0,0.0,40.0,40.0,0.0,0.0,0.0,0.0,0.29172117870651604,2.4831550196201783e-18,0.29172117870651604,0.29172117870651604,0.06125000000000002,3.103943774525223e-19,0.06125000000000002,0.06125000000000002,-0.009180320782733556,0.0015540796822326992,-0.012226316959909646,-0.006134324605557465,0.0105625,0.00271257296176738,0.005245856994935936,0.015879143005064066,0.022564219031131153,0.0015305712503014067,0.019564299380540398,0.025564138681721908,-0.0335625,0.00276684852716247,-0.03898552311323844,-0.02813947688676156
gaussian,0.35,0.35,10,40,boundary,2000,0.1769222856710476,0.0018008684559613704,0.1733925834973633,0.18045198784473188,0.4764375,0.0035164336620679853,0.46954529002234674,0.4833297099776533,0.08892294521587724,0.0004361520504333667,0.08806808719702784,0.08977780323472663,0.950125,0.0007495569393332642,0.9486558683989068,0.9515941316010932,40.0,0.0,40.0,40.0,0.0,0.0,0.0,0.0,40.0,0.0,40.0,40.0,0.0,0.0,0.0,0.0,0.29827760560006633,2.930983666702317e-05,0.298220158320199,0.29833505287993367,0.06125000000000001,2.953439608280123e-19,0.06125000000000001,0.06125000000000001,-0.029935316168435987,0.001637574040003869,-0.03314496128684357,-0.026725671050028404,0.041375,0.0029699056984067206,0.03555398483112283,0.04719601516887718,0.0018092236454287237,0.0008437217959462783,0.00015552892537401834,0.003462918365483429,-0.00275,0.0015120927426024887,-0.005713701775500877,0.00021370177550087766
gaussian,0.35,0.35,10,40,bias_blind_kg,2000,0.17533804695339925,0.0017886526980694735,0.17183228766518308,0.17884380624161542,0.4791875,0.0035184447414410656,0.4722913483067755,0.4860836516932245,0.0949958759169019,0.0004627656651103428,0.09408885521328562,0.09590289662051817,0.907025,0.0009778114568374423,0.9051084895445985,0.9089415104554014,40.0,0.0,40.0,40.0,0.0,0.0,0.0,0.0,40.0,0.0,40.0,40.0,0.0,0.0,0.0,0.0,0.2700654030272626,3.664471735154754e-05,0.26999357938125357,0.27013722667327167,0.0,0.0,0.0,0.0,-0.031519554886084336,0.0016415829917084917,-0.03473705754983298,-0.028302052222335693,0.044125,0.0029447330802565073,0.038353323162697246,0.04989667683730275,0.0002249849277803711,0.0007526856688661326,-0.0012502789831972487,0.001700248838757991,0.0,0.0013667924351489476,-0.002678913172891937,0.002678913172891937
gaussian,0.35,0.35,10,40,ordinary_kg,2000,0.17511306202561885,0.0017510969980461743,0.17168091190944834,0.17854521214178937,0.4791875,0.0034972763177501926,0.47233283841720963,0.48604216158279034,0.08820923010711153,0.0004301125013240556,0.08736620960451638,0.08905225060970667,0.9498999999999999,0.0007480974701951983,0.9484337289584173,0.9513662710415824,40.0,0.0,40.0,40.0,0.0,0.0,0.0,0.0,40.0,0.0,40.0,40.0,0.0,0.0,0.0,0.0,0.2970584891027733,2.193187584091923e-05,0.29701550262612514,0.2971014755794215,0.06125000000000001,2.3997922040457273e-19,0.06125000000000001,0.06125000000000001,-0.031744539813864714,0.001626809353217537,-0.034933086146171084,-0.02855599348155834,0.044125,0.0029606164581732304,0.03832219174198047,0.049927808258019526,0.0,0.0,0.0,0.0,0.0,0.0,0.0,0.0
gaussian,0.35,0.35,10,40,two_channel_uniform,2000,0.21934024572110455,0.0020009819518753457,0.21541832109542888,0.22326217034678023,0.4213125,0.0034910709259452165,0.41447000098514736,0.4281549990148526,0.09099661315443285,0.00044706054772829094,0.09012037448088539,0.0918728518279803,0.9503499999999999,0.0007516040875036377,0.9488768559884928,0.951823144011507,40.0,0.0,40.0,40.0,0.762375,0.0015520983190816383,0.7593328872946,0.7654171127054,9.505,0.062083932763265536,9.383315491784,9.626684508216002,3.0495,0.006208393276326553,3.0373315491784,3.0616684508216,0.302398038089704,1.945229748904223e-05,0.30235991158662545,0.30243616459278255,0.06049013640581876,1.582094444984048e-06,0.06048703550070659,0.06049323731093093,0.012482643881620984,0.0016441935520707788,0.009260024519562258,0.015705263243679712,-0.01375,0.0028687795659651247,-0.019372807949291644,-0.008127192050708356,0.04422718369548569,0.001879269473338004,0.04054381552774321,0.04791055186322818,-0.057875,0.0033146622271869827,-0.06437173796528649,-0.05137826203471352
gaussian,0.35,0.35,10,40,balanced_mix,2000,0.213854588940998,0.001993610176662942,0.20994711299473864,0.21776206488725738,0.42725,0.0034720395705391516,0.42044480244174326,0.4340551975582568,0.08887562405992165,0.0004373046859310821,0.08801850687549673,0.08973274124434658,0.950175,0.0007478815754686448,0.9487091521120814,0.9516408478879186,40.0,0.0,40.0,40.0,0.410375,0.004139187253925766,0.4022621929823055,0.4184878070176945,23.585,0.16556749015703068,23.26048771929222,23.90951228070778,1.6415,0.016556749015703063,1.609048771929222,1.673951228070778,0.29866807734148965,4.190653319153211e-05,0.2985859405364342,0.29875021414654507,0.060839622541875714,4.118671509027754e-06,0.060831549945718016,0.06084769513803341,0.006996987101514414,0.0017319720584360423,0.003602321866979771,0.010391652336049056,-0.0078125,0.0030132193609715284,-0.013718409947504196,-0.0019065900524958043,0.038741526915379125,0.0017806939030580538,0.03525136686538534,0.04223168696537291,-0.0519375,0.0031813758616456383,-0.058172996688825446,-0.04570200331117455
gaussian,0.35,0.35,10,40,validation_only,2000,0.22386743398589748,0.002022447659225157,0.21990343657381617,0.2278314313979788,0.4155625,0.0035410563518417015,0.4086220295503903,0.4225029704496097,0.09276568279537466,0.0004516590521891422,0.09188043105308394,0.09365093453766538,0.9499249999999998,0.000734177564249905,0.94848601197407,0.9513639880259296,40.0,0.0,40.0,40.0,1.0,0.0,1.0,1.0,0.0,0.0,0.0,0.0,4.0,0.0,4.0,4.0,0.3053449252334076,2.4421609122134372e-06,0.3053401385980197,0.30534971186879556,0.0602564541183015,5.964120498802628e-07,0.060255285150683735,0.06025762308591927,0.01700983214641389,0.0018389738586855125,0.013405443383390286,0.020614220909437493,-0.0195,0.003229903812703973,-0.025830611472899785,-0.013169388527100213,0.048754371960278604,0.0019813557221133884,0.04487091474493636,0.05263782917562085,-0.063625,0.0034828770296554904,-0.07045143897812477,-0.05679856102187524
gaussian,0.35,0.35,10,40,two_channel_kg,2000,0.1764874670912585,0.0017550952544648061,0.1730474803925075,0.17992745379000952,0.4775,0.0034836411091972207,0.47067206342597345,0.4843279365740265,0.0886232651861279,0.00043319820275154703,0.08777419670873486,0.08947233366352093,0.9498874999999999,0.0007475739798191552,0.9484222549995543,0.9513527450004454,40.0,0.0,40.0,40.0,0.130375,0.003305831052394161,0.12389557113730744,0.13685442886269256,34.785,0.13223324209576642,34.52582284549229,35.0441771545077,0.5215,0.013223324209576644,0.49558228454922976,0.5474177154507702,0.29782973897501197,2.974567149413238e-05,0.29777143745888346,0.2978880404911405,0.06111913445861205,3.3182693799325223e-06,0.06111263065062738,0.06112563826659672,-0.030370134748225076,0.0016026179794541163,-0.03351126598795515,-0.027229003508495008,0.0424375,0.0029178660898221613,0.03671848246394857,0.048156517536051435,0.0013744050656396346,0.0006429160523483652,0.00011428960303683884,0.0026345205282424303,-0.0016875,0.0012035444243839663,-0.0040464470717925735,0.0006714470717925738
gaussian,0.35,0.35,10,120,uniform,2000,0.17717160484763284,0.0017283893552983425,0.17378396171124808,0.1805592479840176,0.4741875,0.0034738195668552697,0.46737881364896366,0.4809961863510363,0.07750594224647776,0.0003755121841188312,0.07676993836560485,0.07824194612735068,0.9488874999999999,0.0007631045709259534,0.947391815040985,0.9503831849590147,120.0,0.0,120.0,120.0,0.0,0.0,0.0,0.0,120.0,0.0,120.0,120.0,0.0,0.0,0.0,0.0,0.2787549246810936,1.451583938086439e-05,0.2787264736359071,0.2787833757262801,0.06125000000000001,1.9783837344248691e-19,0.06125000000000001,0.06125000000000001,0.0,0.0,0.0,0.0,0.0,0.0,0.0,0.0,0.023034399564574665,0.0014872803929477456,0.020119329994397084,0.025949469134752247,-0.03275,0.002797678904668442,-0.03823345065315015,-0.027266549346849855
gaussian,0.35,0.35,10,120,uniform_blind,2000,0.17794251762567637,0.0017097782947112633,0.17459135216804228,0.18129368308331045,0.472625,0.003485255111049197,0.4657938999823436,0.47945610001765643,0.09421428379083431,0.0004574087661679318,0.09331776260914516,0.09511080497252346,0.840275,0.0012304853654624703,0.8378632486836936,0.8426867513163064,120.0,0.0,120.0,120.0,0.0,0.0,0.0,0.0,120.0,0.0,120.0,120.0,0.0,0.0,0.0,0.0,0.22409449995332847,2.6386989765433398e-05,0.2240427814533882,0.22414621845326874,0.0,0.0,0.0,0.0,0.0007709127780435535,0.0006521655364519242,-0.0005073316734022179,0.002049157229489325,-0.0015625,0.0011640126758888044,-0.0038439648447420567,0.0007189648447420566,0.023805312342618224,0.001456393357810554,0.02095078136130954,0.02665984332392691,-0.0343125,0.0027805751601036595,-0.039762427313803174,-0.02886257268619683
gaussian,0.35,0.35,10,120,uncertainty,2000,0.1719929139377998,0.0017353665025448726,0.16859159559281187,0.17539423228278775,0.484375,0.003487873609903221,0.4775387677245897,0.4912112322754103,0.07584862768553034,0.0003689338466782993,0.07512551734604088,0.0765717380250198,0.9489749999999999,0.0007566858491059007,0.9474918957357523,0.9504581042642475,120.0,0.0,120.0,120.0,0.0,0.0,0.0,0.0,120.0,0.0,120.0,120.0,0.0,0.0,0.0,0.0,0.27578795150856766,0.0,0.27578795150856766,0.27578795150856766,0.06125000000000002,3.103943774525223e-19,0.06125000000000002,0.06125000000000002,-0.005178690909833003,0.0013830754513627953,-0.007889518794504082,-0.002467863025161924,0.0101875,0.002548396227736529,0.005192643393636404,0.015182356606363596,0.01785570865474167,0.0013826776488125368,0.015145660463069097,0.020565756846414242,-0.0225625,0.002628512428288638,-0.027714384359445732,-0.017410615640554267
gaussian,0.35,0.35,10,120,boundary,2000,0.1603987645859799,0.0016785977069262558,0.15710871308040444,0.16368881609155536,0.500375,0.0035086710552268774,0.4934980047317553,0.5072519952682447,0.08626744040804359,0.00042057599321364026,0.08544311146134485,0.08709176935474232,0.9500625,0.0007395879204131245,0.9486129076759903,0.9515120923240098,120.0,0.0,120.0,120.0,0.0,0.0,0.0,0.0,120.0,0.0,120.0,120.0,0.0,0.0,0.0,0.0,0.29308974634633,6.465906278254334e-05,0.2929630145832762,0.2932164781093838,0.06125000000000001,2.6865256481140146e-19,0.06125000000000001,0.06125000000000001,-0.016772840261652926,0.0014933262654357182,-0.019699759741906932,-0.013845920781398919,0.0261875,0.002778409788413361,0.02074181681470981,0.03163318318529019,0.006261559302921742,0.001118199677324312,0.004069887935366091,0.008453230670477393,-0.0065625,0.002108443338942682,-0.010695048944327656,-0.002429951055672343
gaussian,0.35,0.35,10,120,bias_blind_kg,2000,0.15396800182947107,0.0016323419166163944,0.15076861167290292,0.1571673919860392,0.5083125,0.0035087676821355103,0.5014353153430143,0.5151896846569856,0.09572786502803149,0.0004766349348177181,0.09479366055578876,0.09666206950027421,0.8485874999999999,0.0012258558370141126,0.8461848225594523,0.8509901774405476,120.0,0.0,120.0,120.0,0.0,0.0,0.0,0.0,120.0,0.0,120.0,120.0,0.0,0.0,0.0,0.0,0.2390967400329207,0.00010706971559142585,0.23888688339036152,0.23930659667547988,0.0,0.0,0.0,0.0,-0.02320360301816179,0.0015026567353750495,-0.026148810219496887,-0.020258395816826695,0.034125,0.0028559053354658957,0.02852742554248685,0.039722574457513156,-0.00016920345358712268,0.000629931630530684,-0.0014038694494272633,0.001065462542253018,0.001375,0.0012436651635466475,-0.001062583720551429,0.003812583720551429
gaussian,0.35,0.35,10,120,ordinary_kg,2000,0.15413720528305816,0.0016040450088688745,0.15099327706567517,0.15728113350044115,0.5069375,0.003497993678776933,0.5000814323895972,0.5137935676104028,0.08168036877933915,0.00039645700123191866,0.0809033130569246,0.08245742450175371,0.9489249999999999,0.0007630290257566045,0.9474294631095169,0.9504205368904829,120.0,0.0,120.0,120.0,0.0,0.0,0.0,0.0,120.0,0.0,120.0,120.0,0.0,0.0,0.0,0.0,0.2849433685547022,4.769481982373102e-05,0.28484988670784767,0.28503685040155674,0.06125000000000001,2.283034520737457e-19,0.06125000000000001,0.06125000000000001,-0.023034399564574665,0.0014872803929477456,-0.025949469134752247,-0.020119329994397084,0.03275,0.002797678904668442,0.027266549346849855,0.03823345065315015,0.0,0.0,0.0,0.0,0.0,0.0,0.0,0.0
gaussian,0.35,0.35,10,120,two_channel_uniform,2000,0.20167401363157916,0.0018581379080612726,0.19803206333177906,0.20531596393137927,0.44425,0.003409348262907281,0.4375676774047017,0.45093232259529825,0.08605445363905295,0.0004204842669361329,0.08523030447585814,0.08687860280224777,0.950875,0.0007388014627087915,0.9494269491330908,0.9523230508669093,120.0,0.0,120.0,120.0,0.872875,0.0010025912559750967,0.8709099211382888,0.8748400788617111,15.255,0.12031095071701167,15.019190536594659,15.490809463405343,10.4745,0.012031095071701168,10.450919053659467,10.498080946340535,0.293763499070702,3.1892115432431346e-05,0.2937009905244544,0.29382600761694955,0.05870622846151973,3.244933269912078e-06,0.05869986839231071,0.058712588530728756,0.024502408783946335,0.001938177739841502,0.02070358041385699,0.02830123715403568,-0.0299375,0.0034954453744920726,-0.03678857293400446,-0.023086427065995535,0.047536808348521,0.00194258408673268,0.043729343538524944,0.05134427315851705,-0.0626875,0.0035803480093154223,-0.06970498209825822,-0.05567001790174177
gaussian,0.35,0.35,10,120,balanced_mix,2000,0.1850359389968006,0.001774629650228522,0.1815576648823527,0.1885142131112485,0.4675,0.0034552542440384137,0.46072770168168475,0.4742722983183153,0.08086727521758105,0.00039460837820092957,0.08009384279630723,0.08164070763885488,0.9503874999999999,0.0007376335292587662,0.9489417382826527,0.9518332617173472,120.0,0.0,120.0,120.0,0.47120833333333334,0.002314583296279853,0.46667175007262485,0.47574491659404183,63.455,0.2777499955535823,62.910610008714976,63.99938999128502,5.6545,0.027774999555358233,5.600061000871498,5.708938999128502,0.2845570600321277,4.198164109096541e-05,0.2844747760155894,0.28463934404866603,0.059855267610699724,6.78812429541332e-06,0.05984196288708071,0.059868572334318734,0.007864334149167795,0.0017724922566986316,0.004390249326038477,0.011338418972297114,-0.0066875,0.003178645043730428,-0.012917644285711639,-0.00045735571428836067,0.030898733713742466,0.001742430898953976,0.02748356915179267,0.034313898275692256,-0.0394375,0.003239926173183402,-0.045787755299439466,-0.033087244700560535
gaussian,0.35,0.35,10,120,validation_only,2000,0.21079350742325967,0.0019593515355801694,0.20695317841352254,0.2146338364329968,0.4319375,0.003563960957379845,0.4249521365235355,0.4389228634764645,0.08860267943261724,0.00043615416924220295,0.08774781726090251,0.08945754160433196,0.9495374999999999,0.0007445730262174993,0.9480781368686136,0.9509968631313862,120.0,0.0,120.0,120.0,1.0,0.0,1.0,1.0,0.0,0.0,0.0,0.0,12.0,0.0,12.0,12.0,0.2980504398830302,7.5690590948235635e-06,0.29803560452720435,0.29806527523885606,0.05835405051009252,1.866421575997122e-06,0.05835039232380357,0.058357708696381475,0.03362190257562682,0.002077782538238066,0.02954944880068021,0.03769435635057343,-0.04225,0.003789041391609976,-0.04967652112755556,-0.03482347887244445,0.05665630214020149,0.002062160343732156,0.052614467866486464,0.06069813641391651,-0.075,0.0038890551390970873,-0.0826225480726303,-0.0673774519273697
gaussian,0.35,0.35,10,120,two_channel_kg,2000,0.15101926531885185,0.0016438460709722487,0.14779732701974624,0.15424120361795746,0.5163125,0.003522543339359195,0.509408315054856,0.523216684945144,0.08457840213406391,0.0004216119498707307,0.08375204271231727,0.08540476155581055,0.9500874999999999,0.0007469480487750028,0.9486234818244008,0.9515515181755989,120.0,0.0,120.0,120.0,0.593,0.0018380909057981536,0.5893973418246355,0.5966026581753644,48.84,0.22057090869577847,48.407681018956275,49.27231898104373,7.116,0.022057090869577845,7.072768101895627,7.159231898104372,0.2903673849619381,4.06692209749345e-05,0.2902876732888272,0.290447096635049,0.05955068113081207,5.140186596698438e-06,0.05954060636508254,0.0595607558965416,-0.026152339528781005,0.001558079155187391,-0.029206174672948292,-0.023098504384613718,0.042125,0.002919461219884108,0.03640285600902715,0.047847143990972854,-0.0031179399642063395,0.001394096363623901,-0.005850368836909186,-0.0003855110915034934,0.009375,0.002773855949019876,0.0039382423399210425,0.014811757660078957
gaussian,0.7,0.7,2,40,uniform,2000,0.26832385153046295,0.002255084589939535,0.26390388573418144,0.27274381732674446,0.3684375,0.003389412501515228,0.36179425149703015,0.3750807485029698,0.1039166812420206,0.0005202584706675018,0.10289697463951229,0.1049363878445289,0.9502624999999999,0.0007685893973415534,0.9487560647812104,0.9517689352187894,40.0,0.0,40.0,40.0,0.0,0.0,0.0,0.0,40.0,0.0,40.0,40.0,0.0,0.0,0.0,0.0,0.32205149004310024,3.997759995823414e-06,0.3220436544335084,0.3220593256526921,0.09800000000000002,6.207887549050446e-19,0.09800000000000002,0.09800000000000002,0.0,0.0,0.0,0.0,0.0,0.0,0.0,0.0,0.008910139795308983,0.0016455604605910472,0.00568484129255053,0.012135438298067435,-0.0075625,0.002517509577759746,-0.012496818772409102,-0.002628181227590898
gaussian,0.7,0.7,2,40,uniform_blind,2000,0.27049991335741347,0.0022646931518295623,0.2660611147798275,0.2749387119349994,0.366875,0.0033986604175493774,0.36021362558160325,0.37353637441839677,0.16233076438303795,0.0008352709833239273,0.16069363325572306,0.16396789551035285,0.8021000000000001,0.0013976620584443176,0.7993605823654493,0.804839417634551,40.0,0.0,40.0,40.0,0.0,0.0,0.0,0.0,40.0,0.0,40.0,40.0,0.0,0.0,0.0,0.0,0.26626706389503585,1.676177913901412e-05,0.26623421080792337,0.26629991698214833,0.0,0.0,0.0,0.0,0.0021760618269504877,0.0010514499594673418,0.00011521990639449782,0.004236903747506477,-0.0015625,0.0015971336715683594,-0.004692881996273985,0.0015678819962739845,0.01108620162225947,0.001727675441582702,0.007699957756757374,0.014472445487761566,-0.009125,0.002701472499273714,-0.014419886098576478,-0.0038301139014235205
gaussian,0.7,0.7,2,40,uncertainty,2000,0.2651043036685958,0.0022329143924171746,0.2607277914594581,0.2694808158777334,0.3709375,0.003370565182829261,0.3643311922416546,0.37754380775834534,0.10305484769342195,0.0005185919035777728,0.10203840756240952,0.10407128782443438,0.9510875,0.0007651683887920376,0.9495877699579676,0.9525872300420324,40.0,0.0,40.0,40.0,0.0,0.0,0.0,0.0,40.0,0.0,40.0,40.0,0.0,0.0,0.0,0.0,0.320904463659744,0.0,0.320904463659744,0.320904463659744,0.09800000000000002,6.207887549050446e-19,0.09800000000000002,0.09800000000000002,-0.0032195478618671143,0.0014907269537305222,-0.006141372691178938,-0.00029772303255529067,0.0025,0.002260266444957563,-0.001930122232116823,0.006930122232116823,0.005690591933441868,0.0015164897222092505,0.0027182720779117373,0.008662911788972,-0.0050625,0.002345560727083658,-0.00965979902508397,-0.00046520097491603053
gaussian,0.7,0.7,2,40,boundary,2000,0.2613324651222041,0.0022298267799765485,0.25696200463345004,0.26570292561095815,0.3729375,0.0034403229801835446,0.3661944669588402,0.37968053304115973,0.10524975116856326,0.0005285036887806737,0.10421388393855315,0.10628561839857338,0.9505624999999999,0.0007727688093416719,0.9490478731336902,0.9520771268663095,40.0,0.0,40.0,40.0,0.0,0.0,0.0,0.0,40.0,0.0,40.0,40.0,0.0,0.0,0.0,0.0,0.32391767859296794,1.0523188123591084e-05,0.3238970531442457,0.32393830404169016,0.098,4.539086646468935e-19,0.098,0.098,-0.006991386408258814,0.0016187105585760571,-0.010164059103067887,-0.0038187137134497425,0.0045,0.0024384365865228576,-0.000279335709584801,0.0092793357095848,0.0019187533870501671,0.0012119617868563137,-0.00045669171518820766,0.004294198489288542,-0.0030625,0.0018373635321431694,-0.006663732523000612,0.0005387325230006121
gaussian,0.7,0.7,2,40,bias_blind_kg,2000,0.25872653968301756,0.0022002041002742788,0.25441413964647996,0.26303893971955516,0.37625,0.003471616310870911,0.36944563203069297,0.383054367969307,0.1557283196648012,0.0008142568933922204,0.15413237615375244,0.15732426317584994,0.8124124999999999,0.0013514934106737433,0.8097635729150794,0.8150614270849204,40.0,0.0,40.0,40.0,0.0,0.0,0.0,0.0,40.0,0.0,40.0,40.0,0.0,0.0,0.0,0.0,0.2713703448333673,4.243810766090184e-05,0.27128716614235193,0.2714535235243827,0.0,0.0,0.0,0.0,-0.009597311847445373,0.0016465932574265625,-0.012824634632001435,-0.006369989062889311,0.0078125,0.002540310563839661,0.0028334912948742644,0.012791508705125736,-0.0006871720521363924,0.0009003182841161351,-0.002451795889004017,0.0010774517847312324,0.00025,0.0014446278845648907,-0.0025814706537471855,0.003081470653747186
gaussian,0.7,0.7,2,40,ordinary_kg,2000,0.25941371173515393,0.0022017910429099814,0.2550982012910504,0.2637292221792575,0.376,0.0034411274575478225,0.36925539018320624,0.38274460981679376,0.10453052402181852,0.0005239527642215912,0.1035035766039442,0.10555747143969284,0.95045,0.0007676300397580654,0.9489454451220742,0.9519545548779258,40.0,0.0,40.0,40.0,0.0,0.0,0.0,0.0,40.0,0.0,40.0,40.0,0.0,0.0,0.0,0.0,0.32286677633450134,7.66055798623292e-06,0.32285176164084833,0.32288179102815434,0.09800000000000002,6.256198686612255e-19,0.09800000000000002,0.09800000000000002,-0.008910139795308983,0.0016455604605910472,-0.012135438298067435,-0.00568484129255053,0.0075625,0.002517509577759746,0.002628181227590898,0.012496818772409102,0.0,0.0,0.0,0.0,0.0,0.0,0.0,0.0
gaussian,0.7,0.7,2,40,two_channel_uniform,2000,0.24111213154649824,0.002145069214670346,0.23690779588574437,0.24531646720725211,0.3985625,0.003383900994391668,0.3919300540509923,0.4051949459490077,0.0971152929900947,0.000487251171102098,0.09616028069473459,0.09807030528545482,0.9503125,0.0007622486033714135,0.948818492737392,0.951806507262608,40.0,0.0,40.0,40.0,0.6574,0.0019524410395723867,0.6535732155624381,0.6612267844375619,13.704,0.07809764158289548,13.550928622497526,13.857071377502475,13.148,0.03904882079144774,13.071464311248763,13.224535688751237,0.31070167098057744,3.2995557856297355e-05,0.3106369996871791,0.31076634227397576,0.0907603063775463,2.1203811601602873e-05,0.09071874690680716,0.09080186584828544,-0.027211719983964683,0.0018995348268479966,-0.030934808244586755,-0.02348863172334261,0.030125,0.003054858141818261,0.024137478042036208,0.036112521957963786,-0.0183015801886557,0.002047585388373671,-0.022314847549868094,-0.014288312827443306,0.0225625,0.003309102692149126,0.01607665872338771,0.029048341276612287
gaussian,0.7,0.7,2,40,balanced_mix,2000,0.24627485181172085,0.002181767130115359,0.24199858823669473,0.25055111538674696,0.3929375,0.003444500920332303,0.3861862781961487,0.3996887218038513,0.0985444098416857,0.0004990670668690541,0.09756623839062237,0.09952258129274905,0.9510124999999998,0.0007670562949059065,0.9495090696619842,0.9525159303380154,40.0,0.0,40.0,40.0,0.49290000000000006,0.0021565876831739555,0.4886730881409791,0.497126911859021,20.284,0.08626350732695821,20.11492352563916,20.453076474360838,9.858,0.04313175366347911,9.773461762819581,9.94253823718042,0.3133807528982504,3.684524767773658e-05,0.313308536212802,0.3134529695836988,0.09248195969081936,2.3528827874299783e-05,0.09243584318818573,0.09252807619345299,-0.022048999718742066,0.001998521655382865,-0.02596610216329248,-0.01813189727419165,0.0245,0.0031302594560405155,0.01836469146616059,0.03063530853383941,-0.013138859923433084,0.002012270748807434,-0.017082910591095655,-0.009194809255770514,0.0169375,0.0032147136713663064,0.01063666120412204,0.02323833879587796
gaussian,0.7,0.7,2,40,validation_only,2000,0.23126446887399715,0.002107476546537982,0.22713381484278272,0.23539512290521158,0.4115,0.0033371122484986233,0.4049592599929427,0.41804074000705727,0.09431105584249803,0.00047608659982152147,0.09337792610684785,0.09524418557814822,0.9501999999999998,0.0007812074900890833,0.9486688333194252,0.9517311666805744,40.0,0.0,40.0,40.0,1.0,0.0,1.0,1.0,0.0,0.0,0.0,0.0,20.0,0.0,20.0,20.0,0.3053983864783509,1.3988813109345494e-05,0.30537096840465655,0.3054258045520452,0.08730073182578854,8.689717440106668e-06,0.08728369997960593,0.08731776367197115,-0.0370593826564658,0.0021623254181414114,-0.041297540476022965,-0.032821224836908636,0.0430625,0.0034101915635525613,0.036378524535436975,0.04974647546456302,-0.02814924286115682,0.0022551782726108445,-0.03256939227547408,-0.023729093446839565,0.0355,0.0035478311759477104,0.028546250895142483,0.04245374910485751
gaussian,0.7,0.7,2,40,two_channel_kg,2000,0.18408977801110255,0.0018889371493698746,0.1803874611983376,0.1877920948238675,0.4671875,0.003614672751636822,0.4601027414067918,0.47427225859320815,0.09436485351209283,0.0004832892901005487,0.09341760650349575,0.0953121005206899,0.9502124999999999,0.0007839026875746714,0.9486760507323535,0.9517489492676463,40.0,0.0,40.0,40.0,1.0,0.0,1.0,1.0,0.0,0.0,0.0,0.0,20.0,0.0,20.0,20.0,0.30538744060718326,1.714294998530898e-05,0.3053538404252121,0.30542104078915444,0.08729488674629021,1.0648810210351689e-05,0.08727401507827792,0.0873157584143025,-0.0842340735193604,0.0022298578006731034,-0.08860459480867967,-0.07986355223004112,0.09875,0.0035998365465088537,0.09169432036884265,0.10580567963115736,-0.07532393372405141,0.002210930092947925,-0.07965735670622934,-0.07099051074187349,0.0911875,0.003656314468097596,0.08402112364252871,0.0983538763574713
gaussian,0.7,0.7,2,120,uniform,2000,0.260519070038541,0.00221703518644223,0.2561736810731143,0.26486445900396777,0.3739375,0.0034496255963876177,0.3671762338310802,0.38069876616891973,0.10136260279670647,0.0005051930668708903,0.10037242438563954,0.10235278120777341,0.950825,0.0007580465056659621,0.9493392288488948,0.9523107711511053,120.0,0.0,120.0,120.0,0.0,0.0,0.0,0.0,120.0,0.0,120.0,120.0,0.0,0.0,0.0,0.0,0.3182153687324547,4.275094090301706e-06,0.3182069895480377,0.3182237479168717,0.09800000000000002,6.263893890857591e-19,0.09800000000000002,0.09800000000000002,0.0,0.0,0.0,0.0,0.0,0.0,0.0,0.0,0.010257598797419403,0.0014833171689498895,0.007350297146277619,0.013164900448561187,-0.011125,0.0023392527095462685,-0.015709935310710688,-0.006540064689289313
gaussian,0.7,0.7,2,120,uniform_blind,2000,0.26209834743818455,0.0022171675834939657,0.2577526989745364,0.2664439959018327,0.3708125,0.003478901054664975,0.36399385393285666,0.3776311460671433,0.22332987129435133,0.0011450830045768815,0.22108550860538065,0.22557423398332202,0.64915,0.0016732568972880886,0.6458704164813154,0.6524295835186846,120.0,0.0,120.0,120.0,0.0,0.0,0.0,0.0,120.0,0.0,120.0,120.0,0.0,0.0,0.0,0.0,0.22407215134098515,2.702010300351591e-05,0.22401919193909825,0.22412511074287206,0.0,0.0,0.0,0.0,0.0015792773996434653,0.0008955379039076217,-0.0001759768920154732,0.0033345316913024037,-0.003125,0.0014644545062925307,-0.00599533083233336,-0.00025466916766664,0.011836876197062867,0.001541961186159242,0.008814632272190754,0.014859120121934981,-0.01425,0.002453296880279962,-0.019058461885348727,-0.009441538114651274
gaussian,0.7,0.7,2,120,uncertainty,2000,0.2572750369081489,0.002168760172565869,0.2530242669699198,0.261525806846378,0.3779375,0.0034206365890301913,0.3712330522855008,0.38464194771449917,0.10083936579695535,0.0005050208313438832,0.09984952496752134,0.10182920662638936,0.9509624999999998,0.0007597164809589955,0.9494734556973202,0.9524515443026794,120.0,0.0,120.0,120.0,0.0,0.0,0.0,0.0,120.0,0.0,120.0,120.0,0.0,0.0,0.0,0.0,0.31744526018302693,0.0,0.31744526018302693,0.31744526018302693,0.09800000000000002,6.207887549050446e-19,0.09800000000000002,0.09800000000000002,-0.0032440331303921705,0.0012896942890995742,-0.0057718339370273365,-0.000716232323757005,0.004,0.0020043568103288284,7.146065175549655e-05,0.007928539348244504,0.007013565667027232,0.0013956050772936626,0.004278179715531653,0.009748951618522812,-0.007125,0.0021884953606237634,-0.011414450906822577,-0.002835549093177424
gaussian,0.7,0.7,2,120,boundary,2000,0.25800539777622444,0.002215987789277805,0.25366206170923994,0.26234873384320895,0.377125,0.0034351881238475295,0.37039203127725884,0.38385796872274114,0.10498111034240347,0.0005264522656043741,0.1039492639018189,0.10601295678298804,0.9505374999999999,0.0007756046532635564,0.9490173148796034,0.9520576851203965,120.0,0.0,120.0,120.0,0.0,0.0,0.0,0.0,120.0,0.0,120.0,120.0,0.0,0.0,0.0,0.0,0.3235282401506447,1.4656530829315003e-05,0.3234995133502192,0.32355696695107017,0.098,4.780980323293482e-19,0.098,0.098,-0.00251367226231655,0.0015452792445175226,-0.0055424195815708946,0.0005150750569377941,0.0031875,0.0023638014829084736,-0.0014455509065006088,0.007820550906500608,0.007743926535102852,0.001413589544616696,0.004973291027654128,0.010514562042551575,-0.0079375,0.002200457407739727,-0.012250396519169864,-0.003624603480830136
gaussian,0.7,0.7,2,120,bias_blind_kg,2000,0.25094957868634316,0.0021569318022811408,0.24672199235387213,0.2551771650188142,0.3850625,0.0034480300538860227,0.37830436109438337,0.3918206389056166,0.19225465811710477,0.0010689273937050815,0.1901595604254428,0.19434975580876673,0.7144375,0.0015053674343598693,0.7114869798286546,0.7173880201713453,120.0,0.0,120.0,120.0,0.0,0.0,0.0,0.0,120.0,0.0,120.0,120.0,0.0,0.0,0.0,0.0,0.24345818137597344,0.0001321823371584021,0.24319910399514297,0.24371725875680392,1.0842021724855045e-23,1.0842021724855046e-23,-1.0408340855860844e-23,3.2092384305570935e-23,-0.009569491352197918,0.0015136908210306693,-0.01253632536141803,-0.0066026573429778055,0.011125,0.0023855738657259005,0.0064492752231772345,0.015800724776822764,0.0006881074452214849,0.0007003247909964925,-0.0006845291451316404,0.0020607440355746103,0.0,0.001152731276012475,-0.002259353300984451,0.002259353300984451
gaussian,0.7,0.7,2,120,ordinary_kg,2000,0.25026147124112164,0.002159274271048746,0.2460292936698661,0.2544936488123772,0.3850625,0.003417289603031984,0.3783646123780573,0.39176038762194265,0.10258274534615139,0.0005163577105347949,0.10157068423350318,0.1035948064587996,0.9507125,0.0007735157303944008,0.949196409168427,0.952228590831573,120.0,0.0,120.0,120.0,0.0,0.0,0.0,0.0,120.0,0.0,120.0,120.0,0.0,0.0,0.0,0.0,0.32001785402878125,1.5345193437903038e-05,0.31998777744964296,0.32004793060791953,0.09799999999999998,1.667196364150578e-19,0.09799999999999998,0.09799999999999998,-0.010257598797419403,0.0014833171689498895,-0.013164900448561187,-0.007350297146277619,0.011125,0.0023392527095462685,0.006540064689289313,0.015709935310710688,0.0,0.0,0.0,0.0,0.0,0.0,0.0,0.0
gaussian,0.7,0.7,2,120,two_channel_uniform,2000,0.19116245332515705,0.00189565486756532,0.18744696978472902,0.19487793686558508,0.461,0.0035004912826073144,0.45413903708608966,0.4678609629139104,0.08213743183042682,0.0004221013329349151,0.08131011321787439,0.08296475044297925,0.9501375,0.000769825052970537,0.9486286428961778,0.9516463571038222,120.0,0.0,120.0,120.0,0.6647833333333333,0.0011210582412321678,0.6625860591805183,0.6669806074861483,40.226,0.13452698894786014,39.96232710166219,40.48967289833781,39.887,0.06726349447393007,39.7551635508311,40.0188364491689,0.28502786313788947,5.222110632272462e-05,0.28492550976949693,0.285130216506282,0.07849448842652905,3.108771769380113e-05,0.0784335564998492,0.0785554203532089,-0.069356616713384,0.0023225396194435912,-0.07390879436749344,-0.06480443905927456,0.0870625,0.003961131413865736,0.07929868242882315,0.09482631757117685,-0.059099017915964586,0.0023050138613600795,-0.06361684508423034,-0.05458119074769883,0.0759375,0.0038945218508949914,0.06830423717224582,0.08357076282775419
gaussian,0.7,0.7,2,120,balanced_mix,2000,0.20481790714340714,0.001970198091952295,0.20095631888318063,0.20867949540363365,0.4436875,0.0034531608102817673,0.43691930481184776,0.45045569518815226,0.08624499940341677,0.00044572268593972165,0.08537138293897492,0.08711861586785863,0.9509749999999999,0.0007614555763781615,0.9494825470702987,0.9524674529297011,120.0,0.0,120.0,120.0,0.4975333333333333,0.001246812176566764,0.49508958146726245,0.4999770851994042,60.296,0.14961746118801167,60.0027497760715,60.5892502239285,29.852,0.07480873059400583,29.70537488803575,29.99862511196425,0.29229472081986724,5.9852939877833895e-05,0.29217740905770667,0.2924120325820278,0.08274632958106545,3.536478924624212e-05,0.08267701459414283,0.08281564456798808,-0.05570116289513389,0.002217699311331345,-0.060047853545343324,-0.051354472244924454,0.06975,0.0037484739265985557,0.06240299110386684,0.07709700889613318,-0.04544356409771448,0.0022119551247939263,-0.04977899614231058,-0.04110813205311838,0.058625,0.003757224781208634,0.05126083942883108,0.06598916057116892
gaussian,0.7,0.7,2,120,validation_only,2000,0.1666375679473488,0.001742812450003858,0.16322165554534124,0.17005348034935636,0.4925,0.003486780939586014,0.4856659093584114,0.49933409064158857,0.07532982526929942,0.000390092604028307,0.07456524376540394,0.0760944067731949,0.9504499999999999,0.0007737154307520895,0.9489335177557258,0.951966482244274,120.0,0.0,120.0,120.0,1.0,0.0,1.0,1.0,0.0,0.0,0.0,0.0,60.0,0.0,60.0,60.0,0.2723692137410112,2.9501354830545986e-05,0.2723113910855433,0.2724270363964791,0.07093181363679835,1.7646819177322662e-05,0.07089722587121079,0.0709664014023859,-0.09388150209119223,0.0024910017360134495,-0.09876386549377858,-0.08899913868860587,0.1185625,0.004214914684756369,0.11030126721787752,0.12682373278212247,-0.08362390329377282,0.0024612279487973322,-0.0884479100734156,-0.07879989651413005,0.1074375,0.004202761550361809,0.09920008736129086,0.11567491263870915
gaussian,0.7,0.7,2,120,two_channel_kg,2000,0.10948317341149362,0.001384948691172283,0.10676867397679594,0.1121976728461913,0.5809375,0.0035289436831202497,0.5740207703810843,0.5878542296189156,0.07837202000485631,0.0004121950597253785,0.07756411768779457,0.07917992232191805,0.9505999999999999,0.0007661517436168392,0.9490983425825109,0.9521016574174889,120.0,0.0,120.0,120.0,1.0,0.0,1.0,1.0,0.0,0.0,0.0,0.0,60.0,0.0,60.0,60.0,0.276253460783756,5.9732415843503414e-05,0.27613638524870276,0.27637053631880926,0.07320998931357178,3.46942277275079e-05,0.07314198862722587,0.07327798999991769,-0.15103589662704744,0.0023719420945109383,-0.1556849031322889,-0.146386890121806,0.207,0.004148385776693886,0.19886916387767997,0.21513083612232,-0.140778297829628,0.0023376308258949174,-0.14536005424838205,-0.13619654141087395,0.195875,0.004135030704476507,0.18777033981922603,0.20397966018077396
gaussian,0.7,0.7,5,40,uniform,2000,0.26832385153046295,0.002255084589939535,0.26390388573418144,0.27274381732674446,0.3684375,0.003389412501515228,0.36179425149703015,0.3750807485029698,0.1039166812420206,0.0005202584706675018,0.10289697463951229,0.1049363878445289,0.9502624999999999,0.0007685893973415534,0.9487560647812104,0.9517689352187894,40.0,0.0,40.0,40.0,0.0,0.0,0.0,0.0,40.0,0.0,40.0,40.0,0.0,0.0,0.0,0.0,0.32205149004310024,3.997759995823414e-06,0.3220436544335084,0.3220593256526921,0.09800000000000002,6.207887549050446e-19,0.09800000000000002,0.09800000000000002,0.0,0.0,0.0,0.0,0.0,0.0,0.0,0.0,0.008910139795308983,0.0016455604605910472,0.00568484129255053,0.012135438298067435,-0.0075625,0.002517509577759746,-0.012496818772409102,-0.002628181227590898
gaussian,0.7,0.7,5,40,uniform_blind,2000,0.27049991335741347,0.0022646931518295623,0.2660611147798275,0.2749387119349994,0.366875,0.0033986604175493774,0.36021362558160325,0.37353637441839677,0.16233076438303795,0.0008352709833239273,0.16069363325572306,0.16396789551035285,0.8021000000000001,0.0013976620584443176,0.7993605823654493,0.804839417634551,40.0,0.0,40.0,40.0,0.0,0.0,0.0,0.0,40.0,0.0,40.0,40.0,0.0,0.0,0.0,0.0,0.26626706389503585,1.676177913901412e-05,0.26623421080792337,0.26629991698214833,0.0,0.0,0.0,0.0,0.0021760618269504877,0.0010514499594673418,0.00011521990639449782,0.004236903747506477,-0.0015625,0.0015971336715683594,-0.004692881996273985,0.0015678819962739845,0.01108620162225947,0.001727675441582702,0.007699957756757374,0.014472445487761566,-0.009125,0.002701472499273714,-0.014419886098576478,-0.0038301139014235205
gaussian,0.7,0.7,5,40,uncertainty,2000,0.2651043036685958,0.0022329143924171746,0.2607277914594581,0.2694808158777334,0.3709375,0.003370565182829261,0.3643311922416546,0.37754380775834534,0.10305484769342195,0.0005185919035777728,0.10203840756240952,0.10407128782443438,0.9510875,0.0007651683887920376,0.9495877699579676,0.9525872300420324,40.0,0.0,40.0,40.0,0.0,0.0,0.0,0.0,40.0,0.0,40.0,40.0,0.0,0.0,0.0,0.0,0.320904463659744,0.0,0.320904463659744,0.320904463659744,0.09800000000000002,6.207887549050446e-19,0.09800000000000002,0.09800000000000002,-0.0032195478618671143,0.0014907269537305222,-0.006141372691178938,-0.00029772303255529067,0.0025,0.002260266444957563,-0.001930122232116823,0.006930122232116823,0.005690591933441868,0.0015164897222092505,0.0027182720779117373,0.008662911788972,-0.0050625,0.002345560727083658,-0.00965979902508397,-0.00046520097491603053
gaussian,0.7,0.7,5,40,boundary,2000,0.2613324651222041,0.0022298267799765485,0.25696200463345004,0.26570292561095815,0.3729375,0.0034403229801835446,0.3661944669588402,0.37968053304115973,0.10524975116856326,0.0005285036887806737,0.10421388393855315,0.10628561839857338,0.9505624999999999,0.0007727688093416719,0.9490478731336902,0.9520771268663095,40.0,0.0,40.0,40.0,0.0,0.0,0.0,0.0,40.0,0.0,40.0,40.0,0.0,0.0,0.0,0.0,0.32391767859296794,1.0523188123591084e-05,0.3238970531442457,0.32393830404169016,0.098,4.539086646468935e-19,0.098,0.098,-0.006991386408258814,0.0016187105585760571,-0.010164059103067887,-0.0038187137134497425,0.0045,0.0024384365865228576,-0.000279335709584801,0.0092793357095848,0.0019187533870501671,0.0012119617868563137,-0.00045669171518820766,0.004294198489288542,-0.0030625,0.0018373635321431694,-0.006663732523000612,0.0005387325230006121
gaussian,0.7,0.7,5,40,bias_blind_kg,2000,0.25872653968301756,0.0022002041002742788,0.25441413964647996,0.26303893971955516,0.37625,0.003471616310870911,0.36944563203069297,0.383054367969307,0.1557283196648012,0.0008142568933922204,0.15413237615375244,0.15732426317584994,0.8124124999999999,0.0013514934106737433,0.8097635729150794,0.8150614270849204,40.0,0.0,40.0,40.0,0.0,0.0,0.0,0.0,40.0,0.0,40.0,40.0,0.0,0.0,0.0,0.0,0.2713703448333673,4.243810766090184e-05,0.27128716614235193,0.2714535235243827,0.0,0.0,0.0,0.0,-0.009597311847445373,0.0016465932574265625,-0.012824634632001435,-0.006369989062889311,0.0078125,0.002540310563839661,0.0028334912948742644,0.012791508705125736,-0.0006871720521363924,0.0009003182841161351,-0.002451795889004017,0.0010774517847312324,0.00025,0.0014446278845648907,-0.0025814706537471855,0.003081470653747186
gaussian,0.7,0.7,5,40,ordinary_kg,2000,0.25941371173515393,0.0022017910429099814,0.2550982012910504,0.2637292221792575,0.376,0.0034411274575478225,0.36925539018320624,0.38274460981679376,0.10453052402181852,0.0005239527642215912,0.1035035766039442,0.10555747143969284,0.95045,0.0007676300397580654,0.9489454451220742,0.9519545548779258,40.0,0.0,40.0,40.0,0.0,0.0,0.0,0.0,40.0,0.0,40.0,40.0,0.0,0.0,0.0,0.0,0.32286677633450134,7.66055798623292e-06,0.32285176164084833,0.32288179102815434,0.09800000000000002,6.256198686612255e-19,0.09800000000000002,0.09800000000000002,-0.008910139795308983,0.0016455604605910472,-0.012135438298067435,-0.00568484129255053,0.0075625,0.002517509577759746,0.002628181227590898,0.012496818772409102,0.0,0.0,0.0,0.0,0.0,0.0,0.0,0.0
gaussian,0.7,0.7,5,40,two_channel_uniform,2000,0.2591856133571567,0.0022507940768920305,0.2547740569664483,0.26359716974786507,0.3794375,0.003401493514022622,0.3727705727125156,0.38610442728748434,0.10178352341997186,0.0005086993251651578,0.10078647274264815,0.10278057409729557,0.9504,0.0007645830848552843,0.9489014171536837,0.9518985828463163,40.0,0.0,40.0,40.0,0.78525,0.0018681109895653063,0.781588502460452,0.788911497539548,8.59,0.07472443958261225,8.44354009841808,8.73645990158192,6.282,0.01494488791652245,6.252708019683616,6.311291980316384,0.3182077588321959,9.314078054384273e-06,0.3181895032392093,0.31822601442518245,0.09442257512810391,8.84362644458193e-06,0.09440524162027253,0.0944399086359353,-0.009138238173306244,0.0018079115583365096,-0.012681744827645803,-0.005594731518966686,0.011,0.0028336288088091316,0.005446087534734101,0.0165539124652659,-0.000228098377997262,0.00199630055549379,-0.0041408474667650914,0.0036846507107705672,0.0034375,0.0031166957572237542,-0.002671223684158558,0.009546223684158557
gaussian,0.7,0.7,5,40,balanced_mix,2000,0.26364216015251907,0.0022609407490051144,0.25921071628446907,0.26807360402056907,0.371625,0.003450580812192454,0.3648618616081028,0.37838813839189717,0.10238419103103502,0.0005149094210152504,0.10137496856584513,0.10339341349622491,0.9511625,0.0007732428461515579,0.9496469440215429,0.9526780559784571,40.0,0.0,40.0,40.0,0.4656875,0.0030564322847121145,0.45969689272196423,0.4716781072780357,21.3725,0.12225729138848457,21.13287570887857,21.61212429112143,3.7255,0.024451458277696916,3.677575141775714,3.7734248582242857,0.3196374563999813,1.5298904578780995e-05,0.3196074705470069,0.31966744225295574,0.09585265036440718,1.4018654206289434e-05,0.09582517380216285,0.09588012692665152,-0.0046816913779438715,0.0017637815615671418,-0.00813870323861547,-0.0012246795172722734,0.0031875,0.002768884618919944,-0.00223951385308309,0.00861451385308309,0.00422844841736511,0.0018594480859489854,0.0005839301689050981,0.007872966665825121,-0.004375,0.0028997752560789743,-0.01005855950191479,0.0013085595019147892
gaussian,0.7,0.7,5,40,validation_only,2000,0.2584602768866395,0.002239143013453839,0.25407155658027,0.26284899719300897,0.3810625,0.0034036850372488043,0.37439127732699234,0.3877337226730077,0.10132184808605825,0.0005099871987438725,0.10032227317652026,0.10232142299559624,0.9508124999999998,0.0007661557734622929,0.9493108346840138,0.9523141653159859,40.0,0.0,40.0,40.0,1.0,0.0,1.0,1.0,0.0,0.0,0.0,0.0,8.0,0.0,8.0,8.0,0.3173758582196938,6.385330124584752e-06,0.31736334297264956,0.317388373466738,0.09347955299766793,4.007940116844905e-06,0.09347169743503891,0.09348740856029694,-0.009863574643823455,0.001987917838003113,-0.013759893606309557,-0.005967255681337352,0.012625,0.003076377616145092,0.006595299872355621,0.01865470012764438,-0.0009534348485144715,0.0021162604375989354,-0.0051013053062083855,0.003194435609179442,0.0050625,0.0032446271896282375,-0.0012969692916713453,0.011421969291671346
gaussian,0.7,0.7,5,40,two_channel_kg,2000,0.23413033855777654,0.002132735246446313,0.22995017747474178,0.2383104996408113,0.4040625,0.0034564346177829693,0.3972878881491454,0.4108371118508546,0.10163249968360036,0.0005107828417335391,0.10063136531380262,0.10263363405339809,0.9501999999999999,0.0007729593993972502,0.9486849995771813,0.9517150004228185,40.0,0.0,40.0,40.0,0.8078125,0.00168117945325656,0.8045173882716172,0.8111076117283829,7.6875,0.06724717813026239,7.555695530864686,7.819304469135314,6.4625,0.01344943562605248,6.436139106172938,6.488860893827063,0.31807224525008293,8.148417522102933e-06,0.3180562743517396,0.31808821614842625,0.09425088006819513,7.737226127221447e-06,0.09423571510498577,0.09426604503140448,-0.034193512972686364,0.0018132628669864446,-0.03774750819197979,-0.030639517753392933,0.035625,0.0028191361179847035,0.030099493208749977,0.04115050679125001,-0.025283373177377385,0.0018342957935596365,-0.02887859293275427,-0.0216881534220005,0.0280625,0.002878571239880391,0.022420500369834433,0.033704499630165564
gaussian,0.7,0.7,5,120,uniform,2000,0.260519070038541,0.00221703518644223,0.2561736810731143,0.26486445900396777,0.3739375,0.0034496255963876177,0.3671762338310802,0.38069876616891973,0.10136260279670647,0.0005051930668708903,0.10037242438563954,0.10235278120777341,0.950825,0.0007580465056659621,0.9493392288488948,0.9523107711511053,120.0,0.0,120.0,120.0,0.0,0.0,0.0,0.0,120.0,0.0,120.0,120.0,0.0,0.0,0.0,0.0,0.3182153687324547,4.275094090301706e-06,0.3182069895480377,0.3182237479168717,0.09800000000000002,6.263893890857591e-19,0.09800000000000002,0.09800000000000002,0.0,0.0,0.0,0.0,0.0,0.0,0.0,0.0,0.010257598797419403,0.0014833171689498895,0.007350297146277619,0.013164900448561187,-0.011125,0.0023392527095462685,-0.015709935310710688,-0.006540064689289313
gaussian,0.7,0.7,5,120,uniform_blind,2000,0.26209834743818455,0.0022171675834939657,0.2577526989745364,0.2664439959018327,0.3708125,0.003478901054664975,0.36399385393285666,0.3776311460671433,0.22332987129435133,0.0011450830045768815,0.22108550860538065,0.22557423398332202,0.64915,0.0016732568972880886,0.6458704164813154,0.6524295835186846,120.0,0.0,120.0,120.0,0.0,0.0,0.0,0.0,120.0,0.0,120.0,120.0,0.0,0.0,0.0,0.0,0.22407215134098515,2.702010300351591e-05,0.22401919193909825,0.22412511074287206,0.0,0.0,0.0,0.0,0.0015792773996434653,0.0008955379039076217,-0.0001759768920154732,0.0033345316913024037,-0.003125,0.0014644545062925307,-0.00599533083233336,-0.00025466916766664,0.011836876197062867,0.001541961186159242,0.008814632272190754,0.014859120121934981,-0.01425,0.002453296880279962,-0.019058461885348727,-0.009441538114651274
gaussian,0.7,0.7,5,120,uncertainty,2000,0.2572750369081489,0.002168760172565869,0.2530242669699198,0.261525806846378,0.3779375,0.0034206365890301913,0.3712330522855008,0.38464194771449917,0.10083936579695535,0.0005050208313438832,0.09984952496752134,0.10182920662638936,0.9509624999999998,0.0007597164809589955,0.9494734556973202,0.9524515443026794,120.0,0.0,120.0,120.0,0.0,0.0,0.0,0.0,120.0,0.0,120.0,120.0,0.0,0.0,0.0,0.0,0.31744526018302693,0.0,0.31744526018302693,0.31744526018302693,0.09800000000000002,6.207887549050446e-19,0.09800000000000002,0.09800000000000002,-0.0032440331303921705,0.0012896942890995742,-0.0057718339370273365,-0.000716232323757005,0.004,0.0020043568103288284,7.146065175549655e-05,0.007928539348244504,0.007013565667027232,0.0013956050772936626,0.004278179715531653,0.009748951618522812,-0.007125,0.0021884953606237634,-0.011414450906822577,-0.002835549093177424
gaussian,0.7,0.7,5,120,boundary,2000,0.25800539777622444,0.002215987789277805,0.25366206170923994,0.26234873384320895,0.377125,0.0034351881238475295,0.37039203127725884,0.38385796872274114,0.10498111034240347,0.0005264522656043741,0.1039492639018189,0.10601295678298804,0.9505374999999999,0.0007756046532635564,0.9490173148796034,0.9520576851203965,120.0,0.0,120.0,120.0,0.0,0.0,0.0,0.0,120.0,0.0,120.0,120.0,0.0,0.0,0.0,0.0,0.3235282401506447,1.4656530829315003e-05,0.3234995133502192,0.32355696695107017,0.098,4.780980323293482e-19,0.098,0.098,-0.00251367226231655,0.0015452792445175226,-0.0055424195815708946,0.0005150750569377941,0.0031875,0.0023638014829084736,-0.0014455509065006088,0.007820550906500608,0.007743926535102852,0.001413589544616696,0.004973291027654128,0.010514562042551575,-0.0079375,0.002200457407739727,-0.012250396519169864,-0.003624603480830136
gaussian,0.7,0.7,5,120,bias_blind_kg,2000,0.25094957868634316,0.0021569318022811408,0.24672199235387213,0.2551771650188142,0.3850625,0.0034480300538860227,0.37830436109438337,0.3918206389056166,0.19225465811710477,0.0010689273937050815,0.1901595604254428,0.19434975580876673,0.7144375,0.0015053674343598693,0.7114869798286546,0.7173880201713453,120.0,0.0,120.0,120.0,0.0,0.0,0.0,0.0,120.0,0.0,120.0,120.0,0.0,0.0,0.0,0.0,0.24345818137597344,0.0001321823371584021,0.24319910399514297,0.24371725875680392,1.0842021724855045e-23,1.0842021724855046e-23,-1.0408340855860844e-23,3.2092384305570935e-23,-0.009569491352197918,0.0015136908210306693,-0.01253632536141803,-0.0066026573429778055,0.011125,0.0023855738657259005,0.0064492752231772345,0.015800724776822764,0.0006881074452214849,0.0007003247909964925,-0.0006845291451316404,0.0020607440355746103,0.0,0.001152731276012475,-0.002259353300984451,0.002259353300984451
gaussian,0.7,0.7,5,120,ordinary_kg,2000,0.25026147124112164,0.002159274271048746,0.2460292936698661,0.2544936488123772,0.3850625,0.003417289603031984,0.3783646123780573,0.39176038762194265,0.10258274534615139,0.0005163577105347949,0.10157068423350318,0.1035948064587996,0.9507125,0.0007735157303944008,0.949196409168427,0.952228590831573,120.0,0.0,120.0,120.0,0.0,0.0,0.0,0.0,120.0,0.0,120.0,120.0,0.0,0.0,0.0,0.0,0.32001785402878125,1.5345193437903038e-05,0.31998777744964296,0.32004793060791953,0.09799999999999998,1.667196364150578e-19,0.09799999999999998,0.09799999999999998,-0.010257598797419403,0.0014833171689498895,-0.013164900448561187,-0.007350297146277619,0.011125,0.0023392527095462685,0.006540064689289313,0.015709935310710688,0.0,0.0,0.0,0.0,0.0,0.0,0.0,0.0
gaussian,0.7,0.7,5,120,two_channel_uniform,2000,0.22501440148351098,0.002077348898170728,0.22094279764309635,0.22908600532392562,0.415,0.0034903658586047186,0.40815888291713476,0.4218411170828652,0.09292872030905988,0.000467478059910533,0.09201246331163523,0.09384497730648453,0.9496999999999998,0.0007761724820302057,0.9481787019352206,0.951221298064779,120.0,0.0,120.0,120.0,0.8181875,0.0010184773973281503,0.8161912843012368,0.8201837156987631,21.8175,0.12221728767937803,21.57795411614842,22.05704588385158,19.6365,0.024443457535875603,19.588590823229687,19.684409176770316,0.3037330105844918,1.959090631001952e-05,0.3036946124081242,0.30377140876085945,0.0874906482616209,1.4943392992744677e-05,0.08746135921135512,0.08751993731188668,-0.03550466855503006,0.002163725758582808,-0.03974557104185236,-0.03126376606820776,0.0410625,0.0035458960061059397,0.03411254382803236,0.048012456171967643,-0.025247069757610655,0.002193076199777284,-0.02954549910917413,-0.02094864040604718,0.0299375,0.0035398862544186514,0.022999322941339443,0.03687567705866056
gaussian,0.7,0.7,5,120,balanced_mix,2000,0.23751802707504027,0.002146225260281975,0.2333114255648876,0.24172462858519295,0.4031875,0.0034008155558773764,0.39652190151048033,0.4098530984895196,0.09567364710401657,0.0004902833472007589,0.09471269174350308,0.09663460246453007,0.9511375,0.0007848995671678445,0.949599096848351,0.952675903151649,120.0,0.0,120.0,120.0,0.4877291666666666,0.0017296668444511558,0.48433901965154236,0.49111931368179085,61.4725,0.20756002133413867,61.065682358185086,61.87931764181491,11.7055,0.04151200426682774,11.624136471637017,11.786863528362984,0.3087493309912811,3.093848950307234e-05,0.3086886915518551,0.3088099704307071,0.09149785008096967,2.234988735513914e-05,0.09145404430175359,0.09154165586018574,-0.023001042963500768,0.0019950112709421946,-0.026911265054547467,-0.01909082087245407,0.02925,0.003205100245513687,0.022968003518793176,0.03553199648120683,-0.012743444166081362,0.0020162709438373604,-0.01669533521600259,-0.008791553116160136,0.018125,0.003275932394605697,0.011704172506572833,0.024545827493427166
gaussian,0.7,0.7,5,120,validation_only,2000,0.22412047972553817,0.002059667845498712,0.2200835307483607,0.22815742870271563,0.419375,0.003343242187108321,0.41282224531326767,0.42592775468673233,0.09196000915107337,0.000468490241968691,0.09104176827681473,0.09287825002533201,0.9497874999999999,0.0007843014320037425,0.9482502691932726,0.9513247308067272,120.0,0.0,120.0,120.0,1.0,0.0,1.0,1.0,0.0,0.0,0.0,0.0,24.0,0.0,24.0,24.0,0.30163990262129015,1.6567694854913238e-05,0.3016074299393745,0.3016723753032058,0.08538610627547387,1.0253694113602753e-05,0.08536600903501121,0.08540620351593653,-0.03639859031300286,0.0023048658785297846,-0.04091612743492124,-0.03188105319108448,0.0454375,0.0036872223083305572,0.03821054427567211,0.05266445572432789,-0.02614099151558346,0.0023231636544219585,-0.0306943922782505,-0.02158759075291642,0.0343125,0.0037583799876996166,0.026946075224108752,0.04167892477589125
gaussian,0.7,0.7,5,120,two_channel_kg,2000,0.17428752759324004,0.001844996393365568,0.17067133466224352,0.17790372052423656,0.480875,0.003580995525266122,0.4738562487704784,0.4878937512295216,0.09260125399679647,0.00047563263914954533,0.09166901402406337,0.09353349396952958,0.9503499999999999,0.0007731349292390069,0.9488346555386915,0.9518653444613083,120.0,0.0,120.0,120.0,0.9164583333333333,0.0006167469662305782,0.9152495092795213,0.9176671573871452,10.025,0.07400963594766936,9.879941113542568,10.170058886457433,21.995,0.014801927189533872,21.965988222708514,22.024011777291488,0.30287149723931384,2.0471009805124714e-05,0.3028313740600958,0.30291162041853187,0.08643602887102846,1.2923420404253664e-05,0.08641069896703611,0.0864613587750208,-0.08623154244530101,0.002254471585681199,-0.09065030675323617,-0.08181277813736586,0.1069375,0.0037096795896955984,0.09966652800419663,0.11420847199580338,-0.07597394364788161,0.002216839000761131,-0.08031894808937343,-0.0716289392063898,0.0958125,0.003694221813762628,0.08857182524502524,0.10305317475497475
gaussian,0.7,0.7,10,40,uniform,2000,0.26832385153046295,0.002255084589939535,0.26390388573418144,0.27274381732674446,0.3684375,0.003389412501515228,0.36179425149703015,0.3750807485029698,0.1039166812420206,0.0005202584706675018,0.10289697463951229,0.1049363878445289,0.9502624999999999,0.0007685893973415534,0.9487560647812104,0.9517689352187894,40.0,0.0,40.0,40.0,0.0,0.0,0.0,0.0,40.0,0.0,40.0,40.0,0.0,0.0,0.0,0.0,0.32205149004310024,3.997759995823414e-06,0.3220436544335084,0.3220593256526921,0.09800000000000002,6.207887549050446e-19,0.09800000000000002,0.09800000000000002,0.0,0.0,0.0,0.0,0.0,0.0,0.0,0.0,0.008910139795308983,0.0016455604605910472,0.00568484129255053,0.012135438298067435,-0.0075625,0.002517509577759746,-0.012496818772409102,-0.002628181227590898
gaussian,0.7,0.7,10,40,uniform_blind,2000,0.27049991335741347,0.0022646931518295623,0.2660611147798275,0.2749387119349994,0.366875,0.0033986604175493774,0.36021362558160325,0.37353637441839677,0.16233076438303795,0.0008352709833239273,0.16069363325572306,0.16396789551035285,0.8021000000000001,0.0013976620584443176,0.7993605823654493,0.804839417634551,40.0,0.0,40.0,40.0,0.0,0.0,0.0,0.0,40.0,0.0,40.0,40.0,0.0,0.0,0.0,0.0,0.26626706389503585,1.676177913901412e-05,0.26623421080792337,0.26629991698214833,0.0,0.0,0.0,0.0,0.0021760618269504877,0.0010514499594673418,0.00011521990639449782,0.004236903747506477,-0.0015625,0.0015971336715683594,-0.004692881996273985,0.0015678819962739845,0.01108620162225947,0.001727675441582702,0.007699957756757374,0.014472445487761566,-0.009125,0.002701472499273714,-0.014419886098576478,-0.0038301139014235205
gaussian,0.7,0.7,10,40,uncertainty,2000,0.2651043036685958,0.0022329143924171746,0.2607277914594581,0.2694808158777334,0.3709375,0.003370565182829261,0.3643311922416546,0.37754380775834534,0.10305484769342195,0.0005185919035777728,0.10203840756240952,0.10407128782443438,0.9510875,0.0007651683887920376,0.9495877699579676,0.9525872300420324,40.0,0.0,40.0,40.0,0.0,0.0,0.0,0.0,40.0,0.0,40.0,40.0,0.0,0.0,0.0,0.0,0.320904463659744,0.0,0.320904463659744,0.320904463659744,0.09800000000000002,6.207887549050446e-19,0.09800000000000002,0.09800000000000002,-0.0032195478618671143,0.0014907269537305222,-0.006141372691178938,-0.00029772303255529067,0.0025,0.002260266444957563,-0.001930122232116823,0.006930122232116823,0.005690591933441868,0.0015164897222092505,0.0027182720779117373,0.008662911788972,-0.0050625,0.002345560727083658,-0.00965979902508397,-0.00046520097491603053
gaussian,0.7,0.7,10,40,boundary,2000,0.2613324651222041,0.0022298267799765485,0.25696200463345004,0.26570292561095815,0.3729375,0.0034403229801835446,0.3661944669588402,0.37968053304115973,0.10524975116856326,0.0005285036887806737,0.10421388393855315,0.10628561839857338,0.9505624999999999,0.0007727688093416719,0.9490478731336902,0.9520771268663095,40.0,0.0,40.0,40.0,0.0,0.0,0.0,0.0,40.0,0.0,40.0,40.0,0.0,0.0,0.0,0.0,0.32391767859296794,1.0523188123591084e-05,0.3238970531442457,0.32393830404169016,0.098,4.539086646468935e-19,0.098,0.098,-0.006991386408258814,0.0016187105585760571,-0.010164059103067887,-0.0038187137134497425,0.0045,0.0024384365865228576,-0.000279335709584801,0.0092793357095848,0.0019187533870501671,0.0012119617868563137,-0.00045669171518820766,0.004294198489288542,-0.0030625,0.0018373635321431694,-0.006663732523000612,0.0005387325230006121
gaussian,0.7,0.7,10,40,bias_blind_kg,2000,0.25872653968301756,0.0022002041002742788,0.25441413964647996,0.26303893971955516,0.37625,0.003471616310870911,0.36944563203069297,0.383054367969307,0.1557283196648012,0.0008142568933922204,0.15413237615375244,0.15732426317584994,0.8124124999999999,0.0013514934106737433,0.8097635729150794,0.8150614270849204,40.0,0.0,40.0,40.0,0.0,0.0,0.0,0.0,40.0,0.0,40.0,40.0,0.0,0.0,0.0,0.0,0.2713703448333673,4.243810766090184e-05,0.27128716614235193,0.2714535235243827,0.0,0.0,0.0,0.0,-0.009597311847445373,0.0016465932574265625,-0.012824634632001435,-0.006369989062889311,0.0078125,0.002540310563839661,0.0028334912948742644,0.012791508705125736,-0.0006871720521363924,0.0009003182841161351,-0.002451795889004017,0.0010774517847312324,0.00025,0.0014446278845648907,-0.0025814706537471855,0.003081470653747186
gaussian,0.7,0.7,10,40,ordinary_kg,2000,0.25941371173515393,0.0022017910429099814,0.2550982012910504,0.2637292221792575,0.376,0.0034411274575478225,0.36925539018320624,0.38274460981679376,0.10453052402181852,0.0005239527642215912,0.1035035766039442,0.10555747143969284,0.95045,0.0007676300397580654,0.9489454451220742,0.9519545548779258,40.0,0.0,40.0,40.0,0.0,0.0,0.0,0.0,40.0,0.0,40.0,40.0,0.0,0.0,0.0,0.0,0.32286677633450134,7.66055798623292e-06,0.32285176164084833,0.32288179102815434,0.09800000000000002,6.256198686612255e-19,0.09800000000000002,0.09800000000000002,-0.008910139795308983,0.0016455604605910472,-0.012135438298067435,-0.00568484129255053,0.0075625,0.002517509577759746,0.002628181227590898,0.012496818772409102,0.0,0.0,0.0,0.0,0.0,0.0,0.0,0.0
gaussian,0.7,0.7,10,40,two_channel_uniform,2000,0.2666293203536296,0.002291539935804318,0.2621379020794531,0.27112073862780606,0.3704375,0.003418602268121989,0.3637370395544809,0.37713796044551906,0.10377148121915108,0.0005185717914956598,0.10275508050781959,0.10478788193048258,0.9507374999999999,0.0007663977293904301,0.9492353604503947,0.9522396395496051,40.0,0.0,40.0,40.0,0.761875,0.0015132786239145778,0.7589089738971274,0.7648410261028725,9.525,0.060531144956583106,9.406358955885098,9.643641044114903,3.0475,0.006053114495658311,3.0356358955885097,3.05936410441149,0.3215428301225678,2.874697168531726e-06,0.3215371957161175,0.3215484645290181,0.09623793782855204,3.702190036732782e-06,0.09623068153608004,0.09624519412102404,-0.0016945311768333563,0.0017023390052055916,-0.005031115627036316,0.0016420532733696033,0.002,0.0026028493833597497,-0.0031015847913851095,0.0071015847913851095,0.007215608618475625,0.0019719789766875512,0.0033505298241680247,0.011080687412783225,-0.0055625,0.003010528140828177,-0.011463135156023227,0.00033813515602322715
gaussian,0.7,0.7,10,40,balanced_mix,2000,0.2682974714632214,0.0022683475824280446,0.2638515102016624,0.2727434327247804,0.368,0.0033837811671994606,0.36136778891228905,0.37463221108771094,0.1036243030844527,0.0005195870135107672,0.10260591253797159,0.1046426936309338,0.9512624999999999,0.0007501770989005575,0.9497921528861548,0.952732847113845,40.0,0.0,40.0,40.0,0.41875,0.004002465317064865,0.41090516797855287,0.42659483202144716,23.25,0.16009861268259462,22.936206719142113,23.563793280857887,1.675,0.01600986126825946,1.6436206719142115,1.7063793280857886,0.3216703089234618,4.363094545245432e-06,0.32166175725815316,0.3216788605887705,0.0970248073529535,9.298916601418008e-06,0.09700658147641472,0.09704303322949229,-2.638006724144304e-05,0.0016812223066197843,-0.0033215757882162204,0.003268815653733334,-0.0004375,0.0025798402731162244,-0.0054939869353078,0.004618986935307799,0.00888375972806754,0.0018301090070164258,0.005296746074315345,0.012470773381819735,-0.008,0.002797047414170621,-0.013482212931774418,-0.002517787068225583
gaussian,0.7,0.7,10,40,validation_only,2000,0.27011156767917965,0.002330492498077691,0.2655438023829474,0.2746793329754119,0.3663125,0.0034566901474188615,0.359537387311059,0.373087612688941,0.1039593072942546,0.0005220609160515496,0.10293606789879356,0.10498254668971563,0.9506999999999999,0.0007732182313012335,0.9491844922666495,0.9522155077333503,40.0,0.0,40.0,40.0,1.0,0.0,1.0,1.0,0.0,0.0,0.0,0.0,4.0,0.0,4.0,4.0,0.32161651631728616,2.9753696024812604e-06,0.3216106845928653,0.32162234804170703,0.09569435075221161,1.8765169227251838e-06,0.09569067277904307,0.09569802872538015,0.0017877161487167028,0.001884581090871761,-0.0019060627893919488,0.0054814950868253545,-0.002125,0.0028397665968636103,-0.007690942529852677,0.0034409425298526763,0.010697855944025685,0.002051800364066842,0.006676327230454675,0.014719384657596694,-0.0096875,0.003108848644083676,-0.015780843342404004,-0.0035941566575959944
gaussian,0.7,0.7,10,40,two_channel_kg,2000,0.25075549028341815,0.002208358210104633,0.24642710819161306,0.25508387237522323,0.386625,0.003460849740737667,0.37984173450815417,0.3934082654918458,0.10388034656693226,0.000520340014372518,0.10286048013876213,0.1049002129951024,0.950425,0.0007706858412043885,0.9489144557512393,0.9519355442487606,40.0,0.0,40.0,40.0,0.609375,0.0030116382036750227,0.6034721891207969,0.6152778108792031,15.625,0.1204655281470009,15.388887564831878,15.861112435168122,2.4375,0.01204655281470009,2.4138887564831877,2.4611112435168123,0.3217594582594763,4.450352658865793e-06,0.32175073556826495,0.3217681809506877,0.09657589298766282,7.0216227439629255e-06,0.09656213060708466,0.09658965536824099,-0.017568361247044747,0.0016595800921566524,-0.020821138227671787,-0.014315584266417708,0.0181875,0.002539904373985268,0.013209287426988873,0.023165712573011123,-0.008658221451735768,0.0015342390764776267,-0.011665330041631915,-0.0056511128618396194,0.010625,0.002345419511269129,0.006027977757912507,0.015222022242087494
gaussian,0.7,0.7,10,120,uniform,2000,0.260519070038541,0.00221703518644223,0.2561736810731143,0.26486445900396777,0.3739375,0.0034496255963876177,0.3671762338310802,0.38069876616891973,0.10136260279670647,0.0005051930668708903,0.10037242438563954,0.10235278120777341,0.950825,0.0007580465056659621,0.9493392288488948,0.9523107711511053,120.0,0.0,120.0,120.0,0.0,0.0,0.0,0.0,120.0,0.0,120.0,120.0,0.0,0.0,0.0,0.0,0.3182153687324547,4.275094090301706e-06,0.3182069895480377,0.3182237479168717,0.09800000000000002,6.263893890857591e-19,0.09800000000000002,0.09800000000000002,0.0,0.0,0.0,0.0,0.0,0.0,0.0,0.0,0.010257598797419403,0.0014833171689498895,0.007350297146277619,0.013164900448561187,-0.011125,0.0023392527095462685,-0.015709935310710688,-0.006540064689289313
gaussian,0.7,0.7,10,120,uniform_blind,2000,0.26209834743818455,0.0022171675834939657,0.2577526989745364,0.2664439959018327,0.3708125,0.003478901054664975,0.36399385393285666,0.3776311460671433,0.22332987129435133,0.0011450830045768815,0.22108550860538065,0.22557423398332202,0.64915,0.0016732568972880886,0.6458704164813154,0.6524295835186846,120.0,0.0,120.0,120.0,0.0,0.0,0.0,0.0,120.0,0.0,120.0,120.0,0.0,0.0,0.0,0.0,0.22407215134098515,2.702010300351591e-05,0.22401919193909825,0.22412511074287206,0.0,0.0,0.0,0.0,0.0015792773996434653,0.0008955379039076217,-0.0001759768920154732,0.0033345316913024037,-0.003125,0.0014644545062925307,-0.00599533083233336,-0.00025466916766664,0.011836876197062867,0.001541961186159242,0.008814632272190754,0.014859120121934981,-0.01425,0.002453296880279962,-0.019058461885348727,-0.009441538114651274
gaussian,0.7,0.7,10,120,uncertainty,2000,0.2572750369081489,0.002168760172565869,0.2530242669699198,0.261525806846378,0.3779375,0.0034206365890301913,0.3712330522855008,0.38464194771449917,0.10083936579695535,0.0005050208313438832,0.09984952496752134,0.10182920662638936,0.9509624999999998,0.0007597164809589955,0.9494734556973202,0.9524515443026794,120.0,0.0,120.0,120.0,0.0,0.0,0.0,0.0,120.0,0.0,120.0,120.0,0.0,0.0,0.0,0.0,0.31744526018302693,0.0,0.31744526018302693,0.31744526018302693,0.09800000000000002,6.207887549050446e-19,0.09800000000000002,0.09800000000000002,-0.0032440331303921705,0.0012896942890995742,-0.0057718339370273365,-0.000716232323757005,0.004,0.0020043568103288284,7.146065175549655e-05,0.007928539348244504,0.007013565667027232,0.0013956050772936626,0.004278179715531653,0.009748951618522812,-0.007125,0.0021884953606237634,-0.011414450906822577,-0.002835549093177424
gaussian,0.7,0.7,10,120,boundary,2000,0.25800539777622444,0.002215987789277805,0.25366206170923994,0.26234873384320895,0.377125,0.0034351881238475295,0.37039203127725884,0.38385796872274114,0.10498111034240347,0.0005264522656043741,0.1039492639018189,0.10601295678298804,0.9505374999999999,0.0007756046532635564,0.9490173148796034,0.9520576851203965,120.0,0.0,120.0,120.0,0.0,0.0,0.0,0.0,120.0,0.0,120.0,120.0,0.0,0.0,0.0,0.0,0.3235282401506447,1.4656530829315003e-05,0.3234995133502192,0.32355696695107017,0.098,4.780980323293482e-19,0.098,0.098,-0.00251367226231655,0.0015452792445175226,-0.0055424195815708946,0.0005150750569377941,0.0031875,0.0023638014829084736,-0.0014455509065006088,0.007820550906500608,0.007743926535102852,0.001413589544616696,0.004973291027654128,0.010514562042551575,-0.0079375,0.002200457407739727,-0.012250396519169864,-0.003624603480830136
gaussian,0.7,0.7,10,120,bias_blind_kg,2000,0.25094957868634316,0.0021569318022811408,0.24672199235387213,0.2551771650188142,0.3850625,0.0034480300538860227,0.37830436109438337,0.3918206389056166,0.19225465811710477,0.0010689273937050815,0.1901595604254428,0.19434975580876673,0.7144375,0.0015053674343598693,0.7114869798286546,0.7173880201713453,120.0,0.0,120.0,120.0,0.0,0.0,0.0,0.0,120.0,0.0,120.0,120.0,0.0,0.0,0.0,0.0,0.24345818137597344,0.0001321823371584021,0.24319910399514297,0.24371725875680392,1.0842021724855045e-23,1.0842021724855046e-23,-1.0408340855860844e-23,3.2092384305570935e-23,-0.009569491352197918,0.0015136908210306693,-0.01253632536141803,-0.0066026573429778055,0.011125,0.0023855738657259005,0.0064492752231772345,0.015800724776822764,0.0006881074452214849,0.0007003247909964925,-0.0006845291451316404,0.0020607440355746103,0.0,0.001152731276012475,-0.002259353300984451,0.002259353300984451
gaussian,0.7,0.7,10,120,ordinary_kg,2000,0.25026147124112164,0.002159274271048746,0.2460292936698661,0.2544936488123772,0.3850625,0.003417289603031984,0.3783646123780573,0.39176038762194265,0.10258274534615139,0.0005163577105347949,0.10157068423350318,0.1035948064587996,0.9507125,0.0007735157303944008,0.949196409168427,0.952228590831573,120.0,0.0,120.0,120.0,0.0,0.0,0.0,0.0,120.0,0.0,120.0,120.0,0.0,0.0,0.0,0.0,0.32001785402878125,1.5345193437903038e-05,0.31998777744964296,0.32004793060791953,0.09799999999999998,1.667196364150578e-19,0.09799999999999998,0.09799999999999998,-0.010257598797419403,0.0014833171689498895,-0.013164900448561187,-0.007350297146277619,0.011125,0.0023392527095462685,0.006540064689289313,0.015709935310710688,0.0,0.0,0.0,0.0,0.0,0.0,0.0,0.0
gaussian,0.7,0.7,10,120,two_channel_uniform,2000,0.24734062516844682,0.0021980094147512038,0.24303252671553446,0.2516487236213592,0.3923125,0.003396984276231122,0.38565441081858703,0.398970589181413,0.0986690340135908,0.000489775866211374,0.0977090733158165,0.09962899471136509,0.950425,0.0007538692505490996,0.9489474162689238,0.9519025837310762,120.0,0.0,120.0,120.0,0.873125,0.0010234143770265598,0.871119107821028,0.8751308921789721,15.225,0.12280972524318728,14.984292938523353,15.465707061476646,10.4775,0.012280972524318727,10.453429293852334,10.501570706147664,0.31323062418292336,8.67482333011934e-06,0.3132136215291963,0.3132476268366504,0.09215321653038482,8.345363293556829e-06,0.09213685961832944,0.09216957344244019,-0.013178444870094235,0.002047882334668221,-0.01719229424604395,-0.009164595494144522,0.018375,0.0032307833675571693,0.012042664599587947,0.02470733540041205,-0.002920846072674833,0.0021140593508684547,-0.007064402400377005,0.0012227102550273383,0.00725,0.0033311341127667945,0.0007209771389770836,0.013779022861022918
gaussian,0.7,0.7,10,120,balanced_mix,2000,0.2536619524927906,0.0022229691413618697,0.24930493297572134,0.25801897200985985,0.3829375,0.0034508036483962535,0.3761739248491433,0.38970107515085667,0.09910927749548153,0.0005050839918869491,0.0981193128713831,0.10009924211957995,0.9507249999999999,0.0007705738637793066,0.9492146752269925,0.9522353247730073,120.0,0.0,120.0,120.0,0.471375,0.002346910573003239,0.46677505527691365,0.4759749447230863,63.435,0.2816292687603887,62.88300663322964,63.98699336677036,5.6565,0.028162926876038868,5.601300663322964,5.711699336677037,0.31468986781134184,1.506694412904386e-05,0.3146603366008489,0.31471939902183477,0.09476606737287094,1.5866257534365666e-05,0.09473496950810358,0.0947971652376383,-0.006857117545750412,0.0018372382447108466,-0.010458104505383672,-0.003256130586117153,0.009,0.0028917327952768454,0.0033322037212573825,0.014667796278742616,0.00340048125166899,0.0018830637130076283,-0.0002903236258259617,0.007091286129163941,-0.002125,0.002964995832652016,-0.00793639183199795,0.0036863918319979512
gaussian,0.7,0.7,10,120,validation_only,2000,0.2482158347053001,0.0021876106311559626,0.2439281178682344,0.25250355154236576,0.393,0.003329524044842233,0.38647413287210924,0.3995258671278908,0.09887673551813306,0.0004948107359826047,0.09790690647560715,0.09984656456065896,0.9507374999999999,0.0007647641656023733,0.9492385622354192,0.9522364377645806,120.0,0.0,120.0,120.0,1.0,0.0,1.0,1.0,0.0,0.0,0.0,0.0,12.0,0.0,12.0,12.0,0.3132608770684549,9.099587912324938e-06,0.31324304187614677,0.31327871226076304,0.0913435405048054,5.692843570998585e-06,0.09133238253140626,0.09135469847820456,-0.012303235333240941,0.0021786186471167094,-0.016573327881589692,-0.00803314278489219,0.0190625,0.003366852706229918,0.01246346869578936,0.025661531304210637,-0.0020456365358215386,0.0022426508348614292,-0.00644123217214994,0.0023499591005068624,0.0079375,0.0034935754366466412,0.0010900921441725836,0.014784907855827416
gaussian,0.7,0.7,10,120,two_channel_kg,2000,0.21386310848093268,0.0020382036979272014,0.20986822923299536,0.21785798772887,0.4289375,0.003510137437379004,0.42205763062273716,0.4358173693772629,0.0988916240062399,0.0005007167623202026,0.0979102191520923,0.09987302886038749,0.9500624999999999,0.0007783120721894641,0.9485370083385086,0.9515879916614912,120.0,0.0,120.0,120.0,0.8353750000000001,0.0010459201136627518,0.8333249965772211,0.837425003422779,19.755,0.12551041363953025,19.50899958926652,20.00100041073348,10.0245,0.012551041363953025,9.999899958926651,10.049100041073348,0.3135005523000318,9.747124801501983e-06,0.3134814479354209,0.31351965666464277,0.09230551763304728,7.912559861746207e-06,0.09229000901571827,0.0923210262503763,-0.046655961557608365,0.0019228211697363048,-0.05042469105029152,-0.04288723206492521,0.055,0.0030362265784881666,0.04904899590616319,0.06095100409383681,-0.03639836276018897,0.0019188809579981283,-0.0401593694378653,-0.03263735608251264,0.043875,0.003121776726876256,0.037756317615322534,0.04999368238467746
