release_vintage,year,org_code,org_name,benchmark_group,benchmark_group_original,burnout_score,burnout_n,is_trust,weighting,source_url,accessed_at_utc,source_zip_sha256,source_member,source_member_sha256,source_sheet,source_row,score_cell,count_cell,workbook_modified,vintage_note
2021,2021,00L,NHS Northumberland CCG,CCGs,CCGs,5.543430335097002,54,0,Occupation Group,https://www.nhsstaffsurveys.com/static/46b2db369c445384221b113b2fb86324/Detailed-Spreadsheets.zip,2026-09-11T18:45:24.689309+00:00,564c07eb17f05d2fecda24f5a57c4d6022476189857d5f3420fdeb796146a7b0,NSS21 detailed spreadsheets organisational results.xlsx,11ad4e7ed84a7ea61c6b2fa8805e5a19a1d7c64bded3ad4f8a02c95b5603f3bb,PEOPLE PROMISE ELEMENTS,6,AC6,AD6,2022-05-09 07:38:33,Available annual archive version; not claimed to be exact first-publication-day bytes
2021,2021,00N,NHS South Tyneside CCG,CCGs,CCGs,6.741071428571428,24,0,Occupation Group,https://www.nhsstaffsurveys.com/static/46b2db369c445384221b113b2fb86324/Detailed-Spreadsheets.zip,2026-09-11T18:45:24.689309+00:00,564c07eb17f05d2fecda24f5a57c4d6022476189857d5f3420fdeb796146a7b0,NSS21 detailed spreadsheets organisational results.xlsx,11ad4e7ed84a7ea61c6b2fa8805e5a19a1d7c64bded3ad4f8a02c95b5603f3bb,PEOPLE PROMISE ELEMENTS,7,AC7,AD7,2022-05-09 07:38:33,Available annual archive version; not claimed to be exact first-publication-day bytes
2021,2021,00P,NHS Sunderland CCG,CCGs,CCGs,5.95679012345679,81,0,Occupation Group,https://www.nhsstaffsurveys.com/static/46b2db369c445384221b113b2fb86324/Detailed-Spreadsheets.zip,2026-09-11T18:45:24.689309+00:00,564c07eb17f05d2fecda24f5a57c4d6022476189857d5f3420fdeb796146a7b0,NSS21 detailed spreadsheets organisational results.xlsx,11ad4e7ed84a7ea61c6b2fa8805e5a19a1d7c64bded3ad4f8a02c95b5603f3bb,PEOPLE PROMISE ELEMENTS,8,AC8,AD8,2022-05-09 07:38:33,Available annual archive version; not claimed to be exact first-publication-day bytes
2021,2021,01G,NHS Salford CCG,CCGs,CCGs,6.065335583052119,127,0,Occupation Group,https://www.nhsstaffsurveys.com/static/46b2db369c445384221b113b2fb86324/Detailed-Spreadsheets.zip,2026-09-11T18:45:24.689309+00:00,564c07eb17f05d2fecda24f5a57c4d6022476189857d5f3420fdeb796146a7b0,NSS21 detailed spreadsheets organisational results.xlsx,11ad4e7ed84a7ea61c6b2fa8805e5a19a1d7c64bded3ad4f8a02c95b5603f3bb,PEOPLE PROMISE ELEMENTS,9,AC9,AD9,2022-05-09 07:38:33,Available annual archive version; not claimed to be exact first-publication-day bytes
2021,2021,01H,NHS North Cumbria CCG,CCGs,CCGs,5.543394777265745,62,0,Occupation Group,https://www.nhsstaffsurveys.com/static/46b2db369c445384221b113b2fb86324/Detailed-Spreadsheets.zip,2026-09-11T18:45:24.689309+00:00,564c07eb17f05d2fecda24f5a57c4d6022476189857d5f3420fdeb796146a7b0,NSS21 detailed spreadsheets organisational results.xlsx,11ad4e7ed84a7ea61c6b2fa8805e5a19a1d7c64bded3ad4f8a02c95b5603f3bb,PEOPLE PROMISE ELEMENTS,10,AC10,AD10,2022-05-09 07:38:33,Available annual archive version; not claimed to be exact first-publication-day bytes
2021,2021,01T/01V,NHS South Sefton CCG & NHS Southport and Formby CCG,CCGs,CCGs,5.472085385878489,87,0,Occupation Group,https://www.nhsstaffsurveys.com/static/46b2db369c445384221b113b2fb86324/Detailed-Spreadsheets.zip,2026-09-11T18:45:24.689309+00:00,564c07eb17f05d2fecda24f5a57c4d6022476189857d5f3420fdeb796146a7b0,NSS21 detailed spreadsheets organisational results.xlsx,11ad4e7ed84a7ea61c6b2fa8805e5a19a1d7c64bded3ad4f8a02c95b5603f3bb,PEOPLE PROMISE ELEMENTS,11,AC11,AD11,2022-05-09 07:38:33,Available annual archive version; not claimed to be exact first-publication-day bytes
2021,2021,02A,NHS Trafford CCG,CCGs,CCGs,5.23109243697479,68,0,Occupation Group,https://www.nhsstaffsurveys.com/static/46b2db369c445384221b113b2fb86324/Detailed-Spreadsheets.zip,2026-09-11T18:45:24.689309+00:00,564c07eb17f05d2fecda24f5a57c4d6022476189857d5f3420fdeb796146a7b0,NSS21 detailed spreadsheets organisational results.xlsx,11ad4e7ed84a7ea61c6b2fa8805e5a19a1d7c64bded3ad4f8a02c95b5603f3bb,PEOPLE PROMISE ELEMENTS,12,AC12,AD12,2022-05-09 07:38:33,Available annual archive version; not claimed to be exact first-publication-day bytes
2021,2021,02H,NHS Wigan Borough CCG,CCGs,CCGs,5.318877551020408,112,0,Occupation Group,https://www.nhsstaffsurveys.com/static/46b2db369c445384221b113b2fb86324/Detailed-Spreadsheets.zip,2026-09-11T18:45:24.689309+00:00,564c07eb17f05d2fecda24f5a57c4d6022476189857d5f3420fdeb796146a7b0,NSS21 detailed spreadsheets organisational results.xlsx,11ad4e7ed84a7ea61c6b2fa8805e5a19a1d7c64bded3ad4f8a02c95b5603f3bb,PEOPLE PROMISE ELEMENTS,13,AC13,AD13,2022-05-09 07:38:33,Available annual archive version; not claimed to be exact first-publication-day bytes
2021,2021,02Q,NHS Bassetlaw CCG,CCGs,CCGs,5.333333333333333,35,0,Occupation Group,https://www.nhsstaffsurveys.com/static/46b2db369c445384221b113b2fb86324/Detailed-Spreadsheets.zip,2026-09-11T18:45:24.689309+00:00,564c07eb17f05d2fecda24f5a57c4d6022476189857d5f3420fdeb796146a7b0,NSS21 detailed spreadsheets organisational results.xlsx,11ad4e7ed84a7ea61c6b2fa8805e5a19a1d7c64bded3ad4f8a02c95b5603f3bb,PEOPLE PROMISE ELEMENTS,14,AC14,AD14,2022-05-09 07:38:33,Available annual archive version; not claimed to be exact first-publication-day bytes
2021,2021,02T,NHS Calderdale CCG,CCGs,CCGs,5.0096525096525095,74,0,Occupation Group,https://www.nhsstaffsurveys.com/static/46b2db369c445384221b113b2fb86324/Detailed-Spreadsheets.zip,2026-09-11T18:45:24.689309+00:00,564c07eb17f05d2fecda24f5a57c4d6022476189857d5f3420fdeb796146a7b0,NSS21 detailed spreadsheets organisational results.xlsx,11ad4e7ed84a7ea61c6b2fa8805e5a19a1d7c64bded3ad4f8a02c95b5603f3bb,PEOPLE PROMISE ELEMENTS,15,AC15,AD15,2022-05-09 07:38:33,Available annual archive version; not claimed to be exact first-publication-day bytes
2021,2021,02X,NHS Doncaster CCG,CCGs,CCGs,6.1667596726190474,128,0,Occupation Group,https://www.nhsstaffsurveys.com/static/46b2db369c445384221b113b2fb86324/Detailed-Spreadsheets.zip,2026-09-11T18:45:24.689309+00:00,564c07eb17f05d2fecda24f5a57c4d6022476189857d5f3420fdeb796146a7b0,NSS21 detailed spreadsheets organisational results.xlsx,11ad4e7ed84a7ea61c6b2fa8805e5a19a1d7c64bded3ad4f8a02c95b5603f3bb,PEOPLE PROMISE ELEMENTS,16,AC16,AD16,2022-05-09 07:38:33,Available annual archive version; not claimed to be exact first-publication-day bytes
2021,2021,03L,NHS Rotherham CCG,CCGs,CCGs,5.818010372465817,101,0,Occupation Group,https://www.nhsstaffsurveys.com/static/46b2db369c445384221b113b2fb86324/Detailed-Spreadsheets.zip,2026-09-11T18:45:24.689309+00:00,564c07eb17f05d2fecda24f5a57c4d6022476189857d5f3420fdeb796146a7b0,NSS21 detailed spreadsheets organisational results.xlsx,11ad4e7ed84a7ea61c6b2fa8805e5a19a1d7c64bded3ad4f8a02c95b5603f3bb,PEOPLE PROMISE ELEMENTS,17,AC17,AD17,2022-05-09 07:38:33,Available annual archive version; not claimed to be exact first-publication-day bytes
2021,2021,03R,NHS Wakefield CCG,CCGs,CCGs,5.8532955865272935,164,0,Occupation Group,https://www.nhsstaffsurveys.com/static/46b2db369c445384221b113b2fb86324/Detailed-Spreadsheets.zip,2026-09-11T18:45:24.689309+00:00,564c07eb17f05d2fecda24f5a57c4d6022476189857d5f3420fdeb796146a7b0,NSS21 detailed spreadsheets organisational results.xlsx,11ad4e7ed84a7ea61c6b2fa8805e5a19a1d7c64bded3ad4f8a02c95b5603f3bb,PEOPLE PROMISE ELEMENTS,18,AC18,AD18,2022-05-09 07:38:33,Available annual archive version; not claimed to be exact first-publication-day bytes
2021,2021,03W/04C/04V,NHS East Leicestershire and Rutland CCG ; NHS Leicester City CCG ; NHS West Leicestershire CCG,CCGs,CCGs,5.371485943775101,249,0,Occupation Group,https://www.nhsstaffsurveys.com/static/46b2db369c445384221b113b2fb86324/Detailed-Spreadsheets.zip,2026-09-11T18:45:24.689309+00:00,564c07eb17f05d2fecda24f5a57c4d6022476189857d5f3420fdeb796146a7b0,NSS21 detailed spreadsheets organisational results.xlsx,11ad4e7ed84a7ea61c6b2fa8805e5a19a1d7c64bded3ad4f8a02c95b5603f3bb,PEOPLE PROMISE ELEMENTS,19,AC19,AD19,2022-05-09 07:38:33,Available annual archive version; not claimed to be exact first-publication-day bytes
2021,2021,04Y/05D/05G/05Q/05V/05W,NHS Cannock Chase CCG ; NHS East Staffordshire CCG ; NHS North Staffordshire CCG ; NHS South East Staffordshire and Seisdon Penninsula CCG ; NHS Stafford and Surrounds CCG ; NHS Stoke on Trent CCG,CCGs,CCGs,5.473321858864027,249,0,Occupation Group,https://www.nhsstaffsurveys.com/static/46b2db369c445384221b113b2fb86324/Detailed-Spreadsheets.zip,2026-09-11T18:45:24.689309+00:00,564c07eb17f05d2fecda24f5a57c4d6022476189857d5f3420fdeb796146a7b0,NSS21 detailed spreadsheets organisational results.xlsx,11ad4e7ed84a7ea61c6b2fa8805e5a19a1d7c64bded3ad4f8a02c95b5603f3bb,PEOPLE PROMISE ELEMENTS,20,AC20,AD20,2022-05-09 07:38:33,Available annual archive version; not claimed to be exact first-publication-day bytes
2021,2021,06K,NHS East and North Hertfordshire CCG,CCGs,CCGs,5.525835866261398,235,0,Occupation Group,https://www.nhsstaffsurveys.com/static/46b2db369c445384221b113b2fb86324/Detailed-Spreadsheets.zip,2026-09-11T18:45:24.689309+00:00,564c07eb17f05d2fecda24f5a57c4d6022476189857d5f3420fdeb796146a7b0,NSS21 detailed spreadsheets organisational results.xlsx,11ad4e7ed84a7ea61c6b2fa8805e5a19a1d7c64bded3ad4f8a02c95b5603f3bb,PEOPLE PROMISE ELEMENTS,21,AC21,AD21,2022-05-09 07:38:33,Available annual archive version; not claimed to be exact first-publication-day bytes
2021,2021,06L/06T/07K,NHS West Suffolk CCG ; NHS North East Essex CCG ; NHS Ipswich and East Suffolk CCG,CCGs,CCGs,5.844309354947653,282,0,Occupation Group,https://www.nhsstaffsurveys.com/static/46b2db369c445384221b113b2fb86324/Detailed-Spreadsheets.zip,2026-09-11T18:45:24.689309+00:00,564c07eb17f05d2fecda24f5a57c4d6022476189857d5f3420fdeb796146a7b0,NSS21 detailed spreadsheets organisational results.xlsx,11ad4e7ed84a7ea61c6b2fa8805e5a19a1d7c64bded3ad4f8a02c95b5603f3bb,PEOPLE PROMISE ELEMENTS,22,AC22,AD22,2022-05-09 07:38:33,Available annual archive version; not claimed to be exact first-publication-day bytes
2021,2021,06N,NHS Herts Valleys CCG,CCGs,CCGs,5.54054054054054,185,0,Occupation Group,https://www.nhsstaffsurveys.com/static/46b2db369c445384221b113b2fb86324/Detailed-Spreadsheets.zip,2026-09-11T18:45:24.689309+00:00,564c07eb17f05d2fecda24f5a57c4d6022476189857d5f3420fdeb796146a7b0,NSS21 detailed spreadsheets organisational results.xlsx,11ad4e7ed84a7ea61c6b2fa8805e5a19a1d7c64bded3ad4f8a02c95b5603f3bb,PEOPLE PROMISE ELEMENTS,23,AC23,AD23,2022-05-09 07:38:33,Available annual archive version; not claimed to be exact first-publication-day bytes
2021,2021,06Q/07G/99E/99F/99G,NHS Mid Essex CCG ; NHS Thurrock CCG ; NHS Basildon and Brentwood CCG ; NHS Castlepoint and Rochford CCG ; NHS Southend CCG,CCGs,CCGs,5.409318048206937,324,0,Occupation Group,https://www.nhsstaffsurveys.com/static/46b2db369c445384221b113b2fb86324/Detailed-Spreadsheets.zip,2026-09-11T18:45:24.689309+00:00,564c07eb17f05d2fecda24f5a57c4d6022476189857d5f3420fdeb796146a7b0,NSS21 detailed spreadsheets organisational results.xlsx,11ad4e7ed84a7ea61c6b2fa8805e5a19a1d7c64bded3ad4f8a02c95b5603f3bb,PEOPLE PROMISE ELEMENTS,24,AC24,AD24,2022-05-09 07:38:33,Available annual archive version; not claimed to be exact first-publication-day bytes
2021,2021,07H,NHS West Essex CCG,CCGs,CCGs,5.5054945054945055,130,0,Occupation Group,https://www.nhsstaffsurveys.com/static/46b2db369c445384221b113b2fb86324/Detailed-Spreadsheets.zip,2026-09-11T18:45:24.689309+00:00,564c07eb17f05d2fecda24f5a57c4d6022476189857d5f3420fdeb796146a7b0,NSS21 detailed spreadsheets organisational results.xlsx,11ad4e7ed84a7ea61c6b2fa8805e5a19a1d7c64bded3ad4f8a02c95b5603f3bb,PEOPLE PROMISE ELEMENTS,25,AC25,AD25,2022-05-09 07:38:33,Available annual archive version; not claimed to be exact first-publication-day bytes
2021,2021,09D/70F/97R,NHS Brighton and Hove CCG ; NHS West Sussex CCG ; NHS East Sussex CCG,CCGs,CCGs,5.1812847646180975,702,0,Occupation Group,https://www.nhsstaffsurveys.com/static/46b2db369c445384221b113b2fb86324/Detailed-Spreadsheets.zip,2026-09-11T18:45:24.689309+00:00,564c07eb17f05d2fecda24f5a57c4d6022476189857d5f3420fdeb796146a7b0,NSS21 detailed spreadsheets organisational results.xlsx,11ad4e7ed84a7ea61c6b2fa8805e5a19a1d7c64bded3ad4f8a02c95b5603f3bb,PEOPLE PROMISE ELEMENTS,26,AC26,AD26,2022-05-09 07:38:33,Available annual archive version; not claimed to be exact first-publication-day bytes
2021,2021,0AR,NHS North of England CSU,CSUs,CSUs,5.788909099389022,1021,0,Occupation Group,https://www.nhsstaffsurveys.com/static/46b2db369c445384221b113b2fb86324/Detailed-Spreadsheets.zip,2026-09-11T18:45:24.689309+00:00,564c07eb17f05d2fecda24f5a57c4d6022476189857d5f3420fdeb796146a7b0,NSS21 detailed spreadsheets organisational results.xlsx,11ad4e7ed84a7ea61c6b2fa8805e5a19a1d7c64bded3ad4f8a02c95b5603f3bb,PEOPLE PROMISE ELEMENTS,27,AC27,AD27,2022-05-09 07:38:33,Available annual archive version; not claimed to be exact first-publication-day bytes
2021,2021,0CX,NHS Midlands and Lancashire CSU,CSUs,CSUs,5.737061376571265,1163,0,Occupation Group,https://www.nhsstaffsurveys.com/static/46b2db369c445384221b113b2fb86324/Detailed-Spreadsheets.zip,2026-09-11T18:45:24.689309+00:00,564c07eb17f05d2fecda24f5a57c4d6022476189857d5f3420fdeb796146a7b0,NSS21 detailed spreadsheets organisational results.xlsx,11ad4e7ed84a7ea61c6b2fa8805e5a19a1d7c64bded3ad4f8a02c95b5603f3bb,PEOPLE PROMISE ELEMENTS,28,AC28,AD28,2022-05-09 07:38:33,Available annual archive version; not claimed to be exact first-publication-day bytes
2021,2021,0DE,NHS Arden and Greater East Midlands CSU,CSUs,CSUs,5.542303225230055,533,0,Occupation Group,https://www.nhsstaffsurveys.com/static/46b2db369c445384221b113b2fb86324/Detailed-Spreadsheets.zip,2026-09-11T18:45:24.689309+00:00,564c07eb17f05d2fecda24f5a57c4d6022476189857d5f3420fdeb796146a7b0,NSS21 detailed spreadsheets organisational results.xlsx,11ad4e7ed84a7ea61c6b2fa8805e5a19a1d7c64bded3ad4f8a02c95b5603f3bb,PEOPLE PROMISE ELEMENTS,29,AC29,AD29,2022-05-09 07:38:33,Available annual archive version; not claimed to be exact first-publication-day bytes
2021,2021,10R,NHS Portsmouth CCG,CCGs,CCGs,6,70,0,Occupation Group,https://www.nhsstaffsurveys.com/static/46b2db369c445384221b113b2fb86324/Detailed-Spreadsheets.zip,2026-09-11T18:45:24.689309+00:00,564c07eb17f05d2fecda24f5a57c4d6022476189857d5f3420fdeb796146a7b0,NSS21 detailed spreadsheets organisational results.xlsx,11ad4e7ed84a7ea61c6b2fa8805e5a19a1d7c64bded3ad4f8a02c95b5603f3bb,PEOPLE PROMISE ELEMENTS,30,AC30,AD30,2022-05-09 07:38:33,Available annual archive version; not claimed to be exact first-publication-day bytes
2021,2021,11J,NHS Dorset CCG,CCGs,CCGs,5.67102615694165,355,0,Occupation Group,https://www.nhsstaffsurveys.com/static/46b2db369c445384221b113b2fb86324/Detailed-Spreadsheets.zip,2026-09-11T18:45:24.689309+00:00,564c07eb17f05d2fecda24f5a57c4d6022476189857d5f3420fdeb796146a7b0,NSS21 detailed spreadsheets organisational results.xlsx,11ad4e7ed84a7ea61c6b2fa8805e5a19a1d7c64bded3ad4f8a02c95b5603f3bb,PEOPLE PROMISE ELEMENTS,31,AC31,AD31,2022-05-09 07:38:33,Available annual archive version; not claimed to be exact first-publication-day bytes
2021,2021,11M,NHS Gloucestershire CCG,CCGs,CCGs,5.652281746031746,240,0,Occupation Group,https://www.nhsstaffsurveys.com/static/46b2db369c445384221b113b2fb86324/Detailed-Spreadsheets.zip,2026-09-11T18:45:24.689309+00:00,564c07eb17f05d2fecda24f5a57c4d6022476189857d5f3420fdeb796146a7b0,NSS21 detailed spreadsheets organisational results.xlsx,11ad4e7ed84a7ea61c6b2fa8805e5a19a1d7c64bded3ad4f8a02c95b5603f3bb,PEOPLE PROMISE ELEMENTS,32,AC32,AD32,2022-05-09 07:38:33,Available annual archive version; not claimed to be exact first-publication-day bytes
2021,2021,11N,NHS Kernow CCG,CCGs,CCGs,5.109438394191757,223,0,Occupation Group,https://www.nhsstaffsurveys.com/static/46b2db369c445384221b113b2fb86324/Detailed-Spreadsheets.zip,2026-09-11T18:45:24.689309+00:00,564c07eb17f05d2fecda24f5a57c4d6022476189857d5f3420fdeb796146a7b0,NSS21 detailed spreadsheets organisational results.xlsx,11ad4e7ed84a7ea61c6b2fa8805e5a19a1d7c64bded3ad4f8a02c95b5603f3bb,PEOPLE PROMISE ELEMENTS,33,AC33,AD33,2022-05-09 07:38:33,Available annual archive version; not claimed to be exact first-publication-day bytes
2021,2021,11X,NHS Somerset CCG,CCGs,CCGs,5.478778467908903,230,0,Occupation Group,https://www.nhsstaffsurveys.com/static/46b2db369c445384221b113b2fb86324/Detailed-Spreadsheets.zip,2026-09-11T18:45:24.689309+00:00,564c07eb17f05d2fecda24f5a57c4d6022476189857d5f3420fdeb796146a7b0,NSS21 detailed spreadsheets organisational results.xlsx,11ad4e7ed84a7ea61c6b2fa8805e5a19a1d7c64bded3ad4f8a02c95b5603f3bb,PEOPLE PROMISE ELEMENTS,34,AC34,AD34,2022-05-09 07:38:33,Available annual archive version; not claimed to be exact first-publication-day bytes
2021,2021,13T,NHS Newcastle Gateshead CCG,CCGs,CCGs,5.115646258503401,105,0,Occupation Group,https://www.nhsstaffsurveys.com/static/46b2db369c445384221b113b2fb86324/Detailed-Spreadsheets.zip,2026-09-11T18:45:24.689309+00:00,564c07eb17f05d2fecda24f5a57c4d6022476189857d5f3420fdeb796146a7b0,NSS21 detailed spreadsheets organisational results.xlsx,11ad4e7ed84a7ea61c6b2fa8805e5a19a1d7c64bded3ad4f8a02c95b5603f3bb,PEOPLE PROMISE ELEMENTS,35,AC35,AD35,2022-05-09 07:38:33,Available annual archive version; not claimed to be exact first-publication-day bytes
2021,2021,15C,"NHS Bristol, North Somerset and South Gloucestershire CCG",CCGs,CCGs,5.106326171629601,379,0,Occupation Group,https://www.nhsstaffsurveys.com/static/46b2db369c445384221b113b2fb86324/Detailed-Spreadsheets.zip,2026-09-11T18:45:24.689309+00:00,564c07eb17f05d2fecda24f5a57c4d6022476189857d5f3420fdeb796146a7b0,NSS21 detailed spreadsheets organisational results.xlsx,11ad4e7ed84a7ea61c6b2fa8805e5a19a1d7c64bded3ad4f8a02c95b5603f3bb,PEOPLE PROMISE ELEMENTS,36,AC36,AD36,2022-05-09 07:38:33,Available annual archive version; not claimed to be exact first-publication-day bytes
2021,2021,15F,NHS Leeds CCG,CCGs,CCGs,5.559572006940428,247,0,Occupation Group,https://www.nhsstaffsurveys.com/static/46b2db369c445384221b113b2fb86324/Detailed-Spreadsheets.zip,2026-09-11T18:45:24.689309+00:00,564c07eb17f05d2fecda24f5a57c4d6022476189857d5f3420fdeb796146a7b0,NSS21 detailed spreadsheets organisational results.xlsx,11ad4e7ed84a7ea61c6b2fa8805e5a19a1d7c64bded3ad4f8a02c95b5603f3bb,PEOPLE PROMISE ELEMENTS,37,AC37,AD37,2022-05-09 07:38:33,Available annual archive version; not claimed to be exact first-publication-day bytes
2021,2021,15M,NHS Derby and Derbyshire CCG,CCGs,CCGs,5.636846971798428,412,0,Occupation Group,https://www.nhsstaffsurveys.com/static/46b2db369c445384221b113b2fb86324/Detailed-Spreadsheets.zip,2026-09-11T18:45:24.689309+00:00,564c07eb17f05d2fecda24f5a57c4d6022476189857d5f3420fdeb796146a7b0,NSS21 detailed spreadsheets organisational results.xlsx,11ad4e7ed84a7ea61c6b2fa8805e5a19a1d7c64bded3ad4f8a02c95b5603f3bb,PEOPLE PROMISE ELEMENTS,38,AC38,AD38,2022-05-09 07:38:33,Available annual archive version; not claimed to be exact first-publication-day bytes
2021,2021,15N,NHS Devon CCG,CCGs,CCGs,5.410757523348323,413,0,Occupation Group,https://www.nhsstaffsurveys.com/static/46b2db369c445384221b113b2fb86324/Detailed-Spreadsheets.zip,2026-09-11T18:45:24.689309+00:00,564c07eb17f05d2fecda24f5a57c4d6022476189857d5f3420fdeb796146a7b0,NSS21 detailed spreadsheets organisational results.xlsx,11ad4e7ed84a7ea61c6b2fa8805e5a19a1d7c64bded3ad4f8a02c95b5603f3bb,PEOPLE PROMISE ELEMENTS,39,AC39,AD39,2022-05-09 07:38:33,Available annual archive version; not claimed to be exact first-publication-day bytes
2021,2021,16C,NHS Tees Valley CCG,CCGs,CCGs,5.005760368663594,62,0,Occupation Group,https://www.nhsstaffsurveys.com/static/46b2db369c445384221b113b2fb86324/Detailed-Spreadsheets.zip,2026-09-11T18:45:24.689309+00:00,564c07eb17f05d2fecda24f5a57c4d6022476189857d5f3420fdeb796146a7b0,NSS21 detailed spreadsheets organisational results.xlsx,11ad4e7ed84a7ea61c6b2fa8805e5a19a1d7c64bded3ad4f8a02c95b5603f3bb,PEOPLE PROMISE ELEMENTS,40,AC40,AD40,2022-05-09 07:38:33,Available annual archive version; not claimed to be exact first-publication-day bytes
2021,2021,18C,NHS Herefordshire and Worcestershire CCG,CCGs,CCGs,5.2528227785959745,194,0,Occupation Group,https://www.nhsstaffsurveys.com/static/46b2db369c445384221b113b2fb86324/Detailed-Spreadsheets.zip,2026-09-11T18:45:24.689309+00:00,564c07eb17f05d2fecda24f5a57c4d6022476189857d5f3420fdeb796146a7b0,NSS21 detailed spreadsheets organisational results.xlsx,11ad4e7ed84a7ea61c6b2fa8805e5a19a1d7c64bded3ad4f8a02c95b5603f3bb,PEOPLE PROMISE ELEMENTS,41,AC41,AD41,2022-05-09 07:38:33,Available annual archive version; not claimed to be exact first-publication-day bytes
2021,2021,26A,NHS Norfolk and Waveney CCG,CCGs,CCGs,5.316795532646048,388,0,Occupation Group,https://www.nhsstaffsurveys.com/static/46b2db369c445384221b113b2fb86324/Detailed-Spreadsheets.zip,2026-09-11T18:45:24.689309+00:00,564c07eb17f05d2fecda24f5a57c4d6022476189857d5f3420fdeb796146a7b0,NSS21 detailed spreadsheets organisational results.xlsx,11ad4e7ed84a7ea61c6b2fa8805e5a19a1d7c64bded3ad4f8a02c95b5603f3bb,PEOPLE PROMISE ELEMENTS,42,AC42,AD42,2022-05-09 07:38:33,Available annual archive version; not claimed to be exact first-publication-day bytes
2021,2021,27D,NHS Cheshire CCG,CCGs,CCGs,5.239356335754641,236,0,Occupation Group,https://www.nhsstaffsurveys.com/static/46b2db369c445384221b113b2fb86324/Detailed-Spreadsheets.zip,2026-09-11T18:45:24.689309+00:00,564c07eb17f05d2fecda24f5a57c4d6022476189857d5f3420fdeb796146a7b0,NSS21 detailed spreadsheets organisational results.xlsx,11ad4e7ed84a7ea61c6b2fa8805e5a19a1d7c64bded3ad4f8a02c95b5603f3bb,PEOPLE PROMISE ELEMENTS,43,AC43,AD43,2022-05-09 07:38:33,Available annual archive version; not claimed to be exact first-publication-day bytes
2021,2021,36J,NHS Bradford District and Craven CCG,CCGs,CCGs,5.759561803444782,188,0,Occupation Group,https://www.nhsstaffsurveys.com/static/46b2db369c445384221b113b2fb86324/Detailed-Spreadsheets.zip,2026-09-11T18:45:24.689309+00:00,564c07eb17f05d2fecda24f5a57c4d6022476189857d5f3420fdeb796146a7b0,NSS21 detailed spreadsheets organisational results.xlsx,11ad4e7ed84a7ea61c6b2fa8805e5a19a1d7c64bded3ad4f8a02c95b5603f3bb,PEOPLE PROMISE ELEMENTS,44,AC44,AD44,2022-05-09 07:38:33,Available annual archive version; not claimed to be exact first-publication-day bytes
2021,2021,36L,NHS South West London CCG,CCGs,CCGs,5.420050449120216,387,0,Occupation Group,https://www.nhsstaffsurveys.com/static/46b2db369c445384221b113b2fb86324/Detailed-Spreadsheets.zip,2026-09-11T18:45:24.689309+00:00,564c07eb17f05d2fecda24f5a57c4d6022476189857d5f3420fdeb796146a7b0,NSS21 detailed spreadsheets organisational results.xlsx,11ad4e7ed84a7ea61c6b2fa8805e5a19a1d7c64bded3ad4f8a02c95b5603f3bb,PEOPLE PROMISE ELEMENTS,45,AC45,AD45,2022-05-09 07:38:33,Available annual archive version; not claimed to be exact first-publication-day bytes
2021,2021,52R,NHS Nottingham and Nottinghamshire CCG,CCGs,CCGs,5.549050221181369,366,0,Occupation Group,https://www.nhsstaffsurveys.com/static/46b2db369c445384221b113b2fb86324/Detailed-Spreadsheets.zip,2026-09-11T18:45:24.689309+00:00,564c07eb17f05d2fecda24f5a57c4d6022476189857d5f3420fdeb796146a7b0,NSS21 detailed spreadsheets organisational results.xlsx,11ad4e7ed84a7ea61c6b2fa8805e5a19a1d7c64bded3ad4f8a02c95b5603f3bb,PEOPLE PROMISE ELEMENTS,46,AC46,AD46,2022-05-09 07:38:33,Available annual archive version; not claimed to be exact first-publication-day bytes
2021,2021,71E,NHS Lincolnshire CCG,CCGs,CCGs,5.577922077922078,275,0,Occupation Group,https://www.nhsstaffsurveys.com/static/46b2db369c445384221b113b2fb86324/Detailed-Spreadsheets.zip,2026-09-11T18:45:24.689309+00:00,564c07eb17f05d2fecda24f5a57c4d6022476189857d5f3420fdeb796146a7b0,NSS21 detailed spreadsheets organisational results.xlsx,11ad4e7ed84a7ea61c6b2fa8805e5a19a1d7c64bded3ad4f8a02c95b5603f3bb,PEOPLE PROMISE ELEMENTS,47,AC47,AD47,2022-05-09 07:38:33,Available annual archive version; not claimed to be exact first-publication-day bytes
2021,2021,72Q,NHS South East London CCG,CCGs,CCGs,5.319189602446483,436,0,Occupation Group,https://www.nhsstaffsurveys.com/static/46b2db369c445384221b113b2fb86324/Detailed-Spreadsheets.zip,2026-09-11T18:45:24.689309+00:00,564c07eb17f05d2fecda24f5a57c4d6022476189857d5f3420fdeb796146a7b0,NSS21 detailed spreadsheets organisational results.xlsx,11ad4e7ed84a7ea61c6b2fa8805e5a19a1d7c64bded3ad4f8a02c95b5603f3bb,PEOPLE PROMISE ELEMENTS,48,AC48,AD48,2022-05-09 07:38:33,Available annual archive version; not claimed to be exact first-publication-day bytes
2021,2021,78H,NHS Northamptonshire CCG,CCGs,CCGs,5.234929078014185,94,0,Occupation Group,https://www.nhsstaffsurveys.com/static/46b2db369c445384221b113b2fb86324/Detailed-Spreadsheets.zip,2026-09-11T18:45:24.689309+00:00,564c07eb17f05d2fecda24f5a57c4d6022476189857d5f3420fdeb796146a7b0,NSS21 detailed spreadsheets organisational results.xlsx,11ad4e7ed84a7ea61c6b2fa8805e5a19a1d7c64bded3ad4f8a02c95b5603f3bb,PEOPLE PROMISE ELEMENTS,49,AC49,AD49,2022-05-09 07:38:33,Available annual archive version; not claimed to be exact first-publication-day bytes
2021,2021,84H,NHS County Durham CCG,CCGs,CCGs,5.823412698412699,72,0,Occupation Group,https://www.nhsstaffsurveys.com/static/46b2db369c445384221b113b2fb86324/Detailed-Spreadsheets.zip,2026-09-11T18:45:24.689309+00:00,564c07eb17f05d2fecda24f5a57c4d6022476189857d5f3420fdeb796146a7b0,NSS21 detailed spreadsheets organisational results.xlsx,11ad4e7ed84a7ea61c6b2fa8805e5a19a1d7c64bded3ad4f8a02c95b5603f3bb,PEOPLE PROMISE ELEMENTS,50,AC50,AD50,2022-05-09 07:38:33,Available annual archive version; not claimed to be exact first-publication-day bytes
2021,2021,91Q,NHS Kent and Medway CCG,CCGs,CCGs,5.448115481010218,494,0,Occupation Group,https://www.nhsstaffsurveys.com/static/46b2db369c445384221b113b2fb86324/Detailed-Spreadsheets.zip,2026-09-11T18:45:24.689309+00:00,564c07eb17f05d2fecda24f5a57c4d6022476189857d5f3420fdeb796146a7b0,NSS21 detailed spreadsheets organisational results.xlsx,11ad4e7ed84a7ea61c6b2fa8805e5a19a1d7c64bded3ad4f8a02c95b5603f3bb,PEOPLE PROMISE ELEMENTS,51,AC51,AD51,2022-05-09 07:38:33,Available annual archive version; not claimed to be exact first-publication-day bytes
2021,2021,92A,NHS Surrey Heartlands CCG,CCGs,CCGs,5.381957960295835,367,0,Occupation Group,https://www.nhsstaffsurveys.com/static/46b2db369c445384221b113b2fb86324/Detailed-Spreadsheets.zip,2026-09-11T18:45:24.689309+00:00,564c07eb17f05d2fecda24f5a57c4d6022476189857d5f3420fdeb796146a7b0,NSS21 detailed spreadsheets organisational results.xlsx,11ad4e7ed84a7ea61c6b2fa8805e5a19a1d7c64bded3ad4f8a02c95b5603f3bb,PEOPLE PROMISE ELEMENTS,52,AC52,AD52,2022-05-09 07:38:33,Available annual archive version; not claimed to be exact first-publication-day bytes
2021,2021,93C,NHS North Central London CCG,CCGs,CCGs,5.141465677179963,308,0,Occupation Group,https://www.nhsstaffsurveys.com/static/46b2db369c445384221b113b2fb86324/Detailed-Spreadsheets.zip,2026-09-11T18:45:24.689309+00:00,564c07eb17f05d2fecda24f5a57c4d6022476189857d5f3420fdeb796146a7b0,NSS21 detailed spreadsheets organisational results.xlsx,11ad4e7ed84a7ea61c6b2fa8805e5a19a1d7c64bded3ad4f8a02c95b5603f3bb,PEOPLE PROMISE ELEMENTS,53,AC53,AD53,2022-05-09 07:38:33,Available annual archive version; not claimed to be exact first-publication-day bytes
2021,2021,A3A8R,NHS North East London CCG,CCGs,CCGs,5.106013208202989,411,0,Occupation Group,https://www.nhsstaffsurveys.com/static/46b2db369c445384221b113b2fb86324/Detailed-Spreadsheets.zip,2026-09-11T18:45:24.689309+00:00,564c07eb17f05d2fecda24f5a57c4d6022476189857d5f3420fdeb796146a7b0,NSS21 detailed spreadsheets organisational results.xlsx,11ad4e7ed84a7ea61c6b2fa8805e5a19a1d7c64bded3ad4f8a02c95b5603f3bb,PEOPLE PROMISE ELEMENTS,54,AC54,AD54,2022-05-09 07:38:33,Available annual archive version; not claimed to be exact first-publication-day bytes
2021,2021,B2M3M,NHS Coventry and Warwickshire CCG,CCGs,CCGs,5.173654244306418,230,0,Occupation Group,https://www.nhsstaffsurveys.com/static/46b2db369c445384221b113b2fb86324/Detailed-Spreadsheets.zip,2026-09-11T18:45:24.689309+00:00,564c07eb17f05d2fecda24f5a57c4d6022476189857d5f3420fdeb796146a7b0,NSS21 detailed spreadsheets organisational results.xlsx,11ad4e7ed84a7ea61c6b2fa8805e5a19a1d7c64bded3ad4f8a02c95b5603f3bb,PEOPLE PROMISE ELEMENTS,55,AC55,AD55,2022-05-09 07:38:33,Available annual archive version; not claimed to be exact first-publication-day bytes
2021,2021,D4U1Y,NHS Frimley CCG,CCGs,CCGs,5.232041969330105,177,0,Occupation Group,https://www.nhsstaffsurveys.com/static/46b2db369c445384221b113b2fb86324/Detailed-Spreadsheets.zip,2026-09-11T18:45:24.689309+00:00,564c07eb17f05d2fecda24f5a57c4d6022476189857d5f3420fdeb796146a7b0,NSS21 detailed spreadsheets organisational results.xlsx,11ad4e7ed84a7ea61c6b2fa8805e5a19a1d7c64bded3ad4f8a02c95b5603f3bb,PEOPLE PROMISE ELEMENTS,56,AC56,AD56,2022-05-09 07:38:33,Available annual archive version; not claimed to be exact first-publication-day bytes
2021,2021,D9Y0V,"NHS Hampshire, Southampton and Isle of Wight CCG",CCGs,CCGs,5.2279073277488495,631,0,Occupation Group,https://www.nhsstaffsurveys.com/static/46b2db369c445384221b113b2fb86324/Detailed-Spreadsheets.zip,2026-09-11T18:45:24.689309+00:00,564c07eb17f05d2fecda24f5a57c4d6022476189857d5f3420fdeb796146a7b0,NSS21 detailed spreadsheets organisational results.xlsx,11ad4e7ed84a7ea61c6b2fa8805e5a19a1d7c64bded3ad4f8a02c95b5603f3bb,PEOPLE PROMISE ELEMENTS,57,AC57,AD57,2022-05-09 07:38:33,Available annual archive version; not claimed to be exact first-publication-day bytes
2021,2021,M1J4Y,"NHS Bedfordshire, Luton and Milton Keynes CCG",CCGs,CCGs,5.08827906162465,272,0,Occupation Group,https://www.nhsstaffsurveys.com/static/46b2db369c445384221b113b2fb86324/Detailed-Spreadsheets.zip,2026-09-11T18:45:24.689309+00:00,564c07eb17f05d2fecda24f5a57c4d6022476189857d5f3420fdeb796146a7b0,NSS21 detailed spreadsheets organisational results.xlsx,11ad4e7ed84a7ea61c6b2fa8805e5a19a1d7c64bded3ad4f8a02c95b5603f3bb,PEOPLE PROMISE ELEMENTS,58,AC58,AD58,2022-05-09 07:38:33,Available annual archive version; not claimed to be exact first-publication-day bytes
2021,2021,NDJ,First Community Health and Care,Social Enterprises Community,Social Enterprises - Community,5.169234012720777,398,0,Occupation Group,https://www.nhsstaffsurveys.com/static/46b2db369c445384221b113b2fb86324/Detailed-Spreadsheets.zip,2026-09-11T18:45:24.689309+00:00,564c07eb17f05d2fecda24f5a57c4d6022476189857d5f3420fdeb796146a7b0,NSS21 detailed spreadsheets organisational results.xlsx,11ad4e7ed84a7ea61c6b2fa8805e5a19a1d7c64bded3ad4f8a02c95b5603f3bb,PEOPLE PROMISE ELEMENTS,59,AC59,AD59,2022-05-09 07:38:33,Available annual archive version; not claimed to be exact first-publication-day bytes
2021,2021,NLX,Sirona Care & Health,Social Enterprises Community,Social Enterprises - Community,4.683240319411682,1409,0,Occupation Group,https://www.nhsstaffsurveys.com/static/46b2db369c445384221b113b2fb86324/Detailed-Spreadsheets.zip,2026-09-11T18:45:24.689309+00:00,564c07eb17f05d2fecda24f5a57c4d6022476189857d5f3420fdeb796146a7b0,NSS21 detailed spreadsheets organisational results.xlsx,11ad4e7ed84a7ea61c6b2fa8805e5a19a1d7c64bded3ad4f8a02c95b5603f3bb,PEOPLE PROMISE ELEMENTS,60,AC60,AD60,2022-05-09 07:38:33,Available annual archive version; not claimed to be exact first-publication-day bytes
2021,2021,NQ7,Medway Community Healthcare,Social Enterprises Community,Social Enterprises - Community,5.019833501243086,686,0,Occupation Group,https://www.nhsstaffsurveys.com/static/46b2db369c445384221b113b2fb86324/Detailed-Spreadsheets.zip,2026-09-11T18:45:24.689309+00:00,564c07eb17f05d2fecda24f5a57c4d6022476189857d5f3420fdeb796146a7b0,NSS21 detailed spreadsheets organisational results.xlsx,11ad4e7ed84a7ea61c6b2fa8805e5a19a1d7c64bded3ad4f8a02c95b5603f3bb,PEOPLE PROMISE ELEMENTS,61,AC61,AD61,2022-05-09 07:38:33,Available annual archive version; not claimed to be exact first-publication-day bytes
2021,2021,NQL,NAVIGO Health and Social Care CIC,Social Enterprises MH,Social Enterprises - Mental Health,5.7330232289515575,299,0,Occupation Group,https://www.nhsstaffsurveys.com/static/46b2db369c445384221b113b2fb86324/Detailed-Spreadsheets.zip,2026-09-11T18:45:24.689309+00:00,564c07eb17f05d2fecda24f5a57c4d6022476189857d5f3420fdeb796146a7b0,NSS21 detailed spreadsheets organisational results.xlsx,11ad4e7ed84a7ea61c6b2fa8805e5a19a1d7c64bded3ad4f8a02c95b5603f3bb,PEOPLE PROMISE ELEMENTS,62,AC62,AD62,2022-05-09 07:38:33,Available annual archive version; not claimed to be exact first-publication-day bytes
2021,2021,NQV,Bromley Healthcare,Social Enterprises Community,Social Enterprises - Community,4.89474936613031,671,0,Occupation Group,https://www.nhsstaffsurveys.com/static/46b2db369c445384221b113b2fb86324/Detailed-Spreadsheets.zip,2026-09-11T18:45:24.689309+00:00,564c07eb17f05d2fecda24f5a57c4d6022476189857d5f3420fdeb796146a7b0,NSS21 detailed spreadsheets organisational results.xlsx,11ad4e7ed84a7ea61c6b2fa8805e5a19a1d7c64bded3ad4f8a02c95b5603f3bb,PEOPLE PROMISE ELEMENTS,63,AC63,AD63,2022-05-09 07:38:33,Available annual archive version; not claimed to be exact first-publication-day bytes
2021,2021,NR3,Nottingham CityCare Partnership,Social Enterprises Community,Social Enterprises - Community,4.960730111694547,607,0,Occupation Group,https://www.nhsstaffsurveys.com/static/46b2db369c445384221b113b2fb86324/Detailed-Spreadsheets.zip,2026-09-11T18:45:24.689309+00:00,564c07eb17f05d2fecda24f5a57c4d6022476189857d5f3420fdeb796146a7b0,NSS21 detailed spreadsheets organisational results.xlsx,11ad4e7ed84a7ea61c6b2fa8805e5a19a1d7c64bded3ad4f8a02c95b5603f3bb,PEOPLE PROMISE ELEMENTS,64,AC64,AD64,2022-05-09 07:38:33,Available annual archive version; not claimed to be exact first-publication-day bytes
2021,2021,NTV,CSH Surrey,Social Enterprises Community,Social Enterprises - Community,5.155210798667844,724,0,Occupation Group,https://www.nhsstaffsurveys.com/static/46b2db369c445384221b113b2fb86324/Detailed-Spreadsheets.zip,2026-09-11T18:45:24.689309+00:00,564c07eb17f05d2fecda24f5a57c4d6022476189857d5f3420fdeb796146a7b0,NSS21 detailed spreadsheets organisational results.xlsx,11ad4e7ed84a7ea61c6b2fa8805e5a19a1d7c64bded3ad4f8a02c95b5603f3bb,PEOPLE PROMISE ELEMENTS,65,AC65,AD65,2022-05-09 07:38:33,Available annual archive version; not claimed to be exact first-publication-day bytes
2021,2021,NXP,Independent Health Group,Community Surgical Services,Community Surgical Services,6.442669172932331,38,0,Occupation Group,https://www.nhsstaffsurveys.com/static/46b2db369c445384221b113b2fb86324/Detailed-Spreadsheets.zip,2026-09-11T18:45:24.689309+00:00,564c07eb17f05d2fecda24f5a57c4d6022476189857d5f3420fdeb796146a7b0,NSS21 detailed spreadsheets organisational results.xlsx,11ad4e7ed84a7ea61c6b2fa8805e5a19a1d7c64bded3ad4f8a02c95b5603f3bb,PEOPLE PROMISE ELEMENTS,66,AC66,AD66,2022-05-09 07:38:33,Available annual archive version; not claimed to be exact first-publication-day bytes
2021,2021,R0A,Manchester University NHS Foundation Trust,Acute&Acute Community Trusts,Acute and Acute & Community Trusts,4.769797001636181,7936,1,Occupation Group,https://www.nhsstaffsurveys.com/static/46b2db369c445384221b113b2fb86324/Detailed-Spreadsheets.zip,2026-09-11T18:45:24.689309+00:00,564c07eb17f05d2fecda24f5a57c4d6022476189857d5f3420fdeb796146a7b0,NSS21 detailed spreadsheets organisational results.xlsx,11ad4e7ed84a7ea61c6b2fa8805e5a19a1d7c64bded3ad4f8a02c95b5603f3bb,PEOPLE PROMISE ELEMENTS,67,AC67,AD67,2022-05-09 07:38:33,Available annual archive version; not claimed to be exact first-publication-day bytes
2021,2021,R0B,South Tyneside and Sunderland NHS Foundation Trust,Acute&Acute Community Trusts,Acute and Acute & Community Trusts,4.818104861145357,3622,1,Occupation Group,https://www.nhsstaffsurveys.com/static/46b2db369c445384221b113b2fb86324/Detailed-Spreadsheets.zip,2026-09-11T18:45:24.689309+00:00,564c07eb17f05d2fecda24f5a57c4d6022476189857d5f3420fdeb796146a7b0,NSS21 detailed spreadsheets organisational results.xlsx,11ad4e7ed84a7ea61c6b2fa8805e5a19a1d7c64bded3ad4f8a02c95b5603f3bb,PEOPLE PROMISE ELEMENTS,68,AC68,AD68,2022-05-09 07:38:33,Available annual archive version; not claimed to be exact first-publication-day bytes
2021,2021,R0D,University Hospitals Dorset NHS Foundation Trust,Acute&Acute Community Trusts,Acute and Acute & Community Trusts,4.760253185990849,3369,1,Occupation Group,https://www.nhsstaffsurveys.com/static/46b2db369c445384221b113b2fb86324/Detailed-Spreadsheets.zip,2026-09-11T18:45:24.689309+00:00,564c07eb17f05d2fecda24f5a57c4d6022476189857d5f3420fdeb796146a7b0,NSS21 detailed spreadsheets organisational results.xlsx,11ad4e7ed84a7ea61c6b2fa8805e5a19a1d7c64bded3ad4f8a02c95b5603f3bb,PEOPLE PROMISE ELEMENTS,69,AC69,AD69,2022-05-09 07:38:33,Available annual archive version; not claimed to be exact first-publication-day bytes
2021,2021,R1A,Herefordshire and Worcestershire Health and Care NHS Trust,"MH&LD, MH, LD&Community Trusts","Mental Health & Learning Disability and Mental Health, Learning Disability & Community Trusts",5.096294311533455,1792,1,Occupation Group,https://www.nhsstaffsurveys.com/static/46b2db369c445384221b113b2fb86324/Detailed-Spreadsheets.zip,2026-09-11T18:45:24.689309+00:00,564c07eb17f05d2fecda24f5a57c4d6022476189857d5f3420fdeb796146a7b0,NSS21 detailed spreadsheets organisational results.xlsx,11ad4e7ed84a7ea61c6b2fa8805e5a19a1d7c64bded3ad4f8a02c95b5603f3bb,PEOPLE PROMISE ELEMENTS,70,AC70,AD70,2022-05-09 07:38:33,Available annual archive version; not claimed to be exact first-publication-day bytes
2021,2021,R1C,Solent NHS Trust,"MH&LD, MH, LD&Community Trusts","Mental Health & Learning Disability and Mental Health, Learning Disability & Community Trusts",5.341302026933093,2648,1,Occupation Group,https://www.nhsstaffsurveys.com/static/46b2db369c445384221b113b2fb86324/Detailed-Spreadsheets.zip,2026-09-11T18:45:24.689309+00:00,564c07eb17f05d2fecda24f5a57c4d6022476189857d5f3420fdeb796146a7b0,NSS21 detailed spreadsheets organisational results.xlsx,11ad4e7ed84a7ea61c6b2fa8805e5a19a1d7c64bded3ad4f8a02c95b5603f3bb,PEOPLE PROMISE ELEMENTS,71,AC71,AD71,2022-05-09 07:38:33,Available annual archive version; not claimed to be exact first-publication-day bytes
2021,2021,R1D,Shropshire Community Health NHS Trust,Community Trusts,Community Trusts,4.865416749880345,924,1,Occupation Group,https://www.nhsstaffsurveys.com/static/46b2db369c445384221b113b2fb86324/Detailed-Spreadsheets.zip,2026-09-11T18:45:24.689309+00:00,564c07eb17f05d2fecda24f5a57c4d6022476189857d5f3420fdeb796146a7b0,NSS21 detailed spreadsheets organisational results.xlsx,11ad4e7ed84a7ea61c6b2fa8805e5a19a1d7c64bded3ad4f8a02c95b5603f3bb,PEOPLE PROMISE ELEMENTS,72,AC72,AD72,2022-05-09 07:38:33,Available annual archive version; not claimed to be exact first-publication-day bytes
2021,2021,R1F1,Isle of Wight NHS Trust (acute sector),Acute&Acute Community Trusts,Acute and Acute & Community Trusts,4.8713168691708395,1472,1,Occupation Group,https://www.nhsstaffsurveys.com/static/46b2db369c445384221b113b2fb86324/Detailed-Spreadsheets.zip,2026-09-11T18:45:24.689309+00:00,564c07eb17f05d2fecda24f5a57c4d6022476189857d5f3420fdeb796146a7b0,NSS21 detailed spreadsheets organisational results.xlsx,11ad4e7ed84a7ea61c6b2fa8805e5a19a1d7c64bded3ad4f8a02c95b5603f3bb,PEOPLE PROMISE ELEMENTS,73,AC73,AD73,2022-05-09 07:38:33,Available annual archive version; not claimed to be exact first-publication-day bytes
2021,2021,R1F2,Isle of Wight NHS Trust (ambulance sector),Ambulance Trusts,Ambulance Trusts,4.615734962274059,139,1,Occupation Group,https://www.nhsstaffsurveys.com/static/46b2db369c445384221b113b2fb86324/Detailed-Spreadsheets.zip,2026-09-11T18:45:24.689309+00:00,564c07eb17f05d2fecda24f5a57c4d6022476189857d5f3420fdeb796146a7b0,NSS21 detailed spreadsheets organisational results.xlsx,11ad4e7ed84a7ea61c6b2fa8805e5a19a1d7c64bded3ad4f8a02c95b5603f3bb,PEOPLE PROMISE ELEMENTS,74,AC74,AD74,2022-05-09 07:38:33,Available annual archive version; not claimed to be exact first-publication-day bytes
2021,2021,R1F3,Isle of Wight NHS Trust (mental health sector),"MH&LD, MH, LD&Community Trusts","Mental Health & Learning Disability and Mental Health, Learning Disability & Community Trusts",5.297061910140114,297,1,Occupation Group,https://www.nhsstaffsurveys.com/static/46b2db369c445384221b113b2fb86324/Detailed-Spreadsheets.zip,2026-09-11T18:45:24.689309+00:00,564c07eb17f05d2fecda24f5a57c4d6022476189857d5f3420fdeb796146a7b0,NSS21 detailed spreadsheets organisational results.xlsx,11ad4e7ed84a7ea61c6b2fa8805e5a19a1d7c64bded3ad4f8a02c95b5603f3bb,PEOPLE PROMISE ELEMENTS,75,AC75,AD75,2022-05-09 07:38:33,Available annual archive version; not claimed to be exact first-publication-day bytes
2021,2021,R1F4,Isle of Wight NHS Trust (community sector),Community Trusts,Community Trusts,5.1067507749965015,333,1,Occupation Group,https://www.nhsstaffsurveys.com/static/46b2db369c445384221b113b2fb86324/Detailed-Spreadsheets.zip,2026-09-11T18:45:24.689309+00:00,564c07eb17f05d2fecda24f5a57c4d6022476189857d5f3420fdeb796146a7b0,NSS21 detailed spreadsheets organisational results.xlsx,11ad4e7ed84a7ea61c6b2fa8805e5a19a1d7c64bded3ad4f8a02c95b5603f3bb,PEOPLE PROMISE ELEMENTS,76,AC76,AD76,2022-05-09 07:38:33,Available annual archive version; not claimed to be exact first-publication-day bytes
2021,2021,R1H,Barts Health NHS Trust,Acute&Acute Community Trusts,Acute and Acute & Community Trusts,4.7256370564460095,7766,1,Occupation Group,https://www.nhsstaffsurveys.com/static/46b2db369c445384221b113b2fb86324/Detailed-Spreadsheets.zip,2026-09-11T18:45:24.689309+00:00,564c07eb17f05d2fecda24f5a57c4d6022476189857d5f3420fdeb796146a7b0,NSS21 detailed spreadsheets organisational results.xlsx,11ad4e7ed84a7ea61c6b2fa8805e5a19a1d7c64bded3ad4f8a02c95b5603f3bb,PEOPLE PROMISE ELEMENTS,77,AC77,AD77,2022-05-09 07:38:33,Available annual archive version; not claimed to be exact first-publication-day bytes
2021,2021,R1K,London North West University Healthcare NHS Trust,Acute&Acute Community Trusts,Acute and Acute & Community Trusts,4.930470908712381,4505,1,Occupation Group,https://www.nhsstaffsurveys.com/static/46b2db369c445384221b113b2fb86324/Detailed-Spreadsheets.zip,2026-09-11T18:45:24.689309+00:00,564c07eb17f05d2fecda24f5a57c4d6022476189857d5f3420fdeb796146a7b0,NSS21 detailed spreadsheets organisational results.xlsx,11ad4e7ed84a7ea61c6b2fa8805e5a19a1d7c64bded3ad4f8a02c95b5603f3bb,PEOPLE PROMISE ELEMENTS,78,AC78,AD78,2022-05-09 07:38:33,Available annual archive version; not claimed to be exact first-publication-day bytes
2021,2021,R1L,Essex Partnership University NHS Foundation Trust,"MH&LD, MH, LD&Community Trusts","Mental Health & Learning Disability and Mental Health, Learning Disability & Community Trusts",5.27051237650546,2596,1,Occupation Group,https://www.nhsstaffsurveys.com/static/46b2db369c445384221b113b2fb86324/Detailed-Spreadsheets.zip,2026-09-11T18:45:24.689309+00:00,564c07eb17f05d2fecda24f5a57c4d6022476189857d5f3420fdeb796146a7b0,NSS21 detailed spreadsheets organisational results.xlsx,11ad4e7ed84a7ea61c6b2fa8805e5a19a1d7c64bded3ad4f8a02c95b5603f3bb,PEOPLE PROMISE ELEMENTS,79,AC79,AD79,2022-05-09 07:38:33,Available annual archive version; not claimed to be exact first-publication-day bytes
2021,2021,RA2,Royal Surrey County Hospital NHS Foundation Trust,Acute&Acute Community Trusts,Acute and Acute & Community Trusts,4.9532198294865895,2443,1,Occupation Group,https://www.nhsstaffsurveys.com/static/46b2db369c445384221b113b2fb86324/Detailed-Spreadsheets.zip,2026-09-11T18:45:24.689309+00:00,564c07eb17f05d2fecda24f5a57c4d6022476189857d5f3420fdeb796146a7b0,NSS21 detailed spreadsheets organisational results.xlsx,11ad4e7ed84a7ea61c6b2fa8805e5a19a1d7c64bded3ad4f8a02c95b5603f3bb,PEOPLE PROMISE ELEMENTS,80,AC80,AD80,2022-05-09 07:38:33,Available annual archive version; not claimed to be exact first-publication-day bytes
2021,2021,RA4,Yeovil District Hospital NHS Foundation Trust,Acute&Acute Community Trusts,Acute and Acute & Community Trusts,5.239063791677331,1249,1,Occupation Group,https://www.nhsstaffsurveys.com/static/46b2db369c445384221b113b2fb86324/Detailed-Spreadsheets.zip,2026-09-11T18:45:24.689309+00:00,564c07eb17f05d2fecda24f5a57c4d6022476189857d5f3420fdeb796146a7b0,NSS21 detailed spreadsheets organisational results.xlsx,11ad4e7ed84a7ea61c6b2fa8805e5a19a1d7c64bded3ad4f8a02c95b5603f3bb,PEOPLE PROMISE ELEMENTS,81,AC81,AD81,2022-05-09 07:38:33,Available annual archive version; not claimed to be exact first-publication-day bytes
2021,2021,RA7,University Hospitals Bristol and Weston NHS Foundation Trust,Acute&Acute Community Trusts,Acute and Acute & Community Trusts,4.79501413678858,5139,1,Occupation Group,https://www.nhsstaffsurveys.com/static/46b2db369c445384221b113b2fb86324/Detailed-Spreadsheets.zip,2026-09-11T18:45:24.689309+00:00,564c07eb17f05d2fecda24f5a57c4d6022476189857d5f3420fdeb796146a7b0,NSS21 detailed spreadsheets organisational results.xlsx,11ad4e7ed84a7ea61c6b2fa8805e5a19a1d7c64bded3ad4f8a02c95b5603f3bb,PEOPLE PROMISE ELEMENTS,82,AC82,AD82,2022-05-09 07:38:33,Available annual archive version; not claimed to be exact first-publication-day bytes
2021,2021,RA9,Torbay and South Devon NHS Foundation Trust,Acute&Acute Community Trusts,Acute and Acute & Community Trusts,4.856059301745845,3078,1,Occupation Group,https://www.nhsstaffsurveys.com/static/46b2db369c445384221b113b2fb86324/Detailed-Spreadsheets.zip,2026-09-11T18:45:24.689309+00:00,564c07eb17f05d2fecda24f5a57c4d6022476189857d5f3420fdeb796146a7b0,NSS21 detailed spreadsheets organisational results.xlsx,11ad4e7ed84a7ea61c6b2fa8805e5a19a1d7c64bded3ad4f8a02c95b5603f3bb,PEOPLE PROMISE ELEMENTS,83,AC83,AD83,2022-05-09 07:38:33,Available annual archive version; not claimed to be exact first-publication-day bytes
2021,2021,RAE,Bradford Teaching Hospitals NHS Foundation Trust,Acute&Acute Community Trusts,Acute and Acute & Community Trusts,4.703943295220841,2958,1,Occupation Group,https://www.nhsstaffsurveys.com/static/46b2db369c445384221b113b2fb86324/Detailed-Spreadsheets.zip,2026-09-11T18:45:24.689309+00:00,564c07eb17f05d2fecda24f5a57c4d6022476189857d5f3420fdeb796146a7b0,NSS21 detailed spreadsheets organisational results.xlsx,11ad4e7ed84a7ea61c6b2fa8805e5a19a1d7c64bded3ad4f8a02c95b5603f3bb,PEOPLE PROMISE ELEMENTS,84,AC84,AD84,2022-05-09 07:38:33,Available annual archive version; not claimed to be exact first-publication-day bytes
2021,2021,RAJ,Mid and South Essex NHS Foundation Trust,Acute&Acute Community Trusts,Acute and Acute & Community Trusts,4.547971753330237,6807,1,Occupation Group,https://www.nhsstaffsurveys.com/static/46b2db369c445384221b113b2fb86324/Detailed-Spreadsheets.zip,2026-09-11T18:45:24.689309+00:00,564c07eb17f05d2fecda24f5a57c4d6022476189857d5f3420fdeb796146a7b0,NSS21 detailed spreadsheets organisational results.xlsx,11ad4e7ed84a7ea61c6b2fa8805e5a19a1d7c64bded3ad4f8a02c95b5603f3bb,PEOPLE PROMISE ELEMENTS,85,AC85,AD85,2022-05-09 07:38:33,Available annual archive version; not claimed to be exact first-publication-day bytes
2021,2021,RAL,Royal Free London NHS Foundation Trust,Acute&Acute Community Trusts,Acute and Acute & Community Trusts,4.812465150613658,4106,1,Occupation Group,https://www.nhsstaffsurveys.com/static/46b2db369c445384221b113b2fb86324/Detailed-Spreadsheets.zip,2026-09-11T18:45:24.689309+00:00,564c07eb17f05d2fecda24f5a57c4d6022476189857d5f3420fdeb796146a7b0,NSS21 detailed spreadsheets organisational results.xlsx,11ad4e7ed84a7ea61c6b2fa8805e5a19a1d7c64bded3ad4f8a02c95b5603f3bb,PEOPLE PROMISE ELEMENTS,86,AC86,AD86,2022-05-09 07:38:33,Available annual archive version; not claimed to be exact first-publication-day bytes
2021,2021,RAN,Royal National Orthopaedic Hospital NHS Trust,Acute Specialist Trusts,Acute Specialist Trusts,5.237668081614022,856,1,Occupation Group,https://www.nhsstaffsurveys.com/static/46b2db369c445384221b113b2fb86324/Detailed-Spreadsheets.zip,2026-09-11T18:45:24.689309+00:00,564c07eb17f05d2fecda24f5a57c4d6022476189857d5f3420fdeb796146a7b0,NSS21 detailed spreadsheets organisational results.xlsx,11ad4e7ed84a7ea61c6b2fa8805e5a19a1d7c64bded3ad4f8a02c95b5603f3bb,PEOPLE PROMISE ELEMENTS,87,AC87,AD87,2022-05-09 07:38:33,Available annual archive version; not claimed to be exact first-publication-day bytes
2021,2021,RAP,North Middlesex University Hospital NHS Trust,Acute&Acute Community Trusts,Acute and Acute & Community Trusts,4.7405788201083165,2344,1,Occupation Group,https://www.nhsstaffsurveys.com/static/46b2db369c445384221b113b2fb86324/Detailed-Spreadsheets.zip,2026-09-11T18:45:24.689309+00:00,564c07eb17f05d2fecda24f5a57c4d6022476189857d5f3420fdeb796146a7b0,NSS21 detailed spreadsheets organisational results.xlsx,11ad4e7ed84a7ea61c6b2fa8805e5a19a1d7c64bded3ad4f8a02c95b5603f3bb,PEOPLE PROMISE ELEMENTS,88,AC88,AD88,2022-05-09 07:38:33,Available annual archive version; not claimed to be exact first-publication-day bytes
2021,2021,RAS,The Hillingdon Hospitals NHS Foundation Trust,Acute&Acute Community Trusts,Acute and Acute & Community Trusts,4.860243905624474,1426,1,Occupation Group,https://www.nhsstaffsurveys.com/static/46b2db369c445384221b113b2fb86324/Detailed-Spreadsheets.zip,2026-09-11T18:45:24.689309+00:00,564c07eb17f05d2fecda24f5a57c4d6022476189857d5f3420fdeb796146a7b0,NSS21 detailed spreadsheets organisational results.xlsx,11ad4e7ed84a7ea61c6b2fa8805e5a19a1d7c64bded3ad4f8a02c95b5603f3bb,PEOPLE PROMISE ELEMENTS,89,AC89,AD89,2022-05-09 07:38:33,Available annual archive version; not claimed to be exact first-publication-day bytes
2021,2021,RAT,North East London NHS Foundation Trust,"MH&LD, MH, LD&Community Trusts","Mental Health & Learning Disability and Mental Health, Learning Disability & Community Trusts",5.265961100084472,3432,1,Occupation Group,https://www.nhsstaffsurveys.com/static/46b2db369c445384221b113b2fb86324/Detailed-Spreadsheets.zip,2026-09-11T18:45:24.689309+00:00,564c07eb17f05d2fecda24f5a57c4d6022476189857d5f3420fdeb796146a7b0,NSS21 detailed spreadsheets organisational results.xlsx,11ad4e7ed84a7ea61c6b2fa8805e5a19a1d7c64bded3ad4f8a02c95b5603f3bb,PEOPLE PROMISE ELEMENTS,90,AC90,AD90,2022-05-09 07:38:33,Available annual archive version; not claimed to be exact first-publication-day bytes
2021,2021,RAX,Kingston Hospital NHS Foundation Trust,Acute&Acute Community Trusts,Acute and Acute & Community Trusts,4.494648426713309,2383,1,Occupation Group,https://www.nhsstaffsurveys.com/static/46b2db369c445384221b113b2fb86324/Detailed-Spreadsheets.zip,2026-09-11T18:45:24.689309+00:00,564c07eb17f05d2fecda24f5a57c4d6022476189857d5f3420fdeb796146a7b0,NSS21 detailed spreadsheets organisational results.xlsx,11ad4e7ed84a7ea61c6b2fa8805e5a19a1d7c64bded3ad4f8a02c95b5603f3bb,PEOPLE PROMISE ELEMENTS,91,AC91,AD91,2022-05-09 07:38:33,Available annual archive version; not claimed to be exact first-publication-day bytes
2021,2021,RBD,Dorset County Hospital NHS Foundation Trust,Acute&Acute Community Trusts,Acute and Acute & Community Trusts,4.912177225476602,1512,1,Occupation Group,https://www.nhsstaffsurveys.com/static/46b2db369c445384221b113b2fb86324/Detailed-Spreadsheets.zip,2026-09-11T18:45:24.689309+00:00,564c07eb17f05d2fecda24f5a57c4d6022476189857d5f3420fdeb796146a7b0,NSS21 detailed spreadsheets organisational results.xlsx,11ad4e7ed84a7ea61c6b2fa8805e5a19a1d7c64bded3ad4f8a02c95b5603f3bb,PEOPLE PROMISE ELEMENTS,92,AC92,AD92,2022-05-09 07:38:33,Available annual archive version; not claimed to be exact first-publication-day bytes
2021,2021,RBK,Walsall Healthcare NHS Trust,Acute&Acute Community Trusts,Acute and Acute & Community Trusts,4.672793664775754,2267,1,Occupation Group,https://www.nhsstaffsurveys.com/static/46b2db369c445384221b113b2fb86324/Detailed-Spreadsheets.zip,2026-09-11T18:45:24.689309+00:00,564c07eb17f05d2fecda24f5a57c4d6022476189857d5f3420fdeb796146a7b0,NSS21 detailed spreadsheets organisational results.xlsx,11ad4e7ed84a7ea61c6b2fa8805e5a19a1d7c64bded3ad4f8a02c95b5603f3bb,PEOPLE PROMISE ELEMENTS,93,AC93,AD93,2022-05-09 07:38:33,Available annual archive version; not claimed to be exact first-publication-day bytes
2021,2021,RBL,Wirral University Teaching Hospital NHS Foundation Trust,Acute&Acute Community Trusts,Acute and Acute & Community Trusts,4.919528880359597,2882,1,Occupation Group,https://www.nhsstaffsurveys.com/static/46b2db369c445384221b113b2fb86324/Detailed-Spreadsheets.zip,2026-09-11T18:45:24.689309+00:00,564c07eb17f05d2fecda24f5a57c4d6022476189857d5f3420fdeb796146a7b0,NSS21 detailed spreadsheets organisational results.xlsx,11ad4e7ed84a7ea61c6b2fa8805e5a19a1d7c64bded3ad4f8a02c95b5603f3bb,PEOPLE PROMISE ELEMENTS,94,AC94,AD94,2022-05-09 07:38:33,Available annual archive version; not claimed to be exact first-publication-day bytes
2021,2021,RBN,St Helens and Knowsley Teaching Hospitals NHS Trust,Acute&Acute Community Trusts,Acute and Acute & Community Trusts,5.06281102216779,2372,1,Occupation Group,https://www.nhsstaffsurveys.com/static/46b2db369c445384221b113b2fb86324/Detailed-Spreadsheets.zip,2026-09-11T18:45:24.689309+00:00,564c07eb17f05d2fecda24f5a57c4d6022476189857d5f3420fdeb796146a7b0,NSS21 detailed spreadsheets organisational results.xlsx,11ad4e7ed84a7ea61c6b2fa8805e5a19a1d7c64bded3ad4f8a02c95b5603f3bb,PEOPLE PROMISE ELEMENTS,95,AC95,AD95,2022-05-09 07:38:33,Available annual archive version; not claimed to be exact first-publication-day bytes
2021,2021,RBQ,Liverpool Heart and Chest Hospital NHS Foundation Trust,Acute Specialist Trusts,Acute Specialist Trusts,5.345076438052391,1030,1,Occupation Group,https://www.nhsstaffsurveys.com/static/46b2db369c445384221b113b2fb86324/Detailed-Spreadsheets.zip,2026-09-11T18:45:24.689309+00:00,564c07eb17f05d2fecda24f5a57c4d6022476189857d5f3420fdeb796146a7b0,NSS21 detailed spreadsheets organisational results.xlsx,11ad4e7ed84a7ea61c6b2fa8805e5a19a1d7c64bded3ad4f8a02c95b5603f3bb,PEOPLE PROMISE ELEMENTS,96,AC96,AD96,2022-05-09 07:38:33,Available annual archive version; not claimed to be exact first-publication-day bytes
2021,2021,RBS,Alder Hey Children's NHS Foundation Trust,Acute&Acute Community Trusts,Acute and Acute & Community Trusts,5.028018663732555,2023,1,Occupation Group,https://www.nhsstaffsurveys.com/static/46b2db369c445384221b113b2fb86324/Detailed-Spreadsheets.zip,2026-09-11T18:45:24.689309+00:00,564c07eb17f05d2fecda24f5a57c4d6022476189857d5f3420fdeb796146a7b0,NSS21 detailed spreadsheets organisational results.xlsx,11ad4e7ed84a7ea61c6b2fa8805e5a19a1d7c64bded3ad4f8a02c95b5603f3bb,PEOPLE PROMISE ELEMENTS,97,AC97,AD97,2022-05-09 07:38:33,Available annual archive version; not claimed to be exact first-publication-day bytes
2021,2021,RBT,Mid Cheshire Hospitals NHS Foundation Trust,Acute&Acute Community Trusts,Acute and Acute & Community Trusts,4.922235835506711,1775,1,Occupation Group,https://www.nhsstaffsurveys.com/static/46b2db369c445384221b113b2fb86324/Detailed-Spreadsheets.zip,2026-09-11T18:45:24.689309+00:00,564c07eb17f05d2fecda24f5a57c4d6022476189857d5f3420fdeb796146a7b0,NSS21 detailed spreadsheets organisational results.xlsx,11ad4e7ed84a7ea61c6b2fa8805e5a19a1d7c64bded3ad4f8a02c95b5603f3bb,PEOPLE PROMISE ELEMENTS,98,AC98,AD98,2022-05-09 07:38:33,Available annual archive version; not claimed to be exact first-publication-day bytes
2021,2021,RBV,The Christie NHS Foundation Trust,Acute Specialist Trusts,Acute Specialist Trusts,5.0419870104808195,1409,1,Occupation Group,https://www.nhsstaffsurveys.com/static/46b2db369c445384221b113b2fb86324/Detailed-Spreadsheets.zip,2026-09-11T18:45:24.689309+00:00,564c07eb17f05d2fecda24f5a57c4d6022476189857d5f3420fdeb796146a7b0,NSS21 detailed spreadsheets organisational results.xlsx,11ad4e7ed84a7ea61c6b2fa8805e5a19a1d7c64bded3ad4f8a02c95b5603f3bb,PEOPLE PROMISE ELEMENTS,99,AC99,AD99,2022-05-09 07:38:33,Available annual archive version; not claimed to be exact first-publication-day bytes
2021,2021,RBZ,Northern Devon Healthcare NHS Trust,Acute&Acute Community Trusts,Acute and Acute & Community Trusts,5.104245660252083,1796,1,Occupation Group,https://www.nhsstaffsurveys.com/static/46b2db369c445384221b113b2fb86324/Detailed-Spreadsheets.zip,2026-09-11T18:45:24.689309+00:00,564c07eb17f05d2fecda24f5a57c4d6022476189857d5f3420fdeb796146a7b0,NSS21 detailed spreadsheets organisational results.xlsx,11ad4e7ed84a7ea61c6b2fa8805e5a19a1d7c64bded3ad4f8a02c95b5603f3bb,PEOPLE PROMISE ELEMENTS,100,AC100,AD100,2022-05-09 07:38:33,Available annual archive version; not claimed to be exact first-publication-day bytes
2021,2021,RC9,Bedfordshire Hospitals NHS Foundation Trust,Acute&Acute Community Trusts,Acute and Acute & Community Trusts,4.782549745921319,3094,1,Occupation Group,https://www.nhsstaffsurveys.com/static/46b2db369c445384221b113b2fb86324/Detailed-Spreadsheets.zip,2026-09-11T18:45:24.689309+00:00,564c07eb17f05d2fecda24f5a57c4d6022476189857d5f3420fdeb796146a7b0,NSS21 detailed spreadsheets organisational results.xlsx,11ad4e7ed84a7ea61c6b2fa8805e5a19a1d7c64bded3ad4f8a02c95b5603f3bb,PEOPLE PROMISE ELEMENTS,101,AC101,AD101,2022-05-09 07:38:33,Available annual archive version; not claimed to be exact first-publication-day bytes
2021,2021,RCB,York and Scarborough Teaching Hospitals NHS Foundation Trust,Acute&Acute Community Trusts,Acute and Acute & Community Trusts,4.767237882019212,3247,1,Occupation Group,https://www.nhsstaffsurveys.com/static/46b2db369c445384221b113b2fb86324/Detailed-Spreadsheets.zip,2026-09-11T18:45:24.689309+00:00,564c07eb17f05d2fecda24f5a57c4d6022476189857d5f3420fdeb796146a7b0,NSS21 detailed spreadsheets organisational results.xlsx,11ad4e7ed84a7ea61c6b2fa8805e5a19a1d7c64bded3ad4f8a02c95b5603f3bb,PEOPLE PROMISE ELEMENTS,102,AC102,AD102,2022-05-09 07:38:33,Available annual archive version; not claimed to be exact first-publication-day bytes
2021,2021,RCD,Harrogate and District NHS Foundation Trust,Acute&Acute Community Trusts,Acute and Acute & Community Trusts,4.742193923709726,1650,1,Occupation Group,https://www.nhsstaffsurveys.com/static/46b2db369c445384221b113b2fb86324/Detailed-Spreadsheets.zip,2026-09-11T18:45:24.689309+00:00,564c07eb17f05d2fecda24f5a57c4d6022476189857d5f3420fdeb796146a7b0,NSS21 detailed spreadsheets organisational results.xlsx,11ad4e7ed84a7ea61c6b2fa8805e5a19a1d7c64bded3ad4f8a02c95b5603f3bb,PEOPLE PROMISE ELEMENTS,103,AC103,AD103,2022-05-09 07:38:33,Available annual archive version; not claimed to be exact first-publication-day bytes
2021,2021,RCF,Airedale NHS Foundation Trust,Acute&Acute Community Trusts,Acute and Acute & Community Trusts,5.097754833697549,1459,1,Occupation Group,https://www.nhsstaffsurveys.com/static/46b2db369c445384221b113b2fb86324/Detailed-Spreadsheets.zip,2026-09-11T18:45:24.689309+00:00,564c07eb17f05d2fecda24f5a57c4d6022476189857d5f3420fdeb796146a7b0,NSS21 detailed spreadsheets organisational results.xlsx,11ad4e7ed84a7ea61c6b2fa8805e5a19a1d7c64bded3ad4f8a02c95b5603f3bb,PEOPLE PROMISE ELEMENTS,104,AC104,AD104,2022-05-09 07:38:33,Available annual archive version; not claimed to be exact first-publication-day bytes
2021,2021,RCU,Sheffield Children's NHS Foundation Trust,Acute&Acute Community Trusts,Acute and Acute & Community Trusts,4.914939906076519,1574,1,Occupation Group,https://www.nhsstaffsurveys.com/static/46b2db369c445384221b113b2fb86324/Detailed-Spreadsheets.zip,2026-09-11T18:45:24.689309+00:00,564c07eb17f05d2fecda24f5a57c4d6022476189857d5f3420fdeb796146a7b0,NSS21 detailed spreadsheets organisational results.xlsx,11ad4e7ed84a7ea61c6b2fa8805e5a19a1d7c64bded3ad4f8a02c95b5603f3bb,PEOPLE PROMISE ELEMENTS,105,AC105,AD105,2022-05-09 07:38:33,Available annual archive version; not claimed to be exact first-publication-day bytes
2021,2021,RCX,The Queen Elizabeth Hospital King's Lynn NHS Foundation Trust,Acute&Acute Community Trusts,Acute and Acute & Community Trusts,4.584685691787452,1620,1,Occupation Group,https://www.nhsstaffsurveys.com/static/46b2db369c445384221b113b2fb86324/Detailed-Spreadsheets.zip,2026-09-11T18:45:24.689309+00:00,564c07eb17f05d2fecda24f5a57c4d6022476189857d5f3420fdeb796146a7b0,NSS21 detailed spreadsheets organisational results.xlsx,11ad4e7ed84a7ea61c6b2fa8805e5a19a1d7c64bded3ad4f8a02c95b5603f3bb,PEOPLE PROMISE ELEMENTS,106,AC106,AD106,2022-05-09 07:38:33,Available annual archive version; not claimed to be exact first-publication-day bytes
2021,2021,RD1,Royal United Hospitals Bath NHS Foundation Trust,Acute&Acute Community Trusts,Acute and Acute & Community Trusts,4.7842800812354405,2520,1,Occupation Group,https://www.nhsstaffsurveys.com/static/46b2db369c445384221b113b2fb86324/Detailed-Spreadsheets.zip,2026-09-11T18:45:24.689309+00:00,564c07eb17f05d2fecda24f5a57c4d6022476189857d5f3420fdeb796146a7b0,NSS21 detailed spreadsheets organisational results.xlsx,11ad4e7ed84a7ea61c6b2fa8805e5a19a1d7c64bded3ad4f8a02c95b5603f3bb,PEOPLE PROMISE ELEMENTS,107,AC107,AD107,2022-05-09 07:38:33,Available annual archive version; not claimed to be exact first-publication-day bytes
2021,2021,RD8,Milton Keynes University Hospital NHS Foundation Trust,Acute&Acute Community Trusts,Acute and Acute & Community Trusts,4.980810254088669,1558,1,Occupation Group,https://www.nhsstaffsurveys.com/static/46b2db369c445384221b113b2fb86324/Detailed-Spreadsheets.zip,2026-09-11T18:45:24.689309+00:00,564c07eb17f05d2fecda24f5a57c4d6022476189857d5f3420fdeb796146a7b0,NSS21 detailed spreadsheets organisational results.xlsx,11ad4e7ed84a7ea61c6b2fa8805e5a19a1d7c64bded3ad4f8a02c95b5603f3bb,PEOPLE PROMISE ELEMENTS,108,AC108,AD108,2022-05-09 07:38:33,Available annual archive version; not claimed to be exact first-publication-day bytes
2021,2021,RDE,East Suffolk and North Essex NHS Foundation Trust,Acute&Acute Community Trusts,Acute and Acute & Community Trusts,4.750784607829871,5052,1,Occupation Group,https://www.nhsstaffsurveys.com/static/46b2db369c445384221b113b2fb86324/Detailed-Spreadsheets.zip,2026-09-11T18:45:24.689309+00:00,564c07eb17f05d2fecda24f5a57c4d6022476189857d5f3420fdeb796146a7b0,NSS21 detailed spreadsheets organisational results.xlsx,11ad4e7ed84a7ea61c6b2fa8805e5a19a1d7c64bded3ad4f8a02c95b5603f3bb,PEOPLE PROMISE ELEMENTS,109,AC109,AD109,2022-05-09 07:38:33,Available annual archive version; not claimed to be exact first-publication-day bytes
2021,2021,RDR,Sussex Community NHS Foundation Trust,Community Trusts,Community Trusts,5.202648766375124,3812,1,Occupation Group,https://www.nhsstaffsurveys.com/static/46b2db369c445384221b113b2fb86324/Detailed-Spreadsheets.zip,2026-09-11T18:45:24.689309+00:00,564c07eb17f05d2fecda24f5a57c4d6022476189857d5f3420fdeb796146a7b0,NSS21 detailed spreadsheets organisational results.xlsx,11ad4e7ed84a7ea61c6b2fa8805e5a19a1d7c64bded3ad4f8a02c95b5603f3bb,PEOPLE PROMISE ELEMENTS,110,AC110,AD110,2022-05-09 07:38:33,Available annual archive version; not claimed to be exact first-publication-day bytes
2021,2021,RDU,Frimley Health NHS Foundation Trust,Acute&Acute Community Trusts,Acute and Acute & Community Trusts,4.863272887337,5462,1,Occupation Group,https://www.nhsstaffsurveys.com/static/46b2db369c445384221b113b2fb86324/Detailed-Spreadsheets.zip,2026-09-11T18:45:24.689309+00:00,564c07eb17f05d2fecda24f5a57c4d6022476189857d5f3420fdeb796146a7b0,NSS21 detailed spreadsheets organisational results.xlsx,11ad4e7ed84a7ea61c6b2fa8805e5a19a1d7c64bded3ad4f8a02c95b5603f3bb,PEOPLE PROMISE ELEMENTS,111,AC111,AD111,2022-05-09 07:38:33,Available annual archive version; not claimed to be exact first-publication-day bytes
2021,2021,RDY,Dorset Healthcare University NHS Foundation Trust,"MH&LD, MH, LD&Community Trusts","Mental Health & Learning Disability and Mental Health, Learning Disability & Community Trusts",5.343540685889558,3717,1,Occupation Group,https://www.nhsstaffsurveys.com/static/46b2db369c445384221b113b2fb86324/Detailed-Spreadsheets.zip,2026-09-11T18:45:24.689309+00:00,564c07eb17f05d2fecda24f5a57c4d6022476189857d5f3420fdeb796146a7b0,NSS21 detailed spreadsheets organisational results.xlsx,11ad4e7ed84a7ea61c6b2fa8805e5a19a1d7c64bded3ad4f8a02c95b5603f3bb,PEOPLE PROMISE ELEMENTS,112,AC112,AD112,2022-05-09 07:38:33,Available annual archive version; not claimed to be exact first-publication-day bytes
2021,2021,REF,Royal Cornwall Hospitals NHS Trust,Acute&Acute Community Trusts,Acute and Acute & Community Trusts,4.7693294179984544,3086,1,Occupation Group,https://www.nhsstaffsurveys.com/static/46b2db369c445384221b113b2fb86324/Detailed-Spreadsheets.zip,2026-09-11T18:45:24.689309+00:00,564c07eb17f05d2fecda24f5a57c4d6022476189857d5f3420fdeb796146a7b0,NSS21 detailed spreadsheets organisational results.xlsx,11ad4e7ed84a7ea61c6b2fa8805e5a19a1d7c64bded3ad4f8a02c95b5603f3bb,PEOPLE PROMISE ELEMENTS,113,AC113,AD113,2022-05-09 07:38:33,Available annual archive version; not claimed to be exact first-publication-day bytes
2021,2021,REM,Liverpool University Hospitals NHS Foundation Trust,Acute&Acute Community Trusts,Acute and Acute & Community Trusts,4.778112349355257,4079,1,Occupation Group,https://www.nhsstaffsurveys.com/static/46b2db369c445384221b113b2fb86324/Detailed-Spreadsheets.zip,2026-09-11T18:45:24.689309+00:00,564c07eb17f05d2fecda24f5a57c4d6022476189857d5f3420fdeb796146a7b0,NSS21 detailed spreadsheets organisational results.xlsx,11ad4e7ed84a7ea61c6b2fa8805e5a19a1d7c64bded3ad4f8a02c95b5603f3bb,PEOPLE PROMISE ELEMENTS,114,AC114,AD114,2022-05-09 07:38:33,Available annual archive version; not claimed to be exact first-publication-day bytes
2021,2021,REN,The Clatterbridge Cancer Centre NHS Foundation Trust,Acute Specialist Trusts,Acute Specialist Trusts,5.159482901004745,973,1,Occupation Group,https://www.nhsstaffsurveys.com/static/46b2db369c445384221b113b2fb86324/Detailed-Spreadsheets.zip,2026-09-11T18:45:24.689309+00:00,564c07eb17f05d2fecda24f5a57c4d6022476189857d5f3420fdeb796146a7b0,NSS21 detailed spreadsheets organisational results.xlsx,11ad4e7ed84a7ea61c6b2fa8805e5a19a1d7c64bded3ad4f8a02c95b5603f3bb,PEOPLE PROMISE ELEMENTS,115,AC115,AD115,2022-05-09 07:38:33,Available annual archive version; not claimed to be exact first-publication-day bytes
2021,2021,REP,Liverpool Women's NHS Foundation Trust,Acute Specialist Trusts,Acute Specialist Trusts,4.986174482454844,778,1,Occupation Group,https://www.nhsstaffsurveys.com/static/46b2db369c445384221b113b2fb86324/Detailed-Spreadsheets.zip,2026-09-11T18:45:24.689309+00:00,564c07eb17f05d2fecda24f5a57c4d6022476189857d5f3420fdeb796146a7b0,NSS21 detailed spreadsheets organisational results.xlsx,11ad4e7ed84a7ea61c6b2fa8805e5a19a1d7c64bded3ad4f8a02c95b5603f3bb,PEOPLE PROMISE ELEMENTS,116,AC116,AD116,2022-05-09 07:38:33,Available annual archive version; not claimed to be exact first-publication-day bytes
2021,2021,RET,The Walton Centre NHS Foundation Trust,Acute Specialist Trusts,Acute Specialist Trusts,5.162030085028445,595,1,Occupation Group,https://www.nhsstaffsurveys.com/static/46b2db369c445384221b113b2fb86324/Detailed-Spreadsheets.zip,2026-09-11T18:45:24.689309+00:00,564c07eb17f05d2fecda24f5a57c4d6022476189857d5f3420fdeb796146a7b0,NSS21 detailed spreadsheets organisational results.xlsx,11ad4e7ed84a7ea61c6b2fa8805e5a19a1d7c64bded3ad4f8a02c95b5603f3bb,PEOPLE PROMISE ELEMENTS,117,AC117,AD117,2022-05-09 07:38:33,Available annual archive version; not claimed to be exact first-publication-day bytes
2021,2021,RF4,"Barking, Havering and Redbridge University Hospitals NHS Trust",Acute&Acute Community Trusts,Acute and Acute & Community Trusts,4.67806064843771,3140,1,Occupation Group,https://www.nhsstaffsurveys.com/static/46b2db369c445384221b113b2fb86324/Detailed-Spreadsheets.zip,2026-09-11T18:45:24.689309+00:00,564c07eb17f05d2fecda24f5a57c4d6022476189857d5f3420fdeb796146a7b0,NSS21 detailed spreadsheets organisational results.xlsx,11ad4e7ed84a7ea61c6b2fa8805e5a19a1d7c64bded3ad4f8a02c95b5603f3bb,PEOPLE PROMISE ELEMENTS,118,AC118,AD118,2022-05-09 07:38:33,Available annual archive version; not claimed to be exact first-publication-day bytes
2021,2021,RFF,Barnsley Hospital NHS Foundation Trust,Acute&Acute Community Trusts,Acute and Acute & Community Trusts,4.961594692357357,2021,1,Occupation Group,https://www.nhsstaffsurveys.com/static/46b2db369c445384221b113b2fb86324/Detailed-Spreadsheets.zip,2026-09-11T18:45:24.689309+00:00,564c07eb17f05d2fecda24f5a57c4d6022476189857d5f3420fdeb796146a7b0,NSS21 detailed spreadsheets organisational results.xlsx,11ad4e7ed84a7ea61c6b2fa8805e5a19a1d7c64bded3ad4f8a02c95b5603f3bb,PEOPLE PROMISE ELEMENTS,119,AC119,AD119,2022-05-09 07:38:33,Available annual archive version; not claimed to be exact first-publication-day bytes
2021,2021,RFR,The Rotherham NHS Foundation Trust,Acute&Acute Community Trusts,Acute and Acute & Community Trusts,4.7926998269437515,2737,1,Occupation Group,https://www.nhsstaffsurveys.com/static/46b2db369c445384221b113b2fb86324/Detailed-Spreadsheets.zip,2026-09-11T18:45:24.689309+00:00,564c07eb17f05d2fecda24f5a57c4d6022476189857d5f3420fdeb796146a7b0,NSS21 detailed spreadsheets organisational results.xlsx,11ad4e7ed84a7ea61c6b2fa8805e5a19a1d7c64bded3ad4f8a02c95b5603f3bb,PEOPLE PROMISE ELEMENTS,120,AC120,AD120,2022-05-09 07:38:33,Available annual archive version; not claimed to be exact first-publication-day bytes
2021,2021,RFS,Chesterfield Royal Hospital NHS Foundation Trust,Acute&Acute Community Trusts,Acute and Acute & Community Trusts,4.954068901287692,2434,1,Occupation Group,https://www.nhsstaffsurveys.com/static/46b2db369c445384221b113b2fb86324/Detailed-Spreadsheets.zip,2026-09-11T18:45:24.689309+00:00,564c07eb17f05d2fecda24f5a57c4d6022476189857d5f3420fdeb796146a7b0,NSS21 detailed spreadsheets organisational results.xlsx,11ad4e7ed84a7ea61c6b2fa8805e5a19a1d7c64bded3ad4f8a02c95b5603f3bb,PEOPLE PROMISE ELEMENTS,121,AC121,AD121,2022-05-09 07:38:33,Available annual archive version; not claimed to be exact first-publication-day bytes
2021,2021,RGD,Leeds and York Partnership NHS Foundation Trust,"MH&LD, MH, LD&Community Trusts","Mental Health & Learning Disability and Mental Health, Learning Disability & Community Trusts",5.2003513543939155,1380,1,Occupation Group,https://www.nhsstaffsurveys.com/static/46b2db369c445384221b113b2fb86324/Detailed-Spreadsheets.zip,2026-09-11T18:45:24.689309+00:00,564c07eb17f05d2fecda24f5a57c4d6022476189857d5f3420fdeb796146a7b0,NSS21 detailed spreadsheets organisational results.xlsx,11ad4e7ed84a7ea61c6b2fa8805e5a19a1d7c64bded3ad4f8a02c95b5603f3bb,PEOPLE PROMISE ELEMENTS,122,AC122,AD122,2022-05-09 07:38:33,Available annual archive version; not claimed to be exact first-publication-day bytes
2021,2021,RGM,Royal Papworth Hospital NHS Foundation Trust,Acute Specialist Trusts,Acute Specialist Trusts,4.929459550671285,1422,1,Occupation Group,https://www.nhsstaffsurveys.com/static/46b2db369c445384221b113b2fb86324/Detailed-Spreadsheets.zip,2026-09-11T18:45:24.689309+00:00,564c07eb17f05d2fecda24f5a57c4d6022476189857d5f3420fdeb796146a7b0,NSS21 detailed spreadsheets organisational results.xlsx,11ad4e7ed84a7ea61c6b2fa8805e5a19a1d7c64bded3ad4f8a02c95b5603f3bb,PEOPLE PROMISE ELEMENTS,123,AC123,AD123,2022-05-09 07:38:33,Available annual archive version; not claimed to be exact first-publication-day bytes
2021,2021,RGN,North West Anglia NHS Foundation Trust,Acute&Acute Community Trusts,Acute and Acute & Community Trusts,4.6076299704078565,2973,1,Occupation Group,https://www.nhsstaffsurveys.com/static/46b2db369c445384221b113b2fb86324/Detailed-Spreadsheets.zip,2026-09-11T18:45:24.689309+00:00,564c07eb17f05d2fecda24f5a57c4d6022476189857d5f3420fdeb796146a7b0,NSS21 detailed spreadsheets organisational results.xlsx,11ad4e7ed84a7ea61c6b2fa8805e5a19a1d7c64bded3ad4f8a02c95b5603f3bb,PEOPLE PROMISE ELEMENTS,124,AC124,AD124,2022-05-09 07:38:33,Available annual archive version; not claimed to be exact first-publication-day bytes
2021,2021,RGP,James Paget University Hospitals NHS Foundation Trust,Acute&Acute Community Trusts,Acute and Acute & Community Trusts,4.865705120860839,1302,1,Occupation Group,https://www.nhsstaffsurveys.com/static/46b2db369c445384221b113b2fb86324/Detailed-Spreadsheets.zip,2026-09-11T18:45:24.689309+00:00,564c07eb17f05d2fecda24f5a57c4d6022476189857d5f3420fdeb796146a7b0,NSS21 detailed spreadsheets organisational results.xlsx,11ad4e7ed84a7ea61c6b2fa8805e5a19a1d7c64bded3ad4f8a02c95b5603f3bb,PEOPLE PROMISE ELEMENTS,125,AC125,AD125,2022-05-09 07:38:33,Available annual archive version; not claimed to be exact first-publication-day bytes
2021,2021,RGR,West Suffolk NHS Foundation Trust,Acute&Acute Community Trusts,Acute and Acute & Community Trusts,4.82319079587794,1955,1,Occupation Group,https://www.nhsstaffsurveys.com/static/46b2db369c445384221b113b2fb86324/Detailed-Spreadsheets.zip,2026-09-11T18:45:24.689309+00:00,564c07eb17f05d2fecda24f5a57c4d6022476189857d5f3420fdeb796146a7b0,NSS21 detailed spreadsheets organisational results.xlsx,11ad4e7ed84a7ea61c6b2fa8805e5a19a1d7c64bded3ad4f8a02c95b5603f3bb,PEOPLE PROMISE ELEMENTS,126,AC126,AD126,2022-05-09 07:38:33,Available annual archive version; not claimed to be exact first-publication-day bytes
2021,2021,RGT,Cambridge University Hospitals NHS Foundation Trust,Acute&Acute Community Trusts,Acute and Acute & Community Trusts,4.797977226263906,6259,1,Occupation Group,https://www.nhsstaffsurveys.com/static/46b2db369c445384221b113b2fb86324/Detailed-Spreadsheets.zip,2026-09-11T18:45:24.689309+00:00,564c07eb17f05d2fecda24f5a57c4d6022476189857d5f3420fdeb796146a7b0,NSS21 detailed spreadsheets organisational results.xlsx,11ad4e7ed84a7ea61c6b2fa8805e5a19a1d7c64bded3ad4f8a02c95b5603f3bb,PEOPLE PROMISE ELEMENTS,127,AC127,AD127,2022-05-09 07:38:33,Available annual archive version; not claimed to be exact first-publication-day bytes
2021,2021,RH5,Somerset NHS Foundation Trust,Acute&Acute Community Trusts,Acute and Acute & Community Trusts,5.076883615757626,4315,1,Occupation Group,https://www.nhsstaffsurveys.com/static/46b2db369c445384221b113b2fb86324/Detailed-Spreadsheets.zip,2026-09-11T18:45:24.689309+00:00,564c07eb17f05d2fecda24f5a57c4d6022476189857d5f3420fdeb796146a7b0,NSS21 detailed spreadsheets organisational results.xlsx,11ad4e7ed84a7ea61c6b2fa8805e5a19a1d7c64bded3ad4f8a02c95b5603f3bb,PEOPLE PROMISE ELEMENTS,128,AC128,AD128,2022-05-09 07:38:33,Available annual archive version; not claimed to be exact first-publication-day bytes
2021,2021,RH8,Royal Devon and Exeter NHS Foundation Trust,Acute&Acute Community Trusts,Acute and Acute & Community Trusts,4.948454307280417,3976,1,Occupation Group,https://www.nhsstaffsurveys.com/static/46b2db369c445384221b113b2fb86324/Detailed-Spreadsheets.zip,2026-09-11T18:45:24.689309+00:00,564c07eb17f05d2fecda24f5a57c4d6022476189857d5f3420fdeb796146a7b0,NSS21 detailed spreadsheets organisational results.xlsx,11ad4e7ed84a7ea61c6b2fa8805e5a19a1d7c64bded3ad4f8a02c95b5603f3bb,PEOPLE PROMISE ELEMENTS,129,AC129,AD129,2022-05-09 07:38:33,Available annual archive version; not claimed to be exact first-publication-day bytes
2021,2021,RHA,Nottinghamshire Healthcare NHS Foundation Trust,"MH&LD, MH, LD&Community Trusts","Mental Health & Learning Disability and Mental Health, Learning Disability & Community Trusts",5.0954524602602485,4922,1,Occupation Group,https://www.nhsstaffsurveys.com/static/46b2db369c445384221b113b2fb86324/Detailed-Spreadsheets.zip,2026-09-11T18:45:24.689309+00:00,564c07eb17f05d2fecda24f5a57c4d6022476189857d5f3420fdeb796146a7b0,NSS21 detailed spreadsheets organisational results.xlsx,11ad4e7ed84a7ea61c6b2fa8805e5a19a1d7c64bded3ad4f8a02c95b5603f3bb,PEOPLE PROMISE ELEMENTS,130,AC130,AD130,2022-05-09 07:38:33,Available annual archive version; not claimed to be exact first-publication-day bytes
2021,2021,RHM,University Hospital Southampton NHS Foundation Trust,Acute&Acute Community Trusts,Acute and Acute & Community Trusts,4.993286693602753,6770,1,Occupation Group,https://www.nhsstaffsurveys.com/static/46b2db369c445384221b113b2fb86324/Detailed-Spreadsheets.zip,2026-09-11T18:45:24.689309+00:00,564c07eb17f05d2fecda24f5a57c4d6022476189857d5f3420fdeb796146a7b0,NSS21 detailed spreadsheets organisational results.xlsx,11ad4e7ed84a7ea61c6b2fa8805e5a19a1d7c64bded3ad4f8a02c95b5603f3bb,PEOPLE PROMISE ELEMENTS,131,AC131,AD131,2022-05-09 07:38:33,Available annual archive version; not claimed to be exact first-publication-day bytes
2021,2021,RHQ,Sheffield Teaching Hospitals NHS Foundation Trust,Acute&Acute Community Trusts,Acute and Acute & Community Trusts,4.810550938345219,6532,1,Occupation Group,https://www.nhsstaffsurveys.com/static/46b2db369c445384221b113b2fb86324/Detailed-Spreadsheets.zip,2026-09-11T18:45:24.689309+00:00,564c07eb17f05d2fecda24f5a57c4d6022476189857d5f3420fdeb796146a7b0,NSS21 detailed spreadsheets organisational results.xlsx,11ad4e7ed84a7ea61c6b2fa8805e5a19a1d7c64bded3ad4f8a02c95b5603f3bb,PEOPLE PROMISE ELEMENTS,132,AC132,AD132,2022-05-09 07:38:33,Available annual archive version; not claimed to be exact first-publication-day bytes
2021,2021,RHU,Portsmouth Hospitals University NHS Trust,Acute&Acute Community Trusts,Acute and Acute & Community Trusts,4.819836893931358,3836,1,Occupation Group,https://www.nhsstaffsurveys.com/static/46b2db369c445384221b113b2fb86324/Detailed-Spreadsheets.zip,2026-09-11T18:45:24.689309+00:00,564c07eb17f05d2fecda24f5a57c4d6022476189857d5f3420fdeb796146a7b0,NSS21 detailed spreadsheets organisational results.xlsx,11ad4e7ed84a7ea61c6b2fa8805e5a19a1d7c64bded3ad4f8a02c95b5603f3bb,PEOPLE PROMISE ELEMENTS,133,AC133,AD133,2022-05-09 07:38:33,Available annual archive version; not claimed to be exact first-publication-day bytes
2021,2021,RHW,Royal Berkshire NHS Foundation Trust,Acute&Acute Community Trusts,Acute and Acute & Community Trusts,5.070764458647866,3048,1,Occupation Group,https://www.nhsstaffsurveys.com/static/46b2db369c445384221b113b2fb86324/Detailed-Spreadsheets.zip,2026-09-11T18:45:24.689309+00:00,564c07eb17f05d2fecda24f5a57c4d6022476189857d5f3420fdeb796146a7b0,NSS21 detailed spreadsheets organisational results.xlsx,11ad4e7ed84a7ea61c6b2fa8805e5a19a1d7c64bded3ad4f8a02c95b5603f3bb,PEOPLE PROMISE ELEMENTS,134,AC134,AD134,2022-05-09 07:38:33,Available annual archive version; not claimed to be exact first-publication-day bytes
2021,2021,RJ1,Guy's and St Thomas' NHS Foundation Trust,Acute&Acute Community Trusts,Acute and Acute & Community Trusts,4.94235686646101,10126,1,Occupation Group,https://www.nhsstaffsurveys.com/static/46b2db369c445384221b113b2fb86324/Detailed-Spreadsheets.zip,2026-09-11T18:45:24.689309+00:00,564c07eb17f05d2fecda24f5a57c4d6022476189857d5f3420fdeb796146a7b0,NSS21 detailed spreadsheets organisational results.xlsx,11ad4e7ed84a7ea61c6b2fa8805e5a19a1d7c64bded3ad4f8a02c95b5603f3bb,PEOPLE PROMISE ELEMENTS,135,AC135,AD135,2022-05-09 07:38:33,Available annual archive version; not claimed to be exact first-publication-day bytes
2021,2021,RJ2,Lewisham and Greenwich NHS Trust,Acute&Acute Community Trusts,Acute and Acute & Community Trusts,4.777987056426767,3157,1,Occupation Group,https://www.nhsstaffsurveys.com/static/46b2db369c445384221b113b2fb86324/Detailed-Spreadsheets.zip,2026-09-11T18:45:24.689309+00:00,564c07eb17f05d2fecda24f5a57c4d6022476189857d5f3420fdeb796146a7b0,NSS21 detailed spreadsheets organisational results.xlsx,11ad4e7ed84a7ea61c6b2fa8805e5a19a1d7c64bded3ad4f8a02c95b5603f3bb,PEOPLE PROMISE ELEMENTS,136,AC136,AD136,2022-05-09 07:38:33,Available annual archive version; not claimed to be exact first-publication-day bytes
2021,2021,RJ6,Croydon Health Services NHS Trust,Acute&Acute Community Trusts,Acute and Acute & Community Trusts,4.808298316167758,1743,1,Occupation Group,https://www.nhsstaffsurveys.com/static/46b2db369c445384221b113b2fb86324/Detailed-Spreadsheets.zip,2026-09-11T18:45:24.689309+00:00,564c07eb17f05d2fecda24f5a57c4d6022476189857d5f3420fdeb796146a7b0,NSS21 detailed spreadsheets organisational results.xlsx,11ad4e7ed84a7ea61c6b2fa8805e5a19a1d7c64bded3ad4f8a02c95b5603f3bb,PEOPLE PROMISE ELEMENTS,137,AC137,AD137,2022-05-09 07:38:33,Available annual archive version; not claimed to be exact first-publication-day bytes
2021,2021,RJ7,St George's University Hospitals NHS Foundation Trust,Acute&Acute Community Trusts,Acute and Acute & Community Trusts,4.7213505897194175,4873,1,Occupation Group,https://www.nhsstaffsurveys.com/static/46b2db369c445384221b113b2fb86324/Detailed-Spreadsheets.zip,2026-09-11T18:45:24.689309+00:00,564c07eb17f05d2fecda24f5a57c4d6022476189857d5f3420fdeb796146a7b0,NSS21 detailed spreadsheets organisational results.xlsx,11ad4e7ed84a7ea61c6b2fa8805e5a19a1d7c64bded3ad4f8a02c95b5603f3bb,PEOPLE PROMISE ELEMENTS,138,AC138,AD138,2022-05-09 07:38:33,Available annual archive version; not claimed to be exact first-publication-day bytes
2021,2021,RJ8,Cornwall Partnership NHS Foundation Trust,"MH&LD, MH, LD&Community Trusts","Mental Health & Learning Disability and Mental Health, Learning Disability & Community Trusts",4.822682901410971,1599,1,Occupation Group,https://www.nhsstaffsurveys.com/static/46b2db369c445384221b113b2fb86324/Detailed-Spreadsheets.zip,2026-09-11T18:45:24.689309+00:00,564c07eb17f05d2fecda24f5a57c4d6022476189857d5f3420fdeb796146a7b0,NSS21 detailed spreadsheets organisational results.xlsx,11ad4e7ed84a7ea61c6b2fa8805e5a19a1d7c64bded3ad4f8a02c95b5603f3bb,PEOPLE PROMISE ELEMENTS,139,AC139,AD139,2022-05-09 07:38:33,Available annual archive version; not claimed to be exact first-publication-day bytes
2021,2021,RJC,South Warwickshire NHS Foundation Trust,Acute&Acute Community Trusts,Acute and Acute & Community Trusts,4.991443205333669,2185,1,Occupation Group,https://www.nhsstaffsurveys.com/static/46b2db369c445384221b113b2fb86324/Detailed-Spreadsheets.zip,2026-09-11T18:45:24.689309+00:00,564c07eb17f05d2fecda24f5a57c4d6022476189857d5f3420fdeb796146a7b0,NSS21 detailed spreadsheets organisational results.xlsx,11ad4e7ed84a7ea61c6b2fa8805e5a19a1d7c64bded3ad4f8a02c95b5603f3bb,PEOPLE PROMISE ELEMENTS,140,AC140,AD140,2022-05-09 07:38:33,Available annual archive version; not claimed to be exact first-publication-day bytes
2021,2021,RJE,University Hospitals of North Midlands NHS Trust,Acute&Acute Community Trusts,Acute and Acute & Community Trusts,4.653282914878384,4595,1,Occupation Group,https://www.nhsstaffsurveys.com/static/46b2db369c445384221b113b2fb86324/Detailed-Spreadsheets.zip,2026-09-11T18:45:24.689309+00:00,564c07eb17f05d2fecda24f5a57c4d6022476189857d5f3420fdeb796146a7b0,NSS21 detailed spreadsheets organisational results.xlsx,11ad4e7ed84a7ea61c6b2fa8805e5a19a1d7c64bded3ad4f8a02c95b5603f3bb,PEOPLE PROMISE ELEMENTS,141,AC141,AD141,2022-05-09 07:38:33,Available annual archive version; not claimed to be exact first-publication-day bytes
2021,2021,RJL,Northern Lincolnshire and Goole NHS Foundation Trust,Acute&Acute Community Trusts,Acute and Acute & Community Trusts,4.694232478750478,2453,1,Occupation Group,https://www.nhsstaffsurveys.com/static/46b2db369c445384221b113b2fb86324/Detailed-Spreadsheets.zip,2026-09-11T18:45:24.689309+00:00,564c07eb17f05d2fecda24f5a57c4d6022476189857d5f3420fdeb796146a7b0,NSS21 detailed spreadsheets organisational results.xlsx,11ad4e7ed84a7ea61c6b2fa8805e5a19a1d7c64bded3ad4f8a02c95b5603f3bb,PEOPLE PROMISE ELEMENTS,142,AC142,AD142,2022-05-09 07:38:33,Available annual archive version; not claimed to be exact first-publication-day bytes
2021,2021,RJN,East Cheshire NHS Trust,Acute&Acute Community Trusts,Acute and Acute & Community Trusts,4.965438952469364,1031,1,Occupation Group,https://www.nhsstaffsurveys.com/static/46b2db369c445384221b113b2fb86324/Detailed-Spreadsheets.zip,2026-09-11T18:45:24.689309+00:00,564c07eb17f05d2fecda24f5a57c4d6022476189857d5f3420fdeb796146a7b0,NSS21 detailed spreadsheets organisational results.xlsx,11ad4e7ed84a7ea61c6b2fa8805e5a19a1d7c64bded3ad4f8a02c95b5603f3bb,PEOPLE PROMISE ELEMENTS,143,AC143,AD143,2022-05-09 07:38:33,Available annual archive version; not claimed to be exact first-publication-day bytes
2021,2021,RJR,Countess of Chester Hospital NHS Foundation Trust,Acute&Acute Community Trusts,Acute and Acute & Community Trusts,4.509025573530117,1634,1,Occupation Group,https://www.nhsstaffsurveys.com/static/46b2db369c445384221b113b2fb86324/Detailed-Spreadsheets.zip,2026-09-11T18:45:24.689309+00:00,564c07eb17f05d2fecda24f5a57c4d6022476189857d5f3420fdeb796146a7b0,NSS21 detailed spreadsheets organisational results.xlsx,11ad4e7ed84a7ea61c6b2fa8805e5a19a1d7c64bded3ad4f8a02c95b5603f3bb,PEOPLE PROMISE ELEMENTS,144,AC144,AD144,2022-05-09 07:38:33,Available annual archive version; not claimed to be exact first-publication-day bytes
2021,2021,RJZ,King's College Hospital NHS Foundation Trust,Acute&Acute Community Trusts,Acute and Acute & Community Trusts,4.724019198257359,5011,1,Occupation Group,https://www.nhsstaffsurveys.com/static/46b2db369c445384221b113b2fb86324/Detailed-Spreadsheets.zip,2026-09-11T18:45:24.689309+00:00,564c07eb17f05d2fecda24f5a57c4d6022476189857d5f3420fdeb796146a7b0,NSS21 detailed spreadsheets organisational results.xlsx,11ad4e7ed84a7ea61c6b2fa8805e5a19a1d7c64bded3ad4f8a02c95b5603f3bb,PEOPLE PROMISE ELEMENTS,145,AC145,AD145,2022-05-09 07:38:33,Available annual archive version; not claimed to be exact first-publication-day bytes
2021,2021,RK5,Sherwood Forest Hospitals NHS Foundation Trust,Acute&Acute Community Trusts,Acute and Acute & Community Trusts,5.028131800974528,3344,1,Occupation Group,https://www.nhsstaffsurveys.com/static/46b2db369c445384221b113b2fb86324/Detailed-Spreadsheets.zip,2026-09-11T18:45:24.689309+00:00,564c07eb17f05d2fecda24f5a57c4d6022476189857d5f3420fdeb796146a7b0,NSS21 detailed spreadsheets organisational results.xlsx,11ad4e7ed84a7ea61c6b2fa8805e5a19a1d7c64bded3ad4f8a02c95b5603f3bb,PEOPLE PROMISE ELEMENTS,146,AC146,AD146,2022-05-09 07:38:33,Available annual archive version; not claimed to be exact first-publication-day bytes
2021,2021,RK9,University Hospitals Plymouth NHS Trust,Acute&Acute Community Trusts,Acute and Acute & Community Trusts,4.627918755032279,3916,1,Occupation Group,https://www.nhsstaffsurveys.com/static/46b2db369c445384221b113b2fb86324/Detailed-Spreadsheets.zip,2026-09-11T18:45:24.689309+00:00,564c07eb17f05d2fecda24f5a57c4d6022476189857d5f3420fdeb796146a7b0,NSS21 detailed spreadsheets organisational results.xlsx,11ad4e7ed84a7ea61c6b2fa8805e5a19a1d7c64bded3ad4f8a02c95b5603f3bb,PEOPLE PROMISE ELEMENTS,147,AC147,AD147,2022-05-09 07:38:33,Available annual archive version; not claimed to be exact first-publication-day bytes
2021,2021,RKB,University Hospitals Coventry and Warwickshire NHS Trust,Acute&Acute Community Trusts,Acute and Acute & Community Trusts,4.666970003306951,3807,1,Occupation Group,https://www.nhsstaffsurveys.com/static/46b2db369c445384221b113b2fb86324/Detailed-Spreadsheets.zip,2026-09-11T18:45:24.689309+00:00,564c07eb17f05d2fecda24f5a57c4d6022476189857d5f3420fdeb796146a7b0,NSS21 detailed spreadsheets organisational results.xlsx,11ad4e7ed84a7ea61c6b2fa8805e5a19a1d7c64bded3ad4f8a02c95b5603f3bb,PEOPLE PROMISE ELEMENTS,148,AC148,AD148,2022-05-09 07:38:33,Available annual archive version; not claimed to be exact first-publication-day bytes
2021,2021,RKE,Whittington Health NHS Trust,Acute&Acute Community Trusts,Acute and Acute & Community Trusts,4.82851769617142,2208,1,Occupation Group,https://www.nhsstaffsurveys.com/static/46b2db369c445384221b113b2fb86324/Detailed-Spreadsheets.zip,2026-09-11T18:45:24.689309+00:00,564c07eb17f05d2fecda24f5a57c4d6022476189857d5f3420fdeb796146a7b0,NSS21 detailed spreadsheets organisational results.xlsx,11ad4e7ed84a7ea61c6b2fa8805e5a19a1d7c64bded3ad4f8a02c95b5603f3bb,PEOPLE PROMISE ELEMENTS,149,AC149,AD149,2022-05-09 07:38:33,Available annual archive version; not claimed to be exact first-publication-day bytes
2021,2021,RKL,West London NHS Trust,"MH&LD, MH, LD&Community Trusts","Mental Health & Learning Disability and Mental Health, Learning Disability & Community Trusts",5.367878883275162,2055,1,Occupation Group,https://www.nhsstaffsurveys.com/static/46b2db369c445384221b113b2fb86324/Detailed-Spreadsheets.zip,2026-09-11T18:45:24.689309+00:00,564c07eb17f05d2fecda24f5a57c4d6022476189857d5f3420fdeb796146a7b0,NSS21 detailed spreadsheets organisational results.xlsx,11ad4e7ed84a7ea61c6b2fa8805e5a19a1d7c64bded3ad4f8a02c95b5603f3bb,PEOPLE PROMISE ELEMENTS,150,AC150,AD150,2022-05-09 07:38:33,Available annual archive version; not claimed to be exact first-publication-day bytes
2021,2021,RL1,The Robert Jones and Agnes Hunt Orthopaedic Hospital NHS Foundation Trust,Acute Specialist Trusts,Acute Specialist Trusts,5.14373307608605,841,1,Occupation Group,https://www.nhsstaffsurveys.com/static/46b2db369c445384221b113b2fb86324/Detailed-Spreadsheets.zip,2026-09-11T18:45:24.689309+00:00,564c07eb17f05d2fecda24f5a57c4d6022476189857d5f3420fdeb796146a7b0,NSS21 detailed spreadsheets organisational results.xlsx,11ad4e7ed84a7ea61c6b2fa8805e5a19a1d7c64bded3ad4f8a02c95b5603f3bb,PEOPLE PROMISE ELEMENTS,151,AC151,AD151,2022-05-09 07:38:33,Available annual archive version; not claimed to be exact first-publication-day bytes
2021,2021,RL4,The Royal Wolverhampton NHS Trust,Acute&Acute Community Trusts,Acute and Acute & Community Trusts,5.037622094601015,3907,1,Occupation Group,https://www.nhsstaffsurveys.com/static/46b2db369c445384221b113b2fb86324/Detailed-Spreadsheets.zip,2026-09-11T18:45:24.689309+00:00,564c07eb17f05d2fecda24f5a57c4d6022476189857d5f3420fdeb796146a7b0,NSS21 detailed spreadsheets organisational results.xlsx,11ad4e7ed84a7ea61c6b2fa8805e5a19a1d7c64bded3ad4f8a02c95b5603f3bb,PEOPLE PROMISE ELEMENTS,152,AC152,AD152,2022-05-09 07:38:33,Available annual archive version; not claimed to be exact first-publication-day bytes
2021,2021,RLQ,Wye Valley NHS Trust,Acute&Acute Community Trusts,Acute and Acute & Community Trusts,4.961422376396448,1280,1,Occupation Group,https://www.nhsstaffsurveys.com/static/46b2db369c445384221b113b2fb86324/Detailed-Spreadsheets.zip,2026-09-11T18:45:24.689309+00:00,564c07eb17f05d2fecda24f5a57c4d6022476189857d5f3420fdeb796146a7b0,NSS21 detailed spreadsheets organisational results.xlsx,11ad4e7ed84a7ea61c6b2fa8805e5a19a1d7c64bded3ad4f8a02c95b5603f3bb,PEOPLE PROMISE ELEMENTS,153,AC153,AD153,2022-05-09 07:38:33,Available annual archive version; not claimed to be exact first-publication-day bytes
2021,2021,RLT,George Eliot Hospital NHS Trust,Acute&Acute Community Trusts,Acute and Acute & Community Trusts,4.7275723603471365,804,1,Occupation Group,https://www.nhsstaffsurveys.com/static/46b2db369c445384221b113b2fb86324/Detailed-Spreadsheets.zip,2026-09-11T18:45:24.689309+00:00,564c07eb17f05d2fecda24f5a57c4d6022476189857d5f3420fdeb796146a7b0,NSS21 detailed spreadsheets organisational results.xlsx,11ad4e7ed84a7ea61c6b2fa8805e5a19a1d7c64bded3ad4f8a02c95b5603f3bb,PEOPLE PROMISE ELEMENTS,154,AC154,AD154,2022-05-09 07:38:33,Available annual archive version; not claimed to be exact first-publication-day bytes
2021,2021,RLY,North Staffordshire Combined Healthcare NHS Trust,"MH&LD, MH, LD&Community Trusts","Mental Health & Learning Disability and Mental Health, Learning Disability & Community Trusts",5.39057530943835,1053,1,Occupation Group,https://www.nhsstaffsurveys.com/static/46b2db369c445384221b113b2fb86324/Detailed-Spreadsheets.zip,2026-09-11T18:45:24.689309+00:00,564c07eb17f05d2fecda24f5a57c4d6022476189857d5f3420fdeb796146a7b0,NSS21 detailed spreadsheets organisational results.xlsx,11ad4e7ed84a7ea61c6b2fa8805e5a19a1d7c64bded3ad4f8a02c95b5603f3bb,PEOPLE PROMISE ELEMENTS,155,AC155,AD155,2022-05-09 07:38:33,Available annual archive version; not claimed to be exact first-publication-day bytes
2021,2021,RM1,Norfolk and Norwich University Hospitals NHS Foundation Trust,Acute&Acute Community Trusts,Acute and Acute & Community Trusts,4.428754342420066,4347,1,Occupation Group,https://www.nhsstaffsurveys.com/static/46b2db369c445384221b113b2fb86324/Detailed-Spreadsheets.zip,2026-09-11T18:45:24.689309+00:00,564c07eb17f05d2fecda24f5a57c4d6022476189857d5f3420fdeb796146a7b0,NSS21 detailed spreadsheets organisational results.xlsx,11ad4e7ed84a7ea61c6b2fa8805e5a19a1d7c64bded3ad4f8a02c95b5603f3bb,PEOPLE PROMISE ELEMENTS,156,AC156,AD156,2022-05-09 07:38:33,Available annual archive version; not claimed to be exact first-publication-day bytes
2021,2021,RM3,Salford Royal NHS Foundation Trust,Acute&Acute Community Trusts,Acute and Acute & Community Trusts,4.76249253388035,4545,1,Occupation Group,https://www.nhsstaffsurveys.com/static/46b2db369c445384221b113b2fb86324/Detailed-Spreadsheets.zip,2026-09-11T18:45:24.689309+00:00,564c07eb17f05d2fecda24f5a57c4d6022476189857d5f3420fdeb796146a7b0,NSS21 detailed spreadsheets organisational results.xlsx,11ad4e7ed84a7ea61c6b2fa8805e5a19a1d7c64bded3ad4f8a02c95b5603f3bb,PEOPLE PROMISE ELEMENTS,157,AC157,AD157,2022-05-09 07:38:33,Available annual archive version; not claimed to be exact first-publication-day bytes
2021,2021,RMC,Bolton NHS Foundation Trust,Acute&Acute Community Trusts,Acute and Acute & Community Trusts,5.035407585136196,2188,1,Occupation Group,https://www.nhsstaffsurveys.com/static/46b2db369c445384221b113b2fb86324/Detailed-Spreadsheets.zip,2026-09-11T18:45:24.689309+00:00,564c07eb17f05d2fecda24f5a57c4d6022476189857d5f3420fdeb796146a7b0,NSS21 detailed spreadsheets organisational results.xlsx,11ad4e7ed84a7ea61c6b2fa8805e5a19a1d7c64bded3ad4f8a02c95b5603f3bb,PEOPLE PROMISE ELEMENTS,158,AC158,AD158,2022-05-09 07:38:33,Available annual archive version; not claimed to be exact first-publication-day bytes
2021,2021,RMP,Tameside and Glossop Integrated Care NHS Foundation Trust,Acute&Acute Community Trusts,Acute and Acute & Community Trusts,4.78635519771452,1542,1,Occupation Group,https://www.nhsstaffsurveys.com/static/46b2db369c445384221b113b2fb86324/Detailed-Spreadsheets.zip,2026-09-11T18:45:24.689309+00:00,564c07eb17f05d2fecda24f5a57c4d6022476189857d5f3420fdeb796146a7b0,NSS21 detailed spreadsheets organisational results.xlsx,11ad4e7ed84a7ea61c6b2fa8805e5a19a1d7c64bded3ad4f8a02c95b5603f3bb,PEOPLE PROMISE ELEMENTS,159,AC159,AD159,2022-05-09 07:38:33,Available annual archive version; not claimed to be exact first-publication-day bytes
2021,2021,RMY,Norfolk and Suffolk NHS Foundation Trust,"MH&LD, MH, LD&Community Trusts","Mental Health & Learning Disability and Mental Health, Learning Disability & Community Trusts",4.891644338365373,2277,1,Occupation Group,https://www.nhsstaffsurveys.com/static/46b2db369c445384221b113b2fb86324/Detailed-Spreadsheets.zip,2026-09-11T18:45:24.689309+00:00,564c07eb17f05d2fecda24f5a57c4d6022476189857d5f3420fdeb796146a7b0,NSS21 detailed spreadsheets organisational results.xlsx,11ad4e7ed84a7ea61c6b2fa8805e5a19a1d7c64bded3ad4f8a02c95b5603f3bb,PEOPLE PROMISE ELEMENTS,160,AC160,AD160,2022-05-09 07:38:33,Available annual archive version; not claimed to be exact first-publication-day bytes
2021,2021,RN3,Great Western Hospitals NHS Foundation Trust,Acute&Acute Community Trusts,Acute and Acute & Community Trusts,4.670721074265481,2422,1,Occupation Group,https://www.nhsstaffsurveys.com/static/46b2db369c445384221b113b2fb86324/Detailed-Spreadsheets.zip,2026-09-11T18:45:24.689309+00:00,564c07eb17f05d2fecda24f5a57c4d6022476189857d5f3420fdeb796146a7b0,NSS21 detailed spreadsheets organisational results.xlsx,11ad4e7ed84a7ea61c6b2fa8805e5a19a1d7c64bded3ad4f8a02c95b5603f3bb,PEOPLE PROMISE ELEMENTS,161,AC161,AD161,2022-05-09 07:38:33,Available annual archive version; not claimed to be exact first-publication-day bytes
2021,2021,RN5,Hampshire Hospitals NHS Foundation Trust,Acute&Acute Community Trusts,Acute and Acute & Community Trusts,4.827519194495494,3040,1,Occupation Group,https://www.nhsstaffsurveys.com/static/46b2db369c445384221b113b2fb86324/Detailed-Spreadsheets.zip,2026-09-11T18:45:24.689309+00:00,564c07eb17f05d2fecda24f5a57c4d6022476189857d5f3420fdeb796146a7b0,NSS21 detailed spreadsheets organisational results.xlsx,11ad4e7ed84a7ea61c6b2fa8805e5a19a1d7c64bded3ad4f8a02c95b5603f3bb,PEOPLE PROMISE ELEMENTS,162,AC162,AD162,2022-05-09 07:38:33,Available annual archive version; not claimed to be exact first-publication-day bytes
2021,2021,RN7,Dartford and Gravesham NHS Trust,Acute&Acute Community Trusts,Acute and Acute & Community Trusts,4.9914869328521245,1658,1,Occupation Group,https://www.nhsstaffsurveys.com/static/46b2db369c445384221b113b2fb86324/Detailed-Spreadsheets.zip,2026-09-11T18:45:24.689309+00:00,564c07eb17f05d2fecda24f5a57c4d6022476189857d5f3420fdeb796146a7b0,NSS21 detailed spreadsheets organisational results.xlsx,11ad4e7ed84a7ea61c6b2fa8805e5a19a1d7c64bded3ad4f8a02c95b5603f3bb,PEOPLE PROMISE ELEMENTS,163,AC163,AD163,2022-05-09 07:38:33,Available annual archive version; not claimed to be exact first-publication-day bytes
2021,2021,RNA,The Dudley Group NHS Foundation Trust,Acute&Acute Community Trusts,Acute and Acute & Community Trusts,4.639225290150358,3120,1,Occupation Group,https://www.nhsstaffsurveys.com/static/46b2db369c445384221b113b2fb86324/Detailed-Spreadsheets.zip,2026-09-11T18:45:24.689309+00:00,564c07eb17f05d2fecda24f5a57c4d6022476189857d5f3420fdeb796146a7b0,NSS21 detailed spreadsheets organisational results.xlsx,11ad4e7ed84a7ea61c6b2fa8805e5a19a1d7c64bded3ad4f8a02c95b5603f3bb,PEOPLE PROMISE ELEMENTS,164,AC164,AD164,2022-05-09 07:38:33,Available annual archive version; not claimed to be exact first-publication-day bytes
2021,2021,RNK,Tavistock and Portman NHS Foundation Trust,"MH&LD, MH, LD&Community Trusts","Mental Health & Learning Disability and Mental Health, Learning Disability & Community Trusts",4.9188912707978,411,1,Occupation Group,https://www.nhsstaffsurveys.com/static/46b2db369c445384221b113b2fb86324/Detailed-Spreadsheets.zip,2026-09-11T18:45:24.689309+00:00,564c07eb17f05d2fecda24f5a57c4d6022476189857d5f3420fdeb796146a7b0,NSS21 detailed spreadsheets organisational results.xlsx,11ad4e7ed84a7ea61c6b2fa8805e5a19a1d7c64bded3ad4f8a02c95b5603f3bb,PEOPLE PROMISE ELEMENTS,165,AC165,AD165,2022-05-09 07:38:33,Available annual archive version; not claimed to be exact first-publication-day bytes
2021,2021,RNN,North Cumbria Integrated Care NHS Foundation Trust,Acute&Acute Community Trusts,Acute and Acute & Community Trusts,4.8818414172523195,2970,1,Occupation Group,https://www.nhsstaffsurveys.com/static/46b2db369c445384221b113b2fb86324/Detailed-Spreadsheets.zip,2026-09-11T18:45:24.689309+00:00,564c07eb17f05d2fecda24f5a57c4d6022476189857d5f3420fdeb796146a7b0,NSS21 detailed spreadsheets organisational results.xlsx,11ad4e7ed84a7ea61c6b2fa8805e5a19a1d7c64bded3ad4f8a02c95b5603f3bb,PEOPLE PROMISE ELEMENTS,166,AC166,AD166,2022-05-09 07:38:33,Available annual archive version; not claimed to be exact first-publication-day bytes
2021,2021,RNQ,Kettering General Hospital NHS Foundation Trust,Acute&Acute Community Trusts,Acute and Acute & Community Trusts,4.651245817153226,2106,1,Occupation Group,https://www.nhsstaffsurveys.com/static/46b2db369c445384221b113b2fb86324/Detailed-Spreadsheets.zip,2026-09-11T18:45:24.689309+00:00,564c07eb17f05d2fecda24f5a57c4d6022476189857d5f3420fdeb796146a7b0,NSS21 detailed spreadsheets organisational results.xlsx,11ad4e7ed84a7ea61c6b2fa8805e5a19a1d7c64bded3ad4f8a02c95b5603f3bb,PEOPLE PROMISE ELEMENTS,167,AC167,AD167,2022-05-09 07:38:33,Available annual archive version; not claimed to be exact first-publication-day bytes
2021,2021,RNS,Northampton General Hospital NHS Trust,Acute&Acute Community Trusts,Acute and Acute & Community Trusts,4.661263048357365,2407,1,Occupation Group,https://www.nhsstaffsurveys.com/static/46b2db369c445384221b113b2fb86324/Detailed-Spreadsheets.zip,2026-09-11T18:45:24.689309+00:00,564c07eb17f05d2fecda24f5a57c4d6022476189857d5f3420fdeb796146a7b0,NSS21 detailed spreadsheets organisational results.xlsx,11ad4e7ed84a7ea61c6b2fa8805e5a19a1d7c64bded3ad4f8a02c95b5603f3bb,PEOPLE PROMISE ELEMENTS,168,AC168,AD168,2022-05-09 07:38:33,Available annual archive version; not claimed to be exact first-publication-day bytes
2021,2021,RNU,Oxford Health NHS Foundation Trust,"MH&LD, MH, LD&Community Trusts","Mental Health & Learning Disability and Mental Health, Learning Disability & Community Trusts",5.121786515562941,3227,1,Occupation Group,https://www.nhsstaffsurveys.com/static/46b2db369c445384221b113b2fb86324/Detailed-Spreadsheets.zip,2026-09-11T18:45:24.689309+00:00,564c07eb17f05d2fecda24f5a57c4d6022476189857d5f3420fdeb796146a7b0,NSS21 detailed spreadsheets organisational results.xlsx,11ad4e7ed84a7ea61c6b2fa8805e5a19a1d7c64bded3ad4f8a02c95b5603f3bb,PEOPLE PROMISE ELEMENTS,169,AC169,AD169,2022-05-09 07:38:33,Available annual archive version; not claimed to be exact first-publication-day bytes
2021,2021,RNZ,Salisbury NHS Foundation Trust,Acute&Acute Community Trusts,Acute and Acute & Community Trusts,4.632813021671932,1819,1,Occupation Group,https://www.nhsstaffsurveys.com/static/46b2db369c445384221b113b2fb86324/Detailed-Spreadsheets.zip,2026-09-11T18:45:24.689309+00:00,564c07eb17f05d2fecda24f5a57c4d6022476189857d5f3420fdeb796146a7b0,NSS21 detailed spreadsheets organisational results.xlsx,11ad4e7ed84a7ea61c6b2fa8805e5a19a1d7c64bded3ad4f8a02c95b5603f3bb,PEOPLE PROMISE ELEMENTS,170,AC170,AD170,2022-05-09 07:38:33,Available annual archive version; not claimed to be exact first-publication-day bytes
2021,2021,RP1,Northamptonshire Healthcare NHS Foundation Trust,"MH&LD, MH, LD&Community Trusts","Mental Health & Learning Disability and Mental Health, Learning Disability & Community Trusts",5.265915597137255,2313,1,Occupation Group,https://www.nhsstaffsurveys.com/static/46b2db369c445384221b113b2fb86324/Detailed-Spreadsheets.zip,2026-09-11T18:45:24.689309+00:00,564c07eb17f05d2fecda24f5a57c4d6022476189857d5f3420fdeb796146a7b0,NSS21 detailed spreadsheets organisational results.xlsx,11ad4e7ed84a7ea61c6b2fa8805e5a19a1d7c64bded3ad4f8a02c95b5603f3bb,PEOPLE PROMISE ELEMENTS,171,AC171,AD171,2022-05-09 07:38:33,Available annual archive version; not claimed to be exact first-publication-day bytes
2021,2021,RP4,Great Ormond Street Hospital for Children NHS Foundation Trust,Acute Specialist Trusts,Acute Specialist Trusts,4.982989708951929,2847,1,Occupation Group,https://www.nhsstaffsurveys.com/static/46b2db369c445384221b113b2fb86324/Detailed-Spreadsheets.zip,2026-09-11T18:45:24.689309+00:00,564c07eb17f05d2fecda24f5a57c4d6022476189857d5f3420fdeb796146a7b0,NSS21 detailed spreadsheets organisational results.xlsx,11ad4e7ed84a7ea61c6b2fa8805e5a19a1d7c64bded3ad4f8a02c95b5603f3bb,PEOPLE PROMISE ELEMENTS,172,AC172,AD172,2022-05-09 07:38:33,Available annual archive version; not claimed to be exact first-publication-day bytes
2021,2021,RP5,Doncaster and Bassetlaw Teaching Hospitals NHS Foundation Trust,Acute&Acute Community Trusts,Acute and Acute & Community Trusts,4.7707670397989625,3985,1,Occupation Group,https://www.nhsstaffsurveys.com/static/46b2db369c445384221b113b2fb86324/Detailed-Spreadsheets.zip,2026-09-11T18:45:24.689309+00:00,564c07eb17f05d2fecda24f5a57c4d6022476189857d5f3420fdeb796146a7b0,NSS21 detailed spreadsheets organisational results.xlsx,11ad4e7ed84a7ea61c6b2fa8805e5a19a1d7c64bded3ad4f8a02c95b5603f3bb,PEOPLE PROMISE ELEMENTS,173,AC173,AD173,2022-05-09 07:38:33,Available annual archive version; not claimed to be exact first-publication-day bytes
2021,2021,RP6,Moorfields Eye Hospital NHS Foundation Trust,Acute Specialist Trusts,Acute Specialist Trusts,5.173628714150899,1232,1,Occupation Group,https://www.nhsstaffsurveys.com/static/46b2db369c445384221b113b2fb86324/Detailed-Spreadsheets.zip,2026-09-11T18:45:24.689309+00:00,564c07eb17f05d2fecda24f5a57c4d6022476189857d5f3420fdeb796146a7b0,NSS21 detailed spreadsheets organisational results.xlsx,11ad4e7ed84a7ea61c6b2fa8805e5a19a1d7c64bded3ad4f8a02c95b5603f3bb,PEOPLE PROMISE ELEMENTS,174,AC174,AD174,2022-05-09 07:38:33,Available annual archive version; not claimed to be exact first-publication-day bytes
2021,2021,RP7,Lincolnshire Partnership NHS Foundation Trust,"MH&LD, MH, LD&Community Trusts","Mental Health & Learning Disability and Mental Health, Learning Disability & Community Trusts",5.345111386199831,1400,1,Occupation Group,https://www.nhsstaffsurveys.com/static/46b2db369c445384221b113b2fb86324/Detailed-Spreadsheets.zip,2026-09-11T18:45:24.689309+00:00,564c07eb17f05d2fecda24f5a57c4d6022476189857d5f3420fdeb796146a7b0,NSS21 detailed spreadsheets organisational results.xlsx,11ad4e7ed84a7ea61c6b2fa8805e5a19a1d7c64bded3ad4f8a02c95b5603f3bb,PEOPLE PROMISE ELEMENTS,175,AC175,AD175,2022-05-09 07:38:33,Available annual archive version; not claimed to be exact first-publication-day bytes
2021,2021,RPA,Medway NHS Foundation Trust,Acute&Acute Community Trusts,Acute and Acute & Community Trusts,4.575111934488481,1839,1,Occupation Group,https://www.nhsstaffsurveys.com/static/46b2db369c445384221b113b2fb86324/Detailed-Spreadsheets.zip,2026-09-11T18:45:24.689309+00:00,564c07eb17f05d2fecda24f5a57c4d6022476189857d5f3420fdeb796146a7b0,NSS21 detailed spreadsheets organisational results.xlsx,11ad4e7ed84a7ea61c6b2fa8805e5a19a1d7c64bded3ad4f8a02c95b5603f3bb,PEOPLE PROMISE ELEMENTS,176,AC176,AD176,2022-05-09 07:38:33,Available annual archive version; not claimed to be exact first-publication-day bytes
2021,2021,RPC,Queen Victoria Hospital NHS Foundation Trust,Acute Specialist Trusts,Acute Specialist Trusts,5.324762992039688,639,1,Occupation Group,https://www.nhsstaffsurveys.com/static/46b2db369c445384221b113b2fb86324/Detailed-Spreadsheets.zip,2026-09-11T18:45:24.689309+00:00,564c07eb17f05d2fecda24f5a57c4d6022476189857d5f3420fdeb796146a7b0,NSS21 detailed spreadsheets organisational results.xlsx,11ad4e7ed84a7ea61c6b2fa8805e5a19a1d7c64bded3ad4f8a02c95b5603f3bb,PEOPLE PROMISE ELEMENTS,177,AC177,AD177,2022-05-09 07:38:33,Available annual archive version; not claimed to be exact first-publication-day bytes
2021,2021,RPG,Oxleas NHS Foundation Trust,"MH&LD, MH, LD&Community Trusts","Mental Health & Learning Disability and Mental Health, Learning Disability & Community Trusts",5.195812013531309,1981,1,Occupation Group,https://www.nhsstaffsurveys.com/static/46b2db369c445384221b113b2fb86324/Detailed-Spreadsheets.zip,2026-09-11T18:45:24.689309+00:00,564c07eb17f05d2fecda24f5a57c4d6022476189857d5f3420fdeb796146a7b0,NSS21 detailed spreadsheets organisational results.xlsx,11ad4e7ed84a7ea61c6b2fa8805e5a19a1d7c64bded3ad4f8a02c95b5603f3bb,PEOPLE PROMISE ELEMENTS,178,AC178,AD178,2022-05-09 07:38:33,Available annual archive version; not claimed to be exact first-publication-day bytes
2021,2021,RPY,The Royal Marsden NHS Foundation Trust,Acute Specialist Trusts,Acute Specialist Trusts,5.024478075505796,2253,1,Occupation Group,https://www.nhsstaffsurveys.com/static/46b2db369c445384221b113b2fb86324/Detailed-Spreadsheets.zip,2026-09-11T18:45:24.689309+00:00,564c07eb17f05d2fecda24f5a57c4d6022476189857d5f3420fdeb796146a7b0,NSS21 detailed spreadsheets organisational results.xlsx,11ad4e7ed84a7ea61c6b2fa8805e5a19a1d7c64bded3ad4f8a02c95b5603f3bb,PEOPLE PROMISE ELEMENTS,179,AC179,AD179,2022-05-09 07:38:33,Available annual archive version; not claimed to be exact first-publication-day bytes
2021,2021,RQ3,Birmingham Women's and Children's NHS Foundation Trust,Acute&Acute Community Trusts,Acute and Acute & Community Trusts,4.626042824300224,2442,1,Occupation Group,https://www.nhsstaffsurveys.com/static/46b2db369c445384221b113b2fb86324/Detailed-Spreadsheets.zip,2026-09-11T18:45:24.689309+00:00,564c07eb17f05d2fecda24f5a57c4d6022476189857d5f3420fdeb796146a7b0,NSS21 detailed spreadsheets organisational results.xlsx,11ad4e7ed84a7ea61c6b2fa8805e5a19a1d7c64bded3ad4f8a02c95b5603f3bb,PEOPLE PROMISE ELEMENTS,180,AC180,AD180,2022-05-09 07:38:33,Available annual archive version; not claimed to be exact first-publication-day bytes
2021,2021,RQM,Chelsea and Westminster Hospital NHS Foundation Trust,Acute&Acute Community Trusts,Acute and Acute & Community Trusts,4.697788792794263,2908,1,Occupation Group,https://www.nhsstaffsurveys.com/static/46b2db369c445384221b113b2fb86324/Detailed-Spreadsheets.zip,2026-09-11T18:45:24.689309+00:00,564c07eb17f05d2fecda24f5a57c4d6022476189857d5f3420fdeb796146a7b0,NSS21 detailed spreadsheets organisational results.xlsx,11ad4e7ed84a7ea61c6b2fa8805e5a19a1d7c64bded3ad4f8a02c95b5603f3bb,PEOPLE PROMISE ELEMENTS,181,AC181,AD181,2022-05-09 07:38:33,Available annual archive version; not claimed to be exact first-publication-day bytes
2021,2021,RQW,The Princess Alexandra Hospital NHS Trust,Acute&Acute Community Trusts,Acute and Acute & Community Trusts,4.476371218972688,1702,1,Occupation Group,https://www.nhsstaffsurveys.com/static/46b2db369c445384221b113b2fb86324/Detailed-Spreadsheets.zip,2026-09-11T18:45:24.689309+00:00,564c07eb17f05d2fecda24f5a57c4d6022476189857d5f3420fdeb796146a7b0,NSS21 detailed spreadsheets organisational results.xlsx,11ad4e7ed84a7ea61c6b2fa8805e5a19a1d7c64bded3ad4f8a02c95b5603f3bb,PEOPLE PROMISE ELEMENTS,182,AC182,AD182,2022-05-09 07:38:33,Available annual archive version; not claimed to be exact first-publication-day bytes
2021,2021,RQX,Homerton University Hospital NHS Foundation Trust,Acute&Acute Community Trusts,Acute and Acute & Community Trusts,4.8755998768299325,1886,1,Occupation Group,https://www.nhsstaffsurveys.com/static/46b2db369c445384221b113b2fb86324/Detailed-Spreadsheets.zip,2026-09-11T18:45:24.689309+00:00,564c07eb17f05d2fecda24f5a57c4d6022476189857d5f3420fdeb796146a7b0,NSS21 detailed spreadsheets organisational results.xlsx,11ad4e7ed84a7ea61c6b2fa8805e5a19a1d7c64bded3ad4f8a02c95b5603f3bb,PEOPLE PROMISE ELEMENTS,183,AC183,AD183,2022-05-09 07:38:33,Available annual archive version; not claimed to be exact first-publication-day bytes
2021,2021,RQY,South West London and St George's Mental Health NHS Trust,"MH&LD, MH, LD&Community Trusts","Mental Health & Learning Disability and Mental Health, Learning Disability & Community Trusts",4.966727243400884,1391,1,Occupation Group,https://www.nhsstaffsurveys.com/static/46b2db369c445384221b113b2fb86324/Detailed-Spreadsheets.zip,2026-09-11T18:45:24.689309+00:00,564c07eb17f05d2fecda24f5a57c4d6022476189857d5f3420fdeb796146a7b0,NSS21 detailed spreadsheets organisational results.xlsx,11ad4e7ed84a7ea61c6b2fa8805e5a19a1d7c64bded3ad4f8a02c95b5603f3bb,PEOPLE PROMISE ELEMENTS,184,AC184,AD184,2022-05-09 07:38:33,Available annual archive version; not claimed to be exact first-publication-day bytes
2021,2021,RR7,Gateshead Health NHS Foundation Trust,Acute&Acute Community Trusts,Acute and Acute & Community Trusts,4.904255450264126,1865,1,Occupation Group,https://www.nhsstaffsurveys.com/static/46b2db369c445384221b113b2fb86324/Detailed-Spreadsheets.zip,2026-09-11T18:45:24.689309+00:00,564c07eb17f05d2fecda24f5a57c4d6022476189857d5f3420fdeb796146a7b0,NSS21 detailed spreadsheets organisational results.xlsx,11ad4e7ed84a7ea61c6b2fa8805e5a19a1d7c64bded3ad4f8a02c95b5603f3bb,PEOPLE PROMISE ELEMENTS,185,AC185,AD185,2022-05-09 07:38:33,Available annual archive version; not claimed to be exact first-publication-day bytes
2021,2021,RR8,Leeds Teaching Hospitals NHS Trust,Acute&Acute Community Trusts,Acute and Acute & Community Trusts,4.841836516662592,11026,1,Occupation Group,https://www.nhsstaffsurveys.com/static/46b2db369c445384221b113b2fb86324/Detailed-Spreadsheets.zip,2026-09-11T18:45:24.689309+00:00,564c07eb17f05d2fecda24f5a57c4d6022476189857d5f3420fdeb796146a7b0,NSS21 detailed spreadsheets organisational results.xlsx,11ad4e7ed84a7ea61c6b2fa8805e5a19a1d7c64bded3ad4f8a02c95b5603f3bb,PEOPLE PROMISE ELEMENTS,186,AC186,AD186,2022-05-09 07:38:33,Available annual archive version; not claimed to be exact first-publication-day bytes
2021,2021,RRE,Midlands Partnership NHS Foundation Trust,"MH&LD, MH, LD&Community Trusts","Mental Health & Learning Disability and Mental Health, Learning Disability & Community Trusts",5.279764877443617,5015,1,Occupation Group,https://www.nhsstaffsurveys.com/static/46b2db369c445384221b113b2fb86324/Detailed-Spreadsheets.zip,2026-09-11T18:45:24.689309+00:00,564c07eb17f05d2fecda24f5a57c4d6022476189857d5f3420fdeb796146a7b0,NSS21 detailed spreadsheets organisational results.xlsx,11ad4e7ed84a7ea61c6b2fa8805e5a19a1d7c64bded3ad4f8a02c95b5603f3bb,PEOPLE PROMISE ELEMENTS,187,AC187,AD187,2022-05-09 07:38:33,Available annual archive version; not claimed to be exact first-publication-day bytes
2021,2021,RRF,"Wrightington, Wigan and Leigh Teaching Hospitals NHS Foundation Trust",Acute&Acute Community Trusts,Acute and Acute & Community Trusts,5.1358940782703275,1964,1,Occupation Group,https://www.nhsstaffsurveys.com/static/46b2db369c445384221b113b2fb86324/Detailed-Spreadsheets.zip,2026-09-11T18:45:24.689309+00:00,564c07eb17f05d2fecda24f5a57c4d6022476189857d5f3420fdeb796146a7b0,NSS21 detailed spreadsheets organisational results.xlsx,11ad4e7ed84a7ea61c6b2fa8805e5a19a1d7c64bded3ad4f8a02c95b5603f3bb,PEOPLE PROMISE ELEMENTS,188,AC188,AD188,2022-05-09 07:38:33,Available annual archive version; not claimed to be exact first-publication-day bytes
2021,2021,RRJ,The Royal Orthopaedic Hospital NHS Foundation Trust,Acute Specialist Trusts,Acute Specialist Trusts,5.3317332878329395,680,1,Occupation Group,https://www.nhsstaffsurveys.com/static/46b2db369c445384221b113b2fb86324/Detailed-Spreadsheets.zip,2026-09-11T18:45:24.689309+00:00,564c07eb17f05d2fecda24f5a57c4d6022476189857d5f3420fdeb796146a7b0,NSS21 detailed spreadsheets organisational results.xlsx,11ad4e7ed84a7ea61c6b2fa8805e5a19a1d7c64bded3ad4f8a02c95b5603f3bb,PEOPLE PROMISE ELEMENTS,189,AC189,AD189,2022-05-09 07:38:33,Available annual archive version; not claimed to be exact first-publication-day bytes
2021,2021,RRK,University Hospitals Birmingham NHS Foundation Trust,Acute&Acute Community Trusts,Acute and Acute & Community Trusts,4.569919042056484,7212,1,Occupation Group,https://www.nhsstaffsurveys.com/static/46b2db369c445384221b113b2fb86324/Detailed-Spreadsheets.zip,2026-09-11T18:45:24.689309+00:00,564c07eb17f05d2fecda24f5a57c4d6022476189857d5f3420fdeb796146a7b0,NSS21 detailed spreadsheets organisational results.xlsx,11ad4e7ed84a7ea61c6b2fa8805e5a19a1d7c64bded3ad4f8a02c95b5603f3bb,PEOPLE PROMISE ELEMENTS,190,AC190,AD190,2022-05-09 07:38:33,Available annual archive version; not claimed to be exact first-publication-day bytes
2021,2021,RRP,"Barnet, Enfield and Haringey Mental Health NHS Trust","MH&LD, MH, LD&Community Trusts","Mental Health & Learning Disability and Mental Health, Learning Disability & Community Trusts",5.129229199663113,1794,1,Occupation Group,https://www.nhsstaffsurveys.com/static/46b2db369c445384221b113b2fb86324/Detailed-Spreadsheets.zip,2026-09-11T18:45:24.689309+00:00,564c07eb17f05d2fecda24f5a57c4d6022476189857d5f3420fdeb796146a7b0,NSS21 detailed spreadsheets organisational results.xlsx,11ad4e7ed84a7ea61c6b2fa8805e5a19a1d7c64bded3ad4f8a02c95b5603f3bb,PEOPLE PROMISE ELEMENTS,191,AC191,AD191,2022-05-09 07:38:33,Available annual archive version; not claimed to be exact first-publication-day bytes
2021,2021,RRU,London Ambulance Service NHS Trust,Ambulance Trusts,Ambulance Trusts,4.075942658079802,4002,1,Occupation Group,https://www.nhsstaffsurveys.com/static/46b2db369c445384221b113b2fb86324/Detailed-Spreadsheets.zip,2026-09-11T18:45:24.689309+00:00,564c07eb17f05d2fecda24f5a57c4d6022476189857d5f3420fdeb796146a7b0,NSS21 detailed spreadsheets organisational results.xlsx,11ad4e7ed84a7ea61c6b2fa8805e5a19a1d7c64bded3ad4f8a02c95b5603f3bb,PEOPLE PROMISE ELEMENTS,192,AC192,AD192,2022-05-09 07:38:33,Available annual archive version; not claimed to be exact first-publication-day bytes
2021,2021,RRV,University College London Hospitals NHS Foundation Trust,Acute&Acute Community Trusts,Acute and Acute & Community Trusts,4.811119437340664,4556,1,Occupation Group,https://www.nhsstaffsurveys.com/static/46b2db369c445384221b113b2fb86324/Detailed-Spreadsheets.zip,2026-09-11T18:45:24.689309+00:00,564c07eb17f05d2fecda24f5a57c4d6022476189857d5f3420fdeb796146a7b0,NSS21 detailed spreadsheets organisational results.xlsx,11ad4e7ed84a7ea61c6b2fa8805e5a19a1d7c64bded3ad4f8a02c95b5603f3bb,PEOPLE PROMISE ELEMENTS,193,AC193,AD193,2022-05-09 07:38:33,Available annual archive version; not claimed to be exact first-publication-day bytes
2021,2021,RT1,Cambridgeshire and Peterborough NHS Foundation Trust,"MH&LD, MH, LD&Community Trusts","Mental Health & Learning Disability and Mental Health, Learning Disability & Community Trusts",5.000821823008054,1972,1,Occupation Group,https://www.nhsstaffsurveys.com/static/46b2db369c445384221b113b2fb86324/Detailed-Spreadsheets.zip,2026-09-11T18:45:24.689309+00:00,564c07eb17f05d2fecda24f5a57c4d6022476189857d5f3420fdeb796146a7b0,NSS21 detailed spreadsheets organisational results.xlsx,11ad4e7ed84a7ea61c6b2fa8805e5a19a1d7c64bded3ad4f8a02c95b5603f3bb,PEOPLE PROMISE ELEMENTS,194,AC194,AD194,2022-05-09 07:38:33,Available annual archive version; not claimed to be exact first-publication-day bytes
2021,2021,RT2,Pennine Care NHS Foundation Trust,"MH&LD, MH, LD&Community Trusts","Mental Health & Learning Disability and Mental Health, Learning Disability & Community Trusts",5.1795003178273396,1220,1,Occupation Group,https://www.nhsstaffsurveys.com/static/46b2db369c445384221b113b2fb86324/Detailed-Spreadsheets.zip,2026-09-11T18:45:24.689309+00:00,564c07eb17f05d2fecda24f5a57c4d6022476189857d5f3420fdeb796146a7b0,NSS21 detailed spreadsheets organisational results.xlsx,11ad4e7ed84a7ea61c6b2fa8805e5a19a1d7c64bded3ad4f8a02c95b5603f3bb,PEOPLE PROMISE ELEMENTS,195,AC195,AD195,2022-05-09 07:38:33,Available annual archive version; not claimed to be exact first-publication-day bytes
2021,2021,RT5,Leicestershire Partnership NHS Trust,"MH&LD, MH, LD&Community Trusts","Mental Health & Learning Disability and Mental Health, Learning Disability & Community Trusts",5.051698465249963,2861,1,Occupation Group,https://www.nhsstaffsurveys.com/static/46b2db369c445384221b113b2fb86324/Detailed-Spreadsheets.zip,2026-09-11T18:45:24.689309+00:00,564c07eb17f05d2fecda24f5a57c4d6022476189857d5f3420fdeb796146a7b0,NSS21 detailed spreadsheets organisational results.xlsx,11ad4e7ed84a7ea61c6b2fa8805e5a19a1d7c64bded3ad4f8a02c95b5603f3bb,PEOPLE PROMISE ELEMENTS,196,AC196,AD196,2022-05-09 07:38:33,Available annual archive version; not claimed to be exact first-publication-day bytes
2021,2021,RTD,The Newcastle upon Tyne Hospitals NHS Foundation Trust,Acute&Acute Community Trusts,Acute and Acute & Community Trusts,4.822459361365169,7328,1,Occupation Group,https://www.nhsstaffsurveys.com/static/46b2db369c445384221b113b2fb86324/Detailed-Spreadsheets.zip,2026-09-11T18:45:24.689309+00:00,564c07eb17f05d2fecda24f5a57c4d6022476189857d5f3420fdeb796146a7b0,NSS21 detailed spreadsheets organisational results.xlsx,11ad4e7ed84a7ea61c6b2fa8805e5a19a1d7c64bded3ad4f8a02c95b5603f3bb,PEOPLE PROMISE ELEMENTS,197,AC197,AD197,2022-05-09 07:38:33,Available annual archive version; not claimed to be exact first-publication-day bytes
2021,2021,RTE,Gloucestershire Hospitals NHS Foundation Trust,Acute&Acute Community Trusts,Acute and Acute & Community Trusts,4.608593697233388,3884,1,Occupation Group,https://www.nhsstaffsurveys.com/static/46b2db369c445384221b113b2fb86324/Detailed-Spreadsheets.zip,2026-09-11T18:45:24.689309+00:00,564c07eb17f05d2fecda24f5a57c4d6022476189857d5f3420fdeb796146a7b0,NSS21 detailed spreadsheets organisational results.xlsx,11ad4e7ed84a7ea61c6b2fa8805e5a19a1d7c64bded3ad4f8a02c95b5603f3bb,PEOPLE PROMISE ELEMENTS,198,AC198,AD198,2022-05-09 07:38:33,Available annual archive version; not claimed to be exact first-publication-day bytes
2021,2021,RTF,Northumbria Healthcare NHS Foundation Trust,Acute&Acute Community Trusts,Acute and Acute & Community Trusts,5.274649995694073,885,1,Occupation Group,https://www.nhsstaffsurveys.com/static/46b2db369c445384221b113b2fb86324/Detailed-Spreadsheets.zip,2026-09-11T18:45:24.689309+00:00,564c07eb17f05d2fecda24f5a57c4d6022476189857d5f3420fdeb796146a7b0,NSS21 detailed spreadsheets organisational results.xlsx,11ad4e7ed84a7ea61c6b2fa8805e5a19a1d7c64bded3ad4f8a02c95b5603f3bb,PEOPLE PROMISE ELEMENTS,199,AC199,AD199,2022-05-09 07:38:33,Available annual archive version; not claimed to be exact first-publication-day bytes
2021,2021,RTG,University Hospitals of Derby and Burton NHS Foundation Trust,Acute&Acute Community Trusts,Acute and Acute & Community Trusts,4.759576097031614,6550,1,Occupation Group,https://www.nhsstaffsurveys.com/static/46b2db369c445384221b113b2fb86324/Detailed-Spreadsheets.zip,2026-09-11T18:45:24.689309+00:00,564c07eb17f05d2fecda24f5a57c4d6022476189857d5f3420fdeb796146a7b0,NSS21 detailed spreadsheets organisational results.xlsx,11ad4e7ed84a7ea61c6b2fa8805e5a19a1d7c64bded3ad4f8a02c95b5603f3bb,PEOPLE PROMISE ELEMENTS,200,AC200,AD200,2022-05-09 07:38:33,Available annual archive version; not claimed to be exact first-publication-day bytes
2021,2021,RTH,Oxford University Hospitals NHS Foundation Trust,Acute&Acute Community Trusts,Acute and Acute & Community Trusts,4.972420036921395,7544,1,Occupation Group,https://www.nhsstaffsurveys.com/static/46b2db369c445384221b113b2fb86324/Detailed-Spreadsheets.zip,2026-09-11T18:45:24.689309+00:00,564c07eb17f05d2fecda24f5a57c4d6022476189857d5f3420fdeb796146a7b0,NSS21 detailed spreadsheets organisational results.xlsx,11ad4e7ed84a7ea61c6b2fa8805e5a19a1d7c64bded3ad4f8a02c95b5603f3bb,PEOPLE PROMISE ELEMENTS,201,AC201,AD201,2022-05-09 07:38:33,Available annual archive version; not claimed to be exact first-publication-day bytes
2021,2021,RTK,Ashford and St Peter's Hospitals NHS Foundation Trust,Acute&Acute Community Trusts,Acute and Acute & Community Trusts,5.042758606508719,2352,1,Occupation Group,https://www.nhsstaffsurveys.com/static/46b2db369c445384221b113b2fb86324/Detailed-Spreadsheets.zip,2026-09-11T18:45:24.689309+00:00,564c07eb17f05d2fecda24f5a57c4d6022476189857d5f3420fdeb796146a7b0,NSS21 detailed spreadsheets organisational results.xlsx,11ad4e7ed84a7ea61c6b2fa8805e5a19a1d7c64bded3ad4f8a02c95b5603f3bb,PEOPLE PROMISE ELEMENTS,202,AC202,AD202,2022-05-09 07:38:33,Available annual archive version; not claimed to be exact first-publication-day bytes
2021,2021,RTP,Surrey and Sussex Healthcare NHS Trust,Acute&Acute Community Trusts,Acute and Acute & Community Trusts,5.141607167395415,3000,1,Occupation Group,https://www.nhsstaffsurveys.com/static/46b2db369c445384221b113b2fb86324/Detailed-Spreadsheets.zip,2026-09-11T18:45:24.689309+00:00,564c07eb17f05d2fecda24f5a57c4d6022476189857d5f3420fdeb796146a7b0,NSS21 detailed spreadsheets organisational results.xlsx,11ad4e7ed84a7ea61c6b2fa8805e5a19a1d7c64bded3ad4f8a02c95b5603f3bb,PEOPLE PROMISE ELEMENTS,203,AC203,AD203,2022-05-09 07:38:33,Available annual archive version; not claimed to be exact first-publication-day bytes
2021,2021,RTQ,Gloucestershire Health and Care NHS Foundation Trust,"MH&LD, MH, LD&Community Trusts","Mental Health & Learning Disability and Mental Health, Learning Disability & Community Trusts",5.191985103747986,2359,1,Occupation Group,https://www.nhsstaffsurveys.com/static/46b2db369c445384221b113b2fb86324/Detailed-Spreadsheets.zip,2026-09-11T18:45:24.689309+00:00,564c07eb17f05d2fecda24f5a57c4d6022476189857d5f3420fdeb796146a7b0,NSS21 detailed spreadsheets organisational results.xlsx,11ad4e7ed84a7ea61c6b2fa8805e5a19a1d7c64bded3ad4f8a02c95b5603f3bb,PEOPLE PROMISE ELEMENTS,204,AC204,AD204,2022-05-09 07:38:33,Available annual archive version; not claimed to be exact first-publication-day bytes
2021,2021,RTR,South Tees Hospitals NHS Foundation Trust,Acute&Acute Community Trusts,Acute and Acute & Community Trusts,4.861264857507293,2862,1,Occupation Group,https://www.nhsstaffsurveys.com/static/46b2db369c445384221b113b2fb86324/Detailed-Spreadsheets.zip,2026-09-11T18:45:24.689309+00:00,564c07eb17f05d2fecda24f5a57c4d6022476189857d5f3420fdeb796146a7b0,NSS21 detailed spreadsheets organisational results.xlsx,11ad4e7ed84a7ea61c6b2fa8805e5a19a1d7c64bded3ad4f8a02c95b5603f3bb,PEOPLE PROMISE ELEMENTS,205,AC205,AD205,2022-05-09 07:38:33,Available annual archive version; not claimed to be exact first-publication-day bytes
2021,2021,RTX,University Hospitals of Morecambe Bay NHS Foundation Trust,Acute&Acute Community Trusts,Acute and Acute & Community Trusts,4.971131267469355,3426,1,Occupation Group,https://www.nhsstaffsurveys.com/static/46b2db369c445384221b113b2fb86324/Detailed-Spreadsheets.zip,2026-09-11T18:45:24.689309+00:00,564c07eb17f05d2fecda24f5a57c4d6022476189857d5f3420fdeb796146a7b0,NSS21 detailed spreadsheets organisational results.xlsx,11ad4e7ed84a7ea61c6b2fa8805e5a19a1d7c64bded3ad4f8a02c95b5603f3bb,PEOPLE PROMISE ELEMENTS,206,AC206,AD206,2022-05-09 07:38:33,Available annual archive version; not claimed to be exact first-publication-day bytes
2021,2021,RV3,Central and North West London NHS Foundation Trust,"MH&LD, MH, LD&Community Trusts","Mental Health & Learning Disability and Mental Health, Learning Disability & Community Trusts",5.210977406033674,3761,1,Occupation Group,https://www.nhsstaffsurveys.com/static/46b2db369c445384221b113b2fb86324/Detailed-Spreadsheets.zip,2026-09-11T18:45:24.689309+00:00,564c07eb17f05d2fecda24f5a57c4d6022476189857d5f3420fdeb796146a7b0,NSS21 detailed spreadsheets organisational results.xlsx,11ad4e7ed84a7ea61c6b2fa8805e5a19a1d7c64bded3ad4f8a02c95b5603f3bb,PEOPLE PROMISE ELEMENTS,207,AC207,AD207,2022-05-09 07:38:33,Available annual archive version; not claimed to be exact first-publication-day bytes
2021,2021,RV5,South London and Maudsley NHS Foundation Trust,"MH&LD, MH, LD&Community Trusts","Mental Health & Learning Disability and Mental Health, Learning Disability & Community Trusts",5.162510582863882,2723,1,Occupation Group,https://www.nhsstaffsurveys.com/static/46b2db369c445384221b113b2fb86324/Detailed-Spreadsheets.zip,2026-09-11T18:45:24.689309+00:00,564c07eb17f05d2fecda24f5a57c4d6022476189857d5f3420fdeb796146a7b0,NSS21 detailed spreadsheets organisational results.xlsx,11ad4e7ed84a7ea61c6b2fa8805e5a19a1d7c64bded3ad4f8a02c95b5603f3bb,PEOPLE PROMISE ELEMENTS,208,AC208,AD208,2022-05-09 07:38:33,Available annual archive version; not claimed to be exact first-publication-day bytes
2021,2021,RV9,Humber Teaching NHS Foundation Trust,"MH&LD, MH, LD&Community Trusts","Mental Health & Learning Disability and Mental Health, Learning Disability & Community Trusts",5.195285544598792,1300,1,Occupation Group,https://www.nhsstaffsurveys.com/static/46b2db369c445384221b113b2fb86324/Detailed-Spreadsheets.zip,2026-09-11T18:45:24.689309+00:00,564c07eb17f05d2fecda24f5a57c4d6022476189857d5f3420fdeb796146a7b0,NSS21 detailed spreadsheets organisational results.xlsx,11ad4e7ed84a7ea61c6b2fa8805e5a19a1d7c64bded3ad4f8a02c95b5603f3bb,PEOPLE PROMISE ELEMENTS,209,AC209,AD209,2022-05-09 07:38:33,Available annual archive version; not claimed to be exact first-publication-day bytes
2021,2021,RVJ,North Bristol NHS Trust,Acute&Acute Community Trusts,Acute and Acute & Community Trusts,4.7043757663867884,4471,1,Occupation Group,https://www.nhsstaffsurveys.com/static/46b2db369c445384221b113b2fb86324/Detailed-Spreadsheets.zip,2026-09-11T18:45:24.689309+00:00,564c07eb17f05d2fecda24f5a57c4d6022476189857d5f3420fdeb796146a7b0,NSS21 detailed spreadsheets organisational results.xlsx,11ad4e7ed84a7ea61c6b2fa8805e5a19a1d7c64bded3ad4f8a02c95b5603f3bb,PEOPLE PROMISE ELEMENTS,210,AC210,AD210,2022-05-09 07:38:33,Available annual archive version; not claimed to be exact first-publication-day bytes
2021,2021,RVN,Avon and Wiltshire Mental Health Partnership NHS Trust,"MH&LD, MH, LD&Community Trusts","Mental Health & Learning Disability and Mental Health, Learning Disability & Community Trusts",5.157413816324208,2457,1,Occupation Group,https://www.nhsstaffsurveys.com/static/46b2db369c445384221b113b2fb86324/Detailed-Spreadsheets.zip,2026-09-11T18:45:24.689309+00:00,564c07eb17f05d2fecda24f5a57c4d6022476189857d5f3420fdeb796146a7b0,NSS21 detailed spreadsheets organisational results.xlsx,11ad4e7ed84a7ea61c6b2fa8805e5a19a1d7c64bded3ad4f8a02c95b5603f3bb,PEOPLE PROMISE ELEMENTS,211,AC211,AD211,2022-05-09 07:38:33,Available annual archive version; not claimed to be exact first-publication-day bytes
2021,2021,RVR,Epsom and St Helier University Hospitals NHS Trust,Acute&Acute Community Trusts,Acute and Acute & Community Trusts,4.830418769847962,3897,1,Occupation Group,https://www.nhsstaffsurveys.com/static/46b2db369c445384221b113b2fb86324/Detailed-Spreadsheets.zip,2026-09-11T18:45:24.689309+00:00,564c07eb17f05d2fecda24f5a57c4d6022476189857d5f3420fdeb796146a7b0,NSS21 detailed spreadsheets organisational results.xlsx,11ad4e7ed84a7ea61c6b2fa8805e5a19a1d7c64bded3ad4f8a02c95b5603f3bb,PEOPLE PROMISE ELEMENTS,212,AC212,AD212,2022-05-09 07:38:33,Available annual archive version; not claimed to be exact first-publication-day bytes
2021,2021,RVV,East Kent Hospitals University NHS Foundation Trust,Acute&Acute Community Trusts,Acute and Acute & Community Trusts,4.633255796356315,4412,1,Occupation Group,https://www.nhsstaffsurveys.com/static/46b2db369c445384221b113b2fb86324/Detailed-Spreadsheets.zip,2026-09-11T18:45:24.689309+00:00,564c07eb17f05d2fecda24f5a57c4d6022476189857d5f3420fdeb796146a7b0,NSS21 detailed spreadsheets organisational results.xlsx,11ad4e7ed84a7ea61c6b2fa8805e5a19a1d7c64bded3ad4f8a02c95b5603f3bb,PEOPLE PROMISE ELEMENTS,213,AC213,AD213,2022-05-09 07:38:33,Available annual archive version; not claimed to be exact first-publication-day bytes
2021,2021,RVW,North Tees and Hartlepool NHS Foundation Trust,Acute&Acute Community Trusts,Acute and Acute & Community Trusts,5.083408789000991,2409,1,Occupation Group,https://www.nhsstaffsurveys.com/static/46b2db369c445384221b113b2fb86324/Detailed-Spreadsheets.zip,2026-09-11T18:45:24.689309+00:00,564c07eb17f05d2fecda24f5a57c4d6022476189857d5f3420fdeb796146a7b0,NSS21 detailed spreadsheets organisational results.xlsx,11ad4e7ed84a7ea61c6b2fa8805e5a19a1d7c64bded3ad4f8a02c95b5603f3bb,PEOPLE PROMISE ELEMENTS,214,AC214,AD214,2022-05-09 07:38:33,Available annual archive version; not claimed to be exact first-publication-day bytes
2021,2021,RVY,Southport and Ormskirk Hospital NHS Trust,Acute&Acute Community Trusts,Acute and Acute & Community Trusts,5.046665477675065,1327,1,Occupation Group,https://www.nhsstaffsurveys.com/static/46b2db369c445384221b113b2fb86324/Detailed-Spreadsheets.zip,2026-09-11T18:45:24.689309+00:00,564c07eb17f05d2fecda24f5a57c4d6022476189857d5f3420fdeb796146a7b0,NSS21 detailed spreadsheets organisational results.xlsx,11ad4e7ed84a7ea61c6b2fa8805e5a19a1d7c64bded3ad4f8a02c95b5603f3bb,PEOPLE PROMISE ELEMENTS,215,AC215,AD215,2022-05-09 07:38:33,Available annual archive version; not claimed to be exact first-publication-day bytes
2021,2021,RW1,Southern Health NHS Foundation Trust,"MH&LD, MH, LD&Community Trusts","Mental Health & Learning Disability and Mental Health, Learning Disability & Community Trusts",5.165894919189096,2229,1,Occupation Group,https://www.nhsstaffsurveys.com/static/46b2db369c445384221b113b2fb86324/Detailed-Spreadsheets.zip,2026-09-11T18:45:24.689309+00:00,564c07eb17f05d2fecda24f5a57c4d6022476189857d5f3420fdeb796146a7b0,NSS21 detailed spreadsheets organisational results.xlsx,11ad4e7ed84a7ea61c6b2fa8805e5a19a1d7c64bded3ad4f8a02c95b5603f3bb,PEOPLE PROMISE ELEMENTS,216,AC216,AD216,2022-05-09 07:38:33,Available annual archive version; not claimed to be exact first-publication-day bytes
2021,2021,RW4,Mersey Care NHS Foundation Trust,"MH&LD, MH, LD&Community Trusts","Mental Health & Learning Disability and Mental Health, Learning Disability & Community Trusts",5.212598457997356,3462,1,Occupation Group,https://www.nhsstaffsurveys.com/static/46b2db369c445384221b113b2fb86324/Detailed-Spreadsheets.zip,2026-09-11T18:45:24.689309+00:00,564c07eb17f05d2fecda24f5a57c4d6022476189857d5f3420fdeb796146a7b0,NSS21 detailed spreadsheets organisational results.xlsx,11ad4e7ed84a7ea61c6b2fa8805e5a19a1d7c64bded3ad4f8a02c95b5603f3bb,PEOPLE PROMISE ELEMENTS,217,AC217,AD217,2022-05-09 07:38:33,Available annual archive version; not claimed to be exact first-publication-day bytes
2021,2021,RW5,Lancashire and South Cumbria NHS Foundation Trust,"MH&LD, MH, LD&Community Trusts","Mental Health & Learning Disability and Mental Health, Learning Disability & Community Trusts",5.1180157942310265,3375,1,Occupation Group,https://www.nhsstaffsurveys.com/static/46b2db369c445384221b113b2fb86324/Detailed-Spreadsheets.zip,2026-09-11T18:45:24.689309+00:00,564c07eb17f05d2fecda24f5a57c4d6022476189857d5f3420fdeb796146a7b0,NSS21 detailed spreadsheets organisational results.xlsx,11ad4e7ed84a7ea61c6b2fa8805e5a19a1d7c64bded3ad4f8a02c95b5603f3bb,PEOPLE PROMISE ELEMENTS,218,AC218,AD218,2022-05-09 07:38:33,Available annual archive version; not claimed to be exact first-publication-day bytes
2021,2021,RW6,Pennine Acute Hospitals NHS Trust,Acute&Acute Community Trusts,Acute and Acute & Community Trusts,4.601995555192034,3264,1,Occupation Group,https://www.nhsstaffsurveys.com/static/46b2db369c445384221b113b2fb86324/Detailed-Spreadsheets.zip,2026-09-11T18:45:24.689309+00:00,564c07eb17f05d2fecda24f5a57c4d6022476189857d5f3420fdeb796146a7b0,NSS21 detailed spreadsheets organisational results.xlsx,11ad4e7ed84a7ea61c6b2fa8805e5a19a1d7c64bded3ad4f8a02c95b5603f3bb,PEOPLE PROMISE ELEMENTS,219,AC219,AD219,2022-05-09 07:38:33,Available annual archive version; not claimed to be exact first-publication-day bytes
2021,2021,RWA,Hull University Teaching Hospitals NHS Trust,Acute&Acute Community Trusts,Acute and Acute & Community Trusts,4.732101582061597,3822,1,Occupation Group,https://www.nhsstaffsurveys.com/static/46b2db369c445384221b113b2fb86324/Detailed-Spreadsheets.zip,2026-09-11T18:45:24.689309+00:00,564c07eb17f05d2fecda24f5a57c4d6022476189857d5f3420fdeb796146a7b0,NSS21 detailed spreadsheets organisational results.xlsx,11ad4e7ed84a7ea61c6b2fa8805e5a19a1d7c64bded3ad4f8a02c95b5603f3bb,PEOPLE PROMISE ELEMENTS,220,AC220,AD220,2022-05-09 07:38:33,Available annual archive version; not claimed to be exact first-publication-day bytes
2021,2021,RWD,United Lincolnshire Hospitals NHS Trust,Acute&Acute Community Trusts,Acute and Acute & Community Trusts,4.536709513551093,3911,1,Occupation Group,https://www.nhsstaffsurveys.com/static/46b2db369c445384221b113b2fb86324/Detailed-Spreadsheets.zip,2026-09-11T18:45:24.689309+00:00,564c07eb17f05d2fecda24f5a57c4d6022476189857d5f3420fdeb796146a7b0,NSS21 detailed spreadsheets organisational results.xlsx,11ad4e7ed84a7ea61c6b2fa8805e5a19a1d7c64bded3ad4f8a02c95b5603f3bb,PEOPLE PROMISE ELEMENTS,221,AC221,AD221,2022-05-09 07:38:33,Available annual archive version; not claimed to be exact first-publication-day bytes
2021,2021,RWE,University Hospitals of Leicester NHS Trust,Acute&Acute Community Trusts,Acute and Acute & Community Trusts,4.812237937655797,6910,1,Occupation Group,https://www.nhsstaffsurveys.com/static/46b2db369c445384221b113b2fb86324/Detailed-Spreadsheets.zip,2026-09-11T18:45:24.689309+00:00,564c07eb17f05d2fecda24f5a57c4d6022476189857d5f3420fdeb796146a7b0,NSS21 detailed spreadsheets organisational results.xlsx,11ad4e7ed84a7ea61c6b2fa8805e5a19a1d7c64bded3ad4f8a02c95b5603f3bb,PEOPLE PROMISE ELEMENTS,222,AC222,AD222,2022-05-09 07:38:33,Available annual archive version; not claimed to be exact first-publication-day bytes
2021,2021,RWF,Maidstone and Tunbridge Wells NHS Trust,Acute&Acute Community Trusts,Acute and Acute & Community Trusts,4.881000372712467,3376,1,Occupation Group,https://www.nhsstaffsurveys.com/static/46b2db369c445384221b113b2fb86324/Detailed-Spreadsheets.zip,2026-09-11T18:45:24.689309+00:00,564c07eb17f05d2fecda24f5a57c4d6022476189857d5f3420fdeb796146a7b0,NSS21 detailed spreadsheets organisational results.xlsx,11ad4e7ed84a7ea61c6b2fa8805e5a19a1d7c64bded3ad4f8a02c95b5603f3bb,PEOPLE PROMISE ELEMENTS,223,AC223,AD223,2022-05-09 07:38:33,Available annual archive version; not claimed to be exact first-publication-day bytes
2021,2021,RWG,West Hertfordshire Hospitals NHS Trust,Acute&Acute Community Trusts,Acute and Acute & Community Trusts,4.877393974835999,2531,1,Occupation Group,https://www.nhsstaffsurveys.com/static/46b2db369c445384221b113b2fb86324/Detailed-Spreadsheets.zip,2026-09-11T18:45:24.689309+00:00,564c07eb17f05d2fecda24f5a57c4d6022476189857d5f3420fdeb796146a7b0,NSS21 detailed spreadsheets organisational results.xlsx,11ad4e7ed84a7ea61c6b2fa8805e5a19a1d7c64bded3ad4f8a02c95b5603f3bb,PEOPLE PROMISE ELEMENTS,224,AC224,AD224,2022-05-09 07:38:33,Available annual archive version; not claimed to be exact first-publication-day bytes
2021,2021,RWH,East and North Hertfordshire NHS Trust,Acute&Acute Community Trusts,Acute and Acute & Community Trusts,4.850318205637093,2631,1,Occupation Group,https://www.nhsstaffsurveys.com/static/46b2db369c445384221b113b2fb86324/Detailed-Spreadsheets.zip,2026-09-11T18:45:24.689309+00:00,564c07eb17f05d2fecda24f5a57c4d6022476189857d5f3420fdeb796146a7b0,NSS21 detailed spreadsheets organisational results.xlsx,11ad4e7ed84a7ea61c6b2fa8805e5a19a1d7c64bded3ad4f8a02c95b5603f3bb,PEOPLE PROMISE ELEMENTS,225,AC225,AD225,2022-05-09 07:38:33,Available annual archive version; not claimed to be exact first-publication-day bytes
2021,2021,RWJ,Stockport NHS Foundation Trust,Acute&Acute Community Trusts,Acute and Acute & Community Trusts,4.810782946499992,2259,1,Occupation Group,https://www.nhsstaffsurveys.com/static/46b2db369c445384221b113b2fb86324/Detailed-Spreadsheets.zip,2026-09-11T18:45:24.689309+00:00,564c07eb17f05d2fecda24f5a57c4d6022476189857d5f3420fdeb796146a7b0,NSS21 detailed spreadsheets organisational results.xlsx,11ad4e7ed84a7ea61c6b2fa8805e5a19a1d7c64bded3ad4f8a02c95b5603f3bb,PEOPLE PROMISE ELEMENTS,226,AC226,AD226,2022-05-09 07:38:33,Available annual archive version; not claimed to be exact first-publication-day bytes
2021,2021,RWK,East London NHS Foundation Trust,"MH&LD, MH, LD&Community Trusts","Mental Health & Learning Disability and Mental Health, Learning Disability & Community Trusts",5.048754597493071,2506,1,Occupation Group,https://www.nhsstaffsurveys.com/static/46b2db369c445384221b113b2fb86324/Detailed-Spreadsheets.zip,2026-09-11T18:45:24.689309+00:00,564c07eb17f05d2fecda24f5a57c4d6022476189857d5f3420fdeb796146a7b0,NSS21 detailed spreadsheets organisational results.xlsx,11ad4e7ed84a7ea61c6b2fa8805e5a19a1d7c64bded3ad4f8a02c95b5603f3bb,PEOPLE PROMISE ELEMENTS,227,AC227,AD227,2022-05-09 07:38:33,Available annual archive version; not claimed to be exact first-publication-day bytes
2021,2021,RWP,Worcestershire Acute Hospitals NHS Trust,Acute&Acute Community Trusts,Acute and Acute & Community Trusts,4.762320946899089,2874,1,Occupation Group,https://www.nhsstaffsurveys.com/static/46b2db369c445384221b113b2fb86324/Detailed-Spreadsheets.zip,2026-09-11T18:45:24.689309+00:00,564c07eb17f05d2fecda24f5a57c4d6022476189857d5f3420fdeb796146a7b0,NSS21 detailed spreadsheets organisational results.xlsx,11ad4e7ed84a7ea61c6b2fa8805e5a19a1d7c64bded3ad4f8a02c95b5603f3bb,PEOPLE PROMISE ELEMENTS,228,AC228,AD228,2022-05-09 07:38:33,Available annual archive version; not claimed to be exact first-publication-day bytes
2021,2021,RWR,Hertfordshire Partnership University NHS Foundation Trust,"MH&LD, MH, LD&Community Trusts","Mental Health & Learning Disability and Mental Health, Learning Disability & Community Trusts",5.1599334286575065,1755,1,Occupation Group,https://www.nhsstaffsurveys.com/static/46b2db369c445384221b113b2fb86324/Detailed-Spreadsheets.zip,2026-09-11T18:45:24.689309+00:00,564c07eb17f05d2fecda24f5a57c4d6022476189857d5f3420fdeb796146a7b0,NSS21 detailed spreadsheets organisational results.xlsx,11ad4e7ed84a7ea61c6b2fa8805e5a19a1d7c64bded3ad4f8a02c95b5603f3bb,PEOPLE PROMISE ELEMENTS,229,AC229,AD229,2022-05-09 07:38:33,Available annual archive version; not claimed to be exact first-publication-day bytes
2021,2021,RWV,Devon Partnership NHS Trust,"MH&LD, MH, LD&Community Trusts","Mental Health & Learning Disability and Mental Health, Learning Disability & Community Trusts",5.176512119843056,1879,1,Occupation Group,https://www.nhsstaffsurveys.com/static/46b2db369c445384221b113b2fb86324/Detailed-Spreadsheets.zip,2026-09-11T18:45:24.689309+00:00,564c07eb17f05d2fecda24f5a57c4d6022476189857d5f3420fdeb796146a7b0,NSS21 detailed spreadsheets organisational results.xlsx,11ad4e7ed84a7ea61c6b2fa8805e5a19a1d7c64bded3ad4f8a02c95b5603f3bb,PEOPLE PROMISE ELEMENTS,230,AC230,AD230,2022-05-09 07:38:33,Available annual archive version; not claimed to be exact first-publication-day bytes
2021,2021,RWW,Warrington and Halton Teaching Hospitals NHS Foundation Trust,Acute&Acute Community Trusts,Acute and Acute & Community Trusts,5.044571337176017,1737,1,Occupation Group,https://www.nhsstaffsurveys.com/static/46b2db369c445384221b113b2fb86324/Detailed-Spreadsheets.zip,2026-09-11T18:45:24.689309+00:00,564c07eb17f05d2fecda24f5a57c4d6022476189857d5f3420fdeb796146a7b0,NSS21 detailed spreadsheets organisational results.xlsx,11ad4e7ed84a7ea61c6b2fa8805e5a19a1d7c64bded3ad4f8a02c95b5603f3bb,PEOPLE PROMISE ELEMENTS,231,AC231,AD231,2022-05-09 07:38:33,Available annual archive version; not claimed to be exact first-publication-day bytes
2021,2021,RWX,Berkshire Healthcare NHS Foundation Trust,"MH&LD, MH, LD&Community Trusts","Mental Health & Learning Disability and Mental Health, Learning Disability & Community Trusts",5.280660540043785,2608,1,Occupation Group,https://www.nhsstaffsurveys.com/static/46b2db369c445384221b113b2fb86324/Detailed-Spreadsheets.zip,2026-09-11T18:45:24.689309+00:00,564c07eb17f05d2fecda24f5a57c4d6022476189857d5f3420fdeb796146a7b0,NSS21 detailed spreadsheets organisational results.xlsx,11ad4e7ed84a7ea61c6b2fa8805e5a19a1d7c64bded3ad4f8a02c95b5603f3bb,PEOPLE PROMISE ELEMENTS,232,AC232,AD232,2022-05-09 07:38:33,Available annual archive version; not claimed to be exact first-publication-day bytes
2021,2021,RWY,Calderdale and Huddersfield NHS Foundation Trust,Acute&Acute Community Trusts,Acute and Acute & Community Trusts,4.572461053758478,2683,1,Occupation Group,https://www.nhsstaffsurveys.com/static/46b2db369c445384221b113b2fb86324/Detailed-Spreadsheets.zip,2026-09-11T18:45:24.689309+00:00,564c07eb17f05d2fecda24f5a57c4d6022476189857d5f3420fdeb796146a7b0,NSS21 detailed spreadsheets organisational results.xlsx,11ad4e7ed84a7ea61c6b2fa8805e5a19a1d7c64bded3ad4f8a02c95b5603f3bb,PEOPLE PROMISE ELEMENTS,233,AC233,AD233,2022-05-09 07:38:33,Available annual archive version; not claimed to be exact first-publication-day bytes
2021,2021,RX1,Nottingham University Hospitals NHS Trust,Acute&Acute Community Trusts,Acute and Acute & Community Trusts,4.700260592356418,6715,1,Occupation Group,https://www.nhsstaffsurveys.com/static/46b2db369c445384221b113b2fb86324/Detailed-Spreadsheets.zip,2026-09-11T18:45:24.689309+00:00,564c07eb17f05d2fecda24f5a57c4d6022476189857d5f3420fdeb796146a7b0,NSS21 detailed spreadsheets organisational results.xlsx,11ad4e7ed84a7ea61c6b2fa8805e5a19a1d7c64bded3ad4f8a02c95b5603f3bb,PEOPLE PROMISE ELEMENTS,234,AC234,AD234,2022-05-09 07:38:33,Available annual archive version; not claimed to be exact first-publication-day bytes
2021,2021,RX2,Sussex Partnership NHS Foundation Trust,"MH&LD, MH, LD&Community Trusts","Mental Health & Learning Disability and Mental Health, Learning Disability & Community Trusts",4.95989246524745,2745,1,Occupation Group,https://www.nhsstaffsurveys.com/static/46b2db369c445384221b113b2fb86324/Detailed-Spreadsheets.zip,2026-09-11T18:45:24.689309+00:00,564c07eb17f05d2fecda24f5a57c4d6022476189857d5f3420fdeb796146a7b0,NSS21 detailed spreadsheets organisational results.xlsx,11ad4e7ed84a7ea61c6b2fa8805e5a19a1d7c64bded3ad4f8a02c95b5603f3bb,PEOPLE PROMISE ELEMENTS,235,AC235,AD235,2022-05-09 07:38:33,Available annual archive version; not claimed to be exact first-publication-day bytes
2021,2021,RX3,"Tees, Esk and Wear Valleys NHS Foundation Trust","MH&LD, MH, LD&Community Trusts","Mental Health & Learning Disability and Mental Health, Learning Disability & Community Trusts",5.044780350738317,3641,1,Occupation Group,https://www.nhsstaffsurveys.com/static/46b2db369c445384221b113b2fb86324/Detailed-Spreadsheets.zip,2026-09-11T18:45:24.689309+00:00,564c07eb17f05d2fecda24f5a57c4d6022476189857d5f3420fdeb796146a7b0,NSS21 detailed spreadsheets organisational results.xlsx,11ad4e7ed84a7ea61c6b2fa8805e5a19a1d7c64bded3ad4f8a02c95b5603f3bb,PEOPLE PROMISE ELEMENTS,236,AC236,AD236,2022-05-09 07:38:33,Available annual archive version; not claimed to be exact first-publication-day bytes
2021,2021,RX4,"Cumbria, Northumberland, Tyne and Wear NHS Foundation Trust","MH&LD, MH, LD&Community Trusts","Mental Health & Learning Disability and Mental Health, Learning Disability & Community Trusts",5.303457414124824,3169,1,Occupation Group,https://www.nhsstaffsurveys.com/static/46b2db369c445384221b113b2fb86324/Detailed-Spreadsheets.zip,2026-09-11T18:45:24.689309+00:00,564c07eb17f05d2fecda24f5a57c4d6022476189857d5f3420fdeb796146a7b0,NSS21 detailed spreadsheets organisational results.xlsx,11ad4e7ed84a7ea61c6b2fa8805e5a19a1d7c64bded3ad4f8a02c95b5603f3bb,PEOPLE PROMISE ELEMENTS,237,AC237,AD237,2022-05-09 07:38:33,Available annual archive version; not claimed to be exact first-publication-day bytes
2021,2021,RX6,North East Ambulance Service NHS Foundation Trust,Ambulance Trusts,Ambulance Trusts,4.270283087732235,1453,1,Occupation Group,https://www.nhsstaffsurveys.com/static/46b2db369c445384221b113b2fb86324/Detailed-Spreadsheets.zip,2026-09-11T18:45:24.689309+00:00,564c07eb17f05d2fecda24f5a57c4d6022476189857d5f3420fdeb796146a7b0,NSS21 detailed spreadsheets organisational results.xlsx,11ad4e7ed84a7ea61c6b2fa8805e5a19a1d7c64bded3ad4f8a02c95b5603f3bb,PEOPLE PROMISE ELEMENTS,238,AC238,AD238,2022-05-09 07:38:33,Available annual archive version; not claimed to be exact first-publication-day bytes
2021,2021,RX7,North West Ambulance Service NHS Trust,Ambulance Trusts,Ambulance Trusts,4.292844319864868,2232,1,Occupation Group,https://www.nhsstaffsurveys.com/static/46b2db369c445384221b113b2fb86324/Detailed-Spreadsheets.zip,2026-09-11T18:45:24.689309+00:00,564c07eb17f05d2fecda24f5a57c4d6022476189857d5f3420fdeb796146a7b0,NSS21 detailed spreadsheets organisational results.xlsx,11ad4e7ed84a7ea61c6b2fa8805e5a19a1d7c64bded3ad4f8a02c95b5603f3bb,PEOPLE PROMISE ELEMENTS,239,AC239,AD239,2022-05-09 07:38:33,Available annual archive version; not claimed to be exact first-publication-day bytes
2021,2021,RX8,Yorkshire Ambulance Service NHS Trust,Ambulance Trusts,Ambulance Trusts,4.1816740580998735,1916,1,Occupation Group,https://www.nhsstaffsurveys.com/static/46b2db369c445384221b113b2fb86324/Detailed-Spreadsheets.zip,2026-09-11T18:45:24.689309+00:00,564c07eb17f05d2fecda24f5a57c4d6022476189857d5f3420fdeb796146a7b0,NSS21 detailed spreadsheets organisational results.xlsx,11ad4e7ed84a7ea61c6b2fa8805e5a19a1d7c64bded3ad4f8a02c95b5603f3bb,PEOPLE PROMISE ELEMENTS,240,AC240,AD240,2022-05-09 07:38:33,Available annual archive version; not claimed to be exact first-publication-day bytes
2021,2021,RX9,East Midlands Ambulance Service NHS Trust,Ambulance Trusts,Ambulance Trusts,4.406521371889653,2191,1,Occupation Group,https://www.nhsstaffsurveys.com/static/46b2db369c445384221b113b2fb86324/Detailed-Spreadsheets.zip,2026-09-11T18:45:24.689309+00:00,564c07eb17f05d2fecda24f5a57c4d6022476189857d5f3420fdeb796146a7b0,NSS21 detailed spreadsheets organisational results.xlsx,11ad4e7ed84a7ea61c6b2fa8805e5a19a1d7c64bded3ad4f8a02c95b5603f3bb,PEOPLE PROMISE ELEMENTS,241,AC241,AD241,2022-05-09 07:38:33,Available annual archive version; not claimed to be exact first-publication-day bytes
2021,2021,RXA,Cheshire and Wirral Partnership NHS Foundation Trust,"MH&LD, MH, LD&Community Trusts","Mental Health & Learning Disability and Mental Health, Learning Disability & Community Trusts",5.20018256167063,1853,1,Occupation Group,https://www.nhsstaffsurveys.com/static/46b2db369c445384221b113b2fb86324/Detailed-Spreadsheets.zip,2026-09-11T18:45:24.689309+00:00,564c07eb17f05d2fecda24f5a57c4d6022476189857d5f3420fdeb796146a7b0,NSS21 detailed spreadsheets organisational results.xlsx,11ad4e7ed84a7ea61c6b2fa8805e5a19a1d7c64bded3ad4f8a02c95b5603f3bb,PEOPLE PROMISE ELEMENTS,242,AC242,AD242,2022-05-09 07:38:33,Available annual archive version; not claimed to be exact first-publication-day bytes
2021,2021,RXC,East Sussex Healthcare NHS Trust,Acute&Acute Community Trusts,Acute and Acute & Community Trusts,4.945844766552139,3666,1,Occupation Group,https://www.nhsstaffsurveys.com/static/46b2db369c445384221b113b2fb86324/Detailed-Spreadsheets.zip,2026-09-11T18:45:24.689309+00:00,564c07eb17f05d2fecda24f5a57c4d6022476189857d5f3420fdeb796146a7b0,NSS21 detailed spreadsheets organisational results.xlsx,11ad4e7ed84a7ea61c6b2fa8805e5a19a1d7c64bded3ad4f8a02c95b5603f3bb,PEOPLE PROMISE ELEMENTS,243,AC243,AD243,2022-05-09 07:38:33,Available annual archive version; not claimed to be exact first-publication-day bytes
2021,2021,RXE,Rotherham Doncaster and South Humber NHS Foundation Trust,"MH&LD, MH, LD&Community Trusts","Mental Health & Learning Disability and Mental Health, Learning Disability & Community Trusts",5.269511462240349,1911,1,Occupation Group,https://www.nhsstaffsurveys.com/static/46b2db369c445384221b113b2fb86324/Detailed-Spreadsheets.zip,2026-09-11T18:45:24.689309+00:00,564c07eb17f05d2fecda24f5a57c4d6022476189857d5f3420fdeb796146a7b0,NSS21 detailed spreadsheets organisational results.xlsx,11ad4e7ed84a7ea61c6b2fa8805e5a19a1d7c64bded3ad4f8a02c95b5603f3bb,PEOPLE PROMISE ELEMENTS,244,AC244,AD244,2022-05-09 07:38:33,Available annual archive version; not claimed to be exact first-publication-day bytes
2021,2021,RXF,The Mid Yorkshire Hospitals NHS Trust,Acute&Acute Community Trusts,Acute and Acute & Community Trusts,4.824181975092665,3953,1,Occupation Group,https://www.nhsstaffsurveys.com/static/46b2db369c445384221b113b2fb86324/Detailed-Spreadsheets.zip,2026-09-11T18:45:24.689309+00:00,564c07eb17f05d2fecda24f5a57c4d6022476189857d5f3420fdeb796146a7b0,NSS21 detailed spreadsheets organisational results.xlsx,11ad4e7ed84a7ea61c6b2fa8805e5a19a1d7c64bded3ad4f8a02c95b5603f3bb,PEOPLE PROMISE ELEMENTS,245,AC245,AD245,2022-05-09 07:38:33,Available annual archive version; not claimed to be exact first-publication-day bytes
2021,2021,RXG,South West Yorkshire Partnership NHS Foundation Trust,"MH&LD, MH, LD&Community Trusts","Mental Health & Learning Disability and Mental Health, Learning Disability & Community Trusts",5.3662210393138565,1829,1,Occupation Group,https://www.nhsstaffsurveys.com/static/46b2db369c445384221b113b2fb86324/Detailed-Spreadsheets.zip,2026-09-11T18:45:24.689309+00:00,564c07eb17f05d2fecda24f5a57c4d6022476189857d5f3420fdeb796146a7b0,NSS21 detailed spreadsheets organisational results.xlsx,11ad4e7ed84a7ea61c6b2fa8805e5a19a1d7c64bded3ad4f8a02c95b5603f3bb,PEOPLE PROMISE ELEMENTS,246,AC246,AD246,2022-05-09 07:38:33,Available annual archive version; not claimed to be exact first-publication-day bytes
2021,2021,RXK,Sandwell and West Birmingham Hospitals NHS Trust,Acute&Acute Community Trusts,Acute and Acute & Community Trusts,4.725064959833327,2905,1,Occupation Group,https://www.nhsstaffsurveys.com/static/46b2db369c445384221b113b2fb86324/Detailed-Spreadsheets.zip,2026-09-11T18:45:24.689309+00:00,564c07eb17f05d2fecda24f5a57c4d6022476189857d5f3420fdeb796146a7b0,NSS21 detailed spreadsheets organisational results.xlsx,11ad4e7ed84a7ea61c6b2fa8805e5a19a1d7c64bded3ad4f8a02c95b5603f3bb,PEOPLE PROMISE ELEMENTS,247,AC247,AD247,2022-05-09 07:38:33,Available annual archive version; not claimed to be exact first-publication-day bytes
2021,2021,RXL,Blackpool Teaching Hospitals NHS Foundation Trust,Acute&Acute Community Trusts,Acute and Acute & Community Trusts,4.982546665693889,4192,1,Occupation Group,https://www.nhsstaffsurveys.com/static/46b2db369c445384221b113b2fb86324/Detailed-Spreadsheets.zip,2026-09-11T18:45:24.689309+00:00,564c07eb17f05d2fecda24f5a57c4d6022476189857d5f3420fdeb796146a7b0,NSS21 detailed spreadsheets organisational results.xlsx,11ad4e7ed84a7ea61c6b2fa8805e5a19a1d7c64bded3ad4f8a02c95b5603f3bb,PEOPLE PROMISE ELEMENTS,248,AC248,AD248,2022-05-09 07:38:33,Available annual archive version; not claimed to be exact first-publication-day bytes
2021,2021,RXM,Derbyshire Healthcare NHS Foundation Trust,"MH&LD, MH, LD&Community Trusts","Mental Health & Learning Disability and Mental Health, Learning Disability & Community Trusts",5.451858540493509,1695,1,Occupation Group,https://www.nhsstaffsurveys.com/static/46b2db369c445384221b113b2fb86324/Detailed-Spreadsheets.zip,2026-09-11T18:45:24.689309+00:00,564c07eb17f05d2fecda24f5a57c4d6022476189857d5f3420fdeb796146a7b0,NSS21 detailed spreadsheets organisational results.xlsx,11ad4e7ed84a7ea61c6b2fa8805e5a19a1d7c64bded3ad4f8a02c95b5603f3bb,PEOPLE PROMISE ELEMENTS,249,AC249,AD249,2022-05-09 07:38:33,Available annual archive version; not claimed to be exact first-publication-day bytes
2021,2021,RXN,Lancashire Teaching Hospitals NHS Foundation Trust,Acute&Acute Community Trusts,Acute and Acute & Community Trusts,4.929143916570059,3990,1,Occupation Group,https://www.nhsstaffsurveys.com/static/46b2db369c445384221b113b2fb86324/Detailed-Spreadsheets.zip,2026-09-11T18:45:24.689309+00:00,564c07eb17f05d2fecda24f5a57c4d6022476189857d5f3420fdeb796146a7b0,NSS21 detailed spreadsheets organisational results.xlsx,11ad4e7ed84a7ea61c6b2fa8805e5a19a1d7c64bded3ad4f8a02c95b5603f3bb,PEOPLE PROMISE ELEMENTS,250,AC250,AD250,2022-05-09 07:38:33,Available annual archive version; not claimed to be exact first-publication-day bytes
2021,2021,RXP,County Durham and Darlington NHS Foundation Trust,Acute&Acute Community Trusts,Acute and Acute & Community Trusts,4.606162050181518,3437,1,Occupation Group,https://www.nhsstaffsurveys.com/static/46b2db369c445384221b113b2fb86324/Detailed-Spreadsheets.zip,2026-09-11T18:45:24.689309+00:00,564c07eb17f05d2fecda24f5a57c4d6022476189857d5f3420fdeb796146a7b0,NSS21 detailed spreadsheets organisational results.xlsx,11ad4e7ed84a7ea61c6b2fa8805e5a19a1d7c64bded3ad4f8a02c95b5603f3bb,PEOPLE PROMISE ELEMENTS,251,AC251,AD251,2022-05-09 07:38:33,Available annual archive version; not claimed to be exact first-publication-day bytes
2021,2021,RXQ,Buckinghamshire Healthcare NHS Trust,Acute&Acute Community Trusts,Acute and Acute & Community Trusts,4.936517019416299,3447,1,Occupation Group,https://www.nhsstaffsurveys.com/static/46b2db369c445384221b113b2fb86324/Detailed-Spreadsheets.zip,2026-09-11T18:45:24.689309+00:00,564c07eb17f05d2fecda24f5a57c4d6022476189857d5f3420fdeb796146a7b0,NSS21 detailed spreadsheets organisational results.xlsx,11ad4e7ed84a7ea61c6b2fa8805e5a19a1d7c64bded3ad4f8a02c95b5603f3bb,PEOPLE PROMISE ELEMENTS,252,AC252,AD252,2022-05-09 07:38:33,Available annual archive version; not claimed to be exact first-publication-day bytes
2021,2021,RXR,East Lancashire Hospitals NHS Trust,Acute&Acute Community Trusts,Acute and Acute & Community Trusts,4.916909169104694,5109,1,Occupation Group,https://www.nhsstaffsurveys.com/static/46b2db369c445384221b113b2fb86324/Detailed-Spreadsheets.zip,2026-09-11T18:45:24.689309+00:00,564c07eb17f05d2fecda24f5a57c4d6022476189857d5f3420fdeb796146a7b0,NSS21 detailed spreadsheets organisational results.xlsx,11ad4e7ed84a7ea61c6b2fa8805e5a19a1d7c64bded3ad4f8a02c95b5603f3bb,PEOPLE PROMISE ELEMENTS,253,AC253,AD253,2022-05-09 07:38:33,Available annual archive version; not claimed to be exact first-publication-day bytes
2021,2021,RXT,Birmingham and Solihull Mental Health NHS Foundation Trust,"MH&LD, MH, LD&Community Trusts","Mental Health & Learning Disability and Mental Health, Learning Disability & Community Trusts",5.127337399183675,2167,1,Occupation Group,https://www.nhsstaffsurveys.com/static/46b2db369c445384221b113b2fb86324/Detailed-Spreadsheets.zip,2026-09-11T18:45:24.689309+00:00,564c07eb17f05d2fecda24f5a57c4d6022476189857d5f3420fdeb796146a7b0,NSS21 detailed spreadsheets organisational results.xlsx,11ad4e7ed84a7ea61c6b2fa8805e5a19a1d7c64bded3ad4f8a02c95b5603f3bb,PEOPLE PROMISE ELEMENTS,254,AC254,AD254,2022-05-09 07:38:33,Available annual archive version; not claimed to be exact first-publication-day bytes
2021,2021,RXV,Greater Manchester Mental Health NHS Foundation Trust,"MH&LD, MH, LD&Community Trusts","Mental Health & Learning Disability and Mental Health, Learning Disability & Community Trusts",5.0181472508973375,2814,1,Occupation Group,https://www.nhsstaffsurveys.com/static/46b2db369c445384221b113b2fb86324/Detailed-Spreadsheets.zip,2026-09-11T18:45:24.689309+00:00,564c07eb17f05d2fecda24f5a57c4d6022476189857d5f3420fdeb796146a7b0,NSS21 detailed spreadsheets organisational results.xlsx,11ad4e7ed84a7ea61c6b2fa8805e5a19a1d7c64bded3ad4f8a02c95b5603f3bb,PEOPLE PROMISE ELEMENTS,255,AC255,AD255,2022-05-09 07:38:33,Available annual archive version; not claimed to be exact first-publication-day bytes
2021,2021,RXW,The Shrewsbury and Telford Hospital NHS Trust,Acute&Acute Community Trusts,Acute and Acute & Community Trusts,4.592789694159181,3000,1,Occupation Group,https://www.nhsstaffsurveys.com/static/46b2db369c445384221b113b2fb86324/Detailed-Spreadsheets.zip,2026-09-11T18:45:24.689309+00:00,564c07eb17f05d2fecda24f5a57c4d6022476189857d5f3420fdeb796146a7b0,NSS21 detailed spreadsheets organisational results.xlsx,11ad4e7ed84a7ea61c6b2fa8805e5a19a1d7c64bded3ad4f8a02c95b5603f3bb,PEOPLE PROMISE ELEMENTS,256,AC256,AD256,2022-05-09 07:38:33,Available annual archive version; not claimed to be exact first-publication-day bytes
2021,2021,RXX,Surrey and Borders Partnership NHS Foundation Trust,"MH&LD, MH, LD&Community Trusts","Mental Health & Learning Disability and Mental Health, Learning Disability & Community Trusts",5.40970735635665,1511,1,Occupation Group,https://www.nhsstaffsurveys.com/static/46b2db369c445384221b113b2fb86324/Detailed-Spreadsheets.zip,2026-09-11T18:45:24.689309+00:00,564c07eb17f05d2fecda24f5a57c4d6022476189857d5f3420fdeb796146a7b0,NSS21 detailed spreadsheets organisational results.xlsx,11ad4e7ed84a7ea61c6b2fa8805e5a19a1d7c64bded3ad4f8a02c95b5603f3bb,PEOPLE PROMISE ELEMENTS,257,AC257,AD257,2022-05-09 07:38:33,Available annual archive version; not claimed to be exact first-publication-day bytes
2021,2021,RXY,Kent and Medway NHS and Social Care Partnership Trust,"MH&LD, MH, LD&Community Trusts","Mental Health & Learning Disability and Mental Health, Learning Disability & Community Trusts",5.24609457616197,2249,1,Occupation Group,https://www.nhsstaffsurveys.com/static/46b2db369c445384221b113b2fb86324/Detailed-Spreadsheets.zip,2026-09-11T18:45:24.689309+00:00,564c07eb17f05d2fecda24f5a57c4d6022476189857d5f3420fdeb796146a7b0,NSS21 detailed spreadsheets organisational results.xlsx,11ad4e7ed84a7ea61c6b2fa8805e5a19a1d7c64bded3ad4f8a02c95b5603f3bb,PEOPLE PROMISE ELEMENTS,258,AC258,AD258,2022-05-09 07:38:33,Available annual archive version; not claimed to be exact first-publication-day bytes
2021,2021,RY2,Bridgewater Community Healthcare NHS Foundation Trust,Community Trusts,Community Trusts,5.129956531292917,854,1,Occupation Group,https://www.nhsstaffsurveys.com/static/46b2db369c445384221b113b2fb86324/Detailed-Spreadsheets.zip,2026-09-11T18:45:24.689309+00:00,564c07eb17f05d2fecda24f5a57c4d6022476189857d5f3420fdeb796146a7b0,NSS21 detailed spreadsheets organisational results.xlsx,11ad4e7ed84a7ea61c6b2fa8805e5a19a1d7c64bded3ad4f8a02c95b5603f3bb,PEOPLE PROMISE ELEMENTS,259,AC259,AD259,2022-05-09 07:38:33,Available annual archive version; not claimed to be exact first-publication-day bytes
2021,2021,RY3,Norfolk Community Health and Care NHS Trust,Community Trusts,Community Trusts,5.013551591653825,1406,1,Occupation Group,https://www.nhsstaffsurveys.com/static/46b2db369c445384221b113b2fb86324/Detailed-Spreadsheets.zip,2026-09-11T18:45:24.689309+00:00,564c07eb17f05d2fecda24f5a57c4d6022476189857d5f3420fdeb796146a7b0,NSS21 detailed spreadsheets organisational results.xlsx,11ad4e7ed84a7ea61c6b2fa8805e5a19a1d7c64bded3ad4f8a02c95b5603f3bb,PEOPLE PROMISE ELEMENTS,260,AC260,AD260,2022-05-09 07:38:33,Available annual archive version; not claimed to be exact first-publication-day bytes
2021,2021,RY4,Hertfordshire Community NHS Trust,Community Trusts,Community Trusts,5.093486435228428,1432,1,Occupation Group,https://www.nhsstaffsurveys.com/static/46b2db369c445384221b113b2fb86324/Detailed-Spreadsheets.zip,2026-09-11T18:45:24.689309+00:00,564c07eb17f05d2fecda24f5a57c4d6022476189857d5f3420fdeb796146a7b0,NSS21 detailed spreadsheets organisational results.xlsx,11ad4e7ed84a7ea61c6b2fa8805e5a19a1d7c64bded3ad4f8a02c95b5603f3bb,PEOPLE PROMISE ELEMENTS,261,AC261,AD261,2022-05-09 07:38:33,Available annual archive version; not claimed to be exact first-publication-day bytes
2021,2021,RY5,Lincolnshire Community Health Services NHS Trust,Community Trusts,Community Trusts,5.092980036529019,1216,1,Occupation Group,https://www.nhsstaffsurveys.com/static/46b2db369c445384221b113b2fb86324/Detailed-Spreadsheets.zip,2026-09-11T18:45:24.689309+00:00,564c07eb17f05d2fecda24f5a57c4d6022476189857d5f3420fdeb796146a7b0,NSS21 detailed spreadsheets organisational results.xlsx,11ad4e7ed84a7ea61c6b2fa8805e5a19a1d7c64bded3ad4f8a02c95b5603f3bb,PEOPLE PROMISE ELEMENTS,262,AC262,AD262,2022-05-09 07:38:33,Available annual archive version; not claimed to be exact first-publication-day bytes
2021,2021,RY6,Leeds Community Healthcare NHS Trust,Community Trusts,Community Trusts,4.723577803387639,1629,1,Occupation Group,https://www.nhsstaffsurveys.com/static/46b2db369c445384221b113b2fb86324/Detailed-Spreadsheets.zip,2026-09-11T18:45:24.689309+00:00,564c07eb17f05d2fecda24f5a57c4d6022476189857d5f3420fdeb796146a7b0,NSS21 detailed spreadsheets organisational results.xlsx,11ad4e7ed84a7ea61c6b2fa8805e5a19a1d7c64bded3ad4f8a02c95b5603f3bb,PEOPLE PROMISE ELEMENTS,263,AC263,AD263,2022-05-09 07:38:33,Available annual archive version; not claimed to be exact first-publication-day bytes
2021,2021,RY7,Wirral Community Health and Care NHS Foundation Trust,Community Trusts,Community Trusts,4.81672110123747,964,1,Occupation Group,https://www.nhsstaffsurveys.com/static/46b2db369c445384221b113b2fb86324/Detailed-Spreadsheets.zip,2026-09-11T18:45:24.689309+00:00,564c07eb17f05d2fecda24f5a57c4d6022476189857d5f3420fdeb796146a7b0,NSS21 detailed spreadsheets organisational results.xlsx,11ad4e7ed84a7ea61c6b2fa8805e5a19a1d7c64bded3ad4f8a02c95b5603f3bb,PEOPLE PROMISE ELEMENTS,264,AC264,AD264,2022-05-09 07:38:33,Available annual archive version; not claimed to be exact first-publication-day bytes
2021,2021,RY8,Derbyshire Community Health Services NHS Foundation Trust,Community Trusts,Community Trusts,5.204502607270906,2583,1,Occupation Group,https://www.nhsstaffsurveys.com/static/46b2db369c445384221b113b2fb86324/Detailed-Spreadsheets.zip,2026-09-11T18:45:24.689309+00:00,564c07eb17f05d2fecda24f5a57c4d6022476189857d5f3420fdeb796146a7b0,NSS21 detailed spreadsheets organisational results.xlsx,11ad4e7ed84a7ea61c6b2fa8805e5a19a1d7c64bded3ad4f8a02c95b5603f3bb,PEOPLE PROMISE ELEMENTS,265,AC265,AD265,2022-05-09 07:38:33,Available annual archive version; not claimed to be exact first-publication-day bytes
2021,2021,RY9,Hounslow and Richmond Community Healthcare NHS Trust,Community Trusts,Community Trusts,5.16596981770388,802,1,Occupation Group,https://www.nhsstaffsurveys.com/static/46b2db369c445384221b113b2fb86324/Detailed-Spreadsheets.zip,2026-09-11T18:45:24.689309+00:00,564c07eb17f05d2fecda24f5a57c4d6022476189857d5f3420fdeb796146a7b0,NSS21 detailed spreadsheets organisational results.xlsx,11ad4e7ed84a7ea61c6b2fa8805e5a19a1d7c64bded3ad4f8a02c95b5603f3bb,PEOPLE PROMISE ELEMENTS,266,AC266,AD266,2022-05-09 07:38:33,Available annual archive version; not claimed to be exact first-publication-day bytes
2021,2021,RYA,West Midlands Ambulance Service University NHS Foundation Trust,Ambulance Trusts,Ambulance Trusts,4.043573889093945,2918,1,Occupation Group,https://www.nhsstaffsurveys.com/static/46b2db369c445384221b113b2fb86324/Detailed-Spreadsheets.zip,2026-09-11T18:45:24.689309+00:00,564c07eb17f05d2fecda24f5a57c4d6022476189857d5f3420fdeb796146a7b0,NSS21 detailed spreadsheets organisational results.xlsx,11ad4e7ed84a7ea61c6b2fa8805e5a19a1d7c64bded3ad4f8a02c95b5603f3bb,PEOPLE PROMISE ELEMENTS,267,AC267,AD267,2022-05-09 07:38:33,Available annual archive version; not claimed to be exact first-publication-day bytes
2021,2021,RYC,East of England Ambulance Service NHS Trust,Ambulance Trusts,Ambulance Trusts,3.75684054311858,2649,1,Occupation Group,https://www.nhsstaffsurveys.com/static/46b2db369c445384221b113b2fb86324/Detailed-Spreadsheets.zip,2026-09-11T18:45:24.689309+00:00,564c07eb17f05d2fecda24f5a57c4d6022476189857d5f3420fdeb796146a7b0,NSS21 detailed spreadsheets organisational results.xlsx,11ad4e7ed84a7ea61c6b2fa8805e5a19a1d7c64bded3ad4f8a02c95b5603f3bb,PEOPLE PROMISE ELEMENTS,268,AC268,AD268,2022-05-09 07:38:33,Available annual archive version; not claimed to be exact first-publication-day bytes
2021,2021,RYD,South East Coast Ambulance Service NHS Foundation Trust,Ambulance Trusts,Ambulance Trusts,3.88923580634722,2590,1,Occupation Group,https://www.nhsstaffsurveys.com/static/46b2db369c445384221b113b2fb86324/Detailed-Spreadsheets.zip,2026-09-11T18:45:24.689309+00:00,564c07eb17f05d2fecda24f5a57c4d6022476189857d5f3420fdeb796146a7b0,NSS21 detailed spreadsheets organisational results.xlsx,11ad4e7ed84a7ea61c6b2fa8805e5a19a1d7c64bded3ad4f8a02c95b5603f3bb,PEOPLE PROMISE ELEMENTS,269,AC269,AD269,2022-05-09 07:38:33,Available annual archive version; not claimed to be exact first-publication-day bytes
2021,2021,RYE,South Central Ambulance Service NHS Foundation Trust,Ambulance Trusts,Ambulance Trusts,3.9991933367248795,2545,1,Occupation Group,https://www.nhsstaffsurveys.com/static/46b2db369c445384221b113b2fb86324/Detailed-Spreadsheets.zip,2026-09-11T18:45:24.689309+00:00,564c07eb17f05d2fecda24f5a57c4d6022476189857d5f3420fdeb796146a7b0,NSS21 detailed spreadsheets organisational results.xlsx,11ad4e7ed84a7ea61c6b2fa8805e5a19a1d7c64bded3ad4f8a02c95b5603f3bb,PEOPLE PROMISE ELEMENTS,270,AC270,AD270,2022-05-09 07:38:33,Available annual archive version; not claimed to be exact first-publication-day bytes
2021,2021,RYF,South Western Ambulance Service NHS Foundation Trust,Ambulance Trusts,Ambulance Trusts,4.193049483080302,3163,1,Occupation Group,https://www.nhsstaffsurveys.com/static/46b2db369c445384221b113b2fb86324/Detailed-Spreadsheets.zip,2026-09-11T18:45:24.689309+00:00,564c07eb17f05d2fecda24f5a57c4d6022476189857d5f3420fdeb796146a7b0,NSS21 detailed spreadsheets organisational results.xlsx,11ad4e7ed84a7ea61c6b2fa8805e5a19a1d7c64bded3ad4f8a02c95b5603f3bb,PEOPLE PROMISE ELEMENTS,271,AC271,AD271,2022-05-09 07:38:33,Available annual archive version; not claimed to be exact first-publication-day bytes
2021,2021,RYG,Coventry and Warwickshire Partnership NHS Trust,"MH&LD, MH, LD&Community Trusts","Mental Health & Learning Disability and Mental Health, Learning Disability & Community Trusts",5.176032434853962,1623,1,Occupation Group,https://www.nhsstaffsurveys.com/static/46b2db369c445384221b113b2fb86324/Detailed-Spreadsheets.zip,2026-09-11T18:45:24.689309+00:00,564c07eb17f05d2fecda24f5a57c4d6022476189857d5f3420fdeb796146a7b0,NSS21 detailed spreadsheets organisational results.xlsx,11ad4e7ed84a7ea61c6b2fa8805e5a19a1d7c64bded3ad4f8a02c95b5603f3bb,PEOPLE PROMISE ELEMENTS,272,AC272,AD272,2022-05-09 07:38:33,Available annual archive version; not claimed to be exact first-publication-day bytes
2021,2021,RYJ,Imperial College Healthcare NHS Trust,Acute&Acute Community Trusts,Acute and Acute & Community Trusts,4.88417884507655,5503,1,Occupation Group,https://www.nhsstaffsurveys.com/static/46b2db369c445384221b113b2fb86324/Detailed-Spreadsheets.zip,2026-09-11T18:45:24.689309+00:00,564c07eb17f05d2fecda24f5a57c4d6022476189857d5f3420fdeb796146a7b0,NSS21 detailed spreadsheets organisational results.xlsx,11ad4e7ed84a7ea61c6b2fa8805e5a19a1d7c64bded3ad4f8a02c95b5603f3bb,PEOPLE PROMISE ELEMENTS,273,AC273,AD273,2022-05-09 07:38:33,Available annual archive version; not claimed to be exact first-publication-day bytes
2021,2021,RYK,Dudley Integrated Health and Care Trust,Community Trusts,Community Trusts,5.406967742678884,182,1,Occupation Group,https://www.nhsstaffsurveys.com/static/46b2db369c445384221b113b2fb86324/Detailed-Spreadsheets.zip,2026-09-11T18:45:24.689309+00:00,564c07eb17f05d2fecda24f5a57c4d6022476189857d5f3420fdeb796146a7b0,NSS21 detailed spreadsheets organisational results.xlsx,11ad4e7ed84a7ea61c6b2fa8805e5a19a1d7c64bded3ad4f8a02c95b5603f3bb,PEOPLE PROMISE ELEMENTS,274,AC274,AD274,2022-05-09 07:38:33,Available annual archive version; not claimed to be exact first-publication-day bytes
2021,2021,RYR,University Hospitals Sussex NHS Foundation Trust,Acute&Acute Community Trusts,Acute and Acute & Community Trusts,4.629451312959444,8049,1,Occupation Group,https://www.nhsstaffsurveys.com/static/46b2db369c445384221b113b2fb86324/Detailed-Spreadsheets.zip,2026-09-11T18:45:24.689309+00:00,564c07eb17f05d2fecda24f5a57c4d6022476189857d5f3420fdeb796146a7b0,NSS21 detailed spreadsheets organisational results.xlsx,11ad4e7ed84a7ea61c6b2fa8805e5a19a1d7c64bded3ad4f8a02c95b5603f3bb,PEOPLE PROMISE ELEMENTS,275,AC275,AD275,2022-05-09 07:38:33,Available annual archive version; not claimed to be exact first-publication-day bytes
2021,2021,RYV,Cambridgeshire Community Services NHS Trust,Community Trusts,Community Trusts,5.224064188003095,1417,1,Occupation Group,https://www.nhsstaffsurveys.com/static/46b2db369c445384221b113b2fb86324/Detailed-Spreadsheets.zip,2026-09-11T18:45:24.689309+00:00,564c07eb17f05d2fecda24f5a57c4d6022476189857d5f3420fdeb796146a7b0,NSS21 detailed spreadsheets organisational results.xlsx,11ad4e7ed84a7ea61c6b2fa8805e5a19a1d7c64bded3ad4f8a02c95b5603f3bb,PEOPLE PROMISE ELEMENTS,276,AC276,AD276,2022-05-09 07:38:33,Available annual archive version; not claimed to be exact first-publication-day bytes
2021,2021,RYW,Birmingham Community Healthcare NHS Foundation Trust,Community Trusts,Community Trusts,4.833894197642752,2299,1,Occupation Group,https://www.nhsstaffsurveys.com/static/46b2db369c445384221b113b2fb86324/Detailed-Spreadsheets.zip,2026-09-11T18:45:24.689309+00:00,564c07eb17f05d2fecda24f5a57c4d6022476189857d5f3420fdeb796146a7b0,NSS21 detailed spreadsheets organisational results.xlsx,11ad4e7ed84a7ea61c6b2fa8805e5a19a1d7c64bded3ad4f8a02c95b5603f3bb,PEOPLE PROMISE ELEMENTS,277,AC277,AD277,2022-05-09 07:38:33,Available annual archive version; not claimed to be exact first-publication-day bytes
2021,2021,RYX,Central London Community Healthcare NHS Trust,Community Trusts,Community Trusts,5.266275569150282,2231,1,Occupation Group,https://www.nhsstaffsurveys.com/static/46b2db369c445384221b113b2fb86324/Detailed-Spreadsheets.zip,2026-09-11T18:45:24.689309+00:00,564c07eb17f05d2fecda24f5a57c4d6022476189857d5f3420fdeb796146a7b0,NSS21 detailed spreadsheets organisational results.xlsx,11ad4e7ed84a7ea61c6b2fa8805e5a19a1d7c64bded3ad4f8a02c95b5603f3bb,PEOPLE PROMISE ELEMENTS,278,AC278,AD278,2022-05-09 07:38:33,Available annual archive version; not claimed to be exact first-publication-day bytes
2021,2021,RYY,Kent Community Health NHS Foundation Trust,Community Trusts,Community Trusts,5.159557876616872,3208,1,Occupation Group,https://www.nhsstaffsurveys.com/static/46b2db369c445384221b113b2fb86324/Detailed-Spreadsheets.zip,2026-09-11T18:45:24.689309+00:00,564c07eb17f05d2fecda24f5a57c4d6022476189857d5f3420fdeb796146a7b0,NSS21 detailed spreadsheets organisational results.xlsx,11ad4e7ed84a7ea61c6b2fa8805e5a19a1d7c64bded3ad4f8a02c95b5603f3bb,PEOPLE PROMISE ELEMENTS,279,AC279,AD279,2022-05-09 07:38:33,Available annual archive version; not claimed to be exact first-publication-day bytes
2021,2021,TAD,Bradford District Care NHS Foundation Trust,"MH&LD, MH, LD&Community Trusts","Mental Health & Learning Disability and Mental Health, Learning Disability & Community Trusts",5.134452851762023,1416,1,Occupation Group,https://www.nhsstaffsurveys.com/static/46b2db369c445384221b113b2fb86324/Detailed-Spreadsheets.zip,2026-09-11T18:45:24.689309+00:00,564c07eb17f05d2fecda24f5a57c4d6022476189857d5f3420fdeb796146a7b0,NSS21 detailed spreadsheets organisational results.xlsx,11ad4e7ed84a7ea61c6b2fa8805e5a19a1d7c64bded3ad4f8a02c95b5603f3bb,PEOPLE PROMISE ELEMENTS,280,AC280,AD280,2022-05-09 07:38:33,Available annual archive version; not claimed to be exact first-publication-day bytes
2021,2021,TAF,Camden and Islington NHS Foundation Trust,"MH&LD, MH, LD&Community Trusts","Mental Health & Learning Disability and Mental Health, Learning Disability & Community Trusts",5.0587680956137655,1038,1,Occupation Group,https://www.nhsstaffsurveys.com/static/46b2db369c445384221b113b2fb86324/Detailed-Spreadsheets.zip,2026-09-11T18:45:24.689309+00:00,564c07eb17f05d2fecda24f5a57c4d6022476189857d5f3420fdeb796146a7b0,NSS21 detailed spreadsheets organisational results.xlsx,11ad4e7ed84a7ea61c6b2fa8805e5a19a1d7c64bded3ad4f8a02c95b5603f3bb,PEOPLE PROMISE ELEMENTS,281,AC281,AD281,2022-05-09 07:38:33,Available annual archive version; not claimed to be exact first-publication-day bytes
2021,2021,TAH,Sheffield Health and Social Care NHS Foundation Trust,"MH&LD, MH, LD&Community Trusts","Mental Health & Learning Disability and Mental Health, Learning Disability & Community Trusts",4.892460084845503,1289,1,Occupation Group,https://www.nhsstaffsurveys.com/static/46b2db369c445384221b113b2fb86324/Detailed-Spreadsheets.zip,2026-09-11T18:45:24.689309+00:00,564c07eb17f05d2fecda24f5a57c4d6022476189857d5f3420fdeb796146a7b0,NSS21 detailed spreadsheets organisational results.xlsx,11ad4e7ed84a7ea61c6b2fa8805e5a19a1d7c64bded3ad4f8a02c95b5603f3bb,PEOPLE PROMISE ELEMENTS,282,AC282,AD282,2022-05-09 07:38:33,Available annual archive version; not claimed to be exact first-publication-day bytes
2021,2021,TAJ,Black Country Healthcare NHS Foundation Trust,"MH&LD, MH, LD&Community Trusts","Mental Health & Learning Disability and Mental Health, Learning Disability & Community Trusts",5.07062371472345,1885,1,Occupation Group,https://www.nhsstaffsurveys.com/static/46b2db369c445384221b113b2fb86324/Detailed-Spreadsheets.zip,2026-09-11T18:45:24.689309+00:00,564c07eb17f05d2fecda24f5a57c4d6022476189857d5f3420fdeb796146a7b0,NSS21 detailed spreadsheets organisational results.xlsx,11ad4e7ed84a7ea61c6b2fa8805e5a19a1d7c64bded3ad4f8a02c95b5603f3bb,PEOPLE PROMISE ELEMENTS,283,AC283,AD283,2022-05-09 07:38:33,Available annual archive version; not claimed to be exact first-publication-day bytes
2021,2021,W2U3Z,NHS North West London CCG,CCGs,CCGs,5.018952156334231,424,0,Occupation Group,https://www.nhsstaffsurveys.com/static/46b2db369c445384221b113b2fb86324/Detailed-Spreadsheets.zip,2026-09-11T18:45:24.689309+00:00,564c07eb17f05d2fecda24f5a57c4d6022476189857d5f3420fdeb796146a7b0,NSS21 detailed spreadsheets organisational results.xlsx,11ad4e7ed84a7ea61c6b2fa8805e5a19a1d7c64bded3ad4f8a02c95b5603f3bb,PEOPLE PROMISE ELEMENTS,284,AC284,AD284,2022-05-09 07:38:33,Available annual archive version; not claimed to be exact first-publication-day bytes
2021,2021,X2C4Y,NHS Kirklees CCG,CCGs,CCGs,5.448092280390417,161,0,Occupation Group,https://www.nhsstaffsurveys.com/static/46b2db369c445384221b113b2fb86324/Detailed-Spreadsheets.zip,2026-09-11T18:45:24.689309+00:00,564c07eb17f05d2fecda24f5a57c4d6022476189857d5f3420fdeb796146a7b0,NSS21 detailed spreadsheets organisational results.xlsx,11ad4e7ed84a7ea61c6b2fa8805e5a19a1d7c64bded3ad4f8a02c95b5603f3bb,PEOPLE PROMISE ELEMENTS,285,AC285,AD285,2022-05-09 07:38:33,Available annual archive version; not claimed to be exact first-publication-day bytes
2022,2022,0AR,NHS North of England CSU,CSUs,CSUs,5.717796225168298,1153,0,Unweighted,https://www.nhsstaffsurveys.com/static/84994bdc2016414e8ea4ed2d1e6f90c5/Detailed-spreadsheets.zip,2026-09-11T18:45:23.003333+00:00,cc0cb064579d49ea4d9361191ec3f3891edeba110261d883b9535c893ac05cb2,NSS22 detailed spreadsheets organisational results.xlsx,eff7320d9daad3ea4231f2625112a800ab0f0e9eead5bc3e12360898c21244d0,PEOPLE PROMISE ELEMENTS,6,AC6,AD6,2023-04-06 15:56:57,Available annual archive version; not claimed to be exact first-publication-day bytes
2022,2022,0CX,NHS Midlands and Lancashire CSU,CSUs,CSUs,5.806222098214286,1280,0,Unweighted,https://www.nhsstaffsurveys.com/static/84994bdc2016414e8ea4ed2d1e6f90c5/Detailed-spreadsheets.zip,2026-09-11T18:45:23.003333+00:00,cc0cb064579d49ea4d9361191ec3f3891edeba110261d883b9535c893ac05cb2,NSS22 detailed spreadsheets organisational results.xlsx,eff7320d9daad3ea4231f2625112a800ab0f0e9eead5bc3e12360898c21244d0,PEOPLE PROMISE ELEMENTS,7,AC7,AD7,2023-04-06 15:56:57,Available annual archive version; not claimed to be exact first-publication-day bytes
2022,2022,0DF,"NHS South, Central and West CSU",CSUs,CSUs,5.729510529311327,1255,0,Unweighted,https://www.nhsstaffsurveys.com/static/84994bdc2016414e8ea4ed2d1e6f90c5/Detailed-spreadsheets.zip,2026-09-11T18:45:23.003333+00:00,cc0cb064579d49ea4d9361191ec3f3891edeba110261d883b9535c893ac05cb2,NSS22 detailed spreadsheets organisational results.xlsx,eff7320d9daad3ea4231f2625112a800ab0f0e9eead5bc3e12360898c21244d0,PEOPLE PROMISE ELEMENTS,8,AC8,AD8,2023-04-06 15:56:57,Available annual archive version; not claimed to be exact first-publication-day bytes
2022,2022,NAX,East Coast Community Healthcare,Social Enterprises Community,Social Enterprises - Community,5.021512723748665,424,0,Occupation Group,https://www.nhsstaffsurveys.com/static/84994bdc2016414e8ea4ed2d1e6f90c5/Detailed-spreadsheets.zip,2026-09-11T18:45:23.003333+00:00,cc0cb064579d49ea4d9361191ec3f3891edeba110261d883b9535c893ac05cb2,NSS22 detailed spreadsheets organisational results.xlsx,eff7320d9daad3ea4231f2625112a800ab0f0e9eead5bc3e12360898c21244d0,PEOPLE PROMISE ELEMENTS,9,AC9,AD9,2023-04-06 15:56:57,Available annual archive version; not claimed to be exact first-publication-day bytes
2022,2022,NDJ,First Community Health and Care,Social Enterprises Community,Social Enterprises - Community,5.530347749740079,380,0,Occupation Group,https://www.nhsstaffsurveys.com/static/84994bdc2016414e8ea4ed2d1e6f90c5/Detailed-spreadsheets.zip,2026-09-11T18:45:23.003333+00:00,cc0cb064579d49ea4d9361191ec3f3891edeba110261d883b9535c893ac05cb2,NSS22 detailed spreadsheets organisational results.xlsx,eff7320d9daad3ea4231f2625112a800ab0f0e9eead5bc3e12360898c21244d0,PEOPLE PROMISE ELEMENTS,10,AC10,AD10,2023-04-06 15:56:57,Available annual archive version; not claimed to be exact first-publication-day bytes
2022,2022,NLX,Sirona Care & Health,Social Enterprises Community,Social Enterprises - Community,4.913488112607902,1780,0,Occupation Group,https://www.nhsstaffsurveys.com/static/84994bdc2016414e8ea4ed2d1e6f90c5/Detailed-spreadsheets.zip,2026-09-11T18:45:23.003333+00:00,cc0cb064579d49ea4d9361191ec3f3891edeba110261d883b9535c893ac05cb2,NSS22 detailed spreadsheets organisational results.xlsx,eff7320d9daad3ea4231f2625112a800ab0f0e9eead5bc3e12360898c21244d0,PEOPLE PROMISE ELEMENTS,11,AC11,AD11,2023-04-06 15:56:57,Available annual archive version; not claimed to be exact first-publication-day bytes
2022,2022,NQL,NAVIGO Health and Social Care CIC,Social Enterprises MH,Social Enterprises - Mental Health,5.447094968886278,241,0,Occupation Group,https://www.nhsstaffsurveys.com/static/84994bdc2016414e8ea4ed2d1e6f90c5/Detailed-spreadsheets.zip,2026-09-11T18:45:23.003333+00:00,cc0cb064579d49ea4d9361191ec3f3891edeba110261d883b9535c893ac05cb2,NSS22 detailed spreadsheets organisational results.xlsx,eff7320d9daad3ea4231f2625112a800ab0f0e9eead5bc3e12360898c21244d0,PEOPLE PROMISE ELEMENTS,12,AC12,AD12,2023-04-06 15:56:57,Available annual archive version; not claimed to be exact first-publication-day bytes
2022,2022,NQV,Bromley Healthcare ,Social Enterprises Community,Social Enterprises - Community,4.986676267265525,657,0,Occupation Group,https://www.nhsstaffsurveys.com/static/84994bdc2016414e8ea4ed2d1e6f90c5/Detailed-spreadsheets.zip,2026-09-11T18:45:23.003333+00:00,cc0cb064579d49ea4d9361191ec3f3891edeba110261d883b9535c893ac05cb2,NSS22 detailed spreadsheets organisational results.xlsx,eff7320d9daad3ea4231f2625112a800ab0f0e9eead5bc3e12360898c21244d0,PEOPLE PROMISE ELEMENTS,13,AC13,AD13,2023-04-06 15:56:57,Available annual archive version; not claimed to be exact first-publication-day bytes
2022,2022,NR3,Nottingham CityCare Partnership,Social Enterprises Community,Social Enterprises - Community,5.142745862431268,468,0,Occupation Group,https://www.nhsstaffsurveys.com/static/84994bdc2016414e8ea4ed2d1e6f90c5/Detailed-spreadsheets.zip,2026-09-11T18:45:23.003333+00:00,cc0cb064579d49ea4d9361191ec3f3891edeba110261d883b9535c893ac05cb2,NSS22 detailed spreadsheets organisational results.xlsx,eff7320d9daad3ea4231f2625112a800ab0f0e9eead5bc3e12360898c21244d0,PEOPLE PROMISE ELEMENTS,14,AC14,AD14,2023-04-06 15:56:57,Available annual archive version; not claimed to be exact first-publication-day bytes
2022,2022,NR5,Livewell Southwest,Social Enterprises Community,Social Enterprises - Community,5.107030775710769,1148,0,Occupation Group,https://www.nhsstaffsurveys.com/static/84994bdc2016414e8ea4ed2d1e6f90c5/Detailed-spreadsheets.zip,2026-09-11T18:45:23.003333+00:00,cc0cb064579d49ea4d9361191ec3f3891edeba110261d883b9535c893ac05cb2,NSS22 detailed spreadsheets organisational results.xlsx,eff7320d9daad3ea4231f2625112a800ab0f0e9eead5bc3e12360898c21244d0,PEOPLE PROMISE ELEMENTS,15,AC15,AD15,2023-04-06 15:56:57,Available annual archive version; not claimed to be exact first-publication-day bytes
2022,2022,NTV,CSH Surrey,Social Enterprises Community,Social Enterprises - Community,5.339575747846481,570,0,Occupation Group,https://www.nhsstaffsurveys.com/static/84994bdc2016414e8ea4ed2d1e6f90c5/Detailed-spreadsheets.zip,2026-09-11T18:45:23.003333+00:00,cc0cb064579d49ea4d9361191ec3f3891edeba110261d883b9535c893ac05cb2,NSS22 detailed spreadsheets organisational results.xlsx,eff7320d9daad3ea4231f2625112a800ab0f0e9eead5bc3e12360898c21244d0,PEOPLE PROMISE ELEMENTS,16,AC16,AD16,2023-04-06 15:56:57,Available annual archive version; not claimed to be exact first-publication-day bytes
2022,2022,NXP,Independent Health Group,Community Surgical Services,Community Surgical Services,7.238095238095238,45,0,Unweighted,https://www.nhsstaffsurveys.com/static/84994bdc2016414e8ea4ed2d1e6f90c5/Detailed-spreadsheets.zip,2026-09-11T18:45:23.003333+00:00,cc0cb064579d49ea4d9361191ec3f3891edeba110261d883b9535c893ac05cb2,NSS22 detailed spreadsheets organisational results.xlsx,eff7320d9daad3ea4231f2625112a800ab0f0e9eead5bc3e12360898c21244d0,PEOPLE PROMISE ELEMENTS,17,AC17,AD17,2023-04-06 15:56:57,Available annual archive version; not claimed to be exact first-publication-day bytes
2022,2022,QE1,NHS Lancashire and South Cumbria ICB,ICBs,ICBs,5.36050061050061,390,0,Unweighted,https://www.nhsstaffsurveys.com/static/84994bdc2016414e8ea4ed2d1e6f90c5/Detailed-spreadsheets.zip,2026-09-11T18:45:23.003333+00:00,cc0cb064579d49ea4d9361191ec3f3891edeba110261d883b9535c893ac05cb2,NSS22 detailed spreadsheets organisational results.xlsx,eff7320d9daad3ea4231f2625112a800ab0f0e9eead5bc3e12360898c21244d0,PEOPLE PROMISE ELEMENTS,18,AC18,AD18,2023-04-06 15:56:57,Available annual archive version; not claimed to be exact first-publication-day bytes
2022,2022,QF7,NHS South Yorkshire ICB,ICBs,ICBs,5.503556520998382,559,0,Unweighted,https://www.nhsstaffsurveys.com/static/84994bdc2016414e8ea4ed2d1e6f90c5/Detailed-spreadsheets.zip,2026-09-11T18:45:23.003333+00:00,cc0cb064579d49ea4d9361191ec3f3891edeba110261d883b9535c893ac05cb2,NSS22 detailed spreadsheets organisational results.xlsx,eff7320d9daad3ea4231f2625112a800ab0f0e9eead5bc3e12360898c21244d0,PEOPLE PROMISE ELEMENTS,19,AC19,AD19,2023-04-06 15:56:57,Available annual archive version; not claimed to be exact first-publication-day bytes
2022,2022,QGH,NHS Herefordshire and Worcestershire ICB,ICBs,ICBs,5.329670329670329,195,0,Unweighted,https://www.nhsstaffsurveys.com/static/84994bdc2016414e8ea4ed2d1e6f90c5/Detailed-spreadsheets.zip,2026-09-11T18:45:23.003333+00:00,cc0cb064579d49ea4d9361191ec3f3891edeba110261d883b9535c893ac05cb2,NSS22 detailed spreadsheets organisational results.xlsx,eff7320d9daad3ea4231f2625112a800ab0f0e9eead5bc3e12360898c21244d0,PEOPLE PROMISE ELEMENTS,20,AC20,AD20,2023-04-06 15:56:57,Available annual archive version; not claimed to be exact first-publication-day bytes
2022,2022,QH8,NHS Mid and South Essex ICB,ICBs,ICBs,5.138539570757881,284,0,Unweighted,https://www.nhsstaffsurveys.com/static/84994bdc2016414e8ea4ed2d1e6f90c5/Detailed-spreadsheets.zip,2026-09-11T18:45:23.003333+00:00,cc0cb064579d49ea4d9361191ec3f3891edeba110261d883b9535c893ac05cb2,NSS22 detailed spreadsheets organisational results.xlsx,eff7320d9daad3ea4231f2625112a800ab0f0e9eead5bc3e12360898c21244d0,PEOPLE PROMISE ELEMENTS,21,AC21,AD21,2023-04-06 15:56:57,Available annual archive version; not claimed to be exact first-publication-day bytes
2022,2022,QHG,"NHS Bedfordshire, Luton and Milton Keynes ICB",ICBs,ICBs,5.4567845947156295,319,0,Unweighted,https://www.nhsstaffsurveys.com/static/84994bdc2016414e8ea4ed2d1e6f90c5/Detailed-spreadsheets.zip,2026-09-11T18:45:23.003333+00:00,cc0cb064579d49ea4d9361191ec3f3891edeba110261d883b9535c893ac05cb2,NSS22 detailed spreadsheets organisational results.xlsx,eff7320d9daad3ea4231f2625112a800ab0f0e9eead5bc3e12360898c21244d0,PEOPLE PROMISE ELEMENTS,22,AC22,AD22,2023-04-06 15:56:57,Available annual archive version; not claimed to be exact first-publication-day bytes
2022,2022,QHL,NHS Birmingham and Solihull ICB,ICBs,ICBs,4.960974456007569,302,0,Unweighted,https://www.nhsstaffsurveys.com/static/84994bdc2016414e8ea4ed2d1e6f90c5/Detailed-spreadsheets.zip,2026-09-11T18:45:23.003333+00:00,cc0cb064579d49ea4d9361191ec3f3891edeba110261d883b9535c893ac05cb2,NSS22 detailed spreadsheets organisational results.xlsx,eff7320d9daad3ea4231f2625112a800ab0f0e9eead5bc3e12360898c21244d0,PEOPLE PROMISE ELEMENTS,23,AC23,AD23,2023-04-06 15:56:57,Available annual archive version; not claimed to be exact first-publication-day bytes
2022,2022,QJ2,NHS Derby and Derbyshire ICB,ICBs,ICBs,5.618080189186284,443,0,Unweighted,https://www.nhsstaffsurveys.com/static/84994bdc2016414e8ea4ed2d1e6f90c5/Detailed-spreadsheets.zip,2026-09-11T18:45:23.003333+00:00,cc0cb064579d49ea4d9361191ec3f3891edeba110261d883b9535c893ac05cb2,NSS22 detailed spreadsheets organisational results.xlsx,eff7320d9daad3ea4231f2625112a800ab0f0e9eead5bc3e12360898c21244d0,PEOPLE PROMISE ELEMENTS,24,AC24,AD24,2023-04-06 15:56:57,Available annual archive version; not claimed to be exact first-publication-day bytes
2022,2022,QJG,NHS Suffolk and North East Essex ICB,ICBs,ICBs,5.626809845559845,296,0,Unweighted,https://www.nhsstaffsurveys.com/static/84994bdc2016414e8ea4ed2d1e6f90c5/Detailed-spreadsheets.zip,2026-09-11T18:45:23.003333+00:00,cc0cb064579d49ea4d9361191ec3f3891edeba110261d883b9535c893ac05cb2,NSS22 detailed spreadsheets organisational results.xlsx,eff7320d9daad3ea4231f2625112a800ab0f0e9eead5bc3e12360898c21244d0,PEOPLE PROMISE ELEMENTS,25,AC25,AD25,2023-04-06 15:56:57,Available annual archive version; not claimed to be exact first-publication-day bytes
2022,2022,QJK,NHS Devon ICB,ICBs,ICBs,5.3959445927903875,428,0,Unweighted,https://www.nhsstaffsurveys.com/static/84994bdc2016414e8ea4ed2d1e6f90c5/Detailed-spreadsheets.zip,2026-09-11T18:45:23.003333+00:00,cc0cb064579d49ea4d9361191ec3f3891edeba110261d883b9535c893ac05cb2,NSS22 detailed spreadsheets organisational results.xlsx,eff7320d9daad3ea4231f2625112a800ab0f0e9eead5bc3e12360898c21244d0,PEOPLE PROMISE ELEMENTS,26,AC26,AD26,2023-04-06 15:56:57,Available annual archive version; not claimed to be exact first-publication-day bytes
2022,2022,QJM,NHS Lincolnshire ICB,ICBs,ICBs,5.731260184682238,263,0,Unweighted,https://www.nhsstaffsurveys.com/static/84994bdc2016414e8ea4ed2d1e6f90c5/Detailed-spreadsheets.zip,2026-09-11T18:45:23.003333+00:00,cc0cb064579d49ea4d9361191ec3f3891edeba110261d883b9535c893ac05cb2,NSS22 detailed spreadsheets organisational results.xlsx,eff7320d9daad3ea4231f2625112a800ab0f0e9eead5bc3e12360898c21244d0,PEOPLE PROMISE ELEMENTS,27,AC27,AD27,2023-04-06 15:56:57,Available annual archive version; not claimed to be exact first-publication-day bytes
2022,2022,QK1,"NHS Leicester, Leicestershire and Rutland ICB",ICBs,ICBs,5.2857142857142865,240,0,Unweighted,https://www.nhsstaffsurveys.com/static/84994bdc2016414e8ea4ed2d1e6f90c5/Detailed-spreadsheets.zip,2026-09-11T18:45:23.003333+00:00,cc0cb064579d49ea4d9361191ec3f3891edeba110261d883b9535c893ac05cb2,NSS22 detailed spreadsheets organisational results.xlsx,eff7320d9daad3ea4231f2625112a800ab0f0e9eead5bc3e12360898c21244d0,PEOPLE PROMISE ELEMENTS,28,AC28,AD28,2023-04-06 15:56:57,Available annual archive version; not claimed to be exact first-publication-day bytes
2022,2022,QKK,NHS South East London ICB,ICBs,ICBs,5.279977662706874,469,0,Unweighted,https://www.nhsstaffsurveys.com/static/84994bdc2016414e8ea4ed2d1e6f90c5/Detailed-spreadsheets.zip,2026-09-11T18:45:23.003333+00:00,cc0cb064579d49ea4d9361191ec3f3891edeba110261d883b9535c893ac05cb2,NSS22 detailed spreadsheets organisational results.xlsx,eff7320d9daad3ea4231f2625112a800ab0f0e9eead5bc3e12360898c21244d0,PEOPLE PROMISE ELEMENTS,29,AC29,AD29,2023-04-06 15:56:57,Available annual archive version; not claimed to be exact first-publication-day bytes
2022,2022,QKS,NHS Kent and Medway ICB,ICBs,ICBs,5.588670669668918,571,0,Unweighted,https://www.nhsstaffsurveys.com/static/84994bdc2016414e8ea4ed2d1e6f90c5/Detailed-spreadsheets.zip,2026-09-11T18:45:23.003333+00:00,cc0cb064579d49ea4d9361191ec3f3891edeba110261d883b9535c893ac05cb2,NSS22 detailed spreadsheets organisational results.xlsx,eff7320d9daad3ea4231f2625112a800ab0f0e9eead5bc3e12360898c21244d0,PEOPLE PROMISE ELEMENTS,30,AC30,AD30,2023-04-06 15:56:57,Available annual archive version; not claimed to be exact first-publication-day bytes
2022,2022,QM7,NHS Hertfordshire and West Essex ICB,ICBs,ICBs,5.509815443544877,547,0,Unweighted,https://www.nhsstaffsurveys.com/static/84994bdc2016414e8ea4ed2d1e6f90c5/Detailed-spreadsheets.zip,2026-09-11T18:45:23.003333+00:00,cc0cb064579d49ea4d9361191ec3f3891edeba110261d883b9535c893ac05cb2,NSS22 detailed spreadsheets organisational results.xlsx,eff7320d9daad3ea4231f2625112a800ab0f0e9eead5bc3e12360898c21244d0,PEOPLE PROMISE ELEMENTS,31,AC31,AD31,2023-04-06 15:56:57,Available annual archive version; not claimed to be exact first-publication-day bytes
2022,2022,QMF,NHS North East London ICB,ICBs,ICBs,5.225188781014023,618,0,Unweighted,https://www.nhsstaffsurveys.com/static/84994bdc2016414e8ea4ed2d1e6f90c5/Detailed-spreadsheets.zip,2026-09-11T18:45:23.003333+00:00,cc0cb064579d49ea4d9361191ec3f3891edeba110261d883b9535c893ac05cb2,NSS22 detailed spreadsheets organisational results.xlsx,eff7320d9daad3ea4231f2625112a800ab0f0e9eead5bc3e12360898c21244d0,PEOPLE PROMISE ELEMENTS,32,AC32,AD32,2023-04-06 15:56:57,Available annual archive version; not claimed to be exact first-publication-day bytes
2022,2022,QMJ,NHS North Central London ICB,ICBs,ICBs,5.36104826546003,442,0,Unweighted,https://www.nhsstaffsurveys.com/static/84994bdc2016414e8ea4ed2d1e6f90c5/Detailed-spreadsheets.zip,2026-09-11T18:45:23.003333+00:00,cc0cb064579d49ea4d9361191ec3f3891edeba110261d883b9535c893ac05cb2,NSS22 detailed spreadsheets organisational results.xlsx,eff7320d9daad3ea4231f2625112a800ab0f0e9eead5bc3e12360898c21244d0,PEOPLE PROMISE ELEMENTS,33,AC33,AD33,2023-04-06 15:56:57,Available annual archive version; not claimed to be exact first-publication-day bytes
2022,2022,QMM,NHS Norfolk and Waveney ICB,ICBs,ICBs,5.451622866127583,424,0,Unweighted,https://www.nhsstaffsurveys.com/static/84994bdc2016414e8ea4ed2d1e6f90c5/Detailed-spreadsheets.zip,2026-09-11T18:45:23.003333+00:00,cc0cb064579d49ea4d9361191ec3f3891edeba110261d883b9535c893ac05cb2,NSS22 detailed spreadsheets organisational results.xlsx,eff7320d9daad3ea4231f2625112a800ab0f0e9eead5bc3e12360898c21244d0,PEOPLE PROMISE ELEMENTS,34,AC34,AD34,2023-04-06 15:56:57,Available annual archive version; not claimed to be exact first-publication-day bytes
2022,2022,QNC,NHS Staffordshire and Stoke-on-Trent ICB,ICBs,ICBs,5.671881584492204,226,0,Unweighted,https://www.nhsstaffsurveys.com/static/84994bdc2016414e8ea4ed2d1e6f90c5/Detailed-spreadsheets.zip,2026-09-11T18:45:23.003333+00:00,cc0cb064579d49ea4d9361191ec3f3891edeba110261d883b9535c893ac05cb2,NSS22 detailed spreadsheets organisational results.xlsx,eff7320d9daad3ea4231f2625112a800ab0f0e9eead5bc3e12360898c21244d0,PEOPLE PROMISE ELEMENTS,35,AC35,AD35,2023-04-06 15:56:57,Available annual archive version; not claimed to be exact first-publication-day bytes
2022,2022,QNQ,NHS Frimley ICB,ICBs,ICBs,5.514046622833233,239,0,Unweighted,https://www.nhsstaffsurveys.com/static/84994bdc2016414e8ea4ed2d1e6f90c5/Detailed-spreadsheets.zip,2026-09-11T18:45:23.003333+00:00,cc0cb064579d49ea4d9361191ec3f3891edeba110261d883b9535c893ac05cb2,NSS22 detailed spreadsheets organisational results.xlsx,eff7320d9daad3ea4231f2625112a800ab0f0e9eead5bc3e12360898c21244d0,PEOPLE PROMISE ELEMENTS,36,AC36,AD36,2023-04-06 15:56:57,Available annual archive version; not claimed to be exact first-publication-day bytes
2022,2022,QNX,NHS Sussex ICB,ICBs,ICBs,5.40597667638484,735,0,Unweighted,https://www.nhsstaffsurveys.com/static/84994bdc2016414e8ea4ed2d1e6f90c5/Detailed-spreadsheets.zip,2026-09-11T18:45:23.003333+00:00,cc0cb064579d49ea4d9361191ec3f3891edeba110261d883b9535c893ac05cb2,NSS22 detailed spreadsheets organisational results.xlsx,eff7320d9daad3ea4231f2625112a800ab0f0e9eead5bc3e12360898c21244d0,PEOPLE PROMISE ELEMENTS,37,AC37,AD37,2023-04-06 15:56:57,Available annual archive version; not claimed to be exact first-publication-day bytes
2022,2022,QOX,"NHS Bath and North East Somerset, Swindon and Wiltshire ICB",ICBs,ICBs,5.4360200364298725,366,0,Unweighted,https://www.nhsstaffsurveys.com/static/84994bdc2016414e8ea4ed2d1e6f90c5/Detailed-spreadsheets.zip,2026-09-11T18:45:23.003333+00:00,cc0cb064579d49ea4d9361191ec3f3891edeba110261d883b9535c893ac05cb2,NSS22 detailed spreadsheets organisational results.xlsx,eff7320d9daad3ea4231f2625112a800ab0f0e9eead5bc3e12360898c21244d0,PEOPLE PROMISE ELEMENTS,38,AC38,AD38,2023-04-06 15:56:57,Available annual archive version; not claimed to be exact first-publication-day bytes
2022,2022,QPM,NHS Northamptonshire ICB ,ICBs,ICBs,5.528450363196126,118,0,Unweighted,https://www.nhsstaffsurveys.com/static/84994bdc2016414e8ea4ed2d1e6f90c5/Detailed-spreadsheets.zip,2026-09-11T18:45:23.003333+00:00,cc0cb064579d49ea4d9361191ec3f3891edeba110261d883b9535c893ac05cb2,NSS22 detailed spreadsheets organisational results.xlsx,eff7320d9daad3ea4231f2625112a800ab0f0e9eead5bc3e12360898c21244d0,PEOPLE PROMISE ELEMENTS,39,AC39,AD39,2023-04-06 15:56:57,Available annual archive version; not claimed to be exact first-publication-day bytes
2022,2022,QR1,NHS Gloucestershire ICB,ICBs,ICBs,5.5777436422597715,279,0,Unweighted,https://www.nhsstaffsurveys.com/static/84994bdc2016414e8ea4ed2d1e6f90c5/Detailed-spreadsheets.zip,2026-09-11T18:45:23.003333+00:00,cc0cb064579d49ea4d9361191ec3f3891edeba110261d883b9535c893ac05cb2,NSS22 detailed spreadsheets organisational results.xlsx,eff7320d9daad3ea4231f2625112a800ab0f0e9eead5bc3e12360898c21244d0,PEOPLE PROMISE ELEMENTS,40,AC40,AD40,2023-04-06 15:56:57,Available annual archive version; not claimed to be exact first-publication-day bytes
2022,2022,QRL,NHS Hampshire and Isle of Wight ICB,ICBs,ICBs,5.242139691918126,677,0,Unweighted,https://www.nhsstaffsurveys.com/static/84994bdc2016414e8ea4ed2d1e6f90c5/Detailed-spreadsheets.zip,2026-09-11T18:45:23.003333+00:00,cc0cb064579d49ea4d9361191ec3f3891edeba110261d883b9535c893ac05cb2,NSS22 detailed spreadsheets organisational results.xlsx,eff7320d9daad3ea4231f2625112a800ab0f0e9eead5bc3e12360898c21244d0,PEOPLE PROMISE ELEMENTS,41,AC41,AD41,2023-04-06 15:56:57,Available annual archive version; not claimed to be exact first-publication-day bytes
2022,2022,QRV,NHS North West London ICB,ICBs,ICBs,5.273381132756133,528,0,Unweighted,https://www.nhsstaffsurveys.com/static/84994bdc2016414e8ea4ed2d1e6f90c5/Detailed-spreadsheets.zip,2026-09-11T18:45:23.003333+00:00,cc0cb064579d49ea4d9361191ec3f3891edeba110261d883b9535c893ac05cb2,NSS22 detailed spreadsheets organisational results.xlsx,eff7320d9daad3ea4231f2625112a800ab0f0e9eead5bc3e12360898c21244d0,PEOPLE PROMISE ELEMENTS,42,AC42,AD42,2023-04-06 15:56:57,Available annual archive version; not claimed to be exact first-publication-day bytes
2022,2022,QSL,NHS Somerset ICB,ICBs,ICBs,5.694120505344995,245,0,Unweighted,https://www.nhsstaffsurveys.com/static/84994bdc2016414e8ea4ed2d1e6f90c5/Detailed-spreadsheets.zip,2026-09-11T18:45:23.003333+00:00,cc0cb064579d49ea4d9361191ec3f3891edeba110261d883b9535c893ac05cb2,NSS22 detailed spreadsheets organisational results.xlsx,eff7320d9daad3ea4231f2625112a800ab0f0e9eead5bc3e12360898c21244d0,PEOPLE PROMISE ELEMENTS,43,AC43,AD43,2023-04-06 15:56:57,Available annual archive version; not claimed to be exact first-publication-day bytes
2022,2022,QT1,NHS Nottingham and Nottinghamshire ICB,ICBs,ICBs,5.6472309118294515,411,0,Unweighted,https://www.nhsstaffsurveys.com/static/84994bdc2016414e8ea4ed2d1e6f90c5/Detailed-spreadsheets.zip,2026-09-11T18:45:23.003333+00:00,cc0cb064579d49ea4d9361191ec3f3891edeba110261d883b9535c893ac05cb2,NSS22 detailed spreadsheets organisational results.xlsx,eff7320d9daad3ea4231f2625112a800ab0f0e9eead5bc3e12360898c21244d0,PEOPLE PROMISE ELEMENTS,44,AC44,AD44,2023-04-06 15:56:57,Available annual archive version; not claimed to be exact first-publication-day bytes
2022,2022,QT6,NHS Cornwall and the Isles of Scilly ICB,ICBs,ICBs,5.077062074829932,224,0,Unweighted,https://www.nhsstaffsurveys.com/static/84994bdc2016414e8ea4ed2d1e6f90c5/Detailed-spreadsheets.zip,2026-09-11T18:45:23.003333+00:00,cc0cb064579d49ea4d9361191ec3f3891edeba110261d883b9535c893ac05cb2,NSS22 detailed spreadsheets organisational results.xlsx,eff7320d9daad3ea4231f2625112a800ab0f0e9eead5bc3e12360898c21244d0,PEOPLE PROMISE ELEMENTS,45,AC45,AD45,2023-04-06 15:56:57,Available annual archive version; not claimed to be exact first-publication-day bytes
2022,2022,QU9,"NHS Buckinghamshire, Oxfordshire and Berkshire West ICB",ICBs,ICBs,5.268250471994965,227,0,Unweighted,https://www.nhsstaffsurveys.com/static/84994bdc2016414e8ea4ed2d1e6f90c5/Detailed-spreadsheets.zip,2026-09-11T18:45:23.003333+00:00,cc0cb064579d49ea4d9361191ec3f3891edeba110261d883b9535c893ac05cb2,NSS22 detailed spreadsheets organisational results.xlsx,eff7320d9daad3ea4231f2625112a800ab0f0e9eead5bc3e12360898c21244d0,PEOPLE PROMISE ELEMENTS,46,AC46,AD46,2023-04-06 15:56:57,Available annual archive version; not claimed to be exact first-publication-day bytes
2022,2022,QUA,NHS Black Country ICB,ICBs,ICBs,5.436958874458874,396,0,Unweighted,https://www.nhsstaffsurveys.com/static/84994bdc2016414e8ea4ed2d1e6f90c5/Detailed-spreadsheets.zip,2026-09-11T18:45:23.003333+00:00,cc0cb064579d49ea4d9361191ec3f3891edeba110261d883b9535c893ac05cb2,NSS22 detailed spreadsheets organisational results.xlsx,eff7320d9daad3ea4231f2625112a800ab0f0e9eead5bc3e12360898c21244d0,PEOPLE PROMISE ELEMENTS,47,AC47,AD47,2023-04-06 15:56:57,Available annual archive version; not claimed to be exact first-publication-day bytes
2022,2022,QUY,"NHS Bristol, North Somerset and South Gloucestershire ICB",ICBs,ICBs,5.414255575647981,395,0,Unweighted,https://www.nhsstaffsurveys.com/static/84994bdc2016414e8ea4ed2d1e6f90c5/Detailed-spreadsheets.zip,2026-09-11T18:45:23.003333+00:00,cc0cb064579d49ea4d9361191ec3f3891edeba110261d883b9535c893ac05cb2,NSS22 detailed spreadsheets organisational results.xlsx,eff7320d9daad3ea4231f2625112a800ab0f0e9eead5bc3e12360898c21244d0,PEOPLE PROMISE ELEMENTS,48,AC48,AD48,2023-04-06 15:56:57,Available annual archive version; not claimed to be exact first-publication-day bytes
2022,2022,QVV,NHS Dorset ICB,ICBs,ICBs,5.794878595002357,404,0,Unweighted,https://www.nhsstaffsurveys.com/static/84994bdc2016414e8ea4ed2d1e6f90c5/Detailed-spreadsheets.zip,2026-09-11T18:45:23.003333+00:00,cc0cb064579d49ea4d9361191ec3f3891edeba110261d883b9535c893ac05cb2,NSS22 detailed spreadsheets organisational results.xlsx,eff7320d9daad3ea4231f2625112a800ab0f0e9eead5bc3e12360898c21244d0,PEOPLE PROMISE ELEMENTS,49,AC49,AD49,2023-04-06 15:56:57,Available annual archive version; not claimed to be exact first-publication-day bytes
2022,2022,QWE,NHS South West London ICB,ICBs,ICBs,5.38012729844413,404,0,Unweighted,https://www.nhsstaffsurveys.com/static/84994bdc2016414e8ea4ed2d1e6f90c5/Detailed-spreadsheets.zip,2026-09-11T18:45:23.003333+00:00,cc0cb064579d49ea4d9361191ec3f3891edeba110261d883b9535c893ac05cb2,NSS22 detailed spreadsheets organisational results.xlsx,eff7320d9daad3ea4231f2625112a800ab0f0e9eead5bc3e12360898c21244d0,PEOPLE PROMISE ELEMENTS,50,AC50,AD50,2023-04-06 15:56:57,Available annual archive version; not claimed to be exact first-publication-day bytes
2022,2022,QWO,NHS West Yorkshire ICB,ICBs,ICBs,5.553814232738832,809,0,Unweighted,https://www.nhsstaffsurveys.com/static/84994bdc2016414e8ea4ed2d1e6f90c5/Detailed-spreadsheets.zip,2026-09-11T18:45:23.003333+00:00,cc0cb064579d49ea4d9361191ec3f3891edeba110261d883b9535c893ac05cb2,NSS22 detailed spreadsheets organisational results.xlsx,eff7320d9daad3ea4231f2625112a800ab0f0e9eead5bc3e12360898c21244d0,PEOPLE PROMISE ELEMENTS,51,AC51,AD51,2023-04-06 15:56:57,Available annual archive version; not claimed to be exact first-publication-day bytes
2022,2022,QWU,NHS Coventry and Warwickshire ICB,ICBs,ICBs,5.5187747035573125,253,0,Unweighted,https://www.nhsstaffsurveys.com/static/84994bdc2016414e8ea4ed2d1e6f90c5/Detailed-spreadsheets.zip,2026-09-11T18:45:23.003333+00:00,cc0cb064579d49ea4d9361191ec3f3891edeba110261d883b9535c893ac05cb2,NSS22 detailed spreadsheets organisational results.xlsx,eff7320d9daad3ea4231f2625112a800ab0f0e9eead5bc3e12360898c21244d0,PEOPLE PROMISE ELEMENTS,52,AC52,AD52,2023-04-06 15:56:57,Available annual archive version; not claimed to be exact first-publication-day bytes
2022,2022,QXU,NHS Surrey Heartlands ICB,ICBs,ICBs,5.440539852304559,374,0,Unweighted,https://www.nhsstaffsurveys.com/static/84994bdc2016414e8ea4ed2d1e6f90c5/Detailed-spreadsheets.zip,2026-09-11T18:45:23.003333+00:00,cc0cb064579d49ea4d9361191ec3f3891edeba110261d883b9535c893ac05cb2,NSS22 detailed spreadsheets organisational results.xlsx,eff7320d9daad3ea4231f2625112a800ab0f0e9eead5bc3e12360898c21244d0,PEOPLE PROMISE ELEMENTS,53,AC53,AD53,2023-04-06 15:56:57,Available annual archive version; not claimed to be exact first-publication-day bytes
2022,2022,QYG,NHS Cheshire and Merseyside ICB,ICBs,ICBs,5.401048174371789,686,0,Unweighted,https://www.nhsstaffsurveys.com/static/84994bdc2016414e8ea4ed2d1e6f90c5/Detailed-spreadsheets.zip,2026-09-11T18:45:23.003333+00:00,cc0cb064579d49ea4d9361191ec3f3891edeba110261d883b9535c893ac05cb2,NSS22 detailed spreadsheets organisational results.xlsx,eff7320d9daad3ea4231f2625112a800ab0f0e9eead5bc3e12360898c21244d0,PEOPLE PROMISE ELEMENTS,54,AC54,AD54,2023-04-06 15:56:57,Available annual archive version; not claimed to be exact first-publication-day bytes
2022,2022,R0A,Manchester University NHS Foundation Trust,Acute&Acute Community Trusts,Acute and Acute & Community Trusts,4.688388726035083,8282,1,Occupation Group,https://www.nhsstaffsurveys.com/static/84994bdc2016414e8ea4ed2d1e6f90c5/Detailed-spreadsheets.zip,2026-09-11T18:45:23.003333+00:00,cc0cb064579d49ea4d9361191ec3f3891edeba110261d883b9535c893ac05cb2,NSS22 detailed spreadsheets organisational results.xlsx,eff7320d9daad3ea4231f2625112a800ab0f0e9eead5bc3e12360898c21244d0,PEOPLE PROMISE ELEMENTS,55,AC55,AD55,2023-04-06 15:56:57,Available annual archive version; not claimed to be exact first-publication-day bytes
2022,2022,R0B,South Tyneside and Sunderland NHS Foundation Trust,Acute&Acute Community Trusts,Acute and Acute & Community Trusts,4.917376679238461,3237,1,Occupation Group,https://www.nhsstaffsurveys.com/static/84994bdc2016414e8ea4ed2d1e6f90c5/Detailed-spreadsheets.zip,2026-09-11T18:45:23.003333+00:00,cc0cb064579d49ea4d9361191ec3f3891edeba110261d883b9535c893ac05cb2,NSS22 detailed spreadsheets organisational results.xlsx,eff7320d9daad3ea4231f2625112a800ab0f0e9eead5bc3e12360898c21244d0,PEOPLE PROMISE ELEMENTS,56,AC56,AD56,2023-04-06 15:56:57,Available annual archive version; not claimed to be exact first-publication-day bytes
2022,2022,R0D,University Hospitals Dorset NHS Trust,Acute&Acute Community Trusts,Acute and Acute & Community Trusts,4.7179827623198936,4140,1,Occupation Group,https://www.nhsstaffsurveys.com/static/84994bdc2016414e8ea4ed2d1e6f90c5/Detailed-spreadsheets.zip,2026-09-11T18:45:23.003333+00:00,cc0cb064579d49ea4d9361191ec3f3891edeba110261d883b9535c893ac05cb2,NSS22 detailed spreadsheets organisational results.xlsx,eff7320d9daad3ea4231f2625112a800ab0f0e9eead5bc3e12360898c21244d0,PEOPLE PROMISE ELEMENTS,57,AC57,AD57,2023-04-06 15:56:57,Available annual archive version; not claimed to be exact first-publication-day bytes
2022,2022,R1A,Herefordshire and Worcestershire Health and Care NHS Trust,"MH&LD, MH, LD&Community Trusts","Mental Health & Learning Disability and Mental Health, Learning Disability & Community Trusts",4.9754143661988905,1872,1,Occupation Group,https://www.nhsstaffsurveys.com/static/84994bdc2016414e8ea4ed2d1e6f90c5/Detailed-spreadsheets.zip,2026-09-11T18:45:23.003333+00:00,cc0cb064579d49ea4d9361191ec3f3891edeba110261d883b9535c893ac05cb2,NSS22 detailed spreadsheets organisational results.xlsx,eff7320d9daad3ea4231f2625112a800ab0f0e9eead5bc3e12360898c21244d0,PEOPLE PROMISE ELEMENTS,58,AC58,AD58,2023-04-06 15:56:57,Available annual archive version; not claimed to be exact first-publication-day bytes
2022,2022,R1C,Solent NHS Trust,"MH&LD, MH, LD&Community Trusts","Mental Health & Learning Disability and Mental Health, Learning Disability & Community Trusts",5.3702039921740505,2792,1,Occupation Group,https://www.nhsstaffsurveys.com/static/84994bdc2016414e8ea4ed2d1e6f90c5/Detailed-spreadsheets.zip,2026-09-11T18:45:23.003333+00:00,cc0cb064579d49ea4d9361191ec3f3891edeba110261d883b9535c893ac05cb2,NSS22 detailed spreadsheets organisational results.xlsx,eff7320d9daad3ea4231f2625112a800ab0f0e9eead5bc3e12360898c21244d0,PEOPLE PROMISE ELEMENTS,59,AC59,AD59,2023-04-06 15:56:57,Available annual archive version; not claimed to be exact first-publication-day bytes
2022,2022,R1D,Shropshire Community Health NHS Trust,Community Trusts,Community Trusts,4.943576843026773,773,1,Occupation Group,https://www.nhsstaffsurveys.com/static/84994bdc2016414e8ea4ed2d1e6f90c5/Detailed-spreadsheets.zip,2026-09-11T18:45:23.003333+00:00,cc0cb064579d49ea4d9361191ec3f3891edeba110261d883b9535c893ac05cb2,NSS22 detailed spreadsheets organisational results.xlsx,eff7320d9daad3ea4231f2625112a800ab0f0e9eead5bc3e12360898c21244d0,PEOPLE PROMISE ELEMENTS,60,AC60,AD60,2023-04-06 15:56:57,Available annual archive version; not claimed to be exact first-publication-day bytes
2022,2022,R1F1,Isle of Wight NHS Trust (acute sector),Acute&Acute Community Trusts,Acute and Acute & Community Trusts,4.819819448329324,1323,1,Occupation Group,https://www.nhsstaffsurveys.com/static/84994bdc2016414e8ea4ed2d1e6f90c5/Detailed-spreadsheets.zip,2026-09-11T18:45:23.003333+00:00,cc0cb064579d49ea4d9361191ec3f3891edeba110261d883b9535c893ac05cb2,NSS22 detailed spreadsheets organisational results.xlsx,eff7320d9daad3ea4231f2625112a800ab0f0e9eead5bc3e12360898c21244d0,PEOPLE PROMISE ELEMENTS,61,AC61,AD61,2023-04-06 15:56:57,Available annual archive version; not claimed to be exact first-publication-day bytes
2022,2022,R1F2,Isle of Wight NHS Trust (ambulance sector),Ambulance Trusts,Ambulance Trusts,4.736117828130399,135,1,Occupation Group,https://www.nhsstaffsurveys.com/static/84994bdc2016414e8ea4ed2d1e6f90c5/Detailed-spreadsheets.zip,2026-09-11T18:45:23.003333+00:00,cc0cb064579d49ea4d9361191ec3f3891edeba110261d883b9535c893ac05cb2,NSS22 detailed spreadsheets organisational results.xlsx,eff7320d9daad3ea4231f2625112a800ab0f0e9eead5bc3e12360898c21244d0,PEOPLE PROMISE ELEMENTS,62,AC62,AD62,2023-04-06 15:56:57,Available annual archive version; not claimed to be exact first-publication-day bytes
2022,2022,R1F3,Isle of Wight NHS Trust (mental health sector),"MH&LD, MH, LD&Community Trusts","Mental Health & Learning Disability and Mental Health, Learning Disability & Community Trusts",5.34982790993797,258,1,Occupation Group,https://www.nhsstaffsurveys.com/static/84994bdc2016414e8ea4ed2d1e6f90c5/Detailed-spreadsheets.zip,2026-09-11T18:45:23.003333+00:00,cc0cb064579d49ea4d9361191ec3f3891edeba110261d883b9535c893ac05cb2,NSS22 detailed spreadsheets organisational results.xlsx,eff7320d9daad3ea4231f2625112a800ab0f0e9eead5bc3e12360898c21244d0,PEOPLE PROMISE ELEMENTS,63,AC63,AD63,2023-04-06 15:56:57,Available annual archive version; not claimed to be exact first-publication-day bytes
2022,2022,R1F4,Isle of Wight NHS Trust (community sector),Community Trusts,Community Trusts,5.162132989986487,411,1,Occupation Group,https://www.nhsstaffsurveys.com/static/84994bdc2016414e8ea4ed2d1e6f90c5/Detailed-spreadsheets.zip,2026-09-11T18:45:23.003333+00:00,cc0cb064579d49ea4d9361191ec3f3891edeba110261d883b9535c893ac05cb2,NSS22 detailed spreadsheets organisational results.xlsx,eff7320d9daad3ea4231f2625112a800ab0f0e9eead5bc3e12360898c21244d0,PEOPLE PROMISE ELEMENTS,64,AC64,AD64,2023-04-06 15:56:57,Available annual archive version; not claimed to be exact first-publication-day bytes
2022,2022,R1H,Barts Health NHS Trust,Acute&Acute Community Trusts,Acute and Acute & Community Trusts,4.598939624200056,6477,1,Occupation Group,https://www.nhsstaffsurveys.com/static/84994bdc2016414e8ea4ed2d1e6f90c5/Detailed-spreadsheets.zip,2026-09-11T18:45:23.003333+00:00,cc0cb064579d49ea4d9361191ec3f3891edeba110261d883b9535c893ac05cb2,NSS22 detailed spreadsheets organisational results.xlsx,eff7320d9daad3ea4231f2625112a800ab0f0e9eead5bc3e12360898c21244d0,PEOPLE PROMISE ELEMENTS,65,AC65,AD65,2023-04-06 15:56:57,Available annual archive version; not claimed to be exact first-publication-day bytes
2022,2022,R1K,London North West University Healthcare NHS Trust,Acute&Acute Community Trusts,Acute and Acute & Community Trusts,4.871026554274555,3933,1,Occupation Group,https://www.nhsstaffsurveys.com/static/84994bdc2016414e8ea4ed2d1e6f90c5/Detailed-spreadsheets.zip,2026-09-11T18:45:23.003333+00:00,cc0cb064579d49ea4d9361191ec3f3891edeba110261d883b9535c893ac05cb2,NSS22 detailed spreadsheets organisational results.xlsx,eff7320d9daad3ea4231f2625112a800ab0f0e9eead5bc3e12360898c21244d0,PEOPLE PROMISE ELEMENTS,66,AC66,AD66,2023-04-06 15:56:57,Available annual archive version; not claimed to be exact first-publication-day bytes
2022,2022,R1L,Essex Partnership University NHS Foundation Trust,"MH&LD, MH, LD&Community Trusts","Mental Health & Learning Disability and Mental Health, Learning Disability & Community Trusts",5.165329059041214,2542,1,Occupation Group,https://www.nhsstaffsurveys.com/static/84994bdc2016414e8ea4ed2d1e6f90c5/Detailed-spreadsheets.zip,2026-09-11T18:45:23.003333+00:00,cc0cb064579d49ea4d9361191ec3f3891edeba110261d883b9535c893ac05cb2,NSS22 detailed spreadsheets organisational results.xlsx,eff7320d9daad3ea4231f2625112a800ab0f0e9eead5bc3e12360898c21244d0,PEOPLE PROMISE ELEMENTS,67,AC67,AD67,2023-04-06 15:56:57,Available annual archive version; not claimed to be exact first-publication-day bytes
2022,2022,RA2,Royal Surrey County Hospital NHS Foundation Trust,Acute&Acute Community Trusts,Acute and Acute & Community Trusts,4.79119014582627,2292,1,Occupation Group,https://www.nhsstaffsurveys.com/static/84994bdc2016414e8ea4ed2d1e6f90c5/Detailed-spreadsheets.zip,2026-09-11T18:45:23.003333+00:00,cc0cb064579d49ea4d9361191ec3f3891edeba110261d883b9535c893ac05cb2,NSS22 detailed spreadsheets organisational results.xlsx,eff7320d9daad3ea4231f2625112a800ab0f0e9eead5bc3e12360898c21244d0,PEOPLE PROMISE ELEMENTS,68,AC68,AD68,2023-04-06 15:56:57,Available annual archive version; not claimed to be exact first-publication-day bytes
2022,2022,RA4,Yeovil District Hospital NHS Foundation Trust,Acute&Acute Community Trusts,Acute and Acute & Community Trusts,5.0890641064914295,1168,1,Occupation Group,https://www.nhsstaffsurveys.com/static/84994bdc2016414e8ea4ed2d1e6f90c5/Detailed-spreadsheets.zip,2026-09-11T18:45:23.003333+00:00,cc0cb064579d49ea4d9361191ec3f3891edeba110261d883b9535c893ac05cb2,NSS22 detailed spreadsheets organisational results.xlsx,eff7320d9daad3ea4231f2625112a800ab0f0e9eead5bc3e12360898c21244d0,PEOPLE PROMISE ELEMENTS,69,AC69,AD69,2023-04-06 15:56:57,Available annual archive version; not claimed to be exact first-publication-day bytes
2022,2022,RA7,University Hospitals Bristol and Weston NHS Foundation Trust,Acute&Acute Community Trusts,Acute and Acute & Community Trusts,4.84529411103459,5199,1,Occupation Group,https://www.nhsstaffsurveys.com/static/84994bdc2016414e8ea4ed2d1e6f90c5/Detailed-spreadsheets.zip,2026-09-11T18:45:23.003333+00:00,cc0cb064579d49ea4d9361191ec3f3891edeba110261d883b9535c893ac05cb2,NSS22 detailed spreadsheets organisational results.xlsx,eff7320d9daad3ea4231f2625112a800ab0f0e9eead5bc3e12360898c21244d0,PEOPLE PROMISE ELEMENTS,70,AC70,AD70,2023-04-06 15:56:57,Available annual archive version; not claimed to be exact first-publication-day bytes
2022,2022,RA9,Torbay and South Devon NHS Foundation Trust,Acute&Acute Community Trusts,Acute and Acute & Community Trusts,4.7960508530752985,2432,1,Occupation Group,https://www.nhsstaffsurveys.com/static/84994bdc2016414e8ea4ed2d1e6f90c5/Detailed-spreadsheets.zip,2026-09-11T18:45:23.003333+00:00,cc0cb064579d49ea4d9361191ec3f3891edeba110261d883b9535c893ac05cb2,NSS22 detailed spreadsheets organisational results.xlsx,eff7320d9daad3ea4231f2625112a800ab0f0e9eead5bc3e12360898c21244d0,PEOPLE PROMISE ELEMENTS,71,AC71,AD71,2023-04-06 15:56:57,Available annual archive version; not claimed to be exact first-publication-day bytes
2022,2022,RAE,Bradford Teaching Hospitals NHS Foundation Trust,Acute&Acute Community Trusts,Acute and Acute & Community Trusts,4.874669013282085,2346,1,Occupation Group,https://www.nhsstaffsurveys.com/static/84994bdc2016414e8ea4ed2d1e6f90c5/Detailed-spreadsheets.zip,2026-09-11T18:45:23.003333+00:00,cc0cb064579d49ea4d9361191ec3f3891edeba110261d883b9535c893ac05cb2,NSS22 detailed spreadsheets organisational results.xlsx,eff7320d9daad3ea4231f2625112a800ab0f0e9eead5bc3e12360898c21244d0,PEOPLE PROMISE ELEMENTS,72,AC72,AD72,2023-04-06 15:56:57,Available annual archive version; not claimed to be exact first-publication-day bytes
2022,2022,RAJ,Mid and South Essex NHS Foundation Trust,Acute&Acute Community Trusts,Acute and Acute & Community Trusts,4.454294353866392,6334,1,Occupation Group,https://www.nhsstaffsurveys.com/static/84994bdc2016414e8ea4ed2d1e6f90c5/Detailed-spreadsheets.zip,2026-09-11T18:45:23.003333+00:00,cc0cb064579d49ea4d9361191ec3f3891edeba110261d883b9535c893ac05cb2,NSS22 detailed spreadsheets organisational results.xlsx,eff7320d9daad3ea4231f2625112a800ab0f0e9eead5bc3e12360898c21244d0,PEOPLE PROMISE ELEMENTS,73,AC73,AD73,2023-04-06 15:56:57,Available annual archive version; not claimed to be exact first-publication-day bytes
2022,2022,RAL,Royal Free London NHS Foundation Trust,Acute&Acute Community Trusts,Acute and Acute & Community Trusts,4.844089742450325,5037,1,Occupation Group,https://www.nhsstaffsurveys.com/static/84994bdc2016414e8ea4ed2d1e6f90c5/Detailed-spreadsheets.zip,2026-09-11T18:45:23.003333+00:00,cc0cb064579d49ea4d9361191ec3f3891edeba110261d883b9535c893ac05cb2,NSS22 detailed spreadsheets organisational results.xlsx,eff7320d9daad3ea4231f2625112a800ab0f0e9eead5bc3e12360898c21244d0,PEOPLE PROMISE ELEMENTS,74,AC74,AD74,2023-04-06 15:56:57,Available annual archive version; not claimed to be exact first-publication-day bytes
2022,2022,RAN,Royal National Orthopaedic Hospital NHS Trust,Acute Specialist Trusts,Acute Specialist Trusts,5.257111994465485,750,1,Occupation Group,https://www.nhsstaffsurveys.com/static/84994bdc2016414e8ea4ed2d1e6f90c5/Detailed-spreadsheets.zip,2026-09-11T18:45:23.003333+00:00,cc0cb064579d49ea4d9361191ec3f3891edeba110261d883b9535c893ac05cb2,NSS22 detailed spreadsheets organisational results.xlsx,eff7320d9daad3ea4231f2625112a800ab0f0e9eead5bc3e12360898c21244d0,PEOPLE PROMISE ELEMENTS,75,AC75,AD75,2023-04-06 15:56:57,Available annual archive version; not claimed to be exact first-publication-day bytes
2022,2022,RAP,North Middlesex University Hospital NHS Trust,Acute&Acute Community Trusts,Acute and Acute & Community Trusts,4.746285085482439,2244,1,Occupation Group,https://www.nhsstaffsurveys.com/static/84994bdc2016414e8ea4ed2d1e6f90c5/Detailed-spreadsheets.zip,2026-09-11T18:45:23.003333+00:00,cc0cb064579d49ea4d9361191ec3f3891edeba110261d883b9535c893ac05cb2,NSS22 detailed spreadsheets organisational results.xlsx,eff7320d9daad3ea4231f2625112a800ab0f0e9eead5bc3e12360898c21244d0,PEOPLE PROMISE ELEMENTS,76,AC76,AD76,2023-04-06 15:56:57,Available annual archive version; not claimed to be exact first-publication-day bytes
2022,2022,RAS,The Hillingdon Hospitals NHS Foundation Trust,Acute&Acute Community Trusts,Acute and Acute & Community Trusts,4.826596001440237,1408,1,Occupation Group,https://www.nhsstaffsurveys.com/static/84994bdc2016414e8ea4ed2d1e6f90c5/Detailed-spreadsheets.zip,2026-09-11T18:45:23.003333+00:00,cc0cb064579d49ea4d9361191ec3f3891edeba110261d883b9535c893ac05cb2,NSS22 detailed spreadsheets organisational results.xlsx,eff7320d9daad3ea4231f2625112a800ab0f0e9eead5bc3e12360898c21244d0,PEOPLE PROMISE ELEMENTS,77,AC77,AD77,2023-04-06 15:56:57,Available annual archive version; not claimed to be exact first-publication-day bytes
2022,2022,RAT,North East London NHS Foundation Trust,"MH&LD, MH, LD&Community Trusts","Mental Health & Learning Disability and Mental Health, Learning Disability & Community Trusts",5.24551400841938,3461,1,Occupation Group,https://www.nhsstaffsurveys.com/static/84994bdc2016414e8ea4ed2d1e6f90c5/Detailed-spreadsheets.zip,2026-09-11T18:45:23.003333+00:00,cc0cb064579d49ea4d9361191ec3f3891edeba110261d883b9535c893ac05cb2,NSS22 detailed spreadsheets organisational results.xlsx,eff7320d9daad3ea4231f2625112a800ab0f0e9eead5bc3e12360898c21244d0,PEOPLE PROMISE ELEMENTS,78,AC78,AD78,2023-04-06 15:56:57,Available annual archive version; not claimed to be exact first-publication-day bytes
2022,2022,RAX,Kingston Hospital NHS Foundation Trust,Acute&Acute Community Trusts,Acute and Acute & Community Trusts,4.711118062732211,2124,1,Occupation Group,https://www.nhsstaffsurveys.com/static/84994bdc2016414e8ea4ed2d1e6f90c5/Detailed-spreadsheets.zip,2026-09-11T18:45:23.003333+00:00,cc0cb064579d49ea4d9361191ec3f3891edeba110261d883b9535c893ac05cb2,NSS22 detailed spreadsheets organisational results.xlsx,eff7320d9daad3ea4231f2625112a800ab0f0e9eead5bc3e12360898c21244d0,PEOPLE PROMISE ELEMENTS,79,AC79,AD79,2023-04-06 15:56:57,Available annual archive version; not claimed to be exact first-publication-day bytes
2022,2022,RBD,Dorset County Hospital NHS Foundation Trust,Acute&Acute Community Trusts,Acute and Acute & Community Trusts,4.77972021855613,1404,1,Occupation Group,https://www.nhsstaffsurveys.com/static/84994bdc2016414e8ea4ed2d1e6f90c5/Detailed-spreadsheets.zip,2026-09-11T18:45:23.003333+00:00,cc0cb064579d49ea4d9361191ec3f3891edeba110261d883b9535c893ac05cb2,NSS22 detailed spreadsheets organisational results.xlsx,eff7320d9daad3ea4231f2625112a800ab0f0e9eead5bc3e12360898c21244d0,PEOPLE PROMISE ELEMENTS,80,AC80,AD80,2023-04-06 15:56:57,Available annual archive version; not claimed to be exact first-publication-day bytes
2022,2022,RBK,Walsall Healthcare NHS Trust,Acute&Acute Community Trusts,Acute and Acute & Community Trusts,4.830115999719003,2214,1,Occupation Group,https://www.nhsstaffsurveys.com/static/84994bdc2016414e8ea4ed2d1e6f90c5/Detailed-spreadsheets.zip,2026-09-11T18:45:23.003333+00:00,cc0cb064579d49ea4d9361191ec3f3891edeba110261d883b9535c893ac05cb2,NSS22 detailed spreadsheets organisational results.xlsx,eff7320d9daad3ea4231f2625112a800ab0f0e9eead5bc3e12360898c21244d0,PEOPLE PROMISE ELEMENTS,81,AC81,AD81,2023-04-06 15:56:57,Available annual archive version; not claimed to be exact first-publication-day bytes
2022,2022,RBL,Wirral University Teaching Hospital NHS Foundation Trust,Acute&Acute Community Trusts,Acute and Acute & Community Trusts,4.819858370618804,3115,1,Occupation Group,https://www.nhsstaffsurveys.com/static/84994bdc2016414e8ea4ed2d1e6f90c5/Detailed-spreadsheets.zip,2026-09-11T18:45:23.003333+00:00,cc0cb064579d49ea4d9361191ec3f3891edeba110261d883b9535c893ac05cb2,NSS22 detailed spreadsheets organisational results.xlsx,eff7320d9daad3ea4231f2625112a800ab0f0e9eead5bc3e12360898c21244d0,PEOPLE PROMISE ELEMENTS,82,AC82,AD82,2023-04-06 15:56:57,Available annual archive version; not claimed to be exact first-publication-day bytes
2022,2022,RBN,St Helens and Knowsley Teaching Hospitals NHS Trust,Acute&Acute Community Trusts,Acute and Acute & Community Trusts,5.090397184981076,2650,1,Occupation Group,https://www.nhsstaffsurveys.com/static/84994bdc2016414e8ea4ed2d1e6f90c5/Detailed-spreadsheets.zip,2026-09-11T18:45:23.003333+00:00,cc0cb064579d49ea4d9361191ec3f3891edeba110261d883b9535c893ac05cb2,NSS22 detailed spreadsheets organisational results.xlsx,eff7320d9daad3ea4231f2625112a800ab0f0e9eead5bc3e12360898c21244d0,PEOPLE PROMISE ELEMENTS,83,AC83,AD83,2023-04-06 15:56:57,Available annual archive version; not claimed to be exact first-publication-day bytes
2022,2022,RBQ,Liverpool Heart and Chest Hospital NHS Foundation Trust,Acute Specialist Trusts,Acute Specialist Trusts,5.438175905809388,1237,1,Occupation Group,https://www.nhsstaffsurveys.com/static/84994bdc2016414e8ea4ed2d1e6f90c5/Detailed-spreadsheets.zip,2026-09-11T18:45:23.003333+00:00,cc0cb064579d49ea4d9361191ec3f3891edeba110261d883b9535c893ac05cb2,NSS22 detailed spreadsheets organisational results.xlsx,eff7320d9daad3ea4231f2625112a800ab0f0e9eead5bc3e12360898c21244d0,PEOPLE PROMISE ELEMENTS,84,AC84,AD84,2023-04-06 15:56:57,Available annual archive version; not claimed to be exact first-publication-day bytes
2022,2022,RBS,Alder Hey Children's NHS Foundation Trust,Acute&Acute Community Trusts,Acute and Acute & Community Trusts,4.946636300786829,2184,1,Occupation Group,https://www.nhsstaffsurveys.com/static/84994bdc2016414e8ea4ed2d1e6f90c5/Detailed-spreadsheets.zip,2026-09-11T18:45:23.003333+00:00,cc0cb064579d49ea4d9361191ec3f3891edeba110261d883b9535c893ac05cb2,NSS22 detailed spreadsheets organisational results.xlsx,eff7320d9daad3ea4231f2625112a800ab0f0e9eead5bc3e12360898c21244d0,PEOPLE PROMISE ELEMENTS,85,AC85,AD85,2023-04-06 15:56:57,Available annual archive version; not claimed to be exact first-publication-day bytes
2022,2022,RBT,Mid Cheshire Hospitals NHS Foundation Trust,Acute&Acute Community Trusts,Acute and Acute & Community Trusts,4.891597667693248,1606,1,Occupation Group,https://www.nhsstaffsurveys.com/static/84994bdc2016414e8ea4ed2d1e6f90c5/Detailed-spreadsheets.zip,2026-09-11T18:45:23.003333+00:00,cc0cb064579d49ea4d9361191ec3f3891edeba110261d883b9535c893ac05cb2,NSS22 detailed spreadsheets organisational results.xlsx,eff7320d9daad3ea4231f2625112a800ab0f0e9eead5bc3e12360898c21244d0,PEOPLE PROMISE ELEMENTS,86,AC86,AD86,2023-04-06 15:56:57,Available annual archive version; not claimed to be exact first-publication-day bytes
2022,2022,RBV,The Christie NHS Foundation Trust,Acute Specialist Trusts,Acute Specialist Trusts,5.105964425648609,1410,1,Occupation Group,https://www.nhsstaffsurveys.com/static/84994bdc2016414e8ea4ed2d1e6f90c5/Detailed-spreadsheets.zip,2026-09-11T18:45:23.003333+00:00,cc0cb064579d49ea4d9361191ec3f3891edeba110261d883b9535c893ac05cb2,NSS22 detailed spreadsheets organisational results.xlsx,eff7320d9daad3ea4231f2625112a800ab0f0e9eead5bc3e12360898c21244d0,PEOPLE PROMISE ELEMENTS,87,AC87,AD87,2023-04-06 15:56:57,Available annual archive version; not claimed to be exact first-publication-day bytes
2022,2022,RC9,Bedfordshire Hospitals NHS Foundation Trust,Acute&Acute Community Trusts,Acute and Acute & Community Trusts,4.7786682309998305,2900,1,Occupation Group,https://www.nhsstaffsurveys.com/static/84994bdc2016414e8ea4ed2d1e6f90c5/Detailed-spreadsheets.zip,2026-09-11T18:45:23.003333+00:00,cc0cb064579d49ea4d9361191ec3f3891edeba110261d883b9535c893ac05cb2,NSS22 detailed spreadsheets organisational results.xlsx,eff7320d9daad3ea4231f2625112a800ab0f0e9eead5bc3e12360898c21244d0,PEOPLE PROMISE ELEMENTS,88,AC88,AD88,2023-04-06 15:56:57,Available annual archive version; not claimed to be exact first-publication-day bytes
2022,2022,RCB,York and Scarborough Teaching Hospitals NHS Foundation Trust,Acute&Acute Community Trusts,Acute and Acute & Community Trusts,4.720149639060792,3632,1,Occupation Group,https://www.nhsstaffsurveys.com/static/84994bdc2016414e8ea4ed2d1e6f90c5/Detailed-spreadsheets.zip,2026-09-11T18:45:23.003333+00:00,cc0cb064579d49ea4d9361191ec3f3891edeba110261d883b9535c893ac05cb2,NSS22 detailed spreadsheets organisational results.xlsx,eff7320d9daad3ea4231f2625112a800ab0f0e9eead5bc3e12360898c21244d0,PEOPLE PROMISE ELEMENTS,89,AC89,AD89,2023-04-06 15:56:57,Available annual archive version; not claimed to be exact first-publication-day bytes
2022,2022,RCD,Harrogate and District NHS Foundation Trust,Acute&Acute Community Trusts,Acute and Acute & Community Trusts,4.954082636680918,1914,1,Occupation Group,https://www.nhsstaffsurveys.com/static/84994bdc2016414e8ea4ed2d1e6f90c5/Detailed-spreadsheets.zip,2026-09-11T18:45:23.003333+00:00,cc0cb064579d49ea4d9361191ec3f3891edeba110261d883b9535c893ac05cb2,NSS22 detailed spreadsheets organisational results.xlsx,eff7320d9daad3ea4231f2625112a800ab0f0e9eead5bc3e12360898c21244d0,PEOPLE PROMISE ELEMENTS,90,AC90,AD90,2023-04-06 15:56:57,Available annual archive version; not claimed to be exact first-publication-day bytes
2022,2022,RCF,Airedale NHS Foundation Trust,Acute&Acute Community Trusts,Acute and Acute & Community Trusts,5.038939788804358,1314,1,Occupation Group,https://www.nhsstaffsurveys.com/static/84994bdc2016414e8ea4ed2d1e6f90c5/Detailed-spreadsheets.zip,2026-09-11T18:45:23.003333+00:00,cc0cb064579d49ea4d9361191ec3f3891edeba110261d883b9535c893ac05cb2,NSS22 detailed spreadsheets organisational results.xlsx,eff7320d9daad3ea4231f2625112a800ab0f0e9eead5bc3e12360898c21244d0,PEOPLE PROMISE ELEMENTS,91,AC91,AD91,2023-04-06 15:56:57,Available annual archive version; not claimed to be exact first-publication-day bytes
2022,2022,RCU,Sheffield Children's NHS Foundation Trust,Acute&Acute Community Trusts,Acute and Acute & Community Trusts,4.942563975002244,1593,1,Occupation Group,https://www.nhsstaffsurveys.com/static/84994bdc2016414e8ea4ed2d1e6f90c5/Detailed-spreadsheets.zip,2026-09-11T18:45:23.003333+00:00,cc0cb064579d49ea4d9361191ec3f3891edeba110261d883b9535c893ac05cb2,NSS22 detailed spreadsheets organisational results.xlsx,eff7320d9daad3ea4231f2625112a800ab0f0e9eead5bc3e12360898c21244d0,PEOPLE PROMISE ELEMENTS,92,AC92,AD92,2023-04-06 15:56:57,Available annual archive version; not claimed to be exact first-publication-day bytes
2022,2022,RCX,The Queen Elizabeth Hospital King's Lynn NHS Foundation Trust,Acute&Acute Community Trusts,Acute and Acute & Community Trusts,4.66474478621241,1457,1,Occupation Group,https://www.nhsstaffsurveys.com/static/84994bdc2016414e8ea4ed2d1e6f90c5/Detailed-spreadsheets.zip,2026-09-11T18:45:23.003333+00:00,cc0cb064579d49ea4d9361191ec3f3891edeba110261d883b9535c893ac05cb2,NSS22 detailed spreadsheets organisational results.xlsx,eff7320d9daad3ea4231f2625112a800ab0f0e9eead5bc3e12360898c21244d0,PEOPLE PROMISE ELEMENTS,93,AC93,AD93,2023-04-06 15:56:57,Available annual archive version; not claimed to be exact first-publication-day bytes
2022,2022,RD1,Royal United Hospitals Bath NHS Foundation Trust,Acute&Acute Community Trusts,Acute and Acute & Community Trusts,4.6889607159505795,3014,1,Occupation Group,https://www.nhsstaffsurveys.com/static/84994bdc2016414e8ea4ed2d1e6f90c5/Detailed-spreadsheets.zip,2026-09-11T18:45:23.003333+00:00,cc0cb064579d49ea4d9361191ec3f3891edeba110261d883b9535c893ac05cb2,NSS22 detailed spreadsheets organisational results.xlsx,eff7320d9daad3ea4231f2625112a800ab0f0e9eead5bc3e12360898c21244d0,PEOPLE PROMISE ELEMENTS,94,AC94,AD94,2023-04-06 15:56:57,Available annual archive version; not claimed to be exact first-publication-day bytes
2022,2022,RD8,Milton Keynes University Hospital NHS Foundation Trust,Acute&Acute Community Trusts,Acute and Acute & Community Trusts,4.985642060678248,1628,1,Occupation Group,https://www.nhsstaffsurveys.com/static/84994bdc2016414e8ea4ed2d1e6f90c5/Detailed-spreadsheets.zip,2026-09-11T18:45:23.003333+00:00,cc0cb064579d49ea4d9361191ec3f3891edeba110261d883b9535c893ac05cb2,NSS22 detailed spreadsheets organisational results.xlsx,eff7320d9daad3ea4231f2625112a800ab0f0e9eead5bc3e12360898c21244d0,PEOPLE PROMISE ELEMENTS,95,AC95,AD95,2023-04-06 15:56:57,Available annual archive version; not claimed to be exact first-publication-day bytes
2022,2022,RDE,East Suffolk and North Essex NHS Foundation Trust,Acute&Acute Community Trusts,Acute and Acute & Community Trusts,4.747006069755446,4377,1,Occupation Group,https://www.nhsstaffsurveys.com/static/84994bdc2016414e8ea4ed2d1e6f90c5/Detailed-spreadsheets.zip,2026-09-11T18:45:23.003333+00:00,cc0cb064579d49ea4d9361191ec3f3891edeba110261d883b9535c893ac05cb2,NSS22 detailed spreadsheets organisational results.xlsx,eff7320d9daad3ea4231f2625112a800ab0f0e9eead5bc3e12360898c21244d0,PEOPLE PROMISE ELEMENTS,96,AC96,AD96,2023-04-06 15:56:57,Available annual archive version; not claimed to be exact first-publication-day bytes
2022,2022,RDR,Sussex Community NHS Foundation Trust,Community Trusts,Community Trusts,5.238900245116191,3688,1,Occupation Group,https://www.nhsstaffsurveys.com/static/84994bdc2016414e8ea4ed2d1e6f90c5/Detailed-spreadsheets.zip,2026-09-11T18:45:23.003333+00:00,cc0cb064579d49ea4d9361191ec3f3891edeba110261d883b9535c893ac05cb2,NSS22 detailed spreadsheets organisational results.xlsx,eff7320d9daad3ea4231f2625112a800ab0f0e9eead5bc3e12360898c21244d0,PEOPLE PROMISE ELEMENTS,97,AC97,AD97,2023-04-06 15:56:57,Available annual archive version; not claimed to be exact first-publication-day bytes
2022,2022,RDU,Frimley Health NHS Foundation Trust,Acute&Acute Community Trusts,Acute and Acute & Community Trusts,4.81950981389251,4984,1,Occupation Group,https://www.nhsstaffsurveys.com/static/84994bdc2016414e8ea4ed2d1e6f90c5/Detailed-spreadsheets.zip,2026-09-11T18:45:23.003333+00:00,cc0cb064579d49ea4d9361191ec3f3891edeba110261d883b9535c893ac05cb2,NSS22 detailed spreadsheets organisational results.xlsx,eff7320d9daad3ea4231f2625112a800ab0f0e9eead5bc3e12360898c21244d0,PEOPLE PROMISE ELEMENTS,98,AC98,AD98,2023-04-06 15:56:57,Available annual archive version; not claimed to be exact first-publication-day bytes
2022,2022,RDY,Dorset Healthcare University NHS Foundation Trust,"MH&LD, MH, LD&Community Trusts","Mental Health & Learning Disability and Mental Health, Learning Disability & Community Trusts",5.310677042968893,3549,1,Occupation Group,https://www.nhsstaffsurveys.com/static/84994bdc2016414e8ea4ed2d1e6f90c5/Detailed-spreadsheets.zip,2026-09-11T18:45:23.003333+00:00,cc0cb064579d49ea4d9361191ec3f3891edeba110261d883b9535c893ac05cb2,NSS22 detailed spreadsheets organisational results.xlsx,eff7320d9daad3ea4231f2625112a800ab0f0e9eead5bc3e12360898c21244d0,PEOPLE PROMISE ELEMENTS,99,AC99,AD99,2023-04-06 15:56:57,Available annual archive version; not claimed to be exact first-publication-day bytes
2022,2022,REF,Royal Cornwall Hospitals NHS Trust,Acute&Acute Community Trusts,Acute and Acute & Community Trusts,4.731894409252361,3217,1,Occupation Group,https://www.nhsstaffsurveys.com/static/84994bdc2016414e8ea4ed2d1e6f90c5/Detailed-spreadsheets.zip,2026-09-11T18:45:23.003333+00:00,cc0cb064579d49ea4d9361191ec3f3891edeba110261d883b9535c893ac05cb2,NSS22 detailed spreadsheets organisational results.xlsx,eff7320d9daad3ea4231f2625112a800ab0f0e9eead5bc3e12360898c21244d0,PEOPLE PROMISE ELEMENTS,100,AC100,AD100,2023-04-06 15:56:57,Available annual archive version; not claimed to be exact first-publication-day bytes
2022,2022,REM,Liverpool University Hospitals NHS Foundation Trust,Acute&Acute Community Trusts,Acute and Acute & Community Trusts,4.693980673769201,4215,1,Occupation Group,https://www.nhsstaffsurveys.com/static/84994bdc2016414e8ea4ed2d1e6f90c5/Detailed-spreadsheets.zip,2026-09-11T18:45:23.003333+00:00,cc0cb064579d49ea4d9361191ec3f3891edeba110261d883b9535c893ac05cb2,NSS22 detailed spreadsheets organisational results.xlsx,eff7320d9daad3ea4231f2625112a800ab0f0e9eead5bc3e12360898c21244d0,PEOPLE PROMISE ELEMENTS,101,AC101,AD101,2023-04-06 15:56:57,Available annual archive version; not claimed to be exact first-publication-day bytes
2022,2022,REN,The Clatterbridge Cancer Centre NHS Foundation Trust,Acute Specialist Trusts,Acute Specialist Trusts,5.225777512937467,1087,1,Occupation Group,https://www.nhsstaffsurveys.com/static/84994bdc2016414e8ea4ed2d1e6f90c5/Detailed-spreadsheets.zip,2026-09-11T18:45:23.003333+00:00,cc0cb064579d49ea4d9361191ec3f3891edeba110261d883b9535c893ac05cb2,NSS22 detailed spreadsheets organisational results.xlsx,eff7320d9daad3ea4231f2625112a800ab0f0e9eead5bc3e12360898c21244d0,PEOPLE PROMISE ELEMENTS,102,AC102,AD102,2023-04-06 15:56:57,Available annual archive version; not claimed to be exact first-publication-day bytes
2022,2022,REP,Liverpool Women's NHS Foundation Trust,Acute Specialist Trusts,Acute Specialist Trusts,4.964556198232415,954,1,Occupation Group,https://www.nhsstaffsurveys.com/static/84994bdc2016414e8ea4ed2d1e6f90c5/Detailed-spreadsheets.zip,2026-09-11T18:45:23.003333+00:00,cc0cb064579d49ea4d9361191ec3f3891edeba110261d883b9535c893ac05cb2,NSS22 detailed spreadsheets organisational results.xlsx,eff7320d9daad3ea4231f2625112a800ab0f0e9eead5bc3e12360898c21244d0,PEOPLE PROMISE ELEMENTS,103,AC103,AD103,2023-04-06 15:56:57,Available annual archive version; not claimed to be exact first-publication-day bytes
2022,2022,RET,The Walton Centre NHS Foundation Trust,Acute Specialist Trusts,Acute Specialist Trusts,5.232937967207849,606,1,Occupation Group,https://www.nhsstaffsurveys.com/static/84994bdc2016414e8ea4ed2d1e6f90c5/Detailed-spreadsheets.zip,2026-09-11T18:45:23.003333+00:00,cc0cb064579d49ea4d9361191ec3f3891edeba110261d883b9535c893ac05cb2,NSS22 detailed spreadsheets organisational results.xlsx,eff7320d9daad3ea4231f2625112a800ab0f0e9eead5bc3e12360898c21244d0,PEOPLE PROMISE ELEMENTS,104,AC104,AD104,2023-04-06 15:56:57,Available annual archive version; not claimed to be exact first-publication-day bytes
2022,2022,RF4,"Barking, Havering and Redbridge University Hospitals NHS Trust",Acute&Acute Community Trusts,Acute and Acute & Community Trusts,4.69853600458217,2974,1,Occupation Group,https://www.nhsstaffsurveys.com/static/84994bdc2016414e8ea4ed2d1e6f90c5/Detailed-spreadsheets.zip,2026-09-11T18:45:23.003333+00:00,cc0cb064579d49ea4d9361191ec3f3891edeba110261d883b9535c893ac05cb2,NSS22 detailed spreadsheets organisational results.xlsx,eff7320d9daad3ea4231f2625112a800ab0f0e9eead5bc3e12360898c21244d0,PEOPLE PROMISE ELEMENTS,105,AC105,AD105,2023-04-06 15:56:57,Available annual archive version; not claimed to be exact first-publication-day bytes
2022,2022,RFF,Barnsley Hospital NHS Foundation Trust,Acute&Acute Community Trusts,Acute and Acute & Community Trusts,5.0329306776317315,2079,1,Occupation Group,https://www.nhsstaffsurveys.com/static/84994bdc2016414e8ea4ed2d1e6f90c5/Detailed-spreadsheets.zip,2026-09-11T18:45:23.003333+00:00,cc0cb064579d49ea4d9361191ec3f3891edeba110261d883b9535c893ac05cb2,NSS22 detailed spreadsheets organisational results.xlsx,eff7320d9daad3ea4231f2625112a800ab0f0e9eead5bc3e12360898c21244d0,PEOPLE PROMISE ELEMENTS,106,AC106,AD106,2023-04-06 15:56:57,Available annual archive version; not claimed to be exact first-publication-day bytes
2022,2022,RFR,The Rotherham NHS Foundation Trust,Acute&Acute Community Trusts,Acute and Acute & Community Trusts,4.91439201561121,2851,1,Occupation Group,https://www.nhsstaffsurveys.com/static/84994bdc2016414e8ea4ed2d1e6f90c5/Detailed-spreadsheets.zip,2026-09-11T18:45:23.003333+00:00,cc0cb064579d49ea4d9361191ec3f3891edeba110261d883b9535c893ac05cb2,NSS22 detailed spreadsheets organisational results.xlsx,eff7320d9daad3ea4231f2625112a800ab0f0e9eead5bc3e12360898c21244d0,PEOPLE PROMISE ELEMENTS,107,AC107,AD107,2023-04-06 15:56:57,Available annual archive version; not claimed to be exact first-publication-day bytes
2022,2022,RFS,Chesterfield Royal Hospital NHS Foundation Trust,Acute&Acute Community Trusts,Acute and Acute & Community Trusts,4.985836979735454,2532,1,Occupation Group,https://www.nhsstaffsurveys.com/static/84994bdc2016414e8ea4ed2d1e6f90c5/Detailed-spreadsheets.zip,2026-09-11T18:45:23.003333+00:00,cc0cb064579d49ea4d9361191ec3f3891edeba110261d883b9535c893ac05cb2,NSS22 detailed spreadsheets organisational results.xlsx,eff7320d9daad3ea4231f2625112a800ab0f0e9eead5bc3e12360898c21244d0,PEOPLE PROMISE ELEMENTS,108,AC108,AD108,2023-04-06 15:56:57,Available annual archive version; not claimed to be exact first-publication-day bytes
2022,2022,RGD,Leeds and York Partnership NHS Foundation Trust,"MH&LD, MH, LD&Community Trusts","Mental Health & Learning Disability and Mental Health, Learning Disability & Community Trusts",5.122395970042918,1312,1,Occupation Group,https://www.nhsstaffsurveys.com/static/84994bdc2016414e8ea4ed2d1e6f90c5/Detailed-spreadsheets.zip,2026-09-11T18:45:23.003333+00:00,cc0cb064579d49ea4d9361191ec3f3891edeba110261d883b9535c893ac05cb2,NSS22 detailed spreadsheets organisational results.xlsx,eff7320d9daad3ea4231f2625112a800ab0f0e9eead5bc3e12360898c21244d0,PEOPLE PROMISE ELEMENTS,109,AC109,AD109,2023-04-06 15:56:57,Available annual archive version; not claimed to be exact first-publication-day bytes
2022,2022,RGM,Royal Papworth Hospital NHS Foundation Trust,Acute Specialist Trusts,Acute Specialist Trusts,4.832253592774485,1209,1,Occupation Group,https://www.nhsstaffsurveys.com/static/84994bdc2016414e8ea4ed2d1e6f90c5/Detailed-spreadsheets.zip,2026-09-11T18:45:23.003333+00:00,cc0cb064579d49ea4d9361191ec3f3891edeba110261d883b9535c893ac05cb2,NSS22 detailed spreadsheets organisational results.xlsx,eff7320d9daad3ea4231f2625112a800ab0f0e9eead5bc3e12360898c21244d0,PEOPLE PROMISE ELEMENTS,110,AC110,AD110,2023-04-06 15:56:57,Available annual archive version; not claimed to be exact first-publication-day bytes
2022,2022,RGN,North West Anglia NHS Foundation Trust,Acute&Acute Community Trusts,Acute and Acute & Community Trusts,4.509737336521745,3148,1,Occupation Group,https://www.nhsstaffsurveys.com/static/84994bdc2016414e8ea4ed2d1e6f90c5/Detailed-spreadsheets.zip,2026-09-11T18:45:23.003333+00:00,cc0cb064579d49ea4d9361191ec3f3891edeba110261d883b9535c893ac05cb2,NSS22 detailed spreadsheets organisational results.xlsx,eff7320d9daad3ea4231f2625112a800ab0f0e9eead5bc3e12360898c21244d0,PEOPLE PROMISE ELEMENTS,111,AC111,AD111,2023-04-06 15:56:57,Available annual archive version; not claimed to be exact first-publication-day bytes
2022,2022,RGP,James Paget University Hospitals NHS Foundation Trust,Acute&Acute Community Trusts,Acute and Acute & Community Trusts,4.609244720468045,1309,1,Occupation Group,https://www.nhsstaffsurveys.com/static/84994bdc2016414e8ea4ed2d1e6f90c5/Detailed-spreadsheets.zip,2026-09-11T18:45:23.003333+00:00,cc0cb064579d49ea4d9361191ec3f3891edeba110261d883b9535c893ac05cb2,NSS22 detailed spreadsheets organisational results.xlsx,eff7320d9daad3ea4231f2625112a800ab0f0e9eead5bc3e12360898c21244d0,PEOPLE PROMISE ELEMENTS,112,AC112,AD112,2023-04-06 15:56:57,Available annual archive version; not claimed to be exact first-publication-day bytes
2022,2022,RGR,West Suffolk NHS Foundation Trust,Acute&Acute Community Trusts,Acute and Acute & Community Trusts,4.8286047668936005,1982,1,Occupation Group,https://www.nhsstaffsurveys.com/static/84994bdc2016414e8ea4ed2d1e6f90c5/Detailed-spreadsheets.zip,2026-09-11T18:45:23.003333+00:00,cc0cb064579d49ea4d9361191ec3f3891edeba110261d883b9535c893ac05cb2,NSS22 detailed spreadsheets organisational results.xlsx,eff7320d9daad3ea4231f2625112a800ab0f0e9eead5bc3e12360898c21244d0,PEOPLE PROMISE ELEMENTS,113,AC113,AD113,2023-04-06 15:56:57,Available annual archive version; not claimed to be exact first-publication-day bytes
2022,2022,RGT,Cambridge University Hospitals NHS Foundation Trust,Acute&Acute Community Trusts,Acute and Acute & Community Trusts,4.7140792555113435,4881,1,Occupation Group,https://www.nhsstaffsurveys.com/static/84994bdc2016414e8ea4ed2d1e6f90c5/Detailed-spreadsheets.zip,2026-09-11T18:45:23.003333+00:00,cc0cb064579d49ea4d9361191ec3f3891edeba110261d883b9535c893ac05cb2,NSS22 detailed spreadsheets organisational results.xlsx,eff7320d9daad3ea4231f2625112a800ab0f0e9eead5bc3e12360898c21244d0,PEOPLE PROMISE ELEMENTS,114,AC114,AD114,2023-04-06 15:56:57,Available annual archive version; not claimed to be exact first-publication-day bytes
2022,2022,RH5,Somerset NHS Foundation Trust,Acute&Acute Community Trusts,Acute and Acute & Community Trusts,5.1008001952142425,4566,1,Occupation Group,https://www.nhsstaffsurveys.com/static/84994bdc2016414e8ea4ed2d1e6f90c5/Detailed-spreadsheets.zip,2026-09-11T18:45:23.003333+00:00,cc0cb064579d49ea4d9361191ec3f3891edeba110261d883b9535c893ac05cb2,NSS22 detailed spreadsheets organisational results.xlsx,eff7320d9daad3ea4231f2625112a800ab0f0e9eead5bc3e12360898c21244d0,PEOPLE PROMISE ELEMENTS,115,AC115,AD115,2023-04-06 15:56:57,Available annual archive version; not claimed to be exact first-publication-day bytes
2022,2022,RH8,Royal Devon University Healthcare NHS Foundation Trust,Acute&Acute Community Trusts,Acute and Acute & Community Trusts,4.892885814836635,4661,1,Occupation Group,https://www.nhsstaffsurveys.com/static/84994bdc2016414e8ea4ed2d1e6f90c5/Detailed-spreadsheets.zip,2026-09-11T18:45:23.003333+00:00,cc0cb064579d49ea4d9361191ec3f3891edeba110261d883b9535c893ac05cb2,NSS22 detailed spreadsheets organisational results.xlsx,eff7320d9daad3ea4231f2625112a800ab0f0e9eead5bc3e12360898c21244d0,PEOPLE PROMISE ELEMENTS,116,AC116,AD116,2023-04-06 15:56:57,Available annual archive version; not claimed to be exact first-publication-day bytes
2022,2022,RHA,Nottinghamshire Healthcare NHS Foundation Trust,"MH&LD, MH, LD&Community Trusts","Mental Health & Learning Disability and Mental Health, Learning Disability & Community Trusts",5.096903754572745,4676,1,Occupation Group,https://www.nhsstaffsurveys.com/static/84994bdc2016414e8ea4ed2d1e6f90c5/Detailed-spreadsheets.zip,2026-09-11T18:45:23.003333+00:00,cc0cb064579d49ea4d9361191ec3f3891edeba110261d883b9535c893ac05cb2,NSS22 detailed spreadsheets organisational results.xlsx,eff7320d9daad3ea4231f2625112a800ab0f0e9eead5bc3e12360898c21244d0,PEOPLE PROMISE ELEMENTS,117,AC117,AD117,2023-04-06 15:56:57,Available annual archive version; not claimed to be exact first-publication-day bytes
2022,2022,RHM,University Hospital Southampton NHS Foundation Trust,Acute&Acute Community Trusts,Acute and Acute & Community Trusts,4.985154561907087,6941,1,Occupation Group,https://www.nhsstaffsurveys.com/static/84994bdc2016414e8ea4ed2d1e6f90c5/Detailed-spreadsheets.zip,2026-09-11T18:45:23.003333+00:00,cc0cb064579d49ea4d9361191ec3f3891edeba110261d883b9535c893ac05cb2,NSS22 detailed spreadsheets organisational results.xlsx,eff7320d9daad3ea4231f2625112a800ab0f0e9eead5bc3e12360898c21244d0,PEOPLE PROMISE ELEMENTS,118,AC118,AD118,2023-04-06 15:56:57,Available annual archive version; not claimed to be exact first-publication-day bytes
2022,2022,RHQ,Sheffield Teaching Hospitals NHS Foundation Trust,Acute&Acute Community Trusts,Acute and Acute & Community Trusts,4.781933065223427,6912,1,Occupation Group,https://www.nhsstaffsurveys.com/static/84994bdc2016414e8ea4ed2d1e6f90c5/Detailed-spreadsheets.zip,2026-09-11T18:45:23.003333+00:00,cc0cb064579d49ea4d9361191ec3f3891edeba110261d883b9535c893ac05cb2,NSS22 detailed spreadsheets organisational results.xlsx,eff7320d9daad3ea4231f2625112a800ab0f0e9eead5bc3e12360898c21244d0,PEOPLE PROMISE ELEMENTS,119,AC119,AD119,2023-04-06 15:56:57,Available annual archive version; not claimed to be exact first-publication-day bytes
2022,2022,RHU,Portsmouth Hospitals University National Health Service Trust,Acute&Acute Community Trusts,Acute and Acute & Community Trusts,4.682176960082493,3173,1,Occupation Group,https://www.nhsstaffsurveys.com/static/84994bdc2016414e8ea4ed2d1e6f90c5/Detailed-spreadsheets.zip,2026-09-11T18:45:23.003333+00:00,cc0cb064579d49ea4d9361191ec3f3891edeba110261d883b9535c893ac05cb2,NSS22 detailed spreadsheets organisational results.xlsx,eff7320d9daad3ea4231f2625112a800ab0f0e9eead5bc3e12360898c21244d0,PEOPLE PROMISE ELEMENTS,120,AC120,AD120,2023-04-06 15:56:57,Available annual archive version; not claimed to be exact first-publication-day bytes
2022,2022,RHW,Royal Berkshire NHS Foundation Trust,Acute&Acute Community Trusts,Acute and Acute & Community Trusts,5.074875191347036,3407,1,Occupation Group,https://www.nhsstaffsurveys.com/static/84994bdc2016414e8ea4ed2d1e6f90c5/Detailed-spreadsheets.zip,2026-09-11T18:45:23.003333+00:00,cc0cb064579d49ea4d9361191ec3f3891edeba110261d883b9535c893ac05cb2,NSS22 detailed spreadsheets organisational results.xlsx,eff7320d9daad3ea4231f2625112a800ab0f0e9eead5bc3e12360898c21244d0,PEOPLE PROMISE ELEMENTS,121,AC121,AD121,2023-04-06 15:56:57,Available annual archive version; not claimed to be exact first-publication-day bytes
2022,2022,RJ1,Guy's and St Thomas' NHS Foundation Trust,Acute&Acute Community Trusts,Acute and Acute & Community Trusts,4.837594654273775,9174,1,Occupation Group,https://www.nhsstaffsurveys.com/static/84994bdc2016414e8ea4ed2d1e6f90c5/Detailed-spreadsheets.zip,2026-09-11T18:45:23.003333+00:00,cc0cb064579d49ea4d9361191ec3f3891edeba110261d883b9535c893ac05cb2,NSS22 detailed spreadsheets organisational results.xlsx,eff7320d9daad3ea4231f2625112a800ab0f0e9eead5bc3e12360898c21244d0,PEOPLE PROMISE ELEMENTS,122,AC122,AD122,2023-04-06 15:56:57,Available annual archive version; not claimed to be exact first-publication-day bytes
2022,2022,RJ2,Lewisham and Greenwich NHS Trust,Acute&Acute Community Trusts,Acute and Acute & Community Trusts,4.877672747067007,3279,1,Occupation Group,https://www.nhsstaffsurveys.com/static/84994bdc2016414e8ea4ed2d1e6f90c5/Detailed-spreadsheets.zip,2026-09-11T18:45:23.003333+00:00,cc0cb064579d49ea4d9361191ec3f3891edeba110261d883b9535c893ac05cb2,NSS22 detailed spreadsheets organisational results.xlsx,eff7320d9daad3ea4231f2625112a800ab0f0e9eead5bc3e12360898c21244d0,PEOPLE PROMISE ELEMENTS,123,AC123,AD123,2023-04-06 15:56:57,Available annual archive version; not claimed to be exact first-publication-day bytes
2022,2022,RJ6,Croydon Health Services NHS Trust,Acute&Acute Community Trusts,Acute and Acute & Community Trusts,4.911632980557765,1943,1,Occupation Group,https://www.nhsstaffsurveys.com/static/84994bdc2016414e8ea4ed2d1e6f90c5/Detailed-spreadsheets.zip,2026-09-11T18:45:23.003333+00:00,cc0cb064579d49ea4d9361191ec3f3891edeba110261d883b9535c893ac05cb2,NSS22 detailed spreadsheets organisational results.xlsx,eff7320d9daad3ea4231f2625112a800ab0f0e9eead5bc3e12360898c21244d0,PEOPLE PROMISE ELEMENTS,124,AC124,AD124,2023-04-06 15:56:57,Available annual archive version; not claimed to be exact first-publication-day bytes
2022,2022,RJ7,St George's University Hospitals NHS Foundation Trust,Acute&Acute Community Trusts,Acute and Acute & Community Trusts,4.775620800661592,4392,1,Occupation Group,https://www.nhsstaffsurveys.com/static/84994bdc2016414e8ea4ed2d1e6f90c5/Detailed-spreadsheets.zip,2026-09-11T18:45:23.003333+00:00,cc0cb064579d49ea4d9361191ec3f3891edeba110261d883b9535c893ac05cb2,NSS22 detailed spreadsheets organisational results.xlsx,eff7320d9daad3ea4231f2625112a800ab0f0e9eead5bc3e12360898c21244d0,PEOPLE PROMISE ELEMENTS,125,AC125,AD125,2023-04-06 15:56:57,Available annual archive version; not claimed to be exact first-publication-day bytes
2022,2022,RJ8,Cornwall Partnership NHS Foundation Trust,"MH&LD, MH, LD&Community Trusts","Mental Health & Learning Disability and Mental Health, Learning Disability & Community Trusts",4.899398889589988,2306,1,Occupation Group,https://www.nhsstaffsurveys.com/static/84994bdc2016414e8ea4ed2d1e6f90c5/Detailed-spreadsheets.zip,2026-09-11T18:45:23.003333+00:00,cc0cb064579d49ea4d9361191ec3f3891edeba110261d883b9535c893ac05cb2,NSS22 detailed spreadsheets organisational results.xlsx,eff7320d9daad3ea4231f2625112a800ab0f0e9eead5bc3e12360898c21244d0,PEOPLE PROMISE ELEMENTS,126,AC126,AD126,2023-04-06 15:56:57,Available annual archive version; not claimed to be exact first-publication-day bytes
2022,2022,RJC,South Warwickshire University NHS Foundation Trust,Acute&Acute Community Trusts,Acute and Acute & Community Trusts,5.044532067566825,2207,1,Occupation Group,https://www.nhsstaffsurveys.com/static/84994bdc2016414e8ea4ed2d1e6f90c5/Detailed-spreadsheets.zip,2026-09-11T18:45:23.003333+00:00,cc0cb064579d49ea4d9361191ec3f3891edeba110261d883b9535c893ac05cb2,NSS22 detailed spreadsheets organisational results.xlsx,eff7320d9daad3ea4231f2625112a800ab0f0e9eead5bc3e12360898c21244d0,PEOPLE PROMISE ELEMENTS,127,AC127,AD127,2023-04-06 15:56:57,Available annual archive version; not claimed to be exact first-publication-day bytes
2022,2022,RJE,University Hospitals of North Midlands NHS Trust,Acute&Acute Community Trusts,Acute and Acute & Community Trusts,4.5773876855024485,3671,1,Occupation Group,https://www.nhsstaffsurveys.com/static/84994bdc2016414e8ea4ed2d1e6f90c5/Detailed-spreadsheets.zip,2026-09-11T18:45:23.003333+00:00,cc0cb064579d49ea4d9361191ec3f3891edeba110261d883b9535c893ac05cb2,NSS22 detailed spreadsheets organisational results.xlsx,eff7320d9daad3ea4231f2625112a800ab0f0e9eead5bc3e12360898c21244d0,PEOPLE PROMISE ELEMENTS,128,AC128,AD128,2023-04-06 15:56:57,Available annual archive version; not claimed to be exact first-publication-day bytes
2022,2022,RJL,Northern Lincolnshire and Goole NHS Foundation Trust,Acute&Acute Community Trusts,Acute and Acute & Community Trusts,4.691253740213237,2359,1,Occupation Group,https://www.nhsstaffsurveys.com/static/84994bdc2016414e8ea4ed2d1e6f90c5/Detailed-spreadsheets.zip,2026-09-11T18:45:23.003333+00:00,cc0cb064579d49ea4d9361191ec3f3891edeba110261d883b9535c893ac05cb2,NSS22 detailed spreadsheets organisational results.xlsx,eff7320d9daad3ea4231f2625112a800ab0f0e9eead5bc3e12360898c21244d0,PEOPLE PROMISE ELEMENTS,129,AC129,AD129,2023-04-06 15:56:57,Available annual archive version; not claimed to be exact first-publication-day bytes
2022,2022,RJN,East Cheshire NHS Trust,Acute&Acute Community Trusts,Acute and Acute & Community Trusts,4.8913522256648605,1105,1,Occupation Group,https://www.nhsstaffsurveys.com/static/84994bdc2016414e8ea4ed2d1e6f90c5/Detailed-spreadsheets.zip,2026-09-11T18:45:23.003333+00:00,cc0cb064579d49ea4d9361191ec3f3891edeba110261d883b9535c893ac05cb2,NSS22 detailed spreadsheets organisational results.xlsx,eff7320d9daad3ea4231f2625112a800ab0f0e9eead5bc3e12360898c21244d0,PEOPLE PROMISE ELEMENTS,130,AC130,AD130,2023-04-06 15:56:57,Available annual archive version; not claimed to be exact first-publication-day bytes
2022,2022,RJR,Countess of Chester Hospital NHS Foundation Trust,Acute&Acute Community Trusts,Acute and Acute & Community Trusts,4.637694912366358,1695,1,Occupation Group,https://www.nhsstaffsurveys.com/static/84994bdc2016414e8ea4ed2d1e6f90c5/Detailed-spreadsheets.zip,2026-09-11T18:45:23.003333+00:00,cc0cb064579d49ea4d9361191ec3f3891edeba110261d883b9535c893ac05cb2,NSS22 detailed spreadsheets organisational results.xlsx,eff7320d9daad3ea4231f2625112a800ab0f0e9eead5bc3e12360898c21244d0,PEOPLE PROMISE ELEMENTS,131,AC131,AD131,2023-04-06 15:56:57,Available annual archive version; not claimed to be exact first-publication-day bytes
2022,2022,RJZ,King's College Hospital NHS Foundation Trust,Acute&Acute Community Trusts,Acute and Acute & Community Trusts,4.593360212062323,6166,1,Occupation Group,https://www.nhsstaffsurveys.com/static/84994bdc2016414e8ea4ed2d1e6f90c5/Detailed-spreadsheets.zip,2026-09-11T18:45:23.003333+00:00,cc0cb064579d49ea4d9361191ec3f3891edeba110261d883b9535c893ac05cb2,NSS22 detailed spreadsheets organisational results.xlsx,eff7320d9daad3ea4231f2625112a800ab0f0e9eead5bc3e12360898c21244d0,PEOPLE PROMISE ELEMENTS,132,AC132,AD132,2023-04-06 15:56:57,Available annual archive version; not claimed to be exact first-publication-day bytes
2022,2022,RK5,Sherwood Forest Hospitals NHS Foundation Trust,Acute&Acute Community Trusts,Acute and Acute & Community Trusts,4.978041912300899,3369,1,Occupation Group,https://www.nhsstaffsurveys.com/static/84994bdc2016414e8ea4ed2d1e6f90c5/Detailed-spreadsheets.zip,2026-09-11T18:45:23.003333+00:00,cc0cb064579d49ea4d9361191ec3f3891edeba110261d883b9535c893ac05cb2,NSS22 detailed spreadsheets organisational results.xlsx,eff7320d9daad3ea4231f2625112a800ab0f0e9eead5bc3e12360898c21244d0,PEOPLE PROMISE ELEMENTS,133,AC133,AD133,2023-04-06 15:56:57,Available annual archive version; not claimed to be exact first-publication-day bytes
2022,2022,RK9,University Hospitals Plymouth NHS Trust,Acute&Acute Community Trusts,Acute and Acute & Community Trusts,4.597242194422425,3641,1,Occupation Group,https://www.nhsstaffsurveys.com/static/84994bdc2016414e8ea4ed2d1e6f90c5/Detailed-spreadsheets.zip,2026-09-11T18:45:23.003333+00:00,cc0cb064579d49ea4d9361191ec3f3891edeba110261d883b9535c893ac05cb2,NSS22 detailed spreadsheets organisational results.xlsx,eff7320d9daad3ea4231f2625112a800ab0f0e9eead5bc3e12360898c21244d0,PEOPLE PROMISE ELEMENTS,134,AC134,AD134,2023-04-06 15:56:57,Available annual archive version; not claimed to be exact first-publication-day bytes
2022,2022,RKB,University Hospitals Coventry and Warwickshire NHS Trust,Acute&Acute Community Trusts,Acute and Acute & Community Trusts,4.735574243856096,3922,1,Occupation Group,https://www.nhsstaffsurveys.com/static/84994bdc2016414e8ea4ed2d1e6f90c5/Detailed-spreadsheets.zip,2026-09-11T18:45:23.003333+00:00,cc0cb064579d49ea4d9361191ec3f3891edeba110261d883b9535c893ac05cb2,NSS22 detailed spreadsheets organisational results.xlsx,eff7320d9daad3ea4231f2625112a800ab0f0e9eead5bc3e12360898c21244d0,PEOPLE PROMISE ELEMENTS,135,AC135,AD135,2023-04-06 15:56:57,Available annual archive version; not claimed to be exact first-publication-day bytes
2022,2022,RKE,Whittington Health NHS Trust,Acute&Acute Community Trusts,Acute and Acute & Community Trusts,4.790332509737631,2013,1,Occupation Group,https://www.nhsstaffsurveys.com/static/84994bdc2016414e8ea4ed2d1e6f90c5/Detailed-spreadsheets.zip,2026-09-11T18:45:23.003333+00:00,cc0cb064579d49ea4d9361191ec3f3891edeba110261d883b9535c893ac05cb2,NSS22 detailed spreadsheets organisational results.xlsx,eff7320d9daad3ea4231f2625112a800ab0f0e9eead5bc3e12360898c21244d0,PEOPLE PROMISE ELEMENTS,136,AC136,AD136,2023-04-06 15:56:57,Available annual archive version; not claimed to be exact first-publication-day bytes
2022,2022,RKL,West London NHS Trust,"MH&LD, MH, LD&Community Trusts","Mental Health & Learning Disability and Mental Health, Learning Disability & Community Trusts",5.18900102023301,2460,1,Occupation Group,https://www.nhsstaffsurveys.com/static/84994bdc2016414e8ea4ed2d1e6f90c5/Detailed-spreadsheets.zip,2026-09-11T18:45:23.003333+00:00,cc0cb064579d49ea4d9361191ec3f3891edeba110261d883b9535c893ac05cb2,NSS22 detailed spreadsheets organisational results.xlsx,eff7320d9daad3ea4231f2625112a800ab0f0e9eead5bc3e12360898c21244d0,PEOPLE PROMISE ELEMENTS,137,AC137,AD137,2023-04-06 15:56:57,Available annual archive version; not claimed to be exact first-publication-day bytes
2022,2022,RL1,The Robert Jones and Agnes Hunt Orthopaedic Hospital NHS Foundation Trust,Acute Specialist Trusts,Acute Specialist Trusts,5.035565384828639,835,1,Occupation Group,https://www.nhsstaffsurveys.com/static/84994bdc2016414e8ea4ed2d1e6f90c5/Detailed-spreadsheets.zip,2026-09-11T18:45:23.003333+00:00,cc0cb064579d49ea4d9361191ec3f3891edeba110261d883b9535c893ac05cb2,NSS22 detailed spreadsheets organisational results.xlsx,eff7320d9daad3ea4231f2625112a800ab0f0e9eead5bc3e12360898c21244d0,PEOPLE PROMISE ELEMENTS,138,AC138,AD138,2023-04-06 15:56:57,Available annual archive version; not claimed to be exact first-publication-day bytes
2022,2022,RL4,The Royal Wolverhampton NHS Trust,Acute&Acute Community Trusts,Acute and Acute & Community Trusts,4.947898540559929,3612,1,Occupation Group,https://www.nhsstaffsurveys.com/static/84994bdc2016414e8ea4ed2d1e6f90c5/Detailed-spreadsheets.zip,2026-09-11T18:45:23.003333+00:00,cc0cb064579d49ea4d9361191ec3f3891edeba110261d883b9535c893ac05cb2,NSS22 detailed spreadsheets organisational results.xlsx,eff7320d9daad3ea4231f2625112a800ab0f0e9eead5bc3e12360898c21244d0,PEOPLE PROMISE ELEMENTS,139,AC139,AD139,2023-04-06 15:56:57,Available annual archive version; not claimed to be exact first-publication-day bytes
2022,2022,RLQ,Wye Valley NHS Trust,Acute&Acute Community Trusts,Acute and Acute & Community Trusts,4.889777456253224,1244,1,Occupation Group,https://www.nhsstaffsurveys.com/static/84994bdc2016414e8ea4ed2d1e6f90c5/Detailed-spreadsheets.zip,2026-09-11T18:45:23.003333+00:00,cc0cb064579d49ea4d9361191ec3f3891edeba110261d883b9535c893ac05cb2,NSS22 detailed spreadsheets organisational results.xlsx,eff7320d9daad3ea4231f2625112a800ab0f0e9eead5bc3e12360898c21244d0,PEOPLE PROMISE ELEMENTS,140,AC140,AD140,2023-04-06 15:56:57,Available annual archive version; not claimed to be exact first-publication-day bytes
2022,2022,RLT,George Eliot Hospital NHS Trust,Acute&Acute Community Trusts,Acute and Acute & Community Trusts,4.718624254430208,892,1,Occupation Group,https://www.nhsstaffsurveys.com/static/84994bdc2016414e8ea4ed2d1e6f90c5/Detailed-spreadsheets.zip,2026-09-11T18:45:23.003333+00:00,cc0cb064579d49ea4d9361191ec3f3891edeba110261d883b9535c893ac05cb2,NSS22 detailed spreadsheets organisational results.xlsx,eff7320d9daad3ea4231f2625112a800ab0f0e9eead5bc3e12360898c21244d0,PEOPLE PROMISE ELEMENTS,141,AC141,AD141,2023-04-06 15:56:57,Available annual archive version; not claimed to be exact first-publication-day bytes
2022,2022,RLY,North Staffordshire Combined Healthcare NHS Trust,"MH&LD, MH, LD&Community Trusts","Mental Health & Learning Disability and Mental Health, Learning Disability & Community Trusts",5.467196081570067,1225,1,Occupation Group,https://www.nhsstaffsurveys.com/static/84994bdc2016414e8ea4ed2d1e6f90c5/Detailed-spreadsheets.zip,2026-09-11T18:45:23.003333+00:00,cc0cb064579d49ea4d9361191ec3f3891edeba110261d883b9535c893ac05cb2,NSS22 detailed spreadsheets organisational results.xlsx,eff7320d9daad3ea4231f2625112a800ab0f0e9eead5bc3e12360898c21244d0,PEOPLE PROMISE ELEMENTS,142,AC142,AD142,2023-04-06 15:56:57,Available annual archive version; not claimed to be exact first-publication-day bytes
2022,2022,RM1,Norfolk and Norwich University Hospitals NHS Foundation Trust,Acute&Acute Community Trusts,Acute and Acute & Community Trusts,4.354377163365175,4576,1,Occupation Group,https://www.nhsstaffsurveys.com/static/84994bdc2016414e8ea4ed2d1e6f90c5/Detailed-spreadsheets.zip,2026-09-11T18:45:23.003333+00:00,cc0cb064579d49ea4d9361191ec3f3891edeba110261d883b9535c893ac05cb2,NSS22 detailed spreadsheets organisational results.xlsx,eff7320d9daad3ea4231f2625112a800ab0f0e9eead5bc3e12360898c21244d0,PEOPLE PROMISE ELEMENTS,143,AC143,AD143,2023-04-06 15:56:57,Available annual archive version; not claimed to be exact first-publication-day bytes
2022,2022,RM3,Northern Care Alliance NHS Foundation Trust ,Acute&Acute Community Trusts,Acute and Acute & Community Trusts,4.7914369655911,6829,1,Occupation Group,https://www.nhsstaffsurveys.com/static/84994bdc2016414e8ea4ed2d1e6f90c5/Detailed-spreadsheets.zip,2026-09-11T18:45:23.003333+00:00,cc0cb064579d49ea4d9361191ec3f3891edeba110261d883b9535c893ac05cb2,NSS22 detailed spreadsheets organisational results.xlsx,eff7320d9daad3ea4231f2625112a800ab0f0e9eead5bc3e12360898c21244d0,PEOPLE PROMISE ELEMENTS,144,AC144,AD144,2023-04-06 15:56:57,Available annual archive version; not claimed to be exact first-publication-day bytes
2022,2022,RMC,Bolton NHS Foundation Trust,Acute&Acute Community Trusts,Acute and Acute & Community Trusts,4.875058705354938,2078,1,Occupation Group,https://www.nhsstaffsurveys.com/static/84994bdc2016414e8ea4ed2d1e6f90c5/Detailed-spreadsheets.zip,2026-09-11T18:45:23.003333+00:00,cc0cb064579d49ea4d9361191ec3f3891edeba110261d883b9535c893ac05cb2,NSS22 detailed spreadsheets organisational results.xlsx,eff7320d9daad3ea4231f2625112a800ab0f0e9eead5bc3e12360898c21244d0,PEOPLE PROMISE ELEMENTS,145,AC145,AD145,2023-04-06 15:56:57,Available annual archive version; not claimed to be exact first-publication-day bytes
2022,2022,RMP,Tameside and Glossop Integrated Care NHS Foundation Trust,Acute&Acute Community Trusts,Acute and Acute & Community Trusts,4.9859840134683395,1731,1,Occupation Group,https://www.nhsstaffsurveys.com/static/84994bdc2016414e8ea4ed2d1e6f90c5/Detailed-spreadsheets.zip,2026-09-11T18:45:23.003333+00:00,cc0cb064579d49ea4d9361191ec3f3891edeba110261d883b9535c893ac05cb2,NSS22 detailed spreadsheets organisational results.xlsx,eff7320d9daad3ea4231f2625112a800ab0f0e9eead5bc3e12360898c21244d0,PEOPLE PROMISE ELEMENTS,146,AC146,AD146,2023-04-06 15:56:57,Available annual archive version; not claimed to be exact first-publication-day bytes
2022,2022,RMY,Norfolk and Suffolk NHS Foundation Trust,"MH&LD, MH, LD&Community Trusts","Mental Health & Learning Disability and Mental Health, Learning Disability & Community Trusts",4.927488108486808,2749,1,Occupation Group,https://www.nhsstaffsurveys.com/static/84994bdc2016414e8ea4ed2d1e6f90c5/Detailed-spreadsheets.zip,2026-09-11T18:45:23.003333+00:00,cc0cb064579d49ea4d9361191ec3f3891edeba110261d883b9535c893ac05cb2,NSS22 detailed spreadsheets organisational results.xlsx,eff7320d9daad3ea4231f2625112a800ab0f0e9eead5bc3e12360898c21244d0,PEOPLE PROMISE ELEMENTS,147,AC147,AD147,2023-04-06 15:56:57,Available annual archive version; not claimed to be exact first-publication-day bytes
2022,2022,RN3,Great Western Hospitals NHS Foundation Trust,Acute&Acute Community Trusts,Acute and Acute & Community Trusts,4.763513977289496,3143,1,Occupation Group,https://www.nhsstaffsurveys.com/static/84994bdc2016414e8ea4ed2d1e6f90c5/Detailed-spreadsheets.zip,2026-09-11T18:45:23.003333+00:00,cc0cb064579d49ea4d9361191ec3f3891edeba110261d883b9535c893ac05cb2,NSS22 detailed spreadsheets organisational results.xlsx,eff7320d9daad3ea4231f2625112a800ab0f0e9eead5bc3e12360898c21244d0,PEOPLE PROMISE ELEMENTS,148,AC148,AD148,2023-04-06 15:56:57,Available annual archive version; not claimed to be exact first-publication-day bytes
2022,2022,RN5,Hampshire Hospitals NHS Foundation Trust,Acute&Acute Community Trusts,Acute and Acute & Community Trusts,4.823294241768794,3658,1,Occupation Group,https://www.nhsstaffsurveys.com/static/84994bdc2016414e8ea4ed2d1e6f90c5/Detailed-spreadsheets.zip,2026-09-11T18:45:23.003333+00:00,cc0cb064579d49ea4d9361191ec3f3891edeba110261d883b9535c893ac05cb2,NSS22 detailed spreadsheets organisational results.xlsx,eff7320d9daad3ea4231f2625112a800ab0f0e9eead5bc3e12360898c21244d0,PEOPLE PROMISE ELEMENTS,149,AC149,AD149,2023-04-06 15:56:57,Available annual archive version; not claimed to be exact first-publication-day bytes
2022,2022,RN7,Dartford and Gravesham NHS Trust,Acute&Acute Community Trusts,Acute and Acute & Community Trusts,4.977554524307903,2037,1,Occupation Group,https://www.nhsstaffsurveys.com/static/84994bdc2016414e8ea4ed2d1e6f90c5/Detailed-spreadsheets.zip,2026-09-11T18:45:23.003333+00:00,cc0cb064579d49ea4d9361191ec3f3891edeba110261d883b9535c893ac05cb2,NSS22 detailed spreadsheets organisational results.xlsx,eff7320d9daad3ea4231f2625112a800ab0f0e9eead5bc3e12360898c21244d0,PEOPLE PROMISE ELEMENTS,150,AC150,AD150,2023-04-06 15:56:57,Available annual archive version; not claimed to be exact first-publication-day bytes
2022,2022,RNA,The Dudley Group NHS Foundation Trust,Acute&Acute Community Trusts,Acute and Acute & Community Trusts,4.676477262788275,2763,1,Occupation Group,https://www.nhsstaffsurveys.com/static/84994bdc2016414e8ea4ed2d1e6f90c5/Detailed-spreadsheets.zip,2026-09-11T18:45:23.003333+00:00,cc0cb064579d49ea4d9361191ec3f3891edeba110261d883b9535c893ac05cb2,NSS22 detailed spreadsheets organisational results.xlsx,eff7320d9daad3ea4231f2625112a800ab0f0e9eead5bc3e12360898c21244d0,PEOPLE PROMISE ELEMENTS,151,AC151,AD151,2023-04-06 15:56:57,Available annual archive version; not claimed to be exact first-publication-day bytes
2022,2022,RNK,Tavistock and Portman NHS Foundation Trust,"MH&LD, MH, LD&Community Trusts","Mental Health & Learning Disability and Mental Health, Learning Disability & Community Trusts",4.726930251956286,335,1,Occupation Group,https://www.nhsstaffsurveys.com/static/84994bdc2016414e8ea4ed2d1e6f90c5/Detailed-spreadsheets.zip,2026-09-11T18:45:23.003333+00:00,cc0cb064579d49ea4d9361191ec3f3891edeba110261d883b9535c893ac05cb2,NSS22 detailed spreadsheets organisational results.xlsx,eff7320d9daad3ea4231f2625112a800ab0f0e9eead5bc3e12360898c21244d0,PEOPLE PROMISE ELEMENTS,152,AC152,AD152,2023-04-06 15:56:57,Available annual archive version; not claimed to be exact first-publication-day bytes
2022,2022,RNN,North Cumbria Integrated Care NHS Foundation Trust,Acute&Acute Community Trusts,Acute and Acute & Community Trusts,4.924444212873061,2819,1,Occupation Group,https://www.nhsstaffsurveys.com/static/84994bdc2016414e8ea4ed2d1e6f90c5/Detailed-spreadsheets.zip,2026-09-11T18:45:23.003333+00:00,cc0cb064579d49ea4d9361191ec3f3891edeba110261d883b9535c893ac05cb2,NSS22 detailed spreadsheets organisational results.xlsx,eff7320d9daad3ea4231f2625112a800ab0f0e9eead5bc3e12360898c21244d0,PEOPLE PROMISE ELEMENTS,153,AC153,AD153,2023-04-06 15:56:57,Available annual archive version; not claimed to be exact first-publication-day bytes
2022,2022,RNQ,Kettering General Hospital NHS Foundation Trust,Acute&Acute Community Trusts,Acute and Acute & Community Trusts,4.562273664681834,2066,1,Occupation Group,https://www.nhsstaffsurveys.com/static/84994bdc2016414e8ea4ed2d1e6f90c5/Detailed-spreadsheets.zip,2026-09-11T18:45:23.003333+00:00,cc0cb064579d49ea4d9361191ec3f3891edeba110261d883b9535c893ac05cb2,NSS22 detailed spreadsheets organisational results.xlsx,eff7320d9daad3ea4231f2625112a800ab0f0e9eead5bc3e12360898c21244d0,PEOPLE PROMISE ELEMENTS,154,AC154,AD154,2023-04-06 15:56:57,Available annual archive version; not claimed to be exact first-publication-day bytes
2022,2022,RNS,Northampton General Hospital NHS Trust,Acute&Acute Community Trusts,Acute and Acute & Community Trusts,4.70226236803414,2718,1,Occupation Group,https://www.nhsstaffsurveys.com/static/84994bdc2016414e8ea4ed2d1e6f90c5/Detailed-spreadsheets.zip,2026-09-11T18:45:23.003333+00:00,cc0cb064579d49ea4d9361191ec3f3891edeba110261d883b9535c893ac05cb2,NSS22 detailed spreadsheets organisational results.xlsx,eff7320d9daad3ea4231f2625112a800ab0f0e9eead5bc3e12360898c21244d0,PEOPLE PROMISE ELEMENTS,155,AC155,AD155,2023-04-06 15:56:57,Available annual archive version; not claimed to be exact first-publication-day bytes
2022,2022,RNU,Oxford Health NHS Foundation Trust,"MH&LD, MH, LD&Community Trusts","Mental Health & Learning Disability and Mental Health, Learning Disability & Community Trusts",5.105602803644957,3270,1,Occupation Group,https://www.nhsstaffsurveys.com/static/84994bdc2016414e8ea4ed2d1e6f90c5/Detailed-spreadsheets.zip,2026-09-11T18:45:23.003333+00:00,cc0cb064579d49ea4d9361191ec3f3891edeba110261d883b9535c893ac05cb2,NSS22 detailed spreadsheets organisational results.xlsx,eff7320d9daad3ea4231f2625112a800ab0f0e9eead5bc3e12360898c21244d0,PEOPLE PROMISE ELEMENTS,156,AC156,AD156,2023-04-06 15:56:57,Available annual archive version; not claimed to be exact first-publication-day bytes
2022,2022,RNZ,Salisbury NHS Foundation Trust,Acute&Acute Community Trusts,Acute and Acute & Community Trusts,4.683139218709679,1854,1,Occupation Group,https://www.nhsstaffsurveys.com/static/84994bdc2016414e8ea4ed2d1e6f90c5/Detailed-spreadsheets.zip,2026-09-11T18:45:23.003333+00:00,cc0cb064579d49ea4d9361191ec3f3891edeba110261d883b9535c893ac05cb2,NSS22 detailed spreadsheets organisational results.xlsx,eff7320d9daad3ea4231f2625112a800ab0f0e9eead5bc3e12360898c21244d0,PEOPLE PROMISE ELEMENTS,157,AC157,AD157,2023-04-06 15:56:57,Available annual archive version; not claimed to be exact first-publication-day bytes
2022,2022,RP1,Northamptonshire Healthcare NHS Foundation Trust,"MH&LD, MH, LD&Community Trusts","Mental Health & Learning Disability and Mental Health, Learning Disability & Community Trusts",5.301602394444318,2106,1,Occupation Group,https://www.nhsstaffsurveys.com/static/84994bdc2016414e8ea4ed2d1e6f90c5/Detailed-spreadsheets.zip,2026-09-11T18:45:23.003333+00:00,cc0cb064579d49ea4d9361191ec3f3891edeba110261d883b9535c893ac05cb2,NSS22 detailed spreadsheets organisational results.xlsx,eff7320d9daad3ea4231f2625112a800ab0f0e9eead5bc3e12360898c21244d0,PEOPLE PROMISE ELEMENTS,158,AC158,AD158,2023-04-06 15:56:57,Available annual archive version; not claimed to be exact first-publication-day bytes
2022,2022,RP4,Great Ormond Street Hospital for Children NHS Foundation Trust,Acute Specialist Trusts,Acute Specialist Trusts,4.857373204167302,2373,1,Occupation Group,https://www.nhsstaffsurveys.com/static/84994bdc2016414e8ea4ed2d1e6f90c5/Detailed-spreadsheets.zip,2026-09-11T18:45:23.003333+00:00,cc0cb064579d49ea4d9361191ec3f3891edeba110261d883b9535c893ac05cb2,NSS22 detailed spreadsheets organisational results.xlsx,eff7320d9daad3ea4231f2625112a800ab0f0e9eead5bc3e12360898c21244d0,PEOPLE PROMISE ELEMENTS,159,AC159,AD159,2023-04-06 15:56:57,Available annual archive version; not claimed to be exact first-publication-day bytes
2022,2022,RP5,Doncaster and Bassetlaw Teaching Hospitals NHS Foundation Trust,Acute&Acute Community Trusts,Acute and Acute & Community Trusts,4.90130289497728,4243,1,Occupation Group,https://www.nhsstaffsurveys.com/static/84994bdc2016414e8ea4ed2d1e6f90c5/Detailed-spreadsheets.zip,2026-09-11T18:45:23.003333+00:00,cc0cb064579d49ea4d9361191ec3f3891edeba110261d883b9535c893ac05cb2,NSS22 detailed spreadsheets organisational results.xlsx,eff7320d9daad3ea4231f2625112a800ab0f0e9eead5bc3e12360898c21244d0,PEOPLE PROMISE ELEMENTS,160,AC160,AD160,2023-04-06 15:56:57,Available annual archive version; not claimed to be exact first-publication-day bytes
2022,2022,RP6,Moorfields Eye Hospital NHS Foundation Trust,Acute Specialist Trusts,Acute Specialist Trusts,5.051697783353558,1171,1,Occupation Group,https://www.nhsstaffsurveys.com/static/84994bdc2016414e8ea4ed2d1e6f90c5/Detailed-spreadsheets.zip,2026-09-11T18:45:23.003333+00:00,cc0cb064579d49ea4d9361191ec3f3891edeba110261d883b9535c893ac05cb2,NSS22 detailed spreadsheets organisational results.xlsx,eff7320d9daad3ea4231f2625112a800ab0f0e9eead5bc3e12360898c21244d0,PEOPLE PROMISE ELEMENTS,161,AC161,AD161,2023-04-06 15:56:57,Available annual archive version; not claimed to be exact first-publication-day bytes
2022,2022,RP7,Lincolnshire Partnership NHS Foundation Trust,"MH&LD, MH, LD&Community Trusts","Mental Health & Learning Disability and Mental Health, Learning Disability & Community Trusts",5.1780366698379865,1297,1,Occupation Group,https://www.nhsstaffsurveys.com/static/84994bdc2016414e8ea4ed2d1e6f90c5/Detailed-spreadsheets.zip,2026-09-11T18:45:23.003333+00:00,cc0cb064579d49ea4d9361191ec3f3891edeba110261d883b9535c893ac05cb2,NSS22 detailed spreadsheets organisational results.xlsx,eff7320d9daad3ea4231f2625112a800ab0f0e9eead5bc3e12360898c21244d0,PEOPLE PROMISE ELEMENTS,162,AC162,AD162,2023-04-06 15:56:57,Available annual archive version; not claimed to be exact first-publication-day bytes
2022,2022,RPA,Medway NHS Foundation Trust,Acute&Acute Community Trusts,Acute and Acute & Community Trusts,4.611315984500247,1824,1,Occupation Group,https://www.nhsstaffsurveys.com/static/84994bdc2016414e8ea4ed2d1e6f90c5/Detailed-spreadsheets.zip,2026-09-11T18:45:23.003333+00:00,cc0cb064579d49ea4d9361191ec3f3891edeba110261d883b9535c893ac05cb2,NSS22 detailed spreadsheets organisational results.xlsx,eff7320d9daad3ea4231f2625112a800ab0f0e9eead5bc3e12360898c21244d0,PEOPLE PROMISE ELEMENTS,163,AC163,AD163,2023-04-06 15:56:57,Available annual archive version; not claimed to be exact first-publication-day bytes
2022,2022,RPC,Queen Victoria Hospital NHS Foundation Trust,Acute Specialist Trusts,Acute Specialist Trusts,5.44494151430907,607,1,Occupation Group,https://www.nhsstaffsurveys.com/static/84994bdc2016414e8ea4ed2d1e6f90c5/Detailed-spreadsheets.zip,2026-09-11T18:45:23.003333+00:00,cc0cb064579d49ea4d9361191ec3f3891edeba110261d883b9535c893ac05cb2,NSS22 detailed spreadsheets organisational results.xlsx,eff7320d9daad3ea4231f2625112a800ab0f0e9eead5bc3e12360898c21244d0,PEOPLE PROMISE ELEMENTS,164,AC164,AD164,2023-04-06 15:56:57,Available annual archive version; not claimed to be exact first-publication-day bytes
2022,2022,RPG,Oxleas NHS Foundation Trust,"MH&LD, MH, LD&Community Trusts","Mental Health & Learning Disability and Mental Health, Learning Disability & Community Trusts",5.230716075589117,2040,1,Occupation Group,https://www.nhsstaffsurveys.com/static/84994bdc2016414e8ea4ed2d1e6f90c5/Detailed-spreadsheets.zip,2026-09-11T18:45:23.003333+00:00,cc0cb064579d49ea4d9361191ec3f3891edeba110261d883b9535c893ac05cb2,NSS22 detailed spreadsheets organisational results.xlsx,eff7320d9daad3ea4231f2625112a800ab0f0e9eead5bc3e12360898c21244d0,PEOPLE PROMISE ELEMENTS,165,AC165,AD165,2023-04-06 15:56:57,Available annual archive version; not claimed to be exact first-publication-day bytes
2022,2022,RPY,The Royal Marsden NHS Foundation Trust,Acute Specialist Trusts,Acute Specialist Trusts,4.92876148716159,2092,1,Occupation Group,https://www.nhsstaffsurveys.com/static/84994bdc2016414e8ea4ed2d1e6f90c5/Detailed-spreadsheets.zip,2026-09-11T18:45:23.003333+00:00,cc0cb064579d49ea4d9361191ec3f3891edeba110261d883b9535c893ac05cb2,NSS22 detailed spreadsheets organisational results.xlsx,eff7320d9daad3ea4231f2625112a800ab0f0e9eead5bc3e12360898c21244d0,PEOPLE PROMISE ELEMENTS,166,AC166,AD166,2023-04-06 15:56:57,Available annual archive version; not claimed to be exact first-publication-day bytes
2022,2022,RQ3,Birmingham Women's and Children's NHS Foundation Trust,Acute&Acute Community Trusts,Acute and Acute & Community Trusts,4.552281927051588,2707,1,Occupation Group,https://www.nhsstaffsurveys.com/static/84994bdc2016414e8ea4ed2d1e6f90c5/Detailed-spreadsheets.zip,2026-09-11T18:45:23.003333+00:00,cc0cb064579d49ea4d9361191ec3f3891edeba110261d883b9535c893ac05cb2,NSS22 detailed spreadsheets organisational results.xlsx,eff7320d9daad3ea4231f2625112a800ab0f0e9eead5bc3e12360898c21244d0,PEOPLE PROMISE ELEMENTS,167,AC167,AD167,2023-04-06 15:56:57,Available annual archive version; not claimed to be exact first-publication-day bytes
2022,2022,RQM,Chelsea and Westminster Hospital NHS Foundation Trust,Acute&Acute Community Trusts,Acute and Acute & Community Trusts,4.757289736899462,2887,1,Occupation Group,https://www.nhsstaffsurveys.com/static/84994bdc2016414e8ea4ed2d1e6f90c5/Detailed-spreadsheets.zip,2026-09-11T18:45:23.003333+00:00,cc0cb064579d49ea4d9361191ec3f3891edeba110261d883b9535c893ac05cb2,NSS22 detailed spreadsheets organisational results.xlsx,eff7320d9daad3ea4231f2625112a800ab0f0e9eead5bc3e12360898c21244d0,PEOPLE PROMISE ELEMENTS,168,AC168,AD168,2023-04-06 15:56:57,Available annual archive version; not claimed to be exact first-publication-day bytes
2022,2022,RQW,The Princess Alexandra Hospital NHS Trust,Acute&Acute Community Trusts,Acute and Acute & Community Trusts,4.50688713852572,1865,1,Occupation Group,https://www.nhsstaffsurveys.com/static/84994bdc2016414e8ea4ed2d1e6f90c5/Detailed-spreadsheets.zip,2026-09-11T18:45:23.003333+00:00,cc0cb064579d49ea4d9361191ec3f3891edeba110261d883b9535c893ac05cb2,NSS22 detailed spreadsheets organisational results.xlsx,eff7320d9daad3ea4231f2625112a800ab0f0e9eead5bc3e12360898c21244d0,PEOPLE PROMISE ELEMENTS,169,AC169,AD169,2023-04-06 15:56:57,Available annual archive version; not claimed to be exact first-publication-day bytes
2022,2022,RQX,Homerton University Hospital NHS Foundation Trust,Acute&Acute Community Trusts,Acute and Acute & Community Trusts,4.597182262067861,1822,1,Occupation Group,https://www.nhsstaffsurveys.com/static/84994bdc2016414e8ea4ed2d1e6f90c5/Detailed-spreadsheets.zip,2026-09-11T18:45:23.003333+00:00,cc0cb064579d49ea4d9361191ec3f3891edeba110261d883b9535c893ac05cb2,NSS22 detailed spreadsheets organisational results.xlsx,eff7320d9daad3ea4231f2625112a800ab0f0e9eead5bc3e12360898c21244d0,PEOPLE PROMISE ELEMENTS,170,AC170,AD170,2023-04-06 15:56:57,Available annual archive version; not claimed to be exact first-publication-day bytes
2022,2022,RQY,South West London and St George's Mental Health NHS Trust,"MH&LD, MH, LD&Community Trusts","Mental Health & Learning Disability and Mental Health, Learning Disability & Community Trusts",5.102477007129165,1343,1,Occupation Group,https://www.nhsstaffsurveys.com/static/84994bdc2016414e8ea4ed2d1e6f90c5/Detailed-spreadsheets.zip,2026-09-11T18:45:23.003333+00:00,cc0cb064579d49ea4d9361191ec3f3891edeba110261d883b9535c893ac05cb2,NSS22 detailed spreadsheets organisational results.xlsx,eff7320d9daad3ea4231f2625112a800ab0f0e9eead5bc3e12360898c21244d0,PEOPLE PROMISE ELEMENTS,171,AC171,AD171,2023-04-06 15:56:57,Available annual archive version; not claimed to be exact first-publication-day bytes
2022,2022,RR7,Gateshead Health NHS Foundation Trust,Acute&Acute Community Trusts,Acute and Acute & Community Trusts,4.839617236989389,2081,1,Occupation Group,https://www.nhsstaffsurveys.com/static/84994bdc2016414e8ea4ed2d1e6f90c5/Detailed-spreadsheets.zip,2026-09-11T18:45:23.003333+00:00,cc0cb064579d49ea4d9361191ec3f3891edeba110261d883b9535c893ac05cb2,NSS22 detailed spreadsheets organisational results.xlsx,eff7320d9daad3ea4231f2625112a800ab0f0e9eead5bc3e12360898c21244d0,PEOPLE PROMISE ELEMENTS,172,AC172,AD172,2023-04-06 15:56:57,Available annual archive version; not claimed to be exact first-publication-day bytes
2022,2022,RR8,Leeds Teaching Hospitals NHS Trust,Acute&Acute Community Trusts,Acute and Acute & Community Trusts,4.858376426972529,7481,1,Occupation Group,https://www.nhsstaffsurveys.com/static/84994bdc2016414e8ea4ed2d1e6f90c5/Detailed-spreadsheets.zip,2026-09-11T18:45:23.003333+00:00,cc0cb064579d49ea4d9361191ec3f3891edeba110261d883b9535c893ac05cb2,NSS22 detailed spreadsheets organisational results.xlsx,eff7320d9daad3ea4231f2625112a800ab0f0e9eead5bc3e12360898c21244d0,PEOPLE PROMISE ELEMENTS,173,AC173,AD173,2023-04-06 15:56:57,Available annual archive version; not claimed to be exact first-publication-day bytes
2022,2022,RRE,Midlands Partnership NHS Foundation Trust,"MH&LD, MH, LD&Community Trusts","Mental Health & Learning Disability and Mental Health, Learning Disability & Community Trusts",5.38430181329722,4991,1,Occupation Group,https://www.nhsstaffsurveys.com/static/84994bdc2016414e8ea4ed2d1e6f90c5/Detailed-spreadsheets.zip,2026-09-11T18:45:23.003333+00:00,cc0cb064579d49ea4d9361191ec3f3891edeba110261d883b9535c893ac05cb2,NSS22 detailed spreadsheets organisational results.xlsx,eff7320d9daad3ea4231f2625112a800ab0f0e9eead5bc3e12360898c21244d0,PEOPLE PROMISE ELEMENTS,174,AC174,AD174,2023-04-06 15:56:57,Available annual archive version; not claimed to be exact first-publication-day bytes
2022,2022,RRF,"Wrightington, Wigan and Leigh Teaching Hospitals NHS Foundation Trust",Acute&Acute Community Trusts,Acute and Acute & Community Trusts,5.063610844443938,2410,1,Occupation Group,https://www.nhsstaffsurveys.com/static/84994bdc2016414e8ea4ed2d1e6f90c5/Detailed-spreadsheets.zip,2026-09-11T18:45:23.003333+00:00,cc0cb064579d49ea4d9361191ec3f3891edeba110261d883b9535c893ac05cb2,NSS22 detailed spreadsheets organisational results.xlsx,eff7320d9daad3ea4231f2625112a800ab0f0e9eead5bc3e12360898c21244d0,PEOPLE PROMISE ELEMENTS,175,AC175,AD175,2023-04-06 15:56:57,Available annual archive version; not claimed to be exact first-publication-day bytes
2022,2022,RRJ,The Royal Orthopaedic Hospital NHS Foundation Trust,Acute Specialist Trusts,Acute Specialist Trusts,5.293975201314417,628,1,Occupation Group,https://www.nhsstaffsurveys.com/static/84994bdc2016414e8ea4ed2d1e6f90c5/Detailed-spreadsheets.zip,2026-09-11T18:45:23.003333+00:00,cc0cb064579d49ea4d9361191ec3f3891edeba110261d883b9535c893ac05cb2,NSS22 detailed spreadsheets organisational results.xlsx,eff7320d9daad3ea4231f2625112a800ab0f0e9eead5bc3e12360898c21244d0,PEOPLE PROMISE ELEMENTS,176,AC176,AD176,2023-04-06 15:56:57,Available annual archive version; not claimed to be exact first-publication-day bytes
2022,2022,RRK,University Hospitals Birmingham NHS Foundation Trust,Acute&Acute Community Trusts,Acute and Acute & Community Trusts,4.621483031144731,5617,1,Occupation Group,https://www.nhsstaffsurveys.com/static/84994bdc2016414e8ea4ed2d1e6f90c5/Detailed-spreadsheets.zip,2026-09-11T18:45:23.003333+00:00,cc0cb064579d49ea4d9361191ec3f3891edeba110261d883b9535c893ac05cb2,NSS22 detailed spreadsheets organisational results.xlsx,eff7320d9daad3ea4231f2625112a800ab0f0e9eead5bc3e12360898c21244d0,PEOPLE PROMISE ELEMENTS,177,AC177,AD177,2023-04-06 15:56:57,Available annual archive version; not claimed to be exact first-publication-day bytes
2022,2022,RRP,"Barnet, Enfield and Haringey Mental Health NHS Trust","MH&LD, MH, LD&Community Trusts","Mental Health & Learning Disability and Mental Health, Learning Disability & Community Trusts",5.15264533667718,1646,1,Occupation Group,https://www.nhsstaffsurveys.com/static/84994bdc2016414e8ea4ed2d1e6f90c5/Detailed-spreadsheets.zip,2026-09-11T18:45:23.003333+00:00,cc0cb064579d49ea4d9361191ec3f3891edeba110261d883b9535c893ac05cb2,NSS22 detailed spreadsheets organisational results.xlsx,eff7320d9daad3ea4231f2625112a800ab0f0e9eead5bc3e12360898c21244d0,PEOPLE PROMISE ELEMENTS,178,AC178,AD178,2023-04-06 15:56:57,Available annual archive version; not claimed to be exact first-publication-day bytes
2022,2022,RRU,London Ambulance Service NHS Trust,Ambulance Trusts,Ambulance Trusts,4.145442766875079,4385,1,Occupation Group,https://www.nhsstaffsurveys.com/static/84994bdc2016414e8ea4ed2d1e6f90c5/Detailed-spreadsheets.zip,2026-09-11T18:45:23.003333+00:00,cc0cb064579d49ea4d9361191ec3f3891edeba110261d883b9535c893ac05cb2,NSS22 detailed spreadsheets organisational results.xlsx,eff7320d9daad3ea4231f2625112a800ab0f0e9eead5bc3e12360898c21244d0,PEOPLE PROMISE ELEMENTS,179,AC179,AD179,2023-04-06 15:56:57,Available annual archive version; not claimed to be exact first-publication-day bytes
2022,2022,RRV,University College London Hospitals NHS Foundation Trust,Acute&Acute Community Trusts,Acute and Acute & Community Trusts,4.873345466306495,3667,1,Occupation Group,https://www.nhsstaffsurveys.com/static/84994bdc2016414e8ea4ed2d1e6f90c5/Detailed-spreadsheets.zip,2026-09-11T18:45:23.003333+00:00,cc0cb064579d49ea4d9361191ec3f3891edeba110261d883b9535c893ac05cb2,NSS22 detailed spreadsheets organisational results.xlsx,eff7320d9daad3ea4231f2625112a800ab0f0e9eead5bc3e12360898c21244d0,PEOPLE PROMISE ELEMENTS,180,AC180,AD180,2023-04-06 15:56:57,Available annual archive version; not claimed to be exact first-publication-day bytes
2022,2022,RT1,Cambridgeshire and Peterborough NHS Foundation Trust,"MH&LD, MH, LD&Community Trusts","Mental Health & Learning Disability and Mental Health, Learning Disability & Community Trusts",5.030552334078537,1447,1,Occupation Group,https://www.nhsstaffsurveys.com/static/84994bdc2016414e8ea4ed2d1e6f90c5/Detailed-spreadsheets.zip,2026-09-11T18:45:23.003333+00:00,cc0cb064579d49ea4d9361191ec3f3891edeba110261d883b9535c893ac05cb2,NSS22 detailed spreadsheets organisational results.xlsx,eff7320d9daad3ea4231f2625112a800ab0f0e9eead5bc3e12360898c21244d0,PEOPLE PROMISE ELEMENTS,181,AC181,AD181,2023-04-06 15:56:57,Available annual archive version; not claimed to be exact first-publication-day bytes
2022,2022,RT2,Pennine Care NHS Foundation Trust,"MH&LD, MH, LD&Community Trusts","Mental Health & Learning Disability and Mental Health, Learning Disability & Community Trusts",5.232775875701765,1678,1,Occupation Group,https://www.nhsstaffsurveys.com/static/84994bdc2016414e8ea4ed2d1e6f90c5/Detailed-spreadsheets.zip,2026-09-11T18:45:23.003333+00:00,cc0cb064579d49ea4d9361191ec3f3891edeba110261d883b9535c893ac05cb2,NSS22 detailed spreadsheets organisational results.xlsx,eff7320d9daad3ea4231f2625112a800ab0f0e9eead5bc3e12360898c21244d0,PEOPLE PROMISE ELEMENTS,182,AC182,AD182,2023-04-06 15:56:57,Available annual archive version; not claimed to be exact first-publication-day bytes
2022,2022,RT5,Leicestershire Partnership NHS Trust,"MH&LD, MH, LD&Community Trusts","Mental Health & Learning Disability and Mental Health, Learning Disability & Community Trusts",5.150059682550369,2925,1,Occupation Group,https://www.nhsstaffsurveys.com/static/84994bdc2016414e8ea4ed2d1e6f90c5/Detailed-spreadsheets.zip,2026-09-11T18:45:23.003333+00:00,cc0cb064579d49ea4d9361191ec3f3891edeba110261d883b9535c893ac05cb2,NSS22 detailed spreadsheets organisational results.xlsx,eff7320d9daad3ea4231f2625112a800ab0f0e9eead5bc3e12360898c21244d0,PEOPLE PROMISE ELEMENTS,183,AC183,AD183,2023-04-06 15:56:57,Available annual archive version; not claimed to be exact first-publication-day bytes
2022,2022,RTD,The Newcastle upon Tyne Hospitals NHS Foundation Trust,Acute&Acute Community Trusts,Acute and Acute & Community Trusts,4.8486359462371365,6635,1,Occupation Group,https://www.nhsstaffsurveys.com/static/84994bdc2016414e8ea4ed2d1e6f90c5/Detailed-spreadsheets.zip,2026-09-11T18:45:23.003333+00:00,cc0cb064579d49ea4d9361191ec3f3891edeba110261d883b9535c893ac05cb2,NSS22 detailed spreadsheets organisational results.xlsx,eff7320d9daad3ea4231f2625112a800ab0f0e9eead5bc3e12360898c21244d0,PEOPLE PROMISE ELEMENTS,184,AC184,AD184,2023-04-06 15:56:57,Available annual archive version; not claimed to be exact first-publication-day bytes
2022,2022,RTE,Gloucestershire Hospitals NHS Foundation Trust,Acute&Acute Community Trusts,Acute and Acute & Community Trusts,4.593416971518417,4218,1,Occupation Group,https://www.nhsstaffsurveys.com/static/84994bdc2016414e8ea4ed2d1e6f90c5/Detailed-spreadsheets.zip,2026-09-11T18:45:23.003333+00:00,cc0cb064579d49ea4d9361191ec3f3891edeba110261d883b9535c893ac05cb2,NSS22 detailed spreadsheets organisational results.xlsx,eff7320d9daad3ea4231f2625112a800ab0f0e9eead5bc3e12360898c21244d0,PEOPLE PROMISE ELEMENTS,185,AC185,AD185,2023-04-06 15:56:57,Available annual archive version; not claimed to be exact first-publication-day bytes
2022,2022,RTF,Northumbria Healthcare NHS Foundation Trust,Acute&Acute Community Trusts,Acute and Acute & Community Trusts,5.252629045094404,5508,1,Occupation Group,https://www.nhsstaffsurveys.com/static/84994bdc2016414e8ea4ed2d1e6f90c5/Detailed-spreadsheets.zip,2026-09-11T18:45:23.003333+00:00,cc0cb064579d49ea4d9361191ec3f3891edeba110261d883b9535c893ac05cb2,NSS22 detailed spreadsheets organisational results.xlsx,eff7320d9daad3ea4231f2625112a800ab0f0e9eead5bc3e12360898c21244d0,PEOPLE PROMISE ELEMENTS,186,AC186,AD186,2023-04-06 15:56:57,Available annual archive version; not claimed to be exact first-publication-day bytes
2022,2022,RTG,University Hospitals of Derby and Burton NHS Foundation Trust,Acute&Acute Community Trusts,Acute and Acute & Community Trusts,4.797976536035197,7777,1,Occupation Group,https://www.nhsstaffsurveys.com/static/84994bdc2016414e8ea4ed2d1e6f90c5/Detailed-spreadsheets.zip,2026-09-11T18:45:23.003333+00:00,cc0cb064579d49ea4d9361191ec3f3891edeba110261d883b9535c893ac05cb2,NSS22 detailed spreadsheets organisational results.xlsx,eff7320d9daad3ea4231f2625112a800ab0f0e9eead5bc3e12360898c21244d0,PEOPLE PROMISE ELEMENTS,187,AC187,AD187,2023-04-06 15:56:57,Available annual archive version; not claimed to be exact first-publication-day bytes
2022,2022,RTH,Oxford University Hospitals NHS Foundation Trust,Acute&Acute Community Trusts,Acute and Acute & Community Trusts,5.0110169363786,6962,1,Occupation Group,https://www.nhsstaffsurveys.com/static/84994bdc2016414e8ea4ed2d1e6f90c5/Detailed-spreadsheets.zip,2026-09-11T18:45:23.003333+00:00,cc0cb064579d49ea4d9361191ec3f3891edeba110261d883b9535c893ac05cb2,NSS22 detailed spreadsheets organisational results.xlsx,eff7320d9daad3ea4231f2625112a800ab0f0e9eead5bc3e12360898c21244d0,PEOPLE PROMISE ELEMENTS,188,AC188,AD188,2023-04-06 15:56:57,Available annual archive version; not claimed to be exact first-publication-day bytes
2022,2022,RTK,Ashford and St Peter's Hospitals NHS Foundation Trust,Acute&Acute Community Trusts,Acute and Acute & Community Trusts,4.976632893368353,2123,1,Occupation Group,https://www.nhsstaffsurveys.com/static/84994bdc2016414e8ea4ed2d1e6f90c5/Detailed-spreadsheets.zip,2026-09-11T18:45:23.003333+00:00,cc0cb064579d49ea4d9361191ec3f3891edeba110261d883b9535c893ac05cb2,NSS22 detailed spreadsheets organisational results.xlsx,eff7320d9daad3ea4231f2625112a800ab0f0e9eead5bc3e12360898c21244d0,PEOPLE PROMISE ELEMENTS,189,AC189,AD189,2023-04-06 15:56:57,Available annual archive version; not claimed to be exact first-publication-day bytes
2022,2022,RTP,Surrey and Sussex Healthcare NHS Trust,Acute&Acute Community Trusts,Acute and Acute & Community Trusts,4.88020762730463,2537,1,Occupation Group,https://www.nhsstaffsurveys.com/static/84994bdc2016414e8ea4ed2d1e6f90c5/Detailed-spreadsheets.zip,2026-09-11T18:45:23.003333+00:00,cc0cb064579d49ea4d9361191ec3f3891edeba110261d883b9535c893ac05cb2,NSS22 detailed spreadsheets organisational results.xlsx,eff7320d9daad3ea4231f2625112a800ab0f0e9eead5bc3e12360898c21244d0,PEOPLE PROMISE ELEMENTS,190,AC190,AD190,2023-04-06 15:56:57,Available annual archive version; not claimed to be exact first-publication-day bytes
2022,2022,RTQ,Gloucestershire Health and Care NHS Foundation Trust,"MH&LD, MH, LD&Community Trusts","Mental Health & Learning Disability and Mental Health, Learning Disability & Community Trusts",5.238608813545862,2478,1,Occupation Group,https://www.nhsstaffsurveys.com/static/84994bdc2016414e8ea4ed2d1e6f90c5/Detailed-spreadsheets.zip,2026-09-11T18:45:23.003333+00:00,cc0cb064579d49ea4d9361191ec3f3891edeba110261d883b9535c893ac05cb2,NSS22 detailed spreadsheets organisational results.xlsx,eff7320d9daad3ea4231f2625112a800ab0f0e9eead5bc3e12360898c21244d0,PEOPLE PROMISE ELEMENTS,191,AC191,AD191,2023-04-06 15:56:57,Available annual archive version; not claimed to be exact first-publication-day bytes
2022,2022,RTR,South Tees Hospitals NHS Foundation Trust,Acute&Acute Community Trusts,Acute and Acute & Community Trusts,4.8196851172788815,3326,1,Occupation Group,https://www.nhsstaffsurveys.com/static/84994bdc2016414e8ea4ed2d1e6f90c5/Detailed-spreadsheets.zip,2026-09-11T18:45:23.003333+00:00,cc0cb064579d49ea4d9361191ec3f3891edeba110261d883b9535c893ac05cb2,NSS22 detailed spreadsheets organisational results.xlsx,eff7320d9daad3ea4231f2625112a800ab0f0e9eead5bc3e12360898c21244d0,PEOPLE PROMISE ELEMENTS,192,AC192,AD192,2023-04-06 15:56:57,Available annual archive version; not claimed to be exact first-publication-day bytes
2022,2022,RTX,University Hospitals of Morecambe Bay NHS Foundation Trust,Acute&Acute Community Trusts,Acute and Acute & Community Trusts,4.957520165424459,3109,1,Occupation Group,https://www.nhsstaffsurveys.com/static/84994bdc2016414e8ea4ed2d1e6f90c5/Detailed-spreadsheets.zip,2026-09-11T18:45:23.003333+00:00,cc0cb064579d49ea4d9361191ec3f3891edeba110261d883b9535c893ac05cb2,NSS22 detailed spreadsheets organisational results.xlsx,eff7320d9daad3ea4231f2625112a800ab0f0e9eead5bc3e12360898c21244d0,PEOPLE PROMISE ELEMENTS,193,AC193,AD193,2023-04-06 15:56:57,Available annual archive version; not claimed to be exact first-publication-day bytes
2022,2022,RV3,Central and North West London NHS Foundation Trust,"MH&LD, MH, LD&Community Trusts","Mental Health & Learning Disability and Mental Health, Learning Disability & Community Trusts",5.117667987389318,3177,1,Occupation Group,https://www.nhsstaffsurveys.com/static/84994bdc2016414e8ea4ed2d1e6f90c5/Detailed-spreadsheets.zip,2026-09-11T18:45:23.003333+00:00,cc0cb064579d49ea4d9361191ec3f3891edeba110261d883b9535c893ac05cb2,NSS22 detailed spreadsheets organisational results.xlsx,eff7320d9daad3ea4231f2625112a800ab0f0e9eead5bc3e12360898c21244d0,PEOPLE PROMISE ELEMENTS,194,AC194,AD194,2023-04-06 15:56:57,Available annual archive version; not claimed to be exact first-publication-day bytes
2022,2022,RV5,South London and Maudsley NHS Foundation Trust,"MH&LD, MH, LD&Community Trusts","Mental Health & Learning Disability and Mental Health, Learning Disability & Community Trusts",5.201603379308474,2484,1,Occupation Group,https://www.nhsstaffsurveys.com/static/84994bdc2016414e8ea4ed2d1e6f90c5/Detailed-spreadsheets.zip,2026-09-11T18:45:23.003333+00:00,cc0cb064579d49ea4d9361191ec3f3891edeba110261d883b9535c893ac05cb2,NSS22 detailed spreadsheets organisational results.xlsx,eff7320d9daad3ea4231f2625112a800ab0f0e9eead5bc3e12360898c21244d0,PEOPLE PROMISE ELEMENTS,195,AC195,AD195,2023-04-06 15:56:57,Available annual archive version; not claimed to be exact first-publication-day bytes
2022,2022,RV9,Humber Teaching NHS Foundation Trust ,"MH&LD, MH, LD&Community Trusts","Mental Health & Learning Disability and Mental Health, Learning Disability & Community Trusts",5.301442691419615,1388,1,Occupation Group,https://www.nhsstaffsurveys.com/static/84994bdc2016414e8ea4ed2d1e6f90c5/Detailed-spreadsheets.zip,2026-09-11T18:45:23.003333+00:00,cc0cb064579d49ea4d9361191ec3f3891edeba110261d883b9535c893ac05cb2,NSS22 detailed spreadsheets organisational results.xlsx,eff7320d9daad3ea4231f2625112a800ab0f0e9eead5bc3e12360898c21244d0,PEOPLE PROMISE ELEMENTS,196,AC196,AD196,2023-04-06 15:56:57,Available annual archive version; not claimed to be exact first-publication-day bytes
2022,2022,RVJ,North Bristol NHS Trust,Acute&Acute Community Trusts,Acute and Acute & Community Trusts,4.746275232811781,4748,1,Occupation Group,https://www.nhsstaffsurveys.com/static/84994bdc2016414e8ea4ed2d1e6f90c5/Detailed-spreadsheets.zip,2026-09-11T18:45:23.003333+00:00,cc0cb064579d49ea4d9361191ec3f3891edeba110261d883b9535c893ac05cb2,NSS22 detailed spreadsheets organisational results.xlsx,eff7320d9daad3ea4231f2625112a800ab0f0e9eead5bc3e12360898c21244d0,PEOPLE PROMISE ELEMENTS,197,AC197,AD197,2023-04-06 15:56:57,Available annual archive version; not claimed to be exact first-publication-day bytes
2022,2022,RVN,Avon and Wiltshire Mental Health Partnership NHS Trust,"MH&LD, MH, LD&Community Trusts","Mental Health & Learning Disability and Mental Health, Learning Disability & Community Trusts",5.270108596493668,2367,1,Occupation Group,https://www.nhsstaffsurveys.com/static/84994bdc2016414e8ea4ed2d1e6f90c5/Detailed-spreadsheets.zip,2026-09-11T18:45:23.003333+00:00,cc0cb064579d49ea4d9361191ec3f3891edeba110261d883b9535c893ac05cb2,NSS22 detailed spreadsheets organisational results.xlsx,eff7320d9daad3ea4231f2625112a800ab0f0e9eead5bc3e12360898c21244d0,PEOPLE PROMISE ELEMENTS,198,AC198,AD198,2023-04-06 15:56:57,Available annual archive version; not claimed to be exact first-publication-day bytes
2022,2022,RVR,Epsom and St Helier University Hospitals NHS Trust,Acute&Acute Community Trusts,Acute and Acute & Community Trusts,4.9539458950858855,3441,1,Occupation Group,https://www.nhsstaffsurveys.com/static/84994bdc2016414e8ea4ed2d1e6f90c5/Detailed-spreadsheets.zip,2026-09-11T18:45:23.003333+00:00,cc0cb064579d49ea4d9361191ec3f3891edeba110261d883b9535c893ac05cb2,NSS22 detailed spreadsheets organisational results.xlsx,eff7320d9daad3ea4231f2625112a800ab0f0e9eead5bc3e12360898c21244d0,PEOPLE PROMISE ELEMENTS,199,AC199,AD199,2023-04-06 15:56:57,Available annual archive version; not claimed to be exact first-publication-day bytes
2022,2022,RVV,East Kent Hospitals University NHS Foundation Trust,Acute&Acute Community Trusts,Acute and Acute & Community Trusts,4.717154114264652,4011,1,Occupation Group,https://www.nhsstaffsurveys.com/static/84994bdc2016414e8ea4ed2d1e6f90c5/Detailed-spreadsheets.zip,2026-09-11T18:45:23.003333+00:00,cc0cb064579d49ea4d9361191ec3f3891edeba110261d883b9535c893ac05cb2,NSS22 detailed spreadsheets organisational results.xlsx,eff7320d9daad3ea4231f2625112a800ab0f0e9eead5bc3e12360898c21244d0,PEOPLE PROMISE ELEMENTS,200,AC200,AD200,2023-04-06 15:56:57,Available annual archive version; not claimed to be exact first-publication-day bytes
2022,2022,RVW,North Tees and Hartlepool NHS Foundation Trust,Acute&Acute Community Trusts,Acute and Acute & Community Trusts,5.199321106724518,2356,1,Occupation Group,https://www.nhsstaffsurveys.com/static/84994bdc2016414e8ea4ed2d1e6f90c5/Detailed-spreadsheets.zip,2026-09-11T18:45:23.003333+00:00,cc0cb064579d49ea4d9361191ec3f3891edeba110261d883b9535c893ac05cb2,NSS22 detailed spreadsheets organisational results.xlsx,eff7320d9daad3ea4231f2625112a800ab0f0e9eead5bc3e12360898c21244d0,PEOPLE PROMISE ELEMENTS,201,AC201,AD201,2023-04-06 15:56:57,Available annual archive version; not claimed to be exact first-publication-day bytes
2022,2022,RVY,Southport and Ormskirk Hospital NHS Trust,Acute&Acute Community Trusts,Acute and Acute & Community Trusts,4.905850053283395,1095,1,Occupation Group,https://www.nhsstaffsurveys.com/static/84994bdc2016414e8ea4ed2d1e6f90c5/Detailed-spreadsheets.zip,2026-09-11T18:45:23.003333+00:00,cc0cb064579d49ea4d9361191ec3f3891edeba110261d883b9535c893ac05cb2,NSS22 detailed spreadsheets organisational results.xlsx,eff7320d9daad3ea4231f2625112a800ab0f0e9eead5bc3e12360898c21244d0,PEOPLE PROMISE ELEMENTS,202,AC202,AD202,2023-04-06 15:56:57,Available annual archive version; not claimed to be exact first-publication-day bytes
2022,2022,RW1,Southern Health NHS Foundation Trust,"MH&LD, MH, LD&Community Trusts","Mental Health & Learning Disability and Mental Health, Learning Disability & Community Trusts",5.193184553379101,3394,1,Occupation Group,https://www.nhsstaffsurveys.com/static/84994bdc2016414e8ea4ed2d1e6f90c5/Detailed-spreadsheets.zip,2026-09-11T18:45:23.003333+00:00,cc0cb064579d49ea4d9361191ec3f3891edeba110261d883b9535c893ac05cb2,NSS22 detailed spreadsheets organisational results.xlsx,eff7320d9daad3ea4231f2625112a800ab0f0e9eead5bc3e12360898c21244d0,PEOPLE PROMISE ELEMENTS,203,AC203,AD203,2023-04-06 15:56:57,Available annual archive version; not claimed to be exact first-publication-day bytes
2022,2022,RW4,Mersey Care NHS Foundation Trust,"MH&LD, MH, LD&Community Trusts","Mental Health & Learning Disability and Mental Health, Learning Disability & Community Trusts",5.249822894991393,3855,1,Occupation Group,https://www.nhsstaffsurveys.com/static/84994bdc2016414e8ea4ed2d1e6f90c5/Detailed-spreadsheets.zip,2026-09-11T18:45:23.003333+00:00,cc0cb064579d49ea4d9361191ec3f3891edeba110261d883b9535c893ac05cb2,NSS22 detailed spreadsheets organisational results.xlsx,eff7320d9daad3ea4231f2625112a800ab0f0e9eead5bc3e12360898c21244d0,PEOPLE PROMISE ELEMENTS,204,AC204,AD204,2023-04-06 15:56:57,Available annual archive version; not claimed to be exact first-publication-day bytes
2022,2022,RW5,Lancashire and South Cumbria NHS Foundation Trust,"MH&LD, MH, LD&Community Trusts","Mental Health & Learning Disability and Mental Health, Learning Disability & Community Trusts",5.120103563475399,3005,1,Occupation Group,https://www.nhsstaffsurveys.com/static/84994bdc2016414e8ea4ed2d1e6f90c5/Detailed-spreadsheets.zip,2026-09-11T18:45:23.003333+00:00,cc0cb064579d49ea4d9361191ec3f3891edeba110261d883b9535c893ac05cb2,NSS22 detailed spreadsheets organisational results.xlsx,eff7320d9daad3ea4231f2625112a800ab0f0e9eead5bc3e12360898c21244d0,PEOPLE PROMISE ELEMENTS,205,AC205,AD205,2023-04-06 15:56:57,Available annual archive version; not claimed to be exact first-publication-day bytes
2022,2022,RWA,Hull University Teaching Hospitals NHS Trust,Acute&Acute Community Trusts,Acute and Acute & Community Trusts,4.611206632625881,3152,1,Occupation Group,https://www.nhsstaffsurveys.com/static/84994bdc2016414e8ea4ed2d1e6f90c5/Detailed-spreadsheets.zip,2026-09-11T18:45:23.003333+00:00,cc0cb064579d49ea4d9361191ec3f3891edeba110261d883b9535c893ac05cb2,NSS22 detailed spreadsheets organisational results.xlsx,eff7320d9daad3ea4231f2625112a800ab0f0e9eead5bc3e12360898c21244d0,PEOPLE PROMISE ELEMENTS,206,AC206,AD206,2023-04-06 15:56:57,Available annual archive version; not claimed to be exact first-publication-day bytes
2022,2022,RWD,United Lincolnshire Hospitals NHS Trust,Acute&Acute Community Trusts,Acute and Acute & Community Trusts,4.751135695135851,4410,1,Occupation Group,https://www.nhsstaffsurveys.com/static/84994bdc2016414e8ea4ed2d1e6f90c5/Detailed-spreadsheets.zip,2026-09-11T18:45:23.003333+00:00,cc0cb064579d49ea4d9361191ec3f3891edeba110261d883b9535c893ac05cb2,NSS22 detailed spreadsheets organisational results.xlsx,eff7320d9daad3ea4231f2625112a800ab0f0e9eead5bc3e12360898c21244d0,PEOPLE PROMISE ELEMENTS,207,AC207,AD207,2023-04-06 15:56:57,Available annual archive version; not claimed to be exact first-publication-day bytes
2022,2022,RWE,University Hospitals of Leicester NHS Trust,Acute&Acute Community Trusts,Acute and Acute & Community Trusts,4.836708371453295,7962,1,Occupation Group,https://www.nhsstaffsurveys.com/static/84994bdc2016414e8ea4ed2d1e6f90c5/Detailed-spreadsheets.zip,2026-09-11T18:45:23.003333+00:00,cc0cb064579d49ea4d9361191ec3f3891edeba110261d883b9535c893ac05cb2,NSS22 detailed spreadsheets organisational results.xlsx,eff7320d9daad3ea4231f2625112a800ab0f0e9eead5bc3e12360898c21244d0,PEOPLE PROMISE ELEMENTS,208,AC208,AD208,2023-04-06 15:56:57,Available annual archive version; not claimed to be exact first-publication-day bytes
2022,2022,RWF,Maidstone and Tunbridge Wells NHS Trust,Acute&Acute Community Trusts,Acute and Acute & Community Trusts,4.868000002342725,2900,1,Occupation Group,https://www.nhsstaffsurveys.com/static/84994bdc2016414e8ea4ed2d1e6f90c5/Detailed-spreadsheets.zip,2026-09-11T18:45:23.003333+00:00,cc0cb064579d49ea4d9361191ec3f3891edeba110261d883b9535c893ac05cb2,NSS22 detailed spreadsheets organisational results.xlsx,eff7320d9daad3ea4231f2625112a800ab0f0e9eead5bc3e12360898c21244d0,PEOPLE PROMISE ELEMENTS,209,AC209,AD209,2023-04-06 15:56:57,Available annual archive version; not claimed to be exact first-publication-day bytes
2022,2022,RWG,West Hertfordshire Teaching Hospitals NHS Trust,Acute&Acute Community Trusts,Acute and Acute & Community Trusts,4.844804072474365,2609,1,Occupation Group,https://www.nhsstaffsurveys.com/static/84994bdc2016414e8ea4ed2d1e6f90c5/Detailed-spreadsheets.zip,2026-09-11T18:45:23.003333+00:00,cc0cb064579d49ea4d9361191ec3f3891edeba110261d883b9535c893ac05cb2,NSS22 detailed spreadsheets organisational results.xlsx,eff7320d9daad3ea4231f2625112a800ab0f0e9eead5bc3e12360898c21244d0,PEOPLE PROMISE ELEMENTS,210,AC210,AD210,2023-04-06 15:56:57,Available annual archive version; not claimed to be exact first-publication-day bytes
2022,2022,RWH,East and North Hertfordshire NHS Trust,Acute&Acute Community Trusts,Acute and Acute & Community Trusts,4.785498647968109,2953,1,Occupation Group,https://www.nhsstaffsurveys.com/static/84994bdc2016414e8ea4ed2d1e6f90c5/Detailed-spreadsheets.zip,2026-09-11T18:45:23.003333+00:00,cc0cb064579d49ea4d9361191ec3f3891edeba110261d883b9535c893ac05cb2,NSS22 detailed spreadsheets organisational results.xlsx,eff7320d9daad3ea4231f2625112a800ab0f0e9eead5bc3e12360898c21244d0,PEOPLE PROMISE ELEMENTS,211,AC211,AD211,2023-04-06 15:56:57,Available annual archive version; not claimed to be exact first-publication-day bytes
2022,2022,RWJ,Stockport NHS Foundation Trust,Acute&Acute Community Trusts,Acute and Acute & Community Trusts,4.848332175297281,2461,1,Occupation Group,https://www.nhsstaffsurveys.com/static/84994bdc2016414e8ea4ed2d1e6f90c5/Detailed-spreadsheets.zip,2026-09-11T18:45:23.003333+00:00,cc0cb064579d49ea4d9361191ec3f3891edeba110261d883b9535c893ac05cb2,NSS22 detailed spreadsheets organisational results.xlsx,eff7320d9daad3ea4231f2625112a800ab0f0e9eead5bc3e12360898c21244d0,PEOPLE PROMISE ELEMENTS,212,AC212,AD212,2023-04-06 15:56:57,Available annual archive version; not claimed to be exact first-publication-day bytes
2022,2022,RWK,East London NHS Foundation Trust,"MH&LD, MH, LD&Community Trusts","Mental Health & Learning Disability and Mental Health, Learning Disability & Community Trusts",4.920690657214797,1695,1,Occupation Group,https://www.nhsstaffsurveys.com/static/84994bdc2016414e8ea4ed2d1e6f90c5/Detailed-spreadsheets.zip,2026-09-11T18:45:23.003333+00:00,cc0cb064579d49ea4d9361191ec3f3891edeba110261d883b9535c893ac05cb2,NSS22 detailed spreadsheets organisational results.xlsx,eff7320d9daad3ea4231f2625112a800ab0f0e9eead5bc3e12360898c21244d0,PEOPLE PROMISE ELEMENTS,213,AC213,AD213,2023-04-06 15:56:57,Available annual archive version; not claimed to be exact first-publication-day bytes
2022,2022,RWP,Worcestershire Acute Hospitals NHS Trust,Acute&Acute Community Trusts,Acute and Acute & Community Trusts,4.727777994170117,2476,1,Occupation Group,https://www.nhsstaffsurveys.com/static/84994bdc2016414e8ea4ed2d1e6f90c5/Detailed-spreadsheets.zip,2026-09-11T18:45:23.003333+00:00,cc0cb064579d49ea4d9361191ec3f3891edeba110261d883b9535c893ac05cb2,NSS22 detailed spreadsheets organisational results.xlsx,eff7320d9daad3ea4231f2625112a800ab0f0e9eead5bc3e12360898c21244d0,PEOPLE PROMISE ELEMENTS,214,AC214,AD214,2023-04-06 15:56:57,Available annual archive version; not claimed to be exact first-publication-day bytes
2022,2022,RWR,Hertfordshire Partnership University NHS Foundation Trust,"MH&LD, MH, LD&Community Trusts","Mental Health & Learning Disability and Mental Health, Learning Disability & Community Trusts",5.250968240181223,1824,1,Occupation Group,https://www.nhsstaffsurveys.com/static/84994bdc2016414e8ea4ed2d1e6f90c5/Detailed-spreadsheets.zip,2026-09-11T18:45:23.003333+00:00,cc0cb064579d49ea4d9361191ec3f3891edeba110261d883b9535c893ac05cb2,NSS22 detailed spreadsheets organisational results.xlsx,eff7320d9daad3ea4231f2625112a800ab0f0e9eead5bc3e12360898c21244d0,PEOPLE PROMISE ELEMENTS,215,AC215,AD215,2023-04-06 15:56:57,Available annual archive version; not claimed to be exact first-publication-day bytes
2022,2022,RWV,Devon Partnership NHS Trust,"MH&LD, MH, LD&Community Trusts","Mental Health & Learning Disability and Mental Health, Learning Disability & Community Trusts",5.180046201294902,1982,1,Occupation Group,https://www.nhsstaffsurveys.com/static/84994bdc2016414e8ea4ed2d1e6f90c5/Detailed-spreadsheets.zip,2026-09-11T18:45:23.003333+00:00,cc0cb064579d49ea4d9361191ec3f3891edeba110261d883b9535c893ac05cb2,NSS22 detailed spreadsheets organisational results.xlsx,eff7320d9daad3ea4231f2625112a800ab0f0e9eead5bc3e12360898c21244d0,PEOPLE PROMISE ELEMENTS,216,AC216,AD216,2023-04-06 15:56:57,Available annual archive version; not claimed to be exact first-publication-day bytes
2022,2022,RWW,Warrington and Halton Teaching Hospitals NHS Foundation Trust,Acute&Acute Community Trusts,Acute and Acute & Community Trusts,5.058187161196458,1515,1,Occupation Group,https://www.nhsstaffsurveys.com/static/84994bdc2016414e8ea4ed2d1e6f90c5/Detailed-spreadsheets.zip,2026-09-11T18:45:23.003333+00:00,cc0cb064579d49ea4d9361191ec3f3891edeba110261d883b9535c893ac05cb2,NSS22 detailed spreadsheets organisational results.xlsx,eff7320d9daad3ea4231f2625112a800ab0f0e9eead5bc3e12360898c21244d0,PEOPLE PROMISE ELEMENTS,217,AC217,AD217,2023-04-06 15:56:57,Available annual archive version; not claimed to be exact first-publication-day bytes
2022,2022,RWX,Berkshire Healthcare NHS Foundation Trust,"MH&LD, MH, LD&Community Trusts","Mental Health & Learning Disability and Mental Health, Learning Disability & Community Trusts",5.336957129798582,3038,1,Occupation Group,https://www.nhsstaffsurveys.com/static/84994bdc2016414e8ea4ed2d1e6f90c5/Detailed-spreadsheets.zip,2026-09-11T18:45:23.003333+00:00,cc0cb064579d49ea4d9361191ec3f3891edeba110261d883b9535c893ac05cb2,NSS22 detailed spreadsheets organisational results.xlsx,eff7320d9daad3ea4231f2625112a800ab0f0e9eead5bc3e12360898c21244d0,PEOPLE PROMISE ELEMENTS,218,AC218,AD218,2023-04-06 15:56:57,Available annual archive version; not claimed to be exact first-publication-day bytes
2022,2022,RWY,Calderdale and Huddersfield NHS Foundation Trust,Acute&Acute Community Trusts,Acute and Acute & Community Trusts,4.774434335386686,2660,1,Occupation Group,https://www.nhsstaffsurveys.com/static/84994bdc2016414e8ea4ed2d1e6f90c5/Detailed-spreadsheets.zip,2026-09-11T18:45:23.003333+00:00,cc0cb064579d49ea4d9361191ec3f3891edeba110261d883b9535c893ac05cb2,NSS22 detailed spreadsheets organisational results.xlsx,eff7320d9daad3ea4231f2625112a800ab0f0e9eead5bc3e12360898c21244d0,PEOPLE PROMISE ELEMENTS,219,AC219,AD219,2023-04-06 15:56:57,Available annual archive version; not claimed to be exact first-publication-day bytes
2022,2022,RX1,Nottingham University Hospitals NHS Trust,Acute&Acute Community Trusts,Acute and Acute & Community Trusts,4.69170688458706,7873,1,Occupation Group,https://www.nhsstaffsurveys.com/static/84994bdc2016414e8ea4ed2d1e6f90c5/Detailed-spreadsheets.zip,2026-09-11T18:45:23.003333+00:00,cc0cb064579d49ea4d9361191ec3f3891edeba110261d883b9535c893ac05cb2,NSS22 detailed spreadsheets organisational results.xlsx,eff7320d9daad3ea4231f2625112a800ab0f0e9eead5bc3e12360898c21244d0,PEOPLE PROMISE ELEMENTS,220,AC220,AD220,2023-04-06 15:56:57,Available annual archive version; not claimed to be exact first-publication-day bytes
2022,2022,RX2,Sussex Partnership NHS Foundation Trust,"MH&LD, MH, LD&Community Trusts","Mental Health & Learning Disability and Mental Health, Learning Disability & Community Trusts",5.086854112777255,2820,1,Occupation Group,https://www.nhsstaffsurveys.com/static/84994bdc2016414e8ea4ed2d1e6f90c5/Detailed-spreadsheets.zip,2026-09-11T18:45:23.003333+00:00,cc0cb064579d49ea4d9361191ec3f3891edeba110261d883b9535c893ac05cb2,NSS22 detailed spreadsheets organisational results.xlsx,eff7320d9daad3ea4231f2625112a800ab0f0e9eead5bc3e12360898c21244d0,PEOPLE PROMISE ELEMENTS,221,AC221,AD221,2023-04-06 15:56:57,Available annual archive version; not claimed to be exact first-publication-day bytes
2022,2022,RX3,"Tees, Esk and Wear Valleys NHS Foundation Trust","MH&LD, MH, LD&Community Trusts","Mental Health & Learning Disability and Mental Health, Learning Disability & Community Trusts",5.1144219870817755,3328,1,Occupation Group,https://www.nhsstaffsurveys.com/static/84994bdc2016414e8ea4ed2d1e6f90c5/Detailed-spreadsheets.zip,2026-09-11T18:45:23.003333+00:00,cc0cb064579d49ea4d9361191ec3f3891edeba110261d883b9535c893ac05cb2,NSS22 detailed spreadsheets organisational results.xlsx,eff7320d9daad3ea4231f2625112a800ab0f0e9eead5bc3e12360898c21244d0,PEOPLE PROMISE ELEMENTS,222,AC222,AD222,2023-04-06 15:56:57,Available annual archive version; not claimed to be exact first-publication-day bytes
2022,2022,RX4,"Cumbria, Northumberland, Tyne and Wear NHS Foundation Trust","MH&LD, MH, LD&Community Trusts","Mental Health & Learning Disability and Mental Health, Learning Disability & Community Trusts",5.333796822047562,3541,1,Occupation Group,https://www.nhsstaffsurveys.com/static/84994bdc2016414e8ea4ed2d1e6f90c5/Detailed-spreadsheets.zip,2026-09-11T18:45:23.003333+00:00,cc0cb064579d49ea4d9361191ec3f3891edeba110261d883b9535c893ac05cb2,NSS22 detailed spreadsheets organisational results.xlsx,eff7320d9daad3ea4231f2625112a800ab0f0e9eead5bc3e12360898c21244d0,PEOPLE PROMISE ELEMENTS,223,AC223,AD223,2023-04-06 15:56:57,Available annual archive version; not claimed to be exact first-publication-day bytes
2022,2022,RX6,North East Ambulance Service NHS Foundation Trust,Ambulance Trusts,Ambulance Trusts,4.432074208576917,1336,1,Occupation Group,https://www.nhsstaffsurveys.com/static/84994bdc2016414e8ea4ed2d1e6f90c5/Detailed-spreadsheets.zip,2026-09-11T18:45:23.003333+00:00,cc0cb064579d49ea4d9361191ec3f3891edeba110261d883b9535c893ac05cb2,NSS22 detailed spreadsheets organisational results.xlsx,eff7320d9daad3ea4231f2625112a800ab0f0e9eead5bc3e12360898c21244d0,PEOPLE PROMISE ELEMENTS,224,AC224,AD224,2023-04-06 15:56:57,Available annual archive version; not claimed to be exact first-publication-day bytes
2022,2022,RX7,North West Ambulance Service NHS Trust,Ambulance Trusts,Ambulance Trusts,4.304962578785371,2214,1,Occupation Group,https://www.nhsstaffsurveys.com/static/84994bdc2016414e8ea4ed2d1e6f90c5/Detailed-spreadsheets.zip,2026-09-11T18:45:23.003333+00:00,cc0cb064579d49ea4d9361191ec3f3891edeba110261d883b9535c893ac05cb2,NSS22 detailed spreadsheets organisational results.xlsx,eff7320d9daad3ea4231f2625112a800ab0f0e9eead5bc3e12360898c21244d0,PEOPLE PROMISE ELEMENTS,225,AC225,AD225,2023-04-06 15:56:57,Available annual archive version; not claimed to be exact first-publication-day bytes
2022,2022,RX8,Yorkshire Ambulance Service NHS Trust,Ambulance Trusts,Ambulance Trusts,4.1905236188842645,1990,1,Occupation Group,https://www.nhsstaffsurveys.com/static/84994bdc2016414e8ea4ed2d1e6f90c5/Detailed-spreadsheets.zip,2026-09-11T18:45:23.003333+00:00,cc0cb064579d49ea4d9361191ec3f3891edeba110261d883b9535c893ac05cb2,NSS22 detailed spreadsheets organisational results.xlsx,eff7320d9daad3ea4231f2625112a800ab0f0e9eead5bc3e12360898c21244d0,PEOPLE PROMISE ELEMENTS,226,AC226,AD226,2023-04-06 15:56:57,Available annual archive version; not claimed to be exact first-publication-day bytes
2022,2022,RX9,East Midlands Ambulance Service NHS Trust,Ambulance Trusts,Ambulance Trusts,4.3105430501586035,1890,1,Occupation Group,https://www.nhsstaffsurveys.com/static/84994bdc2016414e8ea4ed2d1e6f90c5/Detailed-spreadsheets.zip,2026-09-11T18:45:23.003333+00:00,cc0cb064579d49ea4d9361191ec3f3891edeba110261d883b9535c893ac05cb2,NSS22 detailed spreadsheets organisational results.xlsx,eff7320d9daad3ea4231f2625112a800ab0f0e9eead5bc3e12360898c21244d0,PEOPLE PROMISE ELEMENTS,227,AC227,AD227,2023-04-06 15:56:57,Available annual archive version; not claimed to be exact first-publication-day bytes
2022,2022,RXA,Cheshire and Wirral Partnership NHS Foundation Trust,"MH&LD, MH, LD&Community Trusts","Mental Health & Learning Disability and Mental Health, Learning Disability & Community Trusts",5.417579819654112,1716,1,Occupation Group,https://www.nhsstaffsurveys.com/static/84994bdc2016414e8ea4ed2d1e6f90c5/Detailed-spreadsheets.zip,2026-09-11T18:45:23.003333+00:00,cc0cb064579d49ea4d9361191ec3f3891edeba110261d883b9535c893ac05cb2,NSS22 detailed spreadsheets organisational results.xlsx,eff7320d9daad3ea4231f2625112a800ab0f0e9eead5bc3e12360898c21244d0,PEOPLE PROMISE ELEMENTS,228,AC228,AD228,2023-04-06 15:56:57,Available annual archive version; not claimed to be exact first-publication-day bytes
2022,2022,RXC,East Sussex Healthcare NHS Trust,Acute&Acute Community Trusts,Acute and Acute & Community Trusts,4.858476975464227,3418,1,Occupation Group,https://www.nhsstaffsurveys.com/static/84994bdc2016414e8ea4ed2d1e6f90c5/Detailed-spreadsheets.zip,2026-09-11T18:45:23.003333+00:00,cc0cb064579d49ea4d9361191ec3f3891edeba110261d883b9535c893ac05cb2,NSS22 detailed spreadsheets organisational results.xlsx,eff7320d9daad3ea4231f2625112a800ab0f0e9eead5bc3e12360898c21244d0,PEOPLE PROMISE ELEMENTS,229,AC229,AD229,2023-04-06 15:56:57,Available annual archive version; not claimed to be exact first-publication-day bytes
2022,2022,RXE,Rotherham Doncaster and South Humber NHS Foundation Trust,"MH&LD, MH, LD&Community Trusts","Mental Health & Learning Disability and Mental Health, Learning Disability & Community Trusts",5.408161309249812,1891,1,Occupation Group,https://www.nhsstaffsurveys.com/static/84994bdc2016414e8ea4ed2d1e6f90c5/Detailed-spreadsheets.zip,2026-09-11T18:45:23.003333+00:00,cc0cb064579d49ea4d9361191ec3f3891edeba110261d883b9535c893ac05cb2,NSS22 detailed spreadsheets organisational results.xlsx,eff7320d9daad3ea4231f2625112a800ab0f0e9eead5bc3e12360898c21244d0,PEOPLE PROMISE ELEMENTS,230,AC230,AD230,2023-04-06 15:56:57,Available annual archive version; not claimed to be exact first-publication-day bytes
2022,2022,RXF,The Mid Yorkshire Hospitals NHS Trust,Acute&Acute Community Trusts,Acute and Acute & Community Trusts,4.854233812906138,3266,1,Occupation Group,https://www.nhsstaffsurveys.com/static/84994bdc2016414e8ea4ed2d1e6f90c5/Detailed-spreadsheets.zip,2026-09-11T18:45:23.003333+00:00,cc0cb064579d49ea4d9361191ec3f3891edeba110261d883b9535c893ac05cb2,NSS22 detailed spreadsheets organisational results.xlsx,eff7320d9daad3ea4231f2625112a800ab0f0e9eead5bc3e12360898c21244d0,PEOPLE PROMISE ELEMENTS,231,AC231,AD231,2023-04-06 15:56:57,Available annual archive version; not claimed to be exact first-publication-day bytes
2022,2022,RXG,South West Yorkshire Partnership NHS Foundation Trust,"MH&LD, MH, LD&Community Trusts","Mental Health & Learning Disability and Mental Health, Learning Disability & Community Trusts",5.356291228864583,2300,1,Occupation Group,https://www.nhsstaffsurveys.com/static/84994bdc2016414e8ea4ed2d1e6f90c5/Detailed-spreadsheets.zip,2026-09-11T18:45:23.003333+00:00,cc0cb064579d49ea4d9361191ec3f3891edeba110261d883b9535c893ac05cb2,NSS22 detailed spreadsheets organisational results.xlsx,eff7320d9daad3ea4231f2625112a800ab0f0e9eead5bc3e12360898c21244d0,PEOPLE PROMISE ELEMENTS,232,AC232,AD232,2023-04-06 15:56:57,Available annual archive version; not claimed to be exact first-publication-day bytes
2022,2022,RXK,Sandwell and West Birmingham Hospitals NHS Trust,Acute&Acute Community Trusts,Acute and Acute & Community Trusts,4.816940455570093,2848,1,Occupation Group,https://www.nhsstaffsurveys.com/static/84994bdc2016414e8ea4ed2d1e6f90c5/Detailed-spreadsheets.zip,2026-09-11T18:45:23.003333+00:00,cc0cb064579d49ea4d9361191ec3f3891edeba110261d883b9535c893ac05cb2,NSS22 detailed spreadsheets organisational results.xlsx,eff7320d9daad3ea4231f2625112a800ab0f0e9eead5bc3e12360898c21244d0,PEOPLE PROMISE ELEMENTS,233,AC233,AD233,2023-04-06 15:56:57,Available annual archive version; not claimed to be exact first-publication-day bytes
2022,2022,RXL,Blackpool Teaching Hospitals NHS Foundation Trust,Acute&Acute Community Trusts,Acute and Acute & Community Trusts,4.9915620317621245,4005,1,Occupation Group,https://www.nhsstaffsurveys.com/static/84994bdc2016414e8ea4ed2d1e6f90c5/Detailed-spreadsheets.zip,2026-09-11T18:45:23.003333+00:00,cc0cb064579d49ea4d9361191ec3f3891edeba110261d883b9535c893ac05cb2,NSS22 detailed spreadsheets organisational results.xlsx,eff7320d9daad3ea4231f2625112a800ab0f0e9eead5bc3e12360898c21244d0,PEOPLE PROMISE ELEMENTS,234,AC234,AD234,2023-04-06 15:56:57,Available annual archive version; not claimed to be exact first-publication-day bytes
2022,2022,RXM,Derbyshire Healthcare NHS Foundation Trust,"MH&LD, MH, LD&Community Trusts","Mental Health & Learning Disability and Mental Health, Learning Disability & Community Trusts",5.346813370721103,1409,1,Occupation Group,https://www.nhsstaffsurveys.com/static/84994bdc2016414e8ea4ed2d1e6f90c5/Detailed-spreadsheets.zip,2026-09-11T18:45:23.003333+00:00,cc0cb064579d49ea4d9361191ec3f3891edeba110261d883b9535c893ac05cb2,NSS22 detailed spreadsheets organisational results.xlsx,eff7320d9daad3ea4231f2625112a800ab0f0e9eead5bc3e12360898c21244d0,PEOPLE PROMISE ELEMENTS,235,AC235,AD235,2023-04-06 15:56:57,Available annual archive version; not claimed to be exact first-publication-day bytes
2022,2022,RXN,Lancashire Teaching Hospitals NHS Foundation Trust,Acute&Acute Community Trusts,Acute and Acute & Community Trusts,5.048152759662307,4357,1,Occupation Group,https://www.nhsstaffsurveys.com/static/84994bdc2016414e8ea4ed2d1e6f90c5/Detailed-spreadsheets.zip,2026-09-11T18:45:23.003333+00:00,cc0cb064579d49ea4d9361191ec3f3891edeba110261d883b9535c893ac05cb2,NSS22 detailed spreadsheets organisational results.xlsx,eff7320d9daad3ea4231f2625112a800ab0f0e9eead5bc3e12360898c21244d0,PEOPLE PROMISE ELEMENTS,236,AC236,AD236,2023-04-06 15:56:57,Available annual archive version; not claimed to be exact first-publication-day bytes
2022,2022,RXP,County Durham and Darlington NHS Foundation Trust,Acute&Acute Community Trusts,Acute and Acute & Community Trusts,4.659081151804384,2317,1,Occupation Group,https://www.nhsstaffsurveys.com/static/84994bdc2016414e8ea4ed2d1e6f90c5/Detailed-spreadsheets.zip,2026-09-11T18:45:23.003333+00:00,cc0cb064579d49ea4d9361191ec3f3891edeba110261d883b9535c893ac05cb2,NSS22 detailed spreadsheets organisational results.xlsx,eff7320d9daad3ea4231f2625112a800ab0f0e9eead5bc3e12360898c21244d0,PEOPLE PROMISE ELEMENTS,237,AC237,AD237,2023-04-06 15:56:57,Available annual archive version; not claimed to be exact first-publication-day bytes
2022,2022,RXQ,Buckinghamshire Healthcare NHS Trust,Acute&Acute Community Trusts,Acute and Acute & Community Trusts,5.013911346157178,3499,1,Occupation Group,https://www.nhsstaffsurveys.com/static/84994bdc2016414e8ea4ed2d1e6f90c5/Detailed-spreadsheets.zip,2026-09-11T18:45:23.003333+00:00,cc0cb064579d49ea4d9361191ec3f3891edeba110261d883b9535c893ac05cb2,NSS22 detailed spreadsheets organisational results.xlsx,eff7320d9daad3ea4231f2625112a800ab0f0e9eead5bc3e12360898c21244d0,PEOPLE PROMISE ELEMENTS,238,AC238,AD238,2023-04-06 15:56:57,Available annual archive version; not claimed to be exact first-publication-day bytes
2022,2022,RXR,East Lancashire Hospitals NHS Trust,Acute&Acute Community Trusts,Acute and Acute & Community Trusts,5.027649248940475,4440,1,Occupation Group,https://www.nhsstaffsurveys.com/static/84994bdc2016414e8ea4ed2d1e6f90c5/Detailed-spreadsheets.zip,2026-09-11T18:45:23.003333+00:00,cc0cb064579d49ea4d9361191ec3f3891edeba110261d883b9535c893ac05cb2,NSS22 detailed spreadsheets organisational results.xlsx,eff7320d9daad3ea4231f2625112a800ab0f0e9eead5bc3e12360898c21244d0,PEOPLE PROMISE ELEMENTS,239,AC239,AD239,2023-04-06 15:56:57,Available annual archive version; not claimed to be exact first-publication-day bytes
2022,2022,RXT,Birmingham and Solihull Mental Health NHS Foundation Trust,"MH&LD, MH, LD&Community Trusts","Mental Health & Learning Disability and Mental Health, Learning Disability & Community Trusts",5.0298303498243335,2225,1,Occupation Group,https://www.nhsstaffsurveys.com/static/84994bdc2016414e8ea4ed2d1e6f90c5/Detailed-spreadsheets.zip,2026-09-11T18:45:23.003333+00:00,cc0cb064579d49ea4d9361191ec3f3891edeba110261d883b9535c893ac05cb2,NSS22 detailed spreadsheets organisational results.xlsx,eff7320d9daad3ea4231f2625112a800ab0f0e9eead5bc3e12360898c21244d0,PEOPLE PROMISE ELEMENTS,240,AC240,AD240,2023-04-06 15:56:57,Available annual archive version; not claimed to be exact first-publication-day bytes
2022,2022,RXV,Greater Manchester Mental Health NHS Foundation Trust,"MH&LD, MH, LD&Community Trusts","Mental Health & Learning Disability and Mental Health, Learning Disability & Community Trusts",4.7621247006610306,2193,1,Occupation Group,https://www.nhsstaffsurveys.com/static/84994bdc2016414e8ea4ed2d1e6f90c5/Detailed-spreadsheets.zip,2026-09-11T18:45:23.003333+00:00,cc0cb064579d49ea4d9361191ec3f3891edeba110261d883b9535c893ac05cb2,NSS22 detailed spreadsheets organisational results.xlsx,eff7320d9daad3ea4231f2625112a800ab0f0e9eead5bc3e12360898c21244d0,PEOPLE PROMISE ELEMENTS,241,AC241,AD241,2023-04-06 15:56:57,Available annual archive version; not claimed to be exact first-publication-day bytes
2022,2022,RXW,The Shrewsbury and Telford Hospital NHS Trust,Acute&Acute Community Trusts,Acute and Acute & Community Trusts,4.611612889314494,3365,1,Occupation Group,https://www.nhsstaffsurveys.com/static/84994bdc2016414e8ea4ed2d1e6f90c5/Detailed-spreadsheets.zip,2026-09-11T18:45:23.003333+00:00,cc0cb064579d49ea4d9361191ec3f3891edeba110261d883b9535c893ac05cb2,NSS22 detailed spreadsheets organisational results.xlsx,eff7320d9daad3ea4231f2625112a800ab0f0e9eead5bc3e12360898c21244d0,PEOPLE PROMISE ELEMENTS,242,AC242,AD242,2023-04-06 15:56:57,Available annual archive version; not claimed to be exact first-publication-day bytes
2022,2022,RXX,Surrey and Borders Partnership NHS Foundation Trust,"MH&LD, MH, LD&Community Trusts","Mental Health & Learning Disability and Mental Health, Learning Disability & Community Trusts",5.423648738935525,1570,1,Occupation Group,https://www.nhsstaffsurveys.com/static/84994bdc2016414e8ea4ed2d1e6f90c5/Detailed-spreadsheets.zip,2026-09-11T18:45:23.003333+00:00,cc0cb064579d49ea4d9361191ec3f3891edeba110261d883b9535c893ac05cb2,NSS22 detailed spreadsheets organisational results.xlsx,eff7320d9daad3ea4231f2625112a800ab0f0e9eead5bc3e12360898c21244d0,PEOPLE PROMISE ELEMENTS,243,AC243,AD243,2023-04-06 15:56:57,Available annual archive version; not claimed to be exact first-publication-day bytes
2022,2022,RXY,Kent and Medway NHS and Social Care Partnership Trust,"MH&LD, MH, LD&Community Trusts","Mental Health & Learning Disability and Mental Health, Learning Disability & Community Trusts",5.177745265961453,2223,1,Occupation Group,https://www.nhsstaffsurveys.com/static/84994bdc2016414e8ea4ed2d1e6f90c5/Detailed-spreadsheets.zip,2026-09-11T18:45:23.003333+00:00,cc0cb064579d49ea4d9361191ec3f3891edeba110261d883b9535c893ac05cb2,NSS22 detailed spreadsheets organisational results.xlsx,eff7320d9daad3ea4231f2625112a800ab0f0e9eead5bc3e12360898c21244d0,PEOPLE PROMISE ELEMENTS,244,AC244,AD244,2023-04-06 15:56:57,Available annual archive version; not claimed to be exact first-publication-day bytes
2022,2022,RY2,Bridgewater Community Healthcare NHS Foundation Trust,Community Trusts,Community Trusts,5.244434060558605,828,1,Occupation Group,https://www.nhsstaffsurveys.com/static/84994bdc2016414e8ea4ed2d1e6f90c5/Detailed-spreadsheets.zip,2026-09-11T18:45:23.003333+00:00,cc0cb064579d49ea4d9361191ec3f3891edeba110261d883b9535c893ac05cb2,NSS22 detailed spreadsheets organisational results.xlsx,eff7320d9daad3ea4231f2625112a800ab0f0e9eead5bc3e12360898c21244d0,PEOPLE PROMISE ELEMENTS,245,AC245,AD245,2023-04-06 15:56:57,Available annual archive version; not claimed to be exact first-publication-day bytes
2022,2022,RY3,Norfolk Community Health and Care NHS Trust,Community Trusts,Community Trusts,5.20084598428725,1455,1,Occupation Group,https://www.nhsstaffsurveys.com/static/84994bdc2016414e8ea4ed2d1e6f90c5/Detailed-spreadsheets.zip,2026-09-11T18:45:23.003333+00:00,cc0cb064579d49ea4d9361191ec3f3891edeba110261d883b9535c893ac05cb2,NSS22 detailed spreadsheets organisational results.xlsx,eff7320d9daad3ea4231f2625112a800ab0f0e9eead5bc3e12360898c21244d0,PEOPLE PROMISE ELEMENTS,246,AC246,AD246,2023-04-06 15:56:57,Available annual archive version; not claimed to be exact first-publication-day bytes
2022,2022,RY4,Hertfordshire Community NHS Trust,Community Trusts,Community Trusts,5.1492979116441635,1388,1,Occupation Group,https://www.nhsstaffsurveys.com/static/84994bdc2016414e8ea4ed2d1e6f90c5/Detailed-spreadsheets.zip,2026-09-11T18:45:23.003333+00:00,cc0cb064579d49ea4d9361191ec3f3891edeba110261d883b9535c893ac05cb2,NSS22 detailed spreadsheets organisational results.xlsx,eff7320d9daad3ea4231f2625112a800ab0f0e9eead5bc3e12360898c21244d0,PEOPLE PROMISE ELEMENTS,247,AC247,AD247,2023-04-06 15:56:57,Available annual archive version; not claimed to be exact first-publication-day bytes
2022,2022,RY5,Lincolnshire Community Health Services NHS Trust,Community Trusts,Community Trusts,5.231003141469871,1204,1,Occupation Group,https://www.nhsstaffsurveys.com/static/84994bdc2016414e8ea4ed2d1e6f90c5/Detailed-spreadsheets.zip,2026-09-11T18:45:23.003333+00:00,cc0cb064579d49ea4d9361191ec3f3891edeba110261d883b9535c893ac05cb2,NSS22 detailed spreadsheets organisational results.xlsx,eff7320d9daad3ea4231f2625112a800ab0f0e9eead5bc3e12360898c21244d0,PEOPLE PROMISE ELEMENTS,248,AC248,AD248,2023-04-06 15:56:57,Available annual archive version; not claimed to be exact first-publication-day bytes
2022,2022,RY6,Leeds Community Healthcare NHS Trust,Community Trusts,Community Trusts,4.99124329552702,1845,1,Occupation Group,https://www.nhsstaffsurveys.com/static/84994bdc2016414e8ea4ed2d1e6f90c5/Detailed-spreadsheets.zip,2026-09-11T18:45:23.003333+00:00,cc0cb064579d49ea4d9361191ec3f3891edeba110261d883b9535c893ac05cb2,NSS22 detailed spreadsheets organisational results.xlsx,eff7320d9daad3ea4231f2625112a800ab0f0e9eead5bc3e12360898c21244d0,PEOPLE PROMISE ELEMENTS,249,AC249,AD249,2023-04-06 15:56:57,Available annual archive version; not claimed to be exact first-publication-day bytes
2022,2022,RY7,Wirral Community Health and Care NHS Foundation Trust,Community Trusts,Community Trusts,4.941151300499672,917,1,Occupation Group,https://www.nhsstaffsurveys.com/static/84994bdc2016414e8ea4ed2d1e6f90c5/Detailed-spreadsheets.zip,2026-09-11T18:45:23.003333+00:00,cc0cb064579d49ea4d9361191ec3f3891edeba110261d883b9535c893ac05cb2,NSS22 detailed spreadsheets organisational results.xlsx,eff7320d9daad3ea4231f2625112a800ab0f0e9eead5bc3e12360898c21244d0,PEOPLE PROMISE ELEMENTS,250,AC250,AD250,2023-04-06 15:56:57,Available annual archive version; not claimed to be exact first-publication-day bytes
2022,2022,RY8,Derbyshire Community Health Services NHS Foundation Trust,Community Trusts,Community Trusts,5.329611420358758,2217,1,Occupation Group,https://www.nhsstaffsurveys.com/static/84994bdc2016414e8ea4ed2d1e6f90c5/Detailed-spreadsheets.zip,2026-09-11T18:45:23.003333+00:00,cc0cb064579d49ea4d9361191ec3f3891edeba110261d883b9535c893ac05cb2,NSS22 detailed spreadsheets organisational results.xlsx,eff7320d9daad3ea4231f2625112a800ab0f0e9eead5bc3e12360898c21244d0,PEOPLE PROMISE ELEMENTS,251,AC251,AD251,2023-04-06 15:56:57,Available annual archive version; not claimed to be exact first-publication-day bytes
2022,2022,RY9,Hounslow and Richmond Community Healthcare NHS Trust,Community Trusts,Community Trusts,5.159473821842932,702,1,Occupation Group,https://www.nhsstaffsurveys.com/static/84994bdc2016414e8ea4ed2d1e6f90c5/Detailed-spreadsheets.zip,2026-09-11T18:45:23.003333+00:00,cc0cb064579d49ea4d9361191ec3f3891edeba110261d883b9535c893ac05cb2,NSS22 detailed spreadsheets organisational results.xlsx,eff7320d9daad3ea4231f2625112a800ab0f0e9eead5bc3e12360898c21244d0,PEOPLE PROMISE ELEMENTS,252,AC252,AD252,2023-04-06 15:56:57,Available annual archive version; not claimed to be exact first-publication-day bytes
2022,2022,RYA,West Midlands Ambulance Service University NHS Foundation Trust,Ambulance Trusts,Ambulance Trusts,4.057380538993505,2765,1,Occupation Group,https://www.nhsstaffsurveys.com/static/84994bdc2016414e8ea4ed2d1e6f90c5/Detailed-spreadsheets.zip,2026-09-11T18:45:23.003333+00:00,cc0cb064579d49ea4d9361191ec3f3891edeba110261d883b9535c893ac05cb2,NSS22 detailed spreadsheets organisational results.xlsx,eff7320d9daad3ea4231f2625112a800ab0f0e9eead5bc3e12360898c21244d0,PEOPLE PROMISE ELEMENTS,253,AC253,AD253,2023-04-06 15:56:57,Available annual archive version; not claimed to be exact first-publication-day bytes
2022,2022,RYC,East of England Ambulance Service NHS Trust,Ambulance Trusts,Ambulance Trusts,3.9396667331153563,3323,1,Occupation Group,https://www.nhsstaffsurveys.com/static/84994bdc2016414e8ea4ed2d1e6f90c5/Detailed-spreadsheets.zip,2026-09-11T18:45:23.003333+00:00,cc0cb064579d49ea4d9361191ec3f3891edeba110261d883b9535c893ac05cb2,NSS22 detailed spreadsheets organisational results.xlsx,eff7320d9daad3ea4231f2625112a800ab0f0e9eead5bc3e12360898c21244d0,PEOPLE PROMISE ELEMENTS,254,AC254,AD254,2023-04-06 15:56:57,Available annual archive version; not claimed to be exact first-publication-day bytes
2022,2022,RYD,South East Coast Ambulance Service NHS Foundation Trust,Ambulance Trusts,Ambulance Trusts,3.877718431431762,2609,1,Occupation Group,https://www.nhsstaffsurveys.com/static/84994bdc2016414e8ea4ed2d1e6f90c5/Detailed-spreadsheets.zip,2026-09-11T18:45:23.003333+00:00,cc0cb064579d49ea4d9361191ec3f3891edeba110261d883b9535c893ac05cb2,NSS22 detailed spreadsheets organisational results.xlsx,eff7320d9daad3ea4231f2625112a800ab0f0e9eead5bc3e12360898c21244d0,PEOPLE PROMISE ELEMENTS,255,AC255,AD255,2023-04-06 15:56:57,Available annual archive version; not claimed to be exact first-publication-day bytes
2022,2022,RYE,South Central Ambulance Service NHS Foundation Trust,Ambulance Trusts,Ambulance Trusts,4.245142597111985,2183,1,Occupation Group,https://www.nhsstaffsurveys.com/static/84994bdc2016414e8ea4ed2d1e6f90c5/Detailed-spreadsheets.zip,2026-09-11T18:45:23.003333+00:00,cc0cb064579d49ea4d9361191ec3f3891edeba110261d883b9535c893ac05cb2,NSS22 detailed spreadsheets organisational results.xlsx,eff7320d9daad3ea4231f2625112a800ab0f0e9eead5bc3e12360898c21244d0,PEOPLE PROMISE ELEMENTS,256,AC256,AD256,2023-04-06 15:56:57,Available annual archive version; not claimed to be exact first-publication-day bytes
2022,2022,RYF,South Western Ambulance Service NHS Foundation Trust,Ambulance Trusts,Ambulance Trusts,4.206178212172648,2945,1,Occupation Group,https://www.nhsstaffsurveys.com/static/84994bdc2016414e8ea4ed2d1e6f90c5/Detailed-spreadsheets.zip,2026-09-11T18:45:23.003333+00:00,cc0cb064579d49ea4d9361191ec3f3891edeba110261d883b9535c893ac05cb2,NSS22 detailed spreadsheets organisational results.xlsx,eff7320d9daad3ea4231f2625112a800ab0f0e9eead5bc3e12360898c21244d0,PEOPLE PROMISE ELEMENTS,257,AC257,AD257,2023-04-06 15:56:57,Available annual archive version; not claimed to be exact first-publication-day bytes
2022,2022,RYG,Coventry and Warwickshire Partnership NHS Trust,"MH&LD, MH, LD&Community Trusts","Mental Health & Learning Disability and Mental Health, Learning Disability & Community Trusts",5.095856022741524,1613,1,Occupation Group,https://www.nhsstaffsurveys.com/static/84994bdc2016414e8ea4ed2d1e6f90c5/Detailed-spreadsheets.zip,2026-09-11T18:45:23.003333+00:00,cc0cb064579d49ea4d9361191ec3f3891edeba110261d883b9535c893ac05cb2,NSS22 detailed spreadsheets organisational results.xlsx,eff7320d9daad3ea4231f2625112a800ab0f0e9eead5bc3e12360898c21244d0,PEOPLE PROMISE ELEMENTS,258,AC258,AD258,2023-04-06 15:56:57,Available annual archive version; not claimed to be exact first-publication-day bytes
2022,2022,RYJ,Imperial College Healthcare NHS Trust,Acute&Acute Community Trusts,Acute and Acute & Community Trusts,4.95268283298237,7391,1,Occupation Group,https://www.nhsstaffsurveys.com/static/84994bdc2016414e8ea4ed2d1e6f90c5/Detailed-spreadsheets.zip,2026-09-11T18:45:23.003333+00:00,cc0cb064579d49ea4d9361191ec3f3891edeba110261d883b9535c893ac05cb2,NSS22 detailed spreadsheets organisational results.xlsx,eff7320d9daad3ea4231f2625112a800ab0f0e9eead5bc3e12360898c21244d0,PEOPLE PROMISE ELEMENTS,259,AC259,AD259,2023-04-06 15:56:57,Available annual archive version; not claimed to be exact first-publication-day bytes
2022,2022,RYK,Dudley Integrated Health and Care Trust ,Community Trusts,Community Trusts,5.203599525678037,243,1,Occupation Group,https://www.nhsstaffsurveys.com/static/84994bdc2016414e8ea4ed2d1e6f90c5/Detailed-spreadsheets.zip,2026-09-11T18:45:23.003333+00:00,cc0cb064579d49ea4d9361191ec3f3891edeba110261d883b9535c893ac05cb2,NSS22 detailed spreadsheets organisational results.xlsx,eff7320d9daad3ea4231f2625112a800ab0f0e9eead5bc3e12360898c21244d0,PEOPLE PROMISE ELEMENTS,260,AC260,AD260,2023-04-06 15:56:57,Available annual archive version; not claimed to be exact first-publication-day bytes
2022,2022,RYR,University Hospitals Sussex NHS Foundation Trust,Acute&Acute Community Trusts,Acute and Acute & Community Trusts,4.600269489300232,7343,1,Occupation Group,https://www.nhsstaffsurveys.com/static/84994bdc2016414e8ea4ed2d1e6f90c5/Detailed-spreadsheets.zip,2026-09-11T18:45:23.003333+00:00,cc0cb064579d49ea4d9361191ec3f3891edeba110261d883b9535c893ac05cb2,NSS22 detailed spreadsheets organisational results.xlsx,eff7320d9daad3ea4231f2625112a800ab0f0e9eead5bc3e12360898c21244d0,PEOPLE PROMISE ELEMENTS,261,AC261,AD261,2023-04-06 15:56:57,Available annual archive version; not claimed to be exact first-publication-day bytes
2022,2022,RYV,Cambridgeshire Community Services NHS Trust,Community Trusts,Community Trusts,5.443618347773083,1318,1,Occupation Group,https://www.nhsstaffsurveys.com/static/84994bdc2016414e8ea4ed2d1e6f90c5/Detailed-spreadsheets.zip,2026-09-11T18:45:23.003333+00:00,cc0cb064579d49ea4d9361191ec3f3891edeba110261d883b9535c893ac05cb2,NSS22 detailed spreadsheets organisational results.xlsx,eff7320d9daad3ea4231f2625112a800ab0f0e9eead5bc3e12360898c21244d0,PEOPLE PROMISE ELEMENTS,262,AC262,AD262,2023-04-06 15:56:57,Available annual archive version; not claimed to be exact first-publication-day bytes
2022,2022,RYW,Birmingham Community Healthcare NHS Foundation Trust,Community Trusts,Community Trusts,4.812276386355762,2211,1,Occupation Group,https://www.nhsstaffsurveys.com/static/84994bdc2016414e8ea4ed2d1e6f90c5/Detailed-spreadsheets.zip,2026-09-11T18:45:23.003333+00:00,cc0cb064579d49ea4d9361191ec3f3891edeba110261d883b9535c893ac05cb2,NSS22 detailed spreadsheets organisational results.xlsx,eff7320d9daad3ea4231f2625112a800ab0f0e9eead5bc3e12360898c21244d0,PEOPLE PROMISE ELEMENTS,263,AC263,AD263,2023-04-06 15:56:57,Available annual archive version; not claimed to be exact first-publication-day bytes
2022,2022,RYX,Central London Community Healthcare NHS Trust,Community Trusts,Community Trusts,5.2362923396511105,2323,1,Occupation Group,https://www.nhsstaffsurveys.com/static/84994bdc2016414e8ea4ed2d1e6f90c5/Detailed-spreadsheets.zip,2026-09-11T18:45:23.003333+00:00,cc0cb064579d49ea4d9361191ec3f3891edeba110261d883b9535c893ac05cb2,NSS22 detailed spreadsheets organisational results.xlsx,eff7320d9daad3ea4231f2625112a800ab0f0e9eead5bc3e12360898c21244d0,PEOPLE PROMISE ELEMENTS,264,AC264,AD264,2023-04-06 15:56:57,Available annual archive version; not claimed to be exact first-publication-day bytes
2022,2022,RYY,Kent Community Health NHS Foundation Trust,Community Trusts,Community Trusts,5.260901076050047,3056,1,Occupation Group,https://www.nhsstaffsurveys.com/static/84994bdc2016414e8ea4ed2d1e6f90c5/Detailed-spreadsheets.zip,2026-09-11T18:45:23.003333+00:00,cc0cb064579d49ea4d9361191ec3f3891edeba110261d883b9535c893ac05cb2,NSS22 detailed spreadsheets organisational results.xlsx,eff7320d9daad3ea4231f2625112a800ab0f0e9eead5bc3e12360898c21244d0,PEOPLE PROMISE ELEMENTS,265,AC265,AD265,2023-04-06 15:56:57,Available annual archive version; not claimed to be exact first-publication-day bytes
2022,2022,TAD,Bradford District Care NHS Foundation Trust,"MH&LD, MH, LD&Community Trusts","Mental Health & Learning Disability and Mental Health, Learning Disability & Community Trusts",5.185648406412143,1334,1,Occupation Group,https://www.nhsstaffsurveys.com/static/84994bdc2016414e8ea4ed2d1e6f90c5/Detailed-spreadsheets.zip,2026-09-11T18:45:23.003333+00:00,cc0cb064579d49ea4d9361191ec3f3891edeba110261d883b9535c893ac05cb2,NSS22 detailed spreadsheets organisational results.xlsx,eff7320d9daad3ea4231f2625112a800ab0f0e9eead5bc3e12360898c21244d0,PEOPLE PROMISE ELEMENTS,266,AC266,AD266,2023-04-06 15:56:57,Available annual archive version; not claimed to be exact first-publication-day bytes
2022,2022,TAF,Camden and Islington NHS Foundation Trust,"MH&LD, MH, LD&Community Trusts","Mental Health & Learning Disability and Mental Health, Learning Disability & Community Trusts",4.932582431740376,1021,1,Occupation Group,https://www.nhsstaffsurveys.com/static/84994bdc2016414e8ea4ed2d1e6f90c5/Detailed-spreadsheets.zip,2026-09-11T18:45:23.003333+00:00,cc0cb064579d49ea4d9361191ec3f3891edeba110261d883b9535c893ac05cb2,NSS22 detailed spreadsheets organisational results.xlsx,eff7320d9daad3ea4231f2625112a800ab0f0e9eead5bc3e12360898c21244d0,PEOPLE PROMISE ELEMENTS,267,AC267,AD267,2023-04-06 15:56:57,Available annual archive version; not claimed to be exact first-publication-day bytes
2022,2022,TAH,Sheffield Health and Social Care NHS Foundation Trust,"MH&LD, MH, LD&Community Trusts","Mental Health & Learning Disability and Mental Health, Learning Disability & Community Trusts",4.865162199776032,1238,1,Occupation Group,https://www.nhsstaffsurveys.com/static/84994bdc2016414e8ea4ed2d1e6f90c5/Detailed-spreadsheets.zip,2026-09-11T18:45:23.003333+00:00,cc0cb064579d49ea4d9361191ec3f3891edeba110261d883b9535c893ac05cb2,NSS22 detailed spreadsheets organisational results.xlsx,eff7320d9daad3ea4231f2625112a800ab0f0e9eead5bc3e12360898c21244d0,PEOPLE PROMISE ELEMENTS,268,AC268,AD268,2023-04-06 15:56:57,Available annual archive version; not claimed to be exact first-publication-day bytes
2022,2022,TAJ,Black Country Healthcare NHS Foundation Trust,"MH&LD, MH, LD&Community Trusts","Mental Health & Learning Disability and Mental Health, Learning Disability & Community Trusts",5.128115519467837,1655,1,Occupation Group,https://www.nhsstaffsurveys.com/static/84994bdc2016414e8ea4ed2d1e6f90c5/Detailed-spreadsheets.zip,2026-09-11T18:45:23.003333+00:00,cc0cb064579d49ea4d9361191ec3f3891edeba110261d883b9535c893ac05cb2,NSS22 detailed spreadsheets organisational results.xlsx,eff7320d9daad3ea4231f2625112a800ab0f0e9eead5bc3e12360898c21244d0,PEOPLE PROMISE ELEMENTS,269,AC269,AD269,2023-04-06 15:56:57,Available annual archive version; not claimed to be exact first-publication-day bytes
2023,2023,0AR,NHS North of England CSU,CSUs,CSUs,5.731797729829226,1397,0,Unweighted,https://www.nhsstaffsurveys.com/static/1db353afdd53058839c0f534ae2a05c3/NSS23-Detailed-spreadsheets.zip,2026-09-11T18:45:21.455412+00:00,91c2d44e62c12ca6e58a2ea0e8ebc12f32dd282b4c7d226c5112eff601a4b89a,NSS23 Detailed spreadsheets/NSS23 detailed spreadsheets organisational results.xlsx,23e8d2a91ee349c2a9a5b614a245341928a97fe00ac9e492064e31d9d5d14de1,PEOPLE PROMISE ELEMENTS,6,AC6,AD6,2024-05-30 14:47:21,Available annual archive version; not claimed to be exact first-publication-day bytes
2023,2023,0CX,NHS Midlands and Lancashire CSU,CSUs,CSUs,5.713306346304519,1094,0,Unweighted,https://www.nhsstaffsurveys.com/static/1db353afdd53058839c0f534ae2a05c3/NSS23-Detailed-spreadsheets.zip,2026-09-11T18:45:21.455412+00:00,91c2d44e62c12ca6e58a2ea0e8ebc12f32dd282b4c7d226c5112eff601a4b89a,NSS23 Detailed spreadsheets/NSS23 detailed spreadsheets organisational results.xlsx,23e8d2a91ee349c2a9a5b614a245341928a97fe00ac9e492064e31d9d5d14de1,PEOPLE PROMISE ELEMENTS,7,AC7,AD7,2024-05-30 14:47:21,Available annual archive version; not claimed to be exact first-publication-day bytes
2023,2023,0DE,NHS Arden and Greater East Midlands CSU,CSUs,CSUs,5.784124118961664,554,0,Unweighted,https://www.nhsstaffsurveys.com/static/1db353afdd53058839c0f534ae2a05c3/NSS23-Detailed-spreadsheets.zip,2026-09-11T18:45:21.455412+00:00,91c2d44e62c12ca6e58a2ea0e8ebc12f32dd282b4c7d226c5112eff601a4b89a,NSS23 Detailed spreadsheets/NSS23 detailed spreadsheets organisational results.xlsx,23e8d2a91ee349c2a9a5b614a245341928a97fe00ac9e492064e31d9d5d14de1,PEOPLE PROMISE ELEMENTS,8,AC8,AD8,2024-05-30 14:47:21,Available annual archive version; not claimed to be exact first-publication-day bytes
2023,2023,0DF,"NHS South, Central and West CSU",CSUs,CSUs,5.768113912231559,1275,0,Unweighted,https://www.nhsstaffsurveys.com/static/1db353afdd53058839c0f534ae2a05c3/NSS23-Detailed-spreadsheets.zip,2026-09-11T18:45:21.455412+00:00,91c2d44e62c12ca6e58a2ea0e8ebc12f32dd282b4c7d226c5112eff601a4b89a,NSS23 Detailed spreadsheets/NSS23 detailed spreadsheets organisational results.xlsx,23e8d2a91ee349c2a9a5b614a245341928a97fe00ac9e492064e31d9d5d14de1,PEOPLE PROMISE ELEMENTS,9,AC9,AD9,2024-05-30 14:47:21,Available annual archive version; not claimed to be exact first-publication-day bytes
2023,2023,NAX,East Coast Community Healthcare,Social Enterprises Community,Social Enterprises - Community,5.235061359809758,456,0,Occupation Group,https://www.nhsstaffsurveys.com/static/1db353afdd53058839c0f534ae2a05c3/NSS23-Detailed-spreadsheets.zip,2026-09-11T18:45:21.455412+00:00,91c2d44e62c12ca6e58a2ea0e8ebc12f32dd282b4c7d226c5112eff601a4b89a,NSS23 Detailed spreadsheets/NSS23 detailed spreadsheets organisational results.xlsx,23e8d2a91ee349c2a9a5b614a245341928a97fe00ac9e492064e31d9d5d14de1,PEOPLE PROMISE ELEMENTS,10,AC10,AD10,2024-05-30 14:47:21,Available annual archive version; not claimed to be exact first-publication-day bytes
2023,2023,NDJ,First Community Health and Care,Social Enterprises Community,Social Enterprises - Community,5.766694985125434,366,0,Occupation Group,https://www.nhsstaffsurveys.com/static/1db353afdd53058839c0f534ae2a05c3/NSS23-Detailed-spreadsheets.zip,2026-09-11T18:45:21.455412+00:00,91c2d44e62c12ca6e58a2ea0e8ebc12f32dd282b4c7d226c5112eff601a4b89a,NSS23 Detailed spreadsheets/NSS23 detailed spreadsheets organisational results.xlsx,23e8d2a91ee349c2a9a5b614a245341928a97fe00ac9e492064e31d9d5d14de1,PEOPLE PROMISE ELEMENTS,11,AC11,AD11,2024-05-30 14:47:21,Available annual archive version; not claimed to be exact first-publication-day bytes
2023,2023,NLX,Sirona Care & Health,Social Enterprises Community,Social Enterprises - Community,5.213801680538802,1928,0,Occupation Group,https://www.nhsstaffsurveys.com/static/1db353afdd53058839c0f534ae2a05c3/NSS23-Detailed-spreadsheets.zip,2026-09-11T18:45:21.455412+00:00,91c2d44e62c12ca6e58a2ea0e8ebc12f32dd282b4c7d226c5112eff601a4b89a,NSS23 Detailed spreadsheets/NSS23 detailed spreadsheets organisational results.xlsx,23e8d2a91ee349c2a9a5b614a245341928a97fe00ac9e492064e31d9d5d14de1,PEOPLE PROMISE ELEMENTS,12,AC12,AD12,2024-05-30 14:47:21,Available annual archive version; not claimed to be exact first-publication-day bytes
2023,2023,NQ7,Medway Community Healthcare,Social Enterprises Community,Social Enterprises - Community,5.0566014322785096,686,0,Occupation Group,https://www.nhsstaffsurveys.com/static/1db353afdd53058839c0f534ae2a05c3/NSS23-Detailed-spreadsheets.zip,2026-09-11T18:45:21.455412+00:00,91c2d44e62c12ca6e58a2ea0e8ebc12f32dd282b4c7d226c5112eff601a4b89a,NSS23 Detailed spreadsheets/NSS23 detailed spreadsheets organisational results.xlsx,23e8d2a91ee349c2a9a5b614a245341928a97fe00ac9e492064e31d9d5d14de1,PEOPLE PROMISE ELEMENTS,13,AC13,AD13,2024-05-30 14:47:21,Available annual archive version; not claimed to be exact first-publication-day bytes
2023,2023,NQL,NAViGO Health and Social Care CIC,Social Enterprises MH,Social Enterprises - Mental Health,5.716024705678399,380,0,Occupation Group,https://www.nhsstaffsurveys.com/static/1db353afdd53058839c0f534ae2a05c3/NSS23-Detailed-spreadsheets.zip,2026-09-11T18:45:21.455412+00:00,91c2d44e62c12ca6e58a2ea0e8ebc12f32dd282b4c7d226c5112eff601a4b89a,NSS23 Detailed spreadsheets/NSS23 detailed spreadsheets organisational results.xlsx,23e8d2a91ee349c2a9a5b614a245341928a97fe00ac9e492064e31d9d5d14de1,PEOPLE PROMISE ELEMENTS,14,AC14,AD14,2024-05-30 14:47:21,Available annual archive version; not claimed to be exact first-publication-day bytes
2023,2023,NQV,Bromley Healthcare CIC,Social Enterprises Community,Social Enterprises - Community,5.260057307525781,737,0,Occupation Group,https://www.nhsstaffsurveys.com/static/1db353afdd53058839c0f534ae2a05c3/NSS23-Detailed-spreadsheets.zip,2026-09-11T18:45:21.455412+00:00,91c2d44e62c12ca6e58a2ea0e8ebc12f32dd282b4c7d226c5112eff601a4b89a,NSS23 Detailed spreadsheets/NSS23 detailed spreadsheets organisational results.xlsx,23e8d2a91ee349c2a9a5b614a245341928a97fe00ac9e492064e31d9d5d14de1,PEOPLE PROMISE ELEMENTS,15,AC15,AD15,2024-05-30 14:47:21,Available annual archive version; not claimed to be exact first-publication-day bytes
2023,2023,NR3,Nottingham CityCare Partnership,Social Enterprises Community,Social Enterprises - Community,5.518133705503369,666,0,Occupation Group,https://www.nhsstaffsurveys.com/static/1db353afdd53058839c0f534ae2a05c3/NSS23-Detailed-spreadsheets.zip,2026-09-11T18:45:21.455412+00:00,91c2d44e62c12ca6e58a2ea0e8ebc12f32dd282b4c7d226c5112eff601a4b89a,NSS23 Detailed spreadsheets/NSS23 detailed spreadsheets organisational results.xlsx,23e8d2a91ee349c2a9a5b614a245341928a97fe00ac9e492064e31d9d5d14de1,PEOPLE PROMISE ELEMENTS,16,AC16,AD16,2024-05-30 14:47:21,Available annual archive version; not claimed to be exact first-publication-day bytes
2023,2023,NR5,Livewell Southwest,Social Enterprises Community,Social Enterprises - Community,5.159739697031322,1309,0,Occupation Group,https://www.nhsstaffsurveys.com/static/1db353afdd53058839c0f534ae2a05c3/NSS23-Detailed-spreadsheets.zip,2026-09-11T18:45:21.455412+00:00,91c2d44e62c12ca6e58a2ea0e8ebc12f32dd282b4c7d226c5112eff601a4b89a,NSS23 Detailed spreadsheets/NSS23 detailed spreadsheets organisational results.xlsx,23e8d2a91ee349c2a9a5b614a245341928a97fe00ac9e492064e31d9d5d14de1,PEOPLE PROMISE ELEMENTS,17,AC17,AD17,2024-05-30 14:47:21,Available annual archive version; not claimed to be exact first-publication-day bytes
2023,2023,NTV,CSH Surrey,Social Enterprises Community,Social Enterprises - Community,5.2453327596674715,636,0,Occupation Group,https://www.nhsstaffsurveys.com/static/1db353afdd53058839c0f534ae2a05c3/NSS23-Detailed-spreadsheets.zip,2026-09-11T18:45:21.455412+00:00,91c2d44e62c12ca6e58a2ea0e8ebc12f32dd282b4c7d226c5112eff601a4b89a,NSS23 Detailed spreadsheets/NSS23 detailed spreadsheets organisational results.xlsx,23e8d2a91ee349c2a9a5b614a245341928a97fe00ac9e492064e31d9d5d14de1,PEOPLE PROMISE ELEMENTS,18,AC18,AD18,2024-05-30 14:47:21,Available annual archive version; not claimed to be exact first-publication-day bytes
2023,2023,NXP,Independent Health Group,Community Surgical Services,Community Surgical Services,7.2577996715927755,58,0,Unweighted,https://www.nhsstaffsurveys.com/static/1db353afdd53058839c0f534ae2a05c3/NSS23-Detailed-spreadsheets.zip,2026-09-11T18:45:21.455412+00:00,91c2d44e62c12ca6e58a2ea0e8ebc12f32dd282b4c7d226c5112eff601a4b89a,NSS23 Detailed spreadsheets/NSS23 detailed spreadsheets organisational results.xlsx,23e8d2a91ee349c2a9a5b614a245341928a97fe00ac9e492064e31d9d5d14de1,PEOPLE PROMISE ELEMENTS,19,AC19,AD19,2024-05-30 14:47:21,Available annual archive version; not claimed to be exact first-publication-day bytes
2023,2023,QE1,NHS Lancashire and South Cumbria ICB,ICBs,ICBs,5.0667100553205335,439,0,Unweighted,https://www.nhsstaffsurveys.com/static/1db353afdd53058839c0f534ae2a05c3/NSS23-Detailed-spreadsheets.zip,2026-09-11T18:45:21.455412+00:00,91c2d44e62c12ca6e58a2ea0e8ebc12f32dd282b4c7d226c5112eff601a4b89a,NSS23 Detailed spreadsheets/NSS23 detailed spreadsheets organisational results.xlsx,23e8d2a91ee349c2a9a5b614a245341928a97fe00ac9e492064e31d9d5d14de1,PEOPLE PROMISE ELEMENTS,20,AC20,AD20,2024-05-30 14:47:21,Available annual archive version; not claimed to be exact first-publication-day bytes
2023,2023,QF7,NHS South Yorkshire ICB,ICBs,ICBs,5.131727867203219,568,0,Unweighted,https://www.nhsstaffsurveys.com/static/1db353afdd53058839c0f534ae2a05c3/NSS23-Detailed-spreadsheets.zip,2026-09-11T18:45:21.455412+00:00,91c2d44e62c12ca6e58a2ea0e8ebc12f32dd282b4c7d226c5112eff601a4b89a,NSS23 Detailed spreadsheets/NSS23 detailed spreadsheets organisational results.xlsx,23e8d2a91ee349c2a9a5b614a245341928a97fe00ac9e492064e31d9d5d14de1,PEOPLE PROMISE ELEMENTS,21,AC21,AD21,2024-05-30 14:47:21,Available annual archive version; not claimed to be exact first-publication-day bytes
2023,2023,QGH,NHS Herefordshire and Worcestershire ICB,ICBs,ICBs,5.379970984809694,279,0,Unweighted,https://www.nhsstaffsurveys.com/static/1db353afdd53058839c0f534ae2a05c3/NSS23-Detailed-spreadsheets.zip,2026-09-11T18:45:21.455412+00:00,91c2d44e62c12ca6e58a2ea0e8ebc12f32dd282b4c7d226c5112eff601a4b89a,NSS23 Detailed spreadsheets/NSS23 detailed spreadsheets organisational results.xlsx,23e8d2a91ee349c2a9a5b614a245341928a97fe00ac9e492064e31d9d5d14de1,PEOPLE PROMISE ELEMENTS,22,AC22,AD22,2024-05-30 14:47:21,Available annual archive version; not claimed to be exact first-publication-day bytes
2023,2023,QH8,NHS Mid and South Essex ICB,ICBs,ICBs,4.858429858429858,296,0,Unweighted,https://www.nhsstaffsurveys.com/static/1db353afdd53058839c0f534ae2a05c3/NSS23-Detailed-spreadsheets.zip,2026-09-11T18:45:21.455412+00:00,91c2d44e62c12ca6e58a2ea0e8ebc12f32dd282b4c7d226c5112eff601a4b89a,NSS23 Detailed spreadsheets/NSS23 detailed spreadsheets organisational results.xlsx,23e8d2a91ee349c2a9a5b614a245341928a97fe00ac9e492064e31d9d5d14de1,PEOPLE PROMISE ELEMENTS,23,AC23,AD23,2024-05-30 14:47:21,Available annual archive version; not claimed to be exact first-publication-day bytes
2023,2023,QHG,"NHS Bedfordshire, Luton and Milton Keynes ICB",ICBs,ICBs,5.273602843915344,288,0,Unweighted,https://www.nhsstaffsurveys.com/static/1db353afdd53058839c0f534ae2a05c3/NSS23-Detailed-spreadsheets.zip,2026-09-11T18:45:21.455412+00:00,91c2d44e62c12ca6e58a2ea0e8ebc12f32dd282b4c7d226c5112eff601a4b89a,NSS23 Detailed spreadsheets/NSS23 detailed spreadsheets organisational results.xlsx,23e8d2a91ee349c2a9a5b614a245341928a97fe00ac9e492064e31d9d5d14de1,PEOPLE PROMISE ELEMENTS,24,AC24,AD24,2024-05-30 14:47:21,Available annual archive version; not claimed to be exact first-publication-day bytes
2023,2023,QHL,NHS Birmingham and Solihull ICB,ICBs,ICBs,5.162687716596072,371,0,Unweighted,https://www.nhsstaffsurveys.com/static/1db353afdd53058839c0f534ae2a05c3/NSS23-Detailed-spreadsheets.zip,2026-09-11T18:45:21.455412+00:00,91c2d44e62c12ca6e58a2ea0e8ebc12f32dd282b4c7d226c5112eff601a4b89a,NSS23 Detailed spreadsheets/NSS23 detailed spreadsheets organisational results.xlsx,23e8d2a91ee349c2a9a5b614a245341928a97fe00ac9e492064e31d9d5d14de1,PEOPLE PROMISE ELEMENTS,25,AC25,AD25,2024-05-30 14:47:21,Available annual archive version; not claimed to be exact first-publication-day bytes
2023,2023,QHM,NHS North East and North Cumbria ICB,ICBs,ICBs,5.396603954081633,448,0,Unweighted,https://www.nhsstaffsurveys.com/static/1db353afdd53058839c0f534ae2a05c3/NSS23-Detailed-spreadsheets.zip,2026-09-11T18:45:21.455412+00:00,91c2d44e62c12ca6e58a2ea0e8ebc12f32dd282b4c7d226c5112eff601a4b89a,NSS23 Detailed spreadsheets/NSS23 detailed spreadsheets organisational results.xlsx,23e8d2a91ee349c2a9a5b614a245341928a97fe00ac9e492064e31d9d5d14de1,PEOPLE PROMISE ELEMENTS,26,AC26,AD26,2024-05-30 14:47:21,Available annual archive version; not claimed to be exact first-publication-day bytes
2023,2023,QJ2,NHS Derby and Derbyshire ICB,ICBs,ICBs,5.574229691876751,425,0,Unweighted,https://www.nhsstaffsurveys.com/static/1db353afdd53058839c0f534ae2a05c3/NSS23-Detailed-spreadsheets.zip,2026-09-11T18:45:21.455412+00:00,91c2d44e62c12ca6e58a2ea0e8ebc12f32dd282b4c7d226c5112eff601a4b89a,NSS23 Detailed spreadsheets/NSS23 detailed spreadsheets organisational results.xlsx,23e8d2a91ee349c2a9a5b614a245341928a97fe00ac9e492064e31d9d5d14de1,PEOPLE PROMISE ELEMENTS,27,AC27,AD27,2024-05-30 14:47:21,Available annual archive version; not claimed to be exact first-publication-day bytes
2023,2023,QJG,NHS Suffolk and North East Essex ICB,ICBs,ICBs,5.716067864271458,334,0,Unweighted,https://www.nhsstaffsurveys.com/static/1db353afdd53058839c0f534ae2a05c3/NSS23-Detailed-spreadsheets.zip,2026-09-11T18:45:21.455412+00:00,91c2d44e62c12ca6e58a2ea0e8ebc12f32dd282b4c7d226c5112eff601a4b89a,NSS23 Detailed spreadsheets/NSS23 detailed spreadsheets organisational results.xlsx,23e8d2a91ee349c2a9a5b614a245341928a97fe00ac9e492064e31d9d5d14de1,PEOPLE PROMISE ELEMENTS,28,AC28,AD28,2024-05-30 14:47:21,Available annual archive version; not claimed to be exact first-publication-day bytes
2023,2023,QJK,NHS Devon ICB,ICBs,ICBs,5.08470695970696,416,0,Unweighted,https://www.nhsstaffsurveys.com/static/1db353afdd53058839c0f534ae2a05c3/NSS23-Detailed-spreadsheets.zip,2026-09-11T18:45:21.455412+00:00,91c2d44e62c12ca6e58a2ea0e8ebc12f32dd282b4c7d226c5112eff601a4b89a,NSS23 Detailed spreadsheets/NSS23 detailed spreadsheets organisational results.xlsx,23e8d2a91ee349c2a9a5b614a245341928a97fe00ac9e492064e31d9d5d14de1,PEOPLE PROMISE ELEMENTS,29,AC29,AD29,2024-05-30 14:47:21,Available annual archive version; not claimed to be exact first-publication-day bytes
2023,2023,QJM,NHS Lincolnshire ICB,ICBs,ICBs,5.376092384519351,267,0,Unweighted,https://www.nhsstaffsurveys.com/static/1db353afdd53058839c0f534ae2a05c3/NSS23-Detailed-spreadsheets.zip,2026-09-11T18:45:21.455412+00:00,91c2d44e62c12ca6e58a2ea0e8ebc12f32dd282b4c7d226c5112eff601a4b89a,NSS23 Detailed spreadsheets/NSS23 detailed spreadsheets organisational results.xlsx,23e8d2a91ee349c2a9a5b614a245341928a97fe00ac9e492064e31d9d5d14de1,PEOPLE PROMISE ELEMENTS,30,AC30,AD30,2024-05-30 14:47:21,Available annual archive version; not claimed to be exact first-publication-day bytes
2023,2023,QK1,"NHS Leicester, Leicestershire and Rutland ICB",ICBs,ICBs,5.461941533370105,259,0,Unweighted,https://www.nhsstaffsurveys.com/static/1db353afdd53058839c0f534ae2a05c3/NSS23-Detailed-spreadsheets.zip,2026-09-11T18:45:21.455412+00:00,91c2d44e62c12ca6e58a2ea0e8ebc12f32dd282b4c7d226c5112eff601a4b89a,NSS23 Detailed spreadsheets/NSS23 detailed spreadsheets organisational results.xlsx,23e8d2a91ee349c2a9a5b614a245341928a97fe00ac9e492064e31d9d5d14de1,PEOPLE PROMISE ELEMENTS,31,AC31,AD31,2024-05-30 14:47:21,Available annual archive version; not claimed to be exact first-publication-day bytes
2023,2023,QKK,NHS South East London ICB,ICBs,ICBs,5.1883345930964975,378,0,Unweighted,https://www.nhsstaffsurveys.com/static/1db353afdd53058839c0f534ae2a05c3/NSS23-Detailed-spreadsheets.zip,2026-09-11T18:45:21.455412+00:00,91c2d44e62c12ca6e58a2ea0e8ebc12f32dd282b4c7d226c5112eff601a4b89a,NSS23 Detailed spreadsheets/NSS23 detailed spreadsheets organisational results.xlsx,23e8d2a91ee349c2a9a5b614a245341928a97fe00ac9e492064e31d9d5d14de1,PEOPLE PROMISE ELEMENTS,32,AC32,AD32,2024-05-30 14:47:21,Available annual archive version; not claimed to be exact first-publication-day bytes
2023,2023,QKS,NHS Kent and Medway ICB,ICBs,ICBs,5.13994080264647,547,0,Unweighted,https://www.nhsstaffsurveys.com/static/1db353afdd53058839c0f534ae2a05c3/NSS23-Detailed-spreadsheets.zip,2026-09-11T18:45:21.455412+00:00,91c2d44e62c12ca6e58a2ea0e8ebc12f32dd282b4c7d226c5112eff601a4b89a,NSS23 Detailed spreadsheets/NSS23 detailed spreadsheets organisational results.xlsx,23e8d2a91ee349c2a9a5b614a245341928a97fe00ac9e492064e31d9d5d14de1,PEOPLE PROMISE ELEMENTS,33,AC33,AD33,2024-05-30 14:47:21,Available annual archive version; not claimed to be exact first-publication-day bytes
2023,2023,QM7,NHS Hertfordshire and West Essex ICB,ICBs,ICBs,5.530510018214936,549,0,Unweighted,https://www.nhsstaffsurveys.com/static/1db353afdd53058839c0f534ae2a05c3/NSS23-Detailed-spreadsheets.zip,2026-09-11T18:45:21.455412+00:00,91c2d44e62c12ca6e58a2ea0e8ebc12f32dd282b4c7d226c5112eff601a4b89a,NSS23 Detailed spreadsheets/NSS23 detailed spreadsheets organisational results.xlsx,23e8d2a91ee349c2a9a5b614a245341928a97fe00ac9e492064e31d9d5d14de1,PEOPLE PROMISE ELEMENTS,34,AC34,AD34,2024-05-30 14:47:21,Available annual archive version; not claimed to be exact first-publication-day bytes
2023,2023,QMF,NHS North East London ICB,ICBs,ICBs,4.856381506090809,516,0,Unweighted,https://www.nhsstaffsurveys.com/static/1db353afdd53058839c0f534ae2a05c3/NSS23-Detailed-spreadsheets.zip,2026-09-11T18:45:21.455412+00:00,91c2d44e62c12ca6e58a2ea0e8ebc12f32dd282b4c7d226c5112eff601a4b89a,NSS23 Detailed spreadsheets/NSS23 detailed spreadsheets organisational results.xlsx,23e8d2a91ee349c2a9a5b614a245341928a97fe00ac9e492064e31d9d5d14de1,PEOPLE PROMISE ELEMENTS,35,AC35,AD35,2024-05-30 14:47:21,Available annual archive version; not claimed to be exact first-publication-day bytes
2023,2023,QMJ,NHS North Central London ICB,ICBs,ICBs,5.068092789815155,389,0,Unweighted,https://www.nhsstaffsurveys.com/static/1db353afdd53058839c0f534ae2a05c3/NSS23-Detailed-spreadsheets.zip,2026-09-11T18:45:21.455412+00:00,91c2d44e62c12ca6e58a2ea0e8ebc12f32dd282b4c7d226c5112eff601a4b89a,NSS23 Detailed spreadsheets/NSS23 detailed spreadsheets organisational results.xlsx,23e8d2a91ee349c2a9a5b614a245341928a97fe00ac9e492064e31d9d5d14de1,PEOPLE PROMISE ELEMENTS,36,AC36,AD36,2024-05-30 14:47:21,Available annual archive version; not claimed to be exact first-publication-day bytes
2023,2023,QMM,NHS Norfolk and Waveney ICB,ICBs,ICBs,5.119291070211316,489,0,Unweighted,https://www.nhsstaffsurveys.com/static/1db353afdd53058839c0f534ae2a05c3/NSS23-Detailed-spreadsheets.zip,2026-09-11T18:45:21.455412+00:00,91c2d44e62c12ca6e58a2ea0e8ebc12f32dd282b4c7d226c5112eff601a4b89a,NSS23 Detailed spreadsheets/NSS23 detailed spreadsheets organisational results.xlsx,23e8d2a91ee349c2a9a5b614a245341928a97fe00ac9e492064e31d9d5d14de1,PEOPLE PROMISE ELEMENTS,37,AC37,AD37,2024-05-30 14:47:21,Available annual archive version; not claimed to be exact first-publication-day bytes
2023,2023,QNC,NHS Staffordshire and Stoke-on-Trent ICB,ICBs,ICBs,5.4072096128170895,214,0,Unweighted,https://www.nhsstaffsurveys.com/static/1db353afdd53058839c0f534ae2a05c3/NSS23-Detailed-spreadsheets.zip,2026-09-11T18:45:21.455412+00:00,91c2d44e62c12ca6e58a2ea0e8ebc12f32dd282b4c7d226c5112eff601a4b89a,NSS23 Detailed spreadsheets/NSS23 detailed spreadsheets organisational results.xlsx,23e8d2a91ee349c2a9a5b614a245341928a97fe00ac9e492064e31d9d5d14de1,PEOPLE PROMISE ELEMENTS,38,AC38,AD38,2024-05-30 14:47:21,Available annual archive version; not claimed to be exact first-publication-day bytes
2023,2023,QNQ,NHS Frimley ICB,ICBs,ICBs,5.242794486215539,228,0,Unweighted,https://www.nhsstaffsurveys.com/static/1db353afdd53058839c0f534ae2a05c3/NSS23-Detailed-spreadsheets.zip,2026-09-11T18:45:21.455412+00:00,91c2d44e62c12ca6e58a2ea0e8ebc12f32dd282b4c7d226c5112eff601a4b89a,NSS23 Detailed spreadsheets/NSS23 detailed spreadsheets organisational results.xlsx,23e8d2a91ee349c2a9a5b614a245341928a97fe00ac9e492064e31d9d5d14de1,PEOPLE PROMISE ELEMENTS,39,AC39,AD39,2024-05-30 14:47:21,Available annual archive version; not claimed to be exact first-publication-day bytes
2023,2023,QNX,NHS Sussex ICB,ICBs,ICBs,5.277059077188443,773,0,Unweighted,https://www.nhsstaffsurveys.com/static/1db353afdd53058839c0f534ae2a05c3/NSS23-Detailed-spreadsheets.zip,2026-09-11T18:45:21.455412+00:00,91c2d44e62c12ca6e58a2ea0e8ebc12f32dd282b4c7d226c5112eff601a4b89a,NSS23 Detailed spreadsheets/NSS23 detailed spreadsheets organisational results.xlsx,23e8d2a91ee349c2a9a5b614a245341928a97fe00ac9e492064e31d9d5d14de1,PEOPLE PROMISE ELEMENTS,40,AC40,AD40,2024-05-30 14:47:21,Available annual archive version; not claimed to be exact first-publication-day bytes
2023,2023,QOC,"NHS Shropshire, Telford and Wrekin ICB",ICBs,ICBs,4.734713203463204,176,0,Unweighted,https://www.nhsstaffsurveys.com/static/1db353afdd53058839c0f534ae2a05c3/NSS23-Detailed-spreadsheets.zip,2026-09-11T18:45:21.455412+00:00,91c2d44e62c12ca6e58a2ea0e8ebc12f32dd282b4c7d226c5112eff601a4b89a,NSS23 Detailed spreadsheets/NSS23 detailed spreadsheets organisational results.xlsx,23e8d2a91ee349c2a9a5b614a245341928a97fe00ac9e492064e31d9d5d14de1,PEOPLE PROMISE ELEMENTS,41,AC41,AD41,2024-05-30 14:47:21,Available annual archive version; not claimed to be exact first-publication-day bytes
2023,2023,QOP,NHS Greater Manchester ICB,ICBs,ICBs,5.192396313364055,1085,0,Unweighted,https://www.nhsstaffsurveys.com/static/1db353afdd53058839c0f534ae2a05c3/NSS23-Detailed-spreadsheets.zip,2026-09-11T18:45:21.455412+00:00,91c2d44e62c12ca6e58a2ea0e8ebc12f32dd282b4c7d226c5112eff601a4b89a,NSS23 Detailed spreadsheets/NSS23 detailed spreadsheets organisational results.xlsx,23e8d2a91ee349c2a9a5b614a245341928a97fe00ac9e492064e31d9d5d14de1,PEOPLE PROMISE ELEMENTS,42,AC42,AD42,2024-05-30 14:47:21,Available annual archive version; not claimed to be exact first-publication-day bytes
2023,2023,QOX,"NHS Bath and North East Somerset, Swindon and Wiltshire ICB",ICBs,ICBs,5.338160469667319,365,0,Unweighted,https://www.nhsstaffsurveys.com/static/1db353afdd53058839c0f534ae2a05c3/NSS23-Detailed-spreadsheets.zip,2026-09-11T18:45:21.455412+00:00,91c2d44e62c12ca6e58a2ea0e8ebc12f32dd282b4c7d226c5112eff601a4b89a,NSS23 Detailed spreadsheets/NSS23 detailed spreadsheets organisational results.xlsx,23e8d2a91ee349c2a9a5b614a245341928a97fe00ac9e492064e31d9d5d14de1,PEOPLE PROMISE ELEMENTS,43,AC43,AD43,2024-05-30 14:47:21,Available annual archive version; not claimed to be exact first-publication-day bytes
2023,2023,QPM,NHS Northamptonshire ICB,ICBs,ICBs,5.706695429849792,149,0,Unweighted,https://www.nhsstaffsurveys.com/static/1db353afdd53058839c0f534ae2a05c3/NSS23-Detailed-spreadsheets.zip,2026-09-11T18:45:21.455412+00:00,91c2d44e62c12ca6e58a2ea0e8ebc12f32dd282b4c7d226c5112eff601a4b89a,NSS23 Detailed spreadsheets/NSS23 detailed spreadsheets organisational results.xlsx,23e8d2a91ee349c2a9a5b614a245341928a97fe00ac9e492064e31d9d5d14de1,PEOPLE PROMISE ELEMENTS,44,AC44,AD44,2024-05-30 14:47:21,Available annual archive version; not claimed to be exact first-publication-day bytes
2023,2023,QR1,NHS Gloucestershire ICB,ICBs,ICBs,5.664013405948889,341,0,Unweighted,https://www.nhsstaffsurveys.com/static/1db353afdd53058839c0f534ae2a05c3/NSS23-Detailed-spreadsheets.zip,2026-09-11T18:45:21.455412+00:00,91c2d44e62c12ca6e58a2ea0e8ebc12f32dd282b4c7d226c5112eff601a4b89a,NSS23 Detailed spreadsheets/NSS23 detailed spreadsheets organisational results.xlsx,23e8d2a91ee349c2a9a5b614a245341928a97fe00ac9e492064e31d9d5d14de1,PEOPLE PROMISE ELEMENTS,45,AC45,AD45,2024-05-30 14:47:21,Available annual archive version; not claimed to be exact first-publication-day bytes
2023,2023,QRL,NHS Hampshire and Isle of Wight ICB,ICBs,ICBs,5.068800247371676,616,0,Unweighted,https://www.nhsstaffsurveys.com/static/1db353afdd53058839c0f534ae2a05c3/NSS23-Detailed-spreadsheets.zip,2026-09-11T18:45:21.455412+00:00,91c2d44e62c12ca6e58a2ea0e8ebc12f32dd282b4c7d226c5112eff601a4b89a,NSS23 Detailed spreadsheets/NSS23 detailed spreadsheets organisational results.xlsx,23e8d2a91ee349c2a9a5b614a245341928a97fe00ac9e492064e31d9d5d14de1,PEOPLE PROMISE ELEMENTS,46,AC46,AD46,2024-05-30 14:47:21,Available annual archive version; not claimed to be exact first-publication-day bytes
2023,2023,QRV,NHS North West London ICB,ICBs,ICBs,5.226390556222489,595,0,Unweighted,https://www.nhsstaffsurveys.com/static/1db353afdd53058839c0f534ae2a05c3/NSS23-Detailed-spreadsheets.zip,2026-09-11T18:45:21.455412+00:00,91c2d44e62c12ca6e58a2ea0e8ebc12f32dd282b4c7d226c5112eff601a4b89a,NSS23 Detailed spreadsheets/NSS23 detailed spreadsheets organisational results.xlsx,23e8d2a91ee349c2a9a5b614a245341928a97fe00ac9e492064e31d9d5d14de1,PEOPLE PROMISE ELEMENTS,47,AC47,AD47,2024-05-30 14:47:21,Available annual archive version; not claimed to be exact first-publication-day bytes
2023,2023,QSL,NHS Somerset ICB,ICBs,ICBs,5.3329180509413066,258,0,Unweighted,https://www.nhsstaffsurveys.com/static/1db353afdd53058839c0f534ae2a05c3/NSS23-Detailed-spreadsheets.zip,2026-09-11T18:45:21.455412+00:00,91c2d44e62c12ca6e58a2ea0e8ebc12f32dd282b4c7d226c5112eff601a4b89a,NSS23 Detailed spreadsheets/NSS23 detailed spreadsheets organisational results.xlsx,23e8d2a91ee349c2a9a5b614a245341928a97fe00ac9e492064e31d9d5d14de1,PEOPLE PROMISE ELEMENTS,48,AC48,AD48,2024-05-30 14:47:21,Available annual archive version; not claimed to be exact first-publication-day bytes
2023,2023,QT1,NHS Nottingham and Nottinghamshire ICB,ICBs,ICBs,5.490966878554701,427,0,Unweighted,https://www.nhsstaffsurveys.com/static/1db353afdd53058839c0f534ae2a05c3/NSS23-Detailed-spreadsheets.zip,2026-09-11T18:45:21.455412+00:00,91c2d44e62c12ca6e58a2ea0e8ebc12f32dd282b4c7d226c5112eff601a4b89a,NSS23 Detailed spreadsheets/NSS23 detailed spreadsheets organisational results.xlsx,23e8d2a91ee349c2a9a5b614a245341928a97fe00ac9e492064e31d9d5d14de1,PEOPLE PROMISE ELEMENTS,49,AC49,AD49,2024-05-30 14:47:21,Available annual archive version; not claimed to be exact first-publication-day bytes
2023,2023,QT6,NHS Cornwall and the Isles of Scilly ICB,ICBs,ICBs,4.98181216931217,216,0,Unweighted,https://www.nhsstaffsurveys.com/static/1db353afdd53058839c0f534ae2a05c3/NSS23-Detailed-spreadsheets.zip,2026-09-11T18:45:21.455412+00:00,91c2d44e62c12ca6e58a2ea0e8ebc12f32dd282b4c7d226c5112eff601a4b89a,NSS23 Detailed spreadsheets/NSS23 detailed spreadsheets organisational results.xlsx,23e8d2a91ee349c2a9a5b614a245341928a97fe00ac9e492064e31d9d5d14de1,PEOPLE PROMISE ELEMENTS,50,AC50,AD50,2024-05-30 14:47:21,Available annual archive version; not claimed to be exact first-publication-day bytes
2023,2023,QU9,"NHS Buckinghamshire, Oxfordshire and Berkshire West ICB",ICBs,ICBs,5.233257613999664,283,0,Unweighted,https://www.nhsstaffsurveys.com/static/1db353afdd53058839c0f534ae2a05c3/NSS23-Detailed-spreadsheets.zip,2026-09-11T18:45:21.455412+00:00,91c2d44e62c12ca6e58a2ea0e8ebc12f32dd282b4c7d226c5112eff601a4b89a,NSS23 Detailed spreadsheets/NSS23 detailed spreadsheets organisational results.xlsx,23e8d2a91ee349c2a9a5b614a245341928a97fe00ac9e492064e31d9d5d14de1,PEOPLE PROMISE ELEMENTS,51,AC51,AD51,2024-05-30 14:47:21,Available annual archive version; not claimed to be exact first-publication-day bytes
2023,2023,QUA,NHS Black Country ICB,ICBs,ICBs,5.688142502658631,403,0,Unweighted,https://www.nhsstaffsurveys.com/static/1db353afdd53058839c0f534ae2a05c3/NSS23-Detailed-spreadsheets.zip,2026-09-11T18:45:21.455412+00:00,91c2d44e62c12ca6e58a2ea0e8ebc12f32dd282b4c7d226c5112eff601a4b89a,NSS23 Detailed spreadsheets/NSS23 detailed spreadsheets organisational results.xlsx,23e8d2a91ee349c2a9a5b614a245341928a97fe00ac9e492064e31d9d5d14de1,PEOPLE PROMISE ELEMENTS,52,AC52,AD52,2024-05-30 14:47:21,Available annual archive version; not claimed to be exact first-publication-day bytes
2023,2023,QUE,NHS Cambridgeshire and Peterborough ICB,ICBs,ICBs,5.206637403564778,358,0,Unweighted,https://www.nhsstaffsurveys.com/static/1db353afdd53058839c0f534ae2a05c3/NSS23-Detailed-spreadsheets.zip,2026-09-11T18:45:21.455412+00:00,91c2d44e62c12ca6e58a2ea0e8ebc12f32dd282b4c7d226c5112eff601a4b89a,NSS23 Detailed spreadsheets/NSS23 detailed spreadsheets organisational results.xlsx,23e8d2a91ee349c2a9a5b614a245341928a97fe00ac9e492064e31d9d5d14de1,PEOPLE PROMISE ELEMENTS,53,AC53,AD53,2024-05-30 14:47:21,Available annual archive version; not claimed to be exact first-publication-day bytes
2023,2023,QUY,"NHS Bristol, North Somerset and South Gloucestershire ICB",ICBs,ICBs,5.316476452840089,363,0,Unweighted,https://www.nhsstaffsurveys.com/static/1db353afdd53058839c0f534ae2a05c3/NSS23-Detailed-spreadsheets.zip,2026-09-11T18:45:21.455412+00:00,91c2d44e62c12ca6e58a2ea0e8ebc12f32dd282b4c7d226c5112eff601a4b89a,NSS23 Detailed spreadsheets/NSS23 detailed spreadsheets organisational results.xlsx,23e8d2a91ee349c2a9a5b614a245341928a97fe00ac9e492064e31d9d5d14de1,PEOPLE PROMISE ELEMENTS,54,AC54,AD54,2024-05-30 14:47:21,Available annual archive version; not claimed to be exact first-publication-day bytes
2023,2023,QVV,NHS Dorset ICB,ICBs,ICBs,5.660043393856344,417,0,Unweighted,https://www.nhsstaffsurveys.com/static/1db353afdd53058839c0f534ae2a05c3/NSS23-Detailed-spreadsheets.zip,2026-09-11T18:45:21.455412+00:00,91c2d44e62c12ca6e58a2ea0e8ebc12f32dd282b4c7d226c5112eff601a4b89a,NSS23 Detailed spreadsheets/NSS23 detailed spreadsheets organisational results.xlsx,23e8d2a91ee349c2a9a5b614a245341928a97fe00ac9e492064e31d9d5d14de1,PEOPLE PROMISE ELEMENTS,55,AC55,AD55,2024-05-30 14:47:21,Available annual archive version; not claimed to be exact first-publication-day bytes
2023,2023,QWE,NHS South West London ICB,ICBs,ICBs,5.295414462081129,405,0,Unweighted,https://www.nhsstaffsurveys.com/static/1db353afdd53058839c0f534ae2a05c3/NSS23-Detailed-spreadsheets.zip,2026-09-11T18:45:21.455412+00:00,91c2d44e62c12ca6e58a2ea0e8ebc12f32dd282b4c7d226c5112eff601a4b89a,NSS23 Detailed spreadsheets/NSS23 detailed spreadsheets organisational results.xlsx,23e8d2a91ee349c2a9a5b614a245341928a97fe00ac9e492064e31d9d5d14de1,PEOPLE PROMISE ELEMENTS,56,AC56,AD56,2024-05-30 14:47:21,Available annual archive version; not claimed to be exact first-publication-day bytes
2023,2023,QWO,NHS West Yorkshire ICB,ICBs,ICBs,5.316790352504638,770,0,Unweighted,https://www.nhsstaffsurveys.com/static/1db353afdd53058839c0f534ae2a05c3/NSS23-Detailed-spreadsheets.zip,2026-09-11T18:45:21.455412+00:00,91c2d44e62c12ca6e58a2ea0e8ebc12f32dd282b4c7d226c5112eff601a4b89a,NSS23 Detailed spreadsheets/NSS23 detailed spreadsheets organisational results.xlsx,23e8d2a91ee349c2a9a5b614a245341928a97fe00ac9e492064e31d9d5d14de1,PEOPLE PROMISE ELEMENTS,57,AC57,AD57,2024-05-30 14:47:21,Available annual archive version; not claimed to be exact first-publication-day bytes
2023,2023,QWU,NHS Coventry and Warwickshire ICB,ICBs,ICBs,5.173102810028605,283,0,Unweighted,https://www.nhsstaffsurveys.com/static/1db353afdd53058839c0f534ae2a05c3/NSS23-Detailed-spreadsheets.zip,2026-09-11T18:45:21.455412+00:00,91c2d44e62c12ca6e58a2ea0e8ebc12f32dd282b4c7d226c5112eff601a4b89a,NSS23 Detailed spreadsheets/NSS23 detailed spreadsheets organisational results.xlsx,23e8d2a91ee349c2a9a5b614a245341928a97fe00ac9e492064e31d9d5d14de1,PEOPLE PROMISE ELEMENTS,58,AC58,AD58,2024-05-30 14:47:21,Available annual archive version; not claimed to be exact first-publication-day bytes
2023,2023,QXU,NHS Surrey Heartlands ICB,ICBs,ICBs,5.474908863066758,418,0,Unweighted,https://www.nhsstaffsurveys.com/static/1db353afdd53058839c0f534ae2a05c3/NSS23-Detailed-spreadsheets.zip,2026-09-11T18:45:21.455412+00:00,91c2d44e62c12ca6e58a2ea0e8ebc12f32dd282b4c7d226c5112eff601a4b89a,NSS23 Detailed spreadsheets/NSS23 detailed spreadsheets organisational results.xlsx,23e8d2a91ee349c2a9a5b614a245341928a97fe00ac9e492064e31d9d5d14de1,PEOPLE PROMISE ELEMENTS,59,AC59,AD59,2024-05-30 14:47:21,Available annual archive version; not claimed to be exact first-publication-day bytes
2023,2023,QYG,NHS Cheshire and Merseyside ICB,ICBs,ICBs,5.29052622285008,809,0,Unweighted,https://www.nhsstaffsurveys.com/static/1db353afdd53058839c0f534ae2a05c3/NSS23-Detailed-spreadsheets.zip,2026-09-11T18:45:21.455412+00:00,91c2d44e62c12ca6e58a2ea0e8ebc12f32dd282b4c7d226c5112eff601a4b89a,NSS23 Detailed spreadsheets/NSS23 detailed spreadsheets organisational results.xlsx,23e8d2a91ee349c2a9a5b614a245341928a97fe00ac9e492064e31d9d5d14de1,PEOPLE PROMISE ELEMENTS,60,AC60,AD60,2024-05-30 14:47:21,Available annual archive version; not claimed to be exact first-publication-day bytes
2023,2023,R0A,Manchester University NHS Foundation Trust,Acute&Acute Community Trusts,Acute and Acute & Community Trusts,4.994150924995594,11146,1,Occupation Group,https://www.nhsstaffsurveys.com/static/1db353afdd53058839c0f534ae2a05c3/NSS23-Detailed-spreadsheets.zip,2026-09-11T18:45:21.455412+00:00,91c2d44e62c12ca6e58a2ea0e8ebc12f32dd282b4c7d226c5112eff601a4b89a,NSS23 Detailed spreadsheets/NSS23 detailed spreadsheets organisational results.xlsx,23e8d2a91ee349c2a9a5b614a245341928a97fe00ac9e492064e31d9d5d14de1,PEOPLE PROMISE ELEMENTS,61,AC61,AD61,2024-05-30 14:47:21,Available annual archive version; not claimed to be exact first-publication-day bytes
2023,2023,R0B,South Tyneside and Sunderland NHS Foundation Trust,Acute&Acute Community Trusts,Acute and Acute & Community Trusts,5.162408948554219,3917,1,Occupation Group,https://www.nhsstaffsurveys.com/static/1db353afdd53058839c0f534ae2a05c3/NSS23-Detailed-spreadsheets.zip,2026-09-11T18:45:21.455412+00:00,91c2d44e62c12ca6e58a2ea0e8ebc12f32dd282b4c7d226c5112eff601a4b89a,NSS23 Detailed spreadsheets/NSS23 detailed spreadsheets organisational results.xlsx,23e8d2a91ee349c2a9a5b614a245341928a97fe00ac9e492064e31d9d5d14de1,PEOPLE PROMISE ELEMENTS,62,AC62,AD62,2024-05-30 14:47:21,Available annual archive version; not claimed to be exact first-publication-day bytes
2023,2023,R0D,University Hospitals Dorset NHS Foundation Trust,Acute&Acute Community Trusts,Acute and Acute & Community Trusts,5.026059328081622,5613,1,Occupation Group,https://www.nhsstaffsurveys.com/static/1db353afdd53058839c0f534ae2a05c3/NSS23-Detailed-spreadsheets.zip,2026-09-11T18:45:21.455412+00:00,91c2d44e62c12ca6e58a2ea0e8ebc12f32dd282b4c7d226c5112eff601a4b89a,NSS23 Detailed spreadsheets/NSS23 detailed spreadsheets organisational results.xlsx,23e8d2a91ee349c2a9a5b614a245341928a97fe00ac9e492064e31d9d5d14de1,PEOPLE PROMISE ELEMENTS,63,AC63,AD63,2024-05-30 14:47:21,Available annual archive version; not claimed to be exact first-publication-day bytes
2023,2023,R1A,Herefordshire and Worcestershire Health and Care NHS Trust,"MH&LD, MH, LD&Community Trusts","Mental Health & Learning Disability and Mental Health, Learning Disability & Community Trusts",5.189194657017849,1974,1,Occupation Group,https://www.nhsstaffsurveys.com/static/1db353afdd53058839c0f534ae2a05c3/NSS23-Detailed-spreadsheets.zip,2026-09-11T18:45:21.455412+00:00,91c2d44e62c12ca6e58a2ea0e8ebc12f32dd282b4c7d226c5112eff601a4b89a,NSS23 Detailed spreadsheets/NSS23 detailed spreadsheets organisational results.xlsx,23e8d2a91ee349c2a9a5b614a245341928a97fe00ac9e492064e31d9d5d14de1,PEOPLE PROMISE ELEMENTS,64,AC64,AD64,2024-05-30 14:47:21,Available annual archive version; not claimed to be exact first-publication-day bytes
2023,2023,R1C,Solent NHS Trust,"MH&LD, MH, LD&Community Trusts","Mental Health & Learning Disability and Mental Health, Learning Disability & Community Trusts",5.466278327428797,2887,1,Occupation Group,https://www.nhsstaffsurveys.com/static/1db353afdd53058839c0f534ae2a05c3/NSS23-Detailed-spreadsheets.zip,2026-09-11T18:45:21.455412+00:00,91c2d44e62c12ca6e58a2ea0e8ebc12f32dd282b4c7d226c5112eff601a4b89a,NSS23 Detailed spreadsheets/NSS23 detailed spreadsheets organisational results.xlsx,23e8d2a91ee349c2a9a5b614a245341928a97fe00ac9e492064e31d9d5d14de1,PEOPLE PROMISE ELEMENTS,65,AC65,AD65,2024-05-30 14:47:21,Available annual archive version; not claimed to be exact first-publication-day bytes
2023,2023,R1D,Shropshire Community Health NHS Trust,Community Trusts,Community Trusts,5.050482600326269,845,1,Occupation Group,https://www.nhsstaffsurveys.com/static/1db353afdd53058839c0f534ae2a05c3/NSS23-Detailed-spreadsheets.zip,2026-09-11T18:45:21.455412+00:00,91c2d44e62c12ca6e58a2ea0e8ebc12f32dd282b4c7d226c5112eff601a4b89a,NSS23 Detailed spreadsheets/NSS23 detailed spreadsheets organisational results.xlsx,23e8d2a91ee349c2a9a5b614a245341928a97fe00ac9e492064e31d9d5d14de1,PEOPLE PROMISE ELEMENTS,66,AC66,AD66,2024-05-30 14:47:21,Available annual archive version; not claimed to be exact first-publication-day bytes
2023,2023,R1F1,Isle of Wight NHS Trust (acute sector),Acute&Acute Community Trusts,Acute and Acute & Community Trusts,4.99658352266438,1347,1,Occupation Group,https://www.nhsstaffsurveys.com/static/1db353afdd53058839c0f534ae2a05c3/NSS23-Detailed-spreadsheets.zip,2026-09-11T18:45:21.455412+00:00,91c2d44e62c12ca6e58a2ea0e8ebc12f32dd282b4c7d226c5112eff601a4b89a,NSS23 Detailed spreadsheets/NSS23 detailed spreadsheets organisational results.xlsx,23e8d2a91ee349c2a9a5b614a245341928a97fe00ac9e492064e31d9d5d14de1,PEOPLE PROMISE ELEMENTS,67,AC67,AD67,2024-05-30 14:47:21,Available annual archive version; not claimed to be exact first-publication-day bytes
2023,2023,R1F2,Isle of Wight NHS Trust (ambulance sector),Ambulance Trusts,Ambulance Trusts,5.146073395960946,144,1,Occupation Group,https://www.nhsstaffsurveys.com/static/1db353afdd53058839c0f534ae2a05c3/NSS23-Detailed-spreadsheets.zip,2026-09-11T18:45:21.455412+00:00,91c2d44e62c12ca6e58a2ea0e8ebc12f32dd282b4c7d226c5112eff601a4b89a,NSS23 Detailed spreadsheets/NSS23 detailed spreadsheets organisational results.xlsx,23e8d2a91ee349c2a9a5b614a245341928a97fe00ac9e492064e31d9d5d14de1,PEOPLE PROMISE ELEMENTS,68,AC68,AD68,2024-05-30 14:47:21,Available annual archive version; not claimed to be exact first-publication-day bytes
2023,2023,R1F3,Isle of Wight NHS Trust (mental health sector),"MH&LD, MH, LD&Community Trusts","Mental Health & Learning Disability and Mental Health, Learning Disability & Community Trusts",5.420734650172505,295,1,Occupation Group,https://www.nhsstaffsurveys.com/static/1db353afdd53058839c0f534ae2a05c3/NSS23-Detailed-spreadsheets.zip,2026-09-11T18:45:21.455412+00:00,91c2d44e62c12ca6e58a2ea0e8ebc12f32dd282b4c7d226c5112eff601a4b89a,NSS23 Detailed spreadsheets/NSS23 detailed spreadsheets organisational results.xlsx,23e8d2a91ee349c2a9a5b614a245341928a97fe00ac9e492064e31d9d5d14de1,PEOPLE PROMISE ELEMENTS,69,AC69,AD69,2024-05-30 14:47:21,Available annual archive version; not claimed to be exact first-publication-day bytes
2023,2023,R1F4,Isle of Wight NHS Trust (community sector),Community Trusts,Community Trusts,5.204129568611859,406,1,Occupation Group,https://www.nhsstaffsurveys.com/static/1db353afdd53058839c0f534ae2a05c3/NSS23-Detailed-spreadsheets.zip,2026-09-11T18:45:21.455412+00:00,91c2d44e62c12ca6e58a2ea0e8ebc12f32dd282b4c7d226c5112eff601a4b89a,NSS23 Detailed spreadsheets/NSS23 detailed spreadsheets organisational results.xlsx,23e8d2a91ee349c2a9a5b614a245341928a97fe00ac9e492064e31d9d5d14de1,PEOPLE PROMISE ELEMENTS,70,AC70,AD70,2024-05-30 14:47:21,Available annual archive version; not claimed to be exact first-publication-day bytes
2023,2023,R1H,Barts Health NHS Trust,Acute&Acute Community Trusts,Acute and Acute & Community Trusts,4.856383210232393,8577,1,Occupation Group,https://www.nhsstaffsurveys.com/static/1db353afdd53058839c0f534ae2a05c3/NSS23-Detailed-spreadsheets.zip,2026-09-11T18:45:21.455412+00:00,91c2d44e62c12ca6e58a2ea0e8ebc12f32dd282b4c7d226c5112eff601a4b89a,NSS23 Detailed spreadsheets/NSS23 detailed spreadsheets organisational results.xlsx,23e8d2a91ee349c2a9a5b614a245341928a97fe00ac9e492064e31d9d5d14de1,PEOPLE PROMISE ELEMENTS,71,AC71,AD71,2024-05-30 14:47:21,Available annual archive version; not claimed to be exact first-publication-day bytes
2023,2023,R1K,London North West University Healthcare NHS Trust,Acute&Acute Community Trusts,Acute and Acute & Community Trusts,5.144317306439695,4200,1,Occupation Group,https://www.nhsstaffsurveys.com/static/1db353afdd53058839c0f534ae2a05c3/NSS23-Detailed-spreadsheets.zip,2026-09-11T18:45:21.455412+00:00,91c2d44e62c12ca6e58a2ea0e8ebc12f32dd282b4c7d226c5112eff601a4b89a,NSS23 Detailed spreadsheets/NSS23 detailed spreadsheets organisational results.xlsx,23e8d2a91ee349c2a9a5b614a245341928a97fe00ac9e492064e31d9d5d14de1,PEOPLE PROMISE ELEMENTS,72,AC72,AD72,2024-05-30 14:47:21,Available annual archive version; not claimed to be exact first-publication-day bytes
2023,2023,R1L,Essex Partnership University NHS Foundation Trust,"MH&LD, MH, LD&Community Trusts","Mental Health & Learning Disability and Mental Health, Learning Disability & Community Trusts",5.3559465957817265,2794,1,Occupation Group,https://www.nhsstaffsurveys.com/static/1db353afdd53058839c0f534ae2a05c3/NSS23-Detailed-spreadsheets.zip,2026-09-11T18:45:21.455412+00:00,91c2d44e62c12ca6e58a2ea0e8ebc12f32dd282b4c7d226c5112eff601a4b89a,NSS23 Detailed spreadsheets/NSS23 detailed spreadsheets organisational results.xlsx,23e8d2a91ee349c2a9a5b614a245341928a97fe00ac9e492064e31d9d5d14de1,PEOPLE PROMISE ELEMENTS,73,AC73,AD73,2024-05-30 14:47:21,Available annual archive version; not claimed to be exact first-publication-day bytes
2023,2023,RA2,Royal Surrey County Hospital NHS Foundation Trust,Acute&Acute Community Trusts,Acute and Acute & Community Trusts,5.068523226233966,2249,1,Occupation Group,https://www.nhsstaffsurveys.com/static/1db353afdd53058839c0f534ae2a05c3/NSS23-Detailed-spreadsheets.zip,2026-09-11T18:45:21.455412+00:00,91c2d44e62c12ca6e58a2ea0e8ebc12f32dd282b4c7d226c5112eff601a4b89a,NSS23 Detailed spreadsheets/NSS23 detailed spreadsheets organisational results.xlsx,23e8d2a91ee349c2a9a5b614a245341928a97fe00ac9e492064e31d9d5d14de1,PEOPLE PROMISE ELEMENTS,74,AC74,AD74,2024-05-30 14:47:21,Available annual archive version; not claimed to be exact first-publication-day bytes
2023,2023,RA7,University Hospitals Bristol and Weston NHS Foundation Trust,Acute&Acute Community Trusts,Acute and Acute & Community Trusts,5.1685446624214855,6564,1,Occupation Group,https://www.nhsstaffsurveys.com/static/1db353afdd53058839c0f534ae2a05c3/NSS23-Detailed-spreadsheets.zip,2026-09-11T18:45:21.455412+00:00,91c2d44e62c12ca6e58a2ea0e8ebc12f32dd282b4c7d226c5112eff601a4b89a,NSS23 Detailed spreadsheets/NSS23 detailed spreadsheets organisational results.xlsx,23e8d2a91ee349c2a9a5b614a245341928a97fe00ac9e492064e31d9d5d14de1,PEOPLE PROMISE ELEMENTS,75,AC75,AD75,2024-05-30 14:47:21,Available annual archive version; not claimed to be exact first-publication-day bytes
2023,2023,RA9,Torbay and South Devon NHS Foundation Trust,Acute&Acute Community Trusts,Acute and Acute & Community Trusts,4.932809084678436,2692,1,Occupation Group,https://www.nhsstaffsurveys.com/static/1db353afdd53058839c0f534ae2a05c3/NSS23-Detailed-spreadsheets.zip,2026-09-11T18:45:21.455412+00:00,91c2d44e62c12ca6e58a2ea0e8ebc12f32dd282b4c7d226c5112eff601a4b89a,NSS23 Detailed spreadsheets/NSS23 detailed spreadsheets organisational results.xlsx,23e8d2a91ee349c2a9a5b614a245341928a97fe00ac9e492064e31d9d5d14de1,PEOPLE PROMISE ELEMENTS,76,AC76,AD76,2024-05-30 14:47:21,Available annual archive version; not claimed to be exact first-publication-day bytes
2023,2023,RAE,Bradford Teaching Hospitals NHS Foundation Trust,Acute&Acute Community Trusts,Acute and Acute & Community Trusts,5.005542252202052,2875,1,Occupation Group,https://www.nhsstaffsurveys.com/static/1db353afdd53058839c0f534ae2a05c3/NSS23-Detailed-spreadsheets.zip,2026-09-11T18:45:21.455412+00:00,91c2d44e62c12ca6e58a2ea0e8ebc12f32dd282b4c7d226c5112eff601a4b89a,NSS23 Detailed spreadsheets/NSS23 detailed spreadsheets organisational results.xlsx,23e8d2a91ee349c2a9a5b614a245341928a97fe00ac9e492064e31d9d5d14de1,PEOPLE PROMISE ELEMENTS,77,AC77,AD77,2024-05-30 14:47:21,Available annual archive version; not claimed to be exact first-publication-day bytes
2023,2023,RAJ,Mid and South Essex NHS Foundation Trust,Acute&Acute Community Trusts,Acute and Acute & Community Trusts,4.774956969127147,6290,1,Occupation Group,https://www.nhsstaffsurveys.com/static/1db353afdd53058839c0f534ae2a05c3/NSS23-Detailed-spreadsheets.zip,2026-09-11T18:45:21.455412+00:00,91c2d44e62c12ca6e58a2ea0e8ebc12f32dd282b4c7d226c5112eff601a4b89a,NSS23 Detailed spreadsheets/NSS23 detailed spreadsheets organisational results.xlsx,23e8d2a91ee349c2a9a5b614a245341928a97fe00ac9e492064e31d9d5d14de1,PEOPLE PROMISE ELEMENTS,78,AC78,AD78,2024-05-30 14:47:21,Available annual archive version; not claimed to be exact first-publication-day bytes
2023,2023,RAL,Royal Free London NHS Foundation Trust,Acute&Acute Community Trusts,Acute and Acute & Community Trusts,4.942284218122106,6575,1,Occupation Group,https://www.nhsstaffsurveys.com/static/1db353afdd53058839c0f534ae2a05c3/NSS23-Detailed-spreadsheets.zip,2026-09-11T18:45:21.455412+00:00,91c2d44e62c12ca6e58a2ea0e8ebc12f32dd282b4c7d226c5112eff601a4b89a,NSS23 Detailed spreadsheets/NSS23 detailed spreadsheets organisational results.xlsx,23e8d2a91ee349c2a9a5b614a245341928a97fe00ac9e492064e31d9d5d14de1,PEOPLE PROMISE ELEMENTS,79,AC79,AD79,2024-05-30 14:47:21,Available annual archive version; not claimed to be exact first-publication-day bytes
2023,2023,RAN,Royal National Orthopaedic Hospital NHS Trust,Acute Specialist Trusts,Acute Specialist Trusts,5.3205688053296845,727,1,Occupation Group,https://www.nhsstaffsurveys.com/static/1db353afdd53058839c0f534ae2a05c3/NSS23-Detailed-spreadsheets.zip,2026-09-11T18:45:21.455412+00:00,91c2d44e62c12ca6e58a2ea0e8ebc12f32dd282b4c7d226c5112eff601a4b89a,NSS23 Detailed spreadsheets/NSS23 detailed spreadsheets organisational results.xlsx,23e8d2a91ee349c2a9a5b614a245341928a97fe00ac9e492064e31d9d5d14de1,PEOPLE PROMISE ELEMENTS,80,AC80,AD80,2024-05-30 14:47:21,Available annual archive version; not claimed to be exact first-publication-day bytes
2023,2023,RAP,North Middlesex University Hospital NHS Trust,Acute&Acute Community Trusts,Acute and Acute & Community Trusts,5.042753445581462,2696,1,Occupation Group,https://www.nhsstaffsurveys.com/static/1db353afdd53058839c0f534ae2a05c3/NSS23-Detailed-spreadsheets.zip,2026-09-11T18:45:21.455412+00:00,91c2d44e62c12ca6e58a2ea0e8ebc12f32dd282b4c7d226c5112eff601a4b89a,NSS23 Detailed spreadsheets/NSS23 detailed spreadsheets organisational results.xlsx,23e8d2a91ee349c2a9a5b614a245341928a97fe00ac9e492064e31d9d5d14de1,PEOPLE PROMISE ELEMENTS,81,AC81,AD81,2024-05-30 14:47:21,Available annual archive version; not claimed to be exact first-publication-day bytes
2023,2023,RAS,The Hillingdon Hospitals NHS Foundation Trust,Acute&Acute Community Trusts,Acute and Acute & Community Trusts,5.026844959926941,1702,1,Occupation Group,https://www.nhsstaffsurveys.com/static/1db353afdd53058839c0f534ae2a05c3/NSS23-Detailed-spreadsheets.zip,2026-09-11T18:45:21.455412+00:00,91c2d44e62c12ca6e58a2ea0e8ebc12f32dd282b4c7d226c5112eff601a4b89a,NSS23 Detailed spreadsheets/NSS23 detailed spreadsheets organisational results.xlsx,23e8d2a91ee349c2a9a5b614a245341928a97fe00ac9e492064e31d9d5d14de1,PEOPLE PROMISE ELEMENTS,82,AC82,AD82,2024-05-30 14:47:21,Available annual archive version; not claimed to be exact first-publication-day bytes
2023,2023,RAT,North East London NHS Foundation Trust,"MH&LD, MH, LD&Community Trusts","Mental Health & Learning Disability and Mental Health, Learning Disability & Community Trusts",5.31161103965459,3955,1,Occupation Group,https://www.nhsstaffsurveys.com/static/1db353afdd53058839c0f534ae2a05c3/NSS23-Detailed-spreadsheets.zip,2026-09-11T18:45:21.455412+00:00,91c2d44e62c12ca6e58a2ea0e8ebc12f32dd282b4c7d226c5112eff601a4b89a,NSS23 Detailed spreadsheets/NSS23 detailed spreadsheets organisational results.xlsx,23e8d2a91ee349c2a9a5b614a245341928a97fe00ac9e492064e31d9d5d14de1,PEOPLE PROMISE ELEMENTS,83,AC83,AD83,2024-05-30 14:47:21,Available annual archive version; not claimed to be exact first-publication-day bytes
2023,2023,RAX,Kingston Hospital NHS Foundation Trust,Acute&Acute Community Trusts,Acute and Acute & Community Trusts,4.84197603059068,2316,1,Occupation Group,https://www.nhsstaffsurveys.com/static/1db353afdd53058839c0f534ae2a05c3/NSS23-Detailed-spreadsheets.zip,2026-09-11T18:45:21.455412+00:00,91c2d44e62c12ca6e58a2ea0e8ebc12f32dd282b4c7d226c5112eff601a4b89a,NSS23 Detailed spreadsheets/NSS23 detailed spreadsheets organisational results.xlsx,23e8d2a91ee349c2a9a5b614a245341928a97fe00ac9e492064e31d9d5d14de1,PEOPLE PROMISE ELEMENTS,84,AC84,AD84,2024-05-30 14:47:21,Available annual archive version; not claimed to be exact first-publication-day bytes
2023,2023,RBD,Dorset County Hospital NHS Foundation Trust,Acute&Acute Community Trusts,Acute and Acute & Community Trusts,5.020085247839139,1418,1,Occupation Group,https://www.nhsstaffsurveys.com/static/1db353afdd53058839c0f534ae2a05c3/NSS23-Detailed-spreadsheets.zip,2026-09-11T18:45:21.455412+00:00,91c2d44e62c12ca6e58a2ea0e8ebc12f32dd282b4c7d226c5112eff601a4b89a,NSS23 Detailed spreadsheets/NSS23 detailed spreadsheets organisational results.xlsx,23e8d2a91ee349c2a9a5b614a245341928a97fe00ac9e492064e31d9d5d14de1,PEOPLE PROMISE ELEMENTS,85,AC85,AD85,2024-05-30 14:47:21,Available annual archive version; not claimed to be exact first-publication-day bytes
2023,2023,RBK,Walsall Healthcare NHS Trust,Acute&Acute Community Trusts,Acute and Acute & Community Trusts,4.85676374249713,2360,1,Occupation Group,https://www.nhsstaffsurveys.com/static/1db353afdd53058839c0f534ae2a05c3/NSS23-Detailed-spreadsheets.zip,2026-09-11T18:45:21.455412+00:00,91c2d44e62c12ca6e58a2ea0e8ebc12f32dd282b4c7d226c5112eff601a4b89a,NSS23 Detailed spreadsheets/NSS23 detailed spreadsheets organisational results.xlsx,23e8d2a91ee349c2a9a5b614a245341928a97fe00ac9e492064e31d9d5d14de1,PEOPLE PROMISE ELEMENTS,86,AC86,AD86,2024-05-30 14:47:21,Available annual archive version; not claimed to be exact first-publication-day bytes
2023,2023,RBL,Wirral University Teaching Hospital NHS Foundation Trust,Acute&Acute Community Trusts,Acute and Acute & Community Trusts,4.876234073348373,2450,1,Occupation Group,https://www.nhsstaffsurveys.com/static/1db353afdd53058839c0f534ae2a05c3/NSS23-Detailed-spreadsheets.zip,2026-09-11T18:45:21.455412+00:00,91c2d44e62c12ca6e58a2ea0e8ebc12f32dd282b4c7d226c5112eff601a4b89a,NSS23 Detailed spreadsheets/NSS23 detailed spreadsheets organisational results.xlsx,23e8d2a91ee349c2a9a5b614a245341928a97fe00ac9e492064e31d9d5d14de1,PEOPLE PROMISE ELEMENTS,87,AC87,AD87,2024-05-30 14:47:21,Available annual archive version; not claimed to be exact first-publication-day bytes
2023,2023,RBN,Mersey and West Lancashire Teaching Hospitals NHS Trust,Acute&Acute Community Trusts,Acute and Acute & Community Trusts,5.180948850318685,3906,1,Occupation Group,https://www.nhsstaffsurveys.com/static/1db353afdd53058839c0f534ae2a05c3/NSS23-Detailed-spreadsheets.zip,2026-09-11T18:45:21.455412+00:00,91c2d44e62c12ca6e58a2ea0e8ebc12f32dd282b4c7d226c5112eff601a4b89a,NSS23 Detailed spreadsheets/NSS23 detailed spreadsheets organisational results.xlsx,23e8d2a91ee349c2a9a5b614a245341928a97fe00ac9e492064e31d9d5d14de1,PEOPLE PROMISE ELEMENTS,88,AC88,AD88,2024-05-30 14:47:21,Available annual archive version; not claimed to be exact first-publication-day bytes
2023,2023,RBQ,Liverpool Heart and Chest Hospital NHS Foundation Trust,Acute Specialist Trusts,Acute Specialist Trusts,5.719471883481666,1206,1,Occupation Group,https://www.nhsstaffsurveys.com/static/1db353afdd53058839c0f534ae2a05c3/NSS23-Detailed-spreadsheets.zip,2026-09-11T18:45:21.455412+00:00,91c2d44e62c12ca6e58a2ea0e8ebc12f32dd282b4c7d226c5112eff601a4b89a,NSS23 Detailed spreadsheets/NSS23 detailed spreadsheets organisational results.xlsx,23e8d2a91ee349c2a9a5b614a245341928a97fe00ac9e492064e31d9d5d14de1,PEOPLE PROMISE ELEMENTS,89,AC89,AD89,2024-05-30 14:47:21,Available annual archive version; not claimed to be exact first-publication-day bytes
2023,2023,RBS,Alder Hey Children's NHS Foundation Trust,Acute&Acute Community Trusts,Acute and Acute & Community Trusts,5.1111753991669815,2529,1,Occupation Group,https://www.nhsstaffsurveys.com/static/1db353afdd53058839c0f534ae2a05c3/NSS23-Detailed-spreadsheets.zip,2026-09-11T18:45:21.455412+00:00,91c2d44e62c12ca6e58a2ea0e8ebc12f32dd282b4c7d226c5112eff601a4b89a,NSS23 Detailed spreadsheets/NSS23 detailed spreadsheets organisational results.xlsx,23e8d2a91ee349c2a9a5b614a245341928a97fe00ac9e492064e31d9d5d14de1,PEOPLE PROMISE ELEMENTS,90,AC90,AD90,2024-05-30 14:47:21,Available annual archive version; not claimed to be exact first-publication-day bytes
2023,2023,RBT,Mid Cheshire Hospitals NHS Foundation Trust,Acute&Acute Community Trusts,Acute and Acute & Community Trusts,5.238004686196851,1971,1,Occupation Group,https://www.nhsstaffsurveys.com/static/1db353afdd53058839c0f534ae2a05c3/NSS23-Detailed-spreadsheets.zip,2026-09-11T18:45:21.455412+00:00,91c2d44e62c12ca6e58a2ea0e8ebc12f32dd282b4c7d226c5112eff601a4b89a,NSS23 Detailed spreadsheets/NSS23 detailed spreadsheets organisational results.xlsx,23e8d2a91ee349c2a9a5b614a245341928a97fe00ac9e492064e31d9d5d14de1,PEOPLE PROMISE ELEMENTS,91,AC91,AD91,2024-05-30 14:47:21,Available annual archive version; not claimed to be exact first-publication-day bytes
2023,2023,RBV,The Christie NHS Foundation Trust,Acute Specialist Trusts,Acute Specialist Trusts,5.305521519048846,1672,1,Occupation Group,https://www.nhsstaffsurveys.com/static/1db353afdd53058839c0f534ae2a05c3/NSS23-Detailed-spreadsheets.zip,2026-09-11T18:45:21.455412+00:00,91c2d44e62c12ca6e58a2ea0e8ebc12f32dd282b4c7d226c5112eff601a4b89a,NSS23 Detailed spreadsheets/NSS23 detailed spreadsheets organisational results.xlsx,23e8d2a91ee349c2a9a5b614a245341928a97fe00ac9e492064e31d9d5d14de1,PEOPLE PROMISE ELEMENTS,92,AC92,AD92,2024-05-30 14:47:21,Available annual archive version; not claimed to be exact first-publication-day bytes
2023,2023,RC9,Bedfordshire Hospitals NHS Foundation Trust,Acute&Acute Community Trusts,Acute and Acute & Community Trusts,5.013601033061672,3089,1,Occupation Group,https://www.nhsstaffsurveys.com/static/1db353afdd53058839c0f534ae2a05c3/NSS23-Detailed-spreadsheets.zip,2026-09-11T18:45:21.455412+00:00,91c2d44e62c12ca6e58a2ea0e8ebc12f32dd282b4c7d226c5112eff601a4b89a,NSS23 Detailed spreadsheets/NSS23 detailed spreadsheets organisational results.xlsx,23e8d2a91ee349c2a9a5b614a245341928a97fe00ac9e492064e31d9d5d14de1,PEOPLE PROMISE ELEMENTS,93,AC93,AD93,2024-05-30 14:47:21,Available annual archive version; not claimed to be exact first-publication-day bytes
2023,2023,RCB,York and Scarborough Teaching Hospitals NHS Foundation Trust,Acute&Acute Community Trusts,Acute and Acute & Community Trusts,4.860966124160224,3857,1,Occupation Group,https://www.nhsstaffsurveys.com/static/1db353afdd53058839c0f534ae2a05c3/NSS23-Detailed-spreadsheets.zip,2026-09-11T18:45:21.455412+00:00,91c2d44e62c12ca6e58a2ea0e8ebc12f32dd282b4c7d226c5112eff601a4b89a,NSS23 Detailed spreadsheets/NSS23 detailed spreadsheets organisational results.xlsx,23e8d2a91ee349c2a9a5b614a245341928a97fe00ac9e492064e31d9d5d14de1,PEOPLE PROMISE ELEMENTS,94,AC94,AD94,2024-05-30 14:47:21,Available annual archive version; not claimed to be exact first-publication-day bytes
2023,2023,RCD,Harrogate and District NHS Foundation Trust,Acute&Acute Community Trusts,Acute and Acute & Community Trusts,5.203639210525661,2195,1,Occupation Group,https://www.nhsstaffsurveys.com/static/1db353afdd53058839c0f534ae2a05c3/NSS23-Detailed-spreadsheets.zip,2026-09-11T18:45:21.455412+00:00,91c2d44e62c12ca6e58a2ea0e8ebc12f32dd282b4c7d226c5112eff601a4b89a,NSS23 Detailed spreadsheets/NSS23 detailed spreadsheets organisational results.xlsx,23e8d2a91ee349c2a9a5b614a245341928a97fe00ac9e492064e31d9d5d14de1,PEOPLE PROMISE ELEMENTS,95,AC95,AD95,2024-05-30 14:47:21,Available annual archive version; not claimed to be exact first-publication-day bytes
2023,2023,RCF,Airedale NHS Foundation Trust,Acute&Acute Community Trusts,Acute and Acute & Community Trusts,5.068509790697874,1333,1,Occupation Group,https://www.nhsstaffsurveys.com/static/1db353afdd53058839c0f534ae2a05c3/NSS23-Detailed-spreadsheets.zip,2026-09-11T18:45:21.455412+00:00,91c2d44e62c12ca6e58a2ea0e8ebc12f32dd282b4c7d226c5112eff601a4b89a,NSS23 Detailed spreadsheets/NSS23 detailed spreadsheets organisational results.xlsx,23e8d2a91ee349c2a9a5b614a245341928a97fe00ac9e492064e31d9d5d14de1,PEOPLE PROMISE ELEMENTS,96,AC96,AD96,2024-05-30 14:47:21,Available annual archive version; not claimed to be exact first-publication-day bytes
2023,2023,RCU,Sheffield Children's NHS Foundation Trust,Acute&Acute Community Trusts,Acute and Acute & Community Trusts,5.120210414197664,1749,1,Occupation Group,https://www.nhsstaffsurveys.com/static/1db353afdd53058839c0f534ae2a05c3/NSS23-Detailed-spreadsheets.zip,2026-09-11T18:45:21.455412+00:00,91c2d44e62c12ca6e58a2ea0e8ebc12f32dd282b4c7d226c5112eff601a4b89a,NSS23 Detailed spreadsheets/NSS23 detailed spreadsheets organisational results.xlsx,23e8d2a91ee349c2a9a5b614a245341928a97fe00ac9e492064e31d9d5d14de1,PEOPLE PROMISE ELEMENTS,97,AC97,AD97,2024-05-30 14:47:21,Available annual archive version; not claimed to be exact first-publication-day bytes
2023,2023,RCX,The Queen Elizabeth Hospital King's Lynn NHS Foundation Trust,Acute&Acute Community Trusts,Acute and Acute & Community Trusts,4.890852514567234,2014,1,Occupation Group,https://www.nhsstaffsurveys.com/static/1db353afdd53058839c0f534ae2a05c3/NSS23-Detailed-spreadsheets.zip,2026-09-11T18:45:21.455412+00:00,91c2d44e62c12ca6e58a2ea0e8ebc12f32dd282b4c7d226c5112eff601a4b89a,NSS23 Detailed spreadsheets/NSS23 detailed spreadsheets organisational results.xlsx,23e8d2a91ee349c2a9a5b614a245341928a97fe00ac9e492064e31d9d5d14de1,PEOPLE PROMISE ELEMENTS,98,AC98,AD98,2024-05-30 14:47:21,Available annual archive version; not claimed to be exact first-publication-day bytes
2023,2023,RD1,Royal United Hospitals Bath NHS Foundation Trust,Acute&Acute Community Trusts,Acute and Acute & Community Trusts,4.96680113339255,3635,1,Occupation Group,https://www.nhsstaffsurveys.com/static/1db353afdd53058839c0f534ae2a05c3/NSS23-Detailed-spreadsheets.zip,2026-09-11T18:45:21.455412+00:00,91c2d44e62c12ca6e58a2ea0e8ebc12f32dd282b4c7d226c5112eff601a4b89a,NSS23 Detailed spreadsheets/NSS23 detailed spreadsheets organisational results.xlsx,23e8d2a91ee349c2a9a5b614a245341928a97fe00ac9e492064e31d9d5d14de1,PEOPLE PROMISE ELEMENTS,99,AC99,AD99,2024-05-30 14:47:21,Available annual archive version; not claimed to be exact first-publication-day bytes
2023,2023,RD8,Milton Keynes University Hospital NHS Foundation Trust,Acute&Acute Community Trusts,Acute and Acute & Community Trusts,5.117492434359958,2016,1,Occupation Group,https://www.nhsstaffsurveys.com/static/1db353afdd53058839c0f534ae2a05c3/NSS23-Detailed-spreadsheets.zip,2026-09-11T18:45:21.455412+00:00,91c2d44e62c12ca6e58a2ea0e8ebc12f32dd282b4c7d226c5112eff601a4b89a,NSS23 Detailed spreadsheets/NSS23 detailed spreadsheets organisational results.xlsx,23e8d2a91ee349c2a9a5b614a245341928a97fe00ac9e492064e31d9d5d14de1,PEOPLE PROMISE ELEMENTS,100,AC100,AD100,2024-05-30 14:47:21,Available annual archive version; not claimed to be exact first-publication-day bytes
2023,2023,RDE,East Suffolk and North Essex NHS Foundation Trust,Acute&Acute Community Trusts,Acute and Acute & Community Trusts,4.998233055443656,6039,1,Occupation Group,https://www.nhsstaffsurveys.com/static/1db353afdd53058839c0f534ae2a05c3/NSS23-Detailed-spreadsheets.zip,2026-09-11T18:45:21.455412+00:00,91c2d44e62c12ca6e58a2ea0e8ebc12f32dd282b4c7d226c5112eff601a4b89a,NSS23 Detailed spreadsheets/NSS23 detailed spreadsheets organisational results.xlsx,23e8d2a91ee349c2a9a5b614a245341928a97fe00ac9e492064e31d9d5d14de1,PEOPLE PROMISE ELEMENTS,101,AC101,AD101,2024-05-30 14:47:21,Available annual archive version; not claimed to be exact first-publication-day bytes
2023,2023,RDR,Sussex Community NHS Foundation Trust,Community Trusts,Community Trusts,5.494647771531131,3961,1,Occupation Group,https://www.nhsstaffsurveys.com/static/1db353afdd53058839c0f534ae2a05c3/NSS23-Detailed-spreadsheets.zip,2026-09-11T18:45:21.455412+00:00,91c2d44e62c12ca6e58a2ea0e8ebc12f32dd282b4c7d226c5112eff601a4b89a,NSS23 Detailed spreadsheets/NSS23 detailed spreadsheets organisational results.xlsx,23e8d2a91ee349c2a9a5b614a245341928a97fe00ac9e492064e31d9d5d14de1,PEOPLE PROMISE ELEMENTS,102,AC102,AD102,2024-05-30 14:47:21,Available annual archive version; not claimed to be exact first-publication-day bytes
2023,2023,RDU,Frimley Health NHS Foundation Trust,Acute&Acute Community Trusts,Acute and Acute & Community Trusts,5.134092306134286,6134,1,Occupation Group,https://www.nhsstaffsurveys.com/static/1db353afdd53058839c0f534ae2a05c3/NSS23-Detailed-spreadsheets.zip,2026-09-11T18:45:21.455412+00:00,91c2d44e62c12ca6e58a2ea0e8ebc12f32dd282b4c7d226c5112eff601a4b89a,NSS23 Detailed spreadsheets/NSS23 detailed spreadsheets organisational results.xlsx,23e8d2a91ee349c2a9a5b614a245341928a97fe00ac9e492064e31d9d5d14de1,PEOPLE PROMISE ELEMENTS,103,AC103,AD103,2024-05-30 14:47:21,Available annual archive version; not claimed to be exact first-publication-day bytes
2023,2023,RDY,Dorset Healthcare University NHS Foundation Trust,"MH&LD, MH, LD&Community Trusts","Mental Health & Learning Disability and Mental Health, Learning Disability & Community Trusts",5.422807776125705,3404,1,Occupation Group,https://www.nhsstaffsurveys.com/static/1db353afdd53058839c0f534ae2a05c3/NSS23-Detailed-spreadsheets.zip,2026-09-11T18:45:21.455412+00:00,91c2d44e62c12ca6e58a2ea0e8ebc12f32dd282b4c7d226c5112eff601a4b89a,NSS23 Detailed spreadsheets/NSS23 detailed spreadsheets organisational results.xlsx,23e8d2a91ee349c2a9a5b614a245341928a97fe00ac9e492064e31d9d5d14de1,PEOPLE PROMISE ELEMENTS,104,AC104,AD104,2024-05-30 14:47:21,Available annual archive version; not claimed to be exact first-publication-day bytes
2023,2023,REF,Royal Cornwall Hospitals NHS Trust,Acute&Acute Community Trusts,Acute and Acute & Community Trusts,4.980724349091603,3476,1,Occupation Group,https://www.nhsstaffsurveys.com/static/1db353afdd53058839c0f534ae2a05c3/NSS23-Detailed-spreadsheets.zip,2026-09-11T18:45:21.455412+00:00,91c2d44e62c12ca6e58a2ea0e8ebc12f32dd282b4c7d226c5112eff601a4b89a,NSS23 Detailed spreadsheets/NSS23 detailed spreadsheets organisational results.xlsx,23e8d2a91ee349c2a9a5b614a245341928a97fe00ac9e492064e31d9d5d14de1,PEOPLE PROMISE ELEMENTS,105,AC105,AD105,2024-05-30 14:47:21,Available annual archive version; not claimed to be exact first-publication-day bytes
2023,2023,REM,Liverpool University Hospitals NHS Foundation Trust,Acute&Acute Community Trusts,Acute and Acute & Community Trusts,5.029670410747702,4755,1,Occupation Group,https://www.nhsstaffsurveys.com/static/1db353afdd53058839c0f534ae2a05c3/NSS23-Detailed-spreadsheets.zip,2026-09-11T18:45:21.455412+00:00,91c2d44e62c12ca6e58a2ea0e8ebc12f32dd282b4c7d226c5112eff601a4b89a,NSS23 Detailed spreadsheets/NSS23 detailed spreadsheets organisational results.xlsx,23e8d2a91ee349c2a9a5b614a245341928a97fe00ac9e492064e31d9d5d14de1,PEOPLE PROMISE ELEMENTS,106,AC106,AD106,2024-05-30 14:47:21,Available annual archive version; not claimed to be exact first-publication-day bytes
2023,2023,REN,The Clatterbridge Cancer Centre NHS Foundation Trust,Acute Specialist Trusts,Acute Specialist Trusts,5.439727445484563,1178,1,Occupation Group,https://www.nhsstaffsurveys.com/static/1db353afdd53058839c0f534ae2a05c3/NSS23-Detailed-spreadsheets.zip,2026-09-11T18:45:21.455412+00:00,91c2d44e62c12ca6e58a2ea0e8ebc12f32dd282b4c7d226c5112eff601a4b89a,NSS23 Detailed spreadsheets/NSS23 detailed spreadsheets organisational results.xlsx,23e8d2a91ee349c2a9a5b614a245341928a97fe00ac9e492064e31d9d5d14de1,PEOPLE PROMISE ELEMENTS,107,AC107,AD107,2024-05-30 14:47:21,Available annual archive version; not claimed to be exact first-publication-day bytes
2023,2023,REP,Liverpool Women's NHS Foundation Trust,Acute Specialist Trusts,Acute Specialist Trusts,5.086119227524592,904,1,Occupation Group,https://www.nhsstaffsurveys.com/static/1db353afdd53058839c0f534ae2a05c3/NSS23-Detailed-spreadsheets.zip,2026-09-11T18:45:21.455412+00:00,91c2d44e62c12ca6e58a2ea0e8ebc12f32dd282b4c7d226c5112eff601a4b89a,NSS23 Detailed spreadsheets/NSS23 detailed spreadsheets organisational results.xlsx,23e8d2a91ee349c2a9a5b614a245341928a97fe00ac9e492064e31d9d5d14de1,PEOPLE PROMISE ELEMENTS,108,AC108,AD108,2024-05-30 14:47:21,Available annual archive version; not claimed to be exact first-publication-day bytes
2023,2023,RET,The Walton Centre NHS Foundation Trust,Acute Specialist Trusts,Acute Specialist Trusts,5.320172420604154,575,1,Occupation Group,https://www.nhsstaffsurveys.com/static/1db353afdd53058839c0f534ae2a05c3/NSS23-Detailed-spreadsheets.zip,2026-09-11T18:45:21.455412+00:00,91c2d44e62c12ca6e58a2ea0e8ebc12f32dd282b4c7d226c5112eff601a4b89a,NSS23 Detailed spreadsheets/NSS23 detailed spreadsheets organisational results.xlsx,23e8d2a91ee349c2a9a5b614a245341928a97fe00ac9e492064e31d9d5d14de1,PEOPLE PROMISE ELEMENTS,109,AC109,AD109,2024-05-30 14:47:21,Available annual archive version; not claimed to be exact first-publication-day bytes
2023,2023,RF4,"Barking, Havering and Redbridge University Hospitals NHS Trust",Acute&Acute Community Trusts,Acute and Acute & Community Trusts,4.757883884819303,3339,1,Occupation Group,https://www.nhsstaffsurveys.com/static/1db353afdd53058839c0f534ae2a05c3/NSS23-Detailed-spreadsheets.zip,2026-09-11T18:45:21.455412+00:00,91c2d44e62c12ca6e58a2ea0e8ebc12f32dd282b4c7d226c5112eff601a4b89a,NSS23 Detailed spreadsheets/NSS23 detailed spreadsheets organisational results.xlsx,23e8d2a91ee349c2a9a5b614a245341928a97fe00ac9e492064e31d9d5d14de1,PEOPLE PROMISE ELEMENTS,110,AC110,AD110,2024-05-30 14:47:21,Available annual archive version; not claimed to be exact first-publication-day bytes
2023,2023,RFF,Barnsley Hospital NHS Foundation Trust,Acute&Acute Community Trusts,Acute and Acute & Community Trusts,5.254530819454101,2253,1,Occupation Group,https://www.nhsstaffsurveys.com/static/1db353afdd53058839c0f534ae2a05c3/NSS23-Detailed-spreadsheets.zip,2026-09-11T18:45:21.455412+00:00,91c2d44e62c12ca6e58a2ea0e8ebc12f32dd282b4c7d226c5112eff601a4b89a,NSS23 Detailed spreadsheets/NSS23 detailed spreadsheets organisational results.xlsx,23e8d2a91ee349c2a9a5b614a245341928a97fe00ac9e492064e31d9d5d14de1,PEOPLE PROMISE ELEMENTS,111,AC111,AD111,2024-05-30 14:47:21,Available annual archive version; not claimed to be exact first-publication-day bytes
2023,2023,RFR,The Rotherham NHS Foundation Trust,Acute&Acute Community Trusts,Acute and Acute & Community Trusts,5.128367400160893,3226,1,Occupation Group,https://www.nhsstaffsurveys.com/static/1db353afdd53058839c0f534ae2a05c3/NSS23-Detailed-spreadsheets.zip,2026-09-11T18:45:21.455412+00:00,91c2d44e62c12ca6e58a2ea0e8ebc12f32dd282b4c7d226c5112eff601a4b89a,NSS23 Detailed spreadsheets/NSS23 detailed spreadsheets organisational results.xlsx,23e8d2a91ee349c2a9a5b614a245341928a97fe00ac9e492064e31d9d5d14de1,PEOPLE PROMISE ELEMENTS,112,AC112,AD112,2024-05-30 14:47:21,Available annual archive version; not claimed to be exact first-publication-day bytes
2023,2023,RFS,Chesterfield Royal Hospital NHS Foundation Trust,Acute&Acute Community Trusts,Acute and Acute & Community Trusts,5.260902215939883,2980,1,Occupation Group,https://www.nhsstaffsurveys.com/static/1db353afdd53058839c0f534ae2a05c3/NSS23-Detailed-spreadsheets.zip,2026-09-11T18:45:21.455412+00:00,91c2d44e62c12ca6e58a2ea0e8ebc12f32dd282b4c7d226c5112eff601a4b89a,NSS23 Detailed spreadsheets/NSS23 detailed spreadsheets organisational results.xlsx,23e8d2a91ee349c2a9a5b614a245341928a97fe00ac9e492064e31d9d5d14de1,PEOPLE PROMISE ELEMENTS,113,AC113,AD113,2024-05-30 14:47:21,Available annual archive version; not claimed to be exact first-publication-day bytes
2023,2023,RGD,Leeds and York Partnership NHS Foundation Trust,"MH&LD, MH, LD&Community Trusts","Mental Health & Learning Disability and Mental Health, Learning Disability & Community Trusts",5.371327775749858,1561,1,Occupation Group,https://www.nhsstaffsurveys.com/static/1db353afdd53058839c0f534ae2a05c3/NSS23-Detailed-spreadsheets.zip,2026-09-11T18:45:21.455412+00:00,91c2d44e62c12ca6e58a2ea0e8ebc12f32dd282b4c7d226c5112eff601a4b89a,NSS23 Detailed spreadsheets/NSS23 detailed spreadsheets organisational results.xlsx,23e8d2a91ee349c2a9a5b614a245341928a97fe00ac9e492064e31d9d5d14de1,PEOPLE PROMISE ELEMENTS,114,AC114,AD114,2024-05-30 14:47:21,Available annual archive version; not claimed to be exact first-publication-day bytes
2023,2023,RGM,Royal Papworth Hospital NHS Foundation Trust,Acute Specialist Trusts,Acute Specialist Trusts,5.051741006411141,1179,1,Occupation Group,https://www.nhsstaffsurveys.com/static/1db353afdd53058839c0f534ae2a05c3/NSS23-Detailed-spreadsheets.zip,2026-09-11T18:45:21.455412+00:00,91c2d44e62c12ca6e58a2ea0e8ebc12f32dd282b4c7d226c5112eff601a4b89a,NSS23 Detailed spreadsheets/NSS23 detailed spreadsheets organisational results.xlsx,23e8d2a91ee349c2a9a5b614a245341928a97fe00ac9e492064e31d9d5d14de1,PEOPLE PROMISE ELEMENTS,115,AC115,AD115,2024-05-30 14:47:21,Available annual archive version; not claimed to be exact first-publication-day bytes
2023,2023,RGN,North West Anglia NHS Foundation Trust,Acute&Acute Community Trusts,Acute and Acute & Community Trusts,4.7331934334538355,3255,1,Occupation Group,https://www.nhsstaffsurveys.com/static/1db353afdd53058839c0f534ae2a05c3/NSS23-Detailed-spreadsheets.zip,2026-09-11T18:45:21.455412+00:00,91c2d44e62c12ca6e58a2ea0e8ebc12f32dd282b4c7d226c5112eff601a4b89a,NSS23 Detailed spreadsheets/NSS23 detailed spreadsheets organisational results.xlsx,23e8d2a91ee349c2a9a5b614a245341928a97fe00ac9e492064e31d9d5d14de1,PEOPLE PROMISE ELEMENTS,116,AC116,AD116,2024-05-30 14:47:21,Available annual archive version; not claimed to be exact first-publication-day bytes
2023,2023,RGP,James Paget University Hospitals NHS Foundation Trust,Acute&Acute Community Trusts,Acute and Acute & Community Trusts,4.794381128325491,1713,1,Occupation Group,https://www.nhsstaffsurveys.com/static/1db353afdd53058839c0f534ae2a05c3/NSS23-Detailed-spreadsheets.zip,2026-09-11T18:45:21.455412+00:00,91c2d44e62c12ca6e58a2ea0e8ebc12f32dd282b4c7d226c5112eff601a4b89a,NSS23 Detailed spreadsheets/NSS23 detailed spreadsheets organisational results.xlsx,23e8d2a91ee349c2a9a5b614a245341928a97fe00ac9e492064e31d9d5d14de1,PEOPLE PROMISE ELEMENTS,117,AC117,AD117,2024-05-30 14:47:21,Available annual archive version; not claimed to be exact first-publication-day bytes
2023,2023,RGR,West Suffolk NHS Foundation Trust,Acute&Acute Community Trusts,Acute and Acute & Community Trusts,5.075576544759662,2418,1,Occupation Group,https://www.nhsstaffsurveys.com/static/1db353afdd53058839c0f534ae2a05c3/NSS23-Detailed-spreadsheets.zip,2026-09-11T18:45:21.455412+00:00,91c2d44e62c12ca6e58a2ea0e8ebc12f32dd282b4c7d226c5112eff601a4b89a,NSS23 Detailed spreadsheets/NSS23 detailed spreadsheets organisational results.xlsx,23e8d2a91ee349c2a9a5b614a245341928a97fe00ac9e492064e31d9d5d14de1,PEOPLE PROMISE ELEMENTS,118,AC118,AD118,2024-05-30 14:47:21,Available annual archive version; not claimed to be exact first-publication-day bytes
2023,2023,RGT,Cambridge University Hospitals NHS Foundation Trust,Acute&Acute Community Trusts,Acute and Acute & Community Trusts,4.895741399500053,4420,1,Occupation Group,https://www.nhsstaffsurveys.com/static/1db353afdd53058839c0f534ae2a05c3/NSS23-Detailed-spreadsheets.zip,2026-09-11T18:45:21.455412+00:00,91c2d44e62c12ca6e58a2ea0e8ebc12f32dd282b4c7d226c5112eff601a4b89a,NSS23 Detailed spreadsheets/NSS23 detailed spreadsheets organisational results.xlsx,23e8d2a91ee349c2a9a5b614a245341928a97fe00ac9e492064e31d9d5d14de1,PEOPLE PROMISE ELEMENTS,119,AC119,AD119,2024-05-30 14:47:21,Available annual archive version; not claimed to be exact first-publication-day bytes
2023,2023,RH5,Somerset NHS Foundation Trust,Acute&Acute Community Trusts,Acute and Acute & Community Trusts,5.263320337619723,6851,1,Occupation Group,https://www.nhsstaffsurveys.com/static/1db353afdd53058839c0f534ae2a05c3/NSS23-Detailed-spreadsheets.zip,2026-09-11T18:45:21.455412+00:00,91c2d44e62c12ca6e58a2ea0e8ebc12f32dd282b4c7d226c5112eff601a4b89a,NSS23 Detailed spreadsheets/NSS23 detailed spreadsheets organisational results.xlsx,23e8d2a91ee349c2a9a5b614a245341928a97fe00ac9e492064e31d9d5d14de1,PEOPLE PROMISE ELEMENTS,120,AC120,AD120,2024-05-30 14:47:21,Available annual archive version; not claimed to be exact first-publication-day bytes
2023,2023,RH8,Royal Devon University Healthcare NHS Foundation Trust,Acute&Acute Community Trusts,Acute and Acute & Community Trusts,5.166950764456293,4627,1,Occupation Group,https://www.nhsstaffsurveys.com/static/1db353afdd53058839c0f534ae2a05c3/NSS23-Detailed-spreadsheets.zip,2026-09-11T18:45:21.455412+00:00,91c2d44e62c12ca6e58a2ea0e8ebc12f32dd282b4c7d226c5112eff601a4b89a,NSS23 Detailed spreadsheets/NSS23 detailed spreadsheets organisational results.xlsx,23e8d2a91ee349c2a9a5b614a245341928a97fe00ac9e492064e31d9d5d14de1,PEOPLE PROMISE ELEMENTS,121,AC121,AD121,2024-05-30 14:47:21,Available annual archive version; not claimed to be exact first-publication-day bytes
2023,2023,RHA,Nottinghamshire Healthcare NHS Foundation Trust,"MH&LD, MH, LD&Community Trusts","Mental Health & Learning Disability and Mental Health, Learning Disability & Community Trusts",5.121058079477253,4733,1,Occupation Group,https://www.nhsstaffsurveys.com/static/1db353afdd53058839c0f534ae2a05c3/NSS23-Detailed-spreadsheets.zip,2026-09-11T18:45:21.455412+00:00,91c2d44e62c12ca6e58a2ea0e8ebc12f32dd282b4c7d226c5112eff601a4b89a,NSS23 Detailed spreadsheets/NSS23 detailed spreadsheets organisational results.xlsx,23e8d2a91ee349c2a9a5b614a245341928a97fe00ac9e492064e31d9d5d14de1,PEOPLE PROMISE ELEMENTS,122,AC122,AD122,2024-05-30 14:47:21,Available annual archive version; not claimed to be exact first-publication-day bytes
2023,2023,RHM,University Hospital Southampton NHS Foundation Trust,Acute&Acute Community Trusts,Acute and Acute & Community Trusts,5.127370956647176,5548,1,Occupation Group,https://www.nhsstaffsurveys.com/static/1db353afdd53058839c0f534ae2a05c3/NSS23-Detailed-spreadsheets.zip,2026-09-11T18:45:21.455412+00:00,91c2d44e62c12ca6e58a2ea0e8ebc12f32dd282b4c7d226c5112eff601a4b89a,NSS23 Detailed spreadsheets/NSS23 detailed spreadsheets organisational results.xlsx,23e8d2a91ee349c2a9a5b614a245341928a97fe00ac9e492064e31d9d5d14de1,PEOPLE PROMISE ELEMENTS,123,AC123,AD123,2024-05-30 14:47:21,Available annual archive version; not claimed to be exact first-publication-day bytes
2023,2023,RHQ,Sheffield Teaching Hospitals NHS Foundation Trust,Acute&Acute Community Trusts,Acute and Acute & Community Trusts,4.889180268938996,7094,1,Occupation Group,https://www.nhsstaffsurveys.com/static/1db353afdd53058839c0f534ae2a05c3/NSS23-Detailed-spreadsheets.zip,2026-09-11T18:45:21.455412+00:00,91c2d44e62c12ca6e58a2ea0e8ebc12f32dd282b4c7d226c5112eff601a4b89a,NSS23 Detailed spreadsheets/NSS23 detailed spreadsheets organisational results.xlsx,23e8d2a91ee349c2a9a5b614a245341928a97fe00ac9e492064e31d9d5d14de1,PEOPLE PROMISE ELEMENTS,124,AC124,AD124,2024-05-30 14:47:21,Available annual archive version; not claimed to be exact first-publication-day bytes
2023,2023,RHU,Portsmouth Hospitals University National Health Service Trust,Acute&Acute Community Trusts,Acute and Acute & Community Trusts,4.954402178473863,3626,1,Occupation Group,https://www.nhsstaffsurveys.com/static/1db353afdd53058839c0f534ae2a05c3/NSS23-Detailed-spreadsheets.zip,2026-09-11T18:45:21.455412+00:00,91c2d44e62c12ca6e58a2ea0e8ebc12f32dd282b4c7d226c5112eff601a4b89a,NSS23 Detailed spreadsheets/NSS23 detailed spreadsheets organisational results.xlsx,23e8d2a91ee349c2a9a5b614a245341928a97fe00ac9e492064e31d9d5d14de1,PEOPLE PROMISE ELEMENTS,125,AC125,AD125,2024-05-30 14:47:21,Available annual archive version; not claimed to be exact first-publication-day bytes
2023,2023,RHW,Royal Berkshire NHS Foundation Trust,Acute&Acute Community Trusts,Acute and Acute & Community Trusts,5.2194933494167515,3799,1,Occupation Group,https://www.nhsstaffsurveys.com/static/1db353afdd53058839c0f534ae2a05c3/NSS23-Detailed-spreadsheets.zip,2026-09-11T18:45:21.455412+00:00,91c2d44e62c12ca6e58a2ea0e8ebc12f32dd282b4c7d226c5112eff601a4b89a,NSS23 Detailed spreadsheets/NSS23 detailed spreadsheets organisational results.xlsx,23e8d2a91ee349c2a9a5b614a245341928a97fe00ac9e492064e31d9d5d14de1,PEOPLE PROMISE ELEMENTS,126,AC126,AD126,2024-05-30 14:47:21,Available annual archive version; not claimed to be exact first-publication-day bytes
2023,2023,RJ1,Guy's and St Thomas' NHS Foundation Trust,Acute&Acute Community Trusts,Acute and Acute & Community Trusts,4.862894450751266,8880,1,Occupation Group,https://www.nhsstaffsurveys.com/static/1db353afdd53058839c0f534ae2a05c3/NSS23-Detailed-spreadsheets.zip,2026-09-11T18:45:21.455412+00:00,91c2d44e62c12ca6e58a2ea0e8ebc12f32dd282b4c7d226c5112eff601a4b89a,NSS23 Detailed spreadsheets/NSS23 detailed spreadsheets organisational results.xlsx,23e8d2a91ee349c2a9a5b614a245341928a97fe00ac9e492064e31d9d5d14de1,PEOPLE PROMISE ELEMENTS,127,AC127,AD127,2024-05-30 14:47:21,Available annual archive version; not claimed to be exact first-publication-day bytes
2023,2023,RJ2,Lewisham and Greenwich NHS Trust,Acute&Acute Community Trusts,Acute and Acute & Community Trusts,4.981985019210205,3713,1,Occupation Group,https://www.nhsstaffsurveys.com/static/1db353afdd53058839c0f534ae2a05c3/NSS23-Detailed-spreadsheets.zip,2026-09-11T18:45:21.455412+00:00,91c2d44e62c12ca6e58a2ea0e8ebc12f32dd282b4c7d226c5112eff601a4b89a,NSS23 Detailed spreadsheets/NSS23 detailed spreadsheets organisational results.xlsx,23e8d2a91ee349c2a9a5b614a245341928a97fe00ac9e492064e31d9d5d14de1,PEOPLE PROMISE ELEMENTS,128,AC128,AD128,2024-05-30 14:47:21,Available annual archive version; not claimed to be exact first-publication-day bytes
2023,2023,RJ6,Croydon Health Services NHS Trust,Acute&Acute Community Trusts,Acute and Acute & Community Trusts,5.008963119643391,1885,1,Occupation Group,https://www.nhsstaffsurveys.com/static/1db353afdd53058839c0f534ae2a05c3/NSS23-Detailed-spreadsheets.zip,2026-09-11T18:45:21.455412+00:00,91c2d44e62c12ca6e58a2ea0e8ebc12f32dd282b4c7d226c5112eff601a4b89a,NSS23 Detailed spreadsheets/NSS23 detailed spreadsheets organisational results.xlsx,23e8d2a91ee349c2a9a5b614a245341928a97fe00ac9e492064e31d9d5d14de1,PEOPLE PROMISE ELEMENTS,129,AC129,AD129,2024-05-30 14:47:21,Available annual archive version; not claimed to be exact first-publication-day bytes
2023,2023,RJ7,St George's University Hospitals NHS Foundation Trust,Acute&Acute Community Trusts,Acute and Acute & Community Trusts,4.884167264044439,3639,1,Occupation Group,https://www.nhsstaffsurveys.com/static/1db353afdd53058839c0f534ae2a05c3/NSS23-Detailed-spreadsheets.zip,2026-09-11T18:45:21.455412+00:00,91c2d44e62c12ca6e58a2ea0e8ebc12f32dd282b4c7d226c5112eff601a4b89a,NSS23 Detailed spreadsheets/NSS23 detailed spreadsheets organisational results.xlsx,23e8d2a91ee349c2a9a5b614a245341928a97fe00ac9e492064e31d9d5d14de1,PEOPLE PROMISE ELEMENTS,130,AC130,AD130,2024-05-30 14:47:21,Available annual archive version; not claimed to be exact first-publication-day bytes
2023,2023,RJ8,Cornwall Partnership NHS Foundation Trust,"MH&LD, MH, LD&Community Trusts","Mental Health & Learning Disability and Mental Health, Learning Disability & Community Trusts",5.095949917412666,2005,1,Occupation Group,https://www.nhsstaffsurveys.com/static/1db353afdd53058839c0f534ae2a05c3/NSS23-Detailed-spreadsheets.zip,2026-09-11T18:45:21.455412+00:00,91c2d44e62c12ca6e58a2ea0e8ebc12f32dd282b4c7d226c5112eff601a4b89a,NSS23 Detailed spreadsheets/NSS23 detailed spreadsheets organisational results.xlsx,23e8d2a91ee349c2a9a5b614a245341928a97fe00ac9e492064e31d9d5d14de1,PEOPLE PROMISE ELEMENTS,131,AC131,AD131,2024-05-30 14:47:21,Available annual archive version; not claimed to be exact first-publication-day bytes
2023,2023,RJC,South Warwickshire University NHS Foundation Trust,Acute&Acute Community Trusts,Acute and Acute & Community Trusts,5.1502295535365095,2731,1,Occupation Group,https://www.nhsstaffsurveys.com/static/1db353afdd53058839c0f534ae2a05c3/NSS23-Detailed-spreadsheets.zip,2026-09-11T18:45:21.455412+00:00,91c2d44e62c12ca6e58a2ea0e8ebc12f32dd282b4c7d226c5112eff601a4b89a,NSS23 Detailed spreadsheets/NSS23 detailed spreadsheets organisational results.xlsx,23e8d2a91ee349c2a9a5b614a245341928a97fe00ac9e492064e31d9d5d14de1,PEOPLE PROMISE ELEMENTS,132,AC132,AD132,2024-05-30 14:47:21,Available annual archive version; not claimed to be exact first-publication-day bytes
2023,2023,RJE,University Hospitals of North Midlands NHS Trust,Acute&Acute Community Trusts,Acute and Acute & Community Trusts,4.957987733091135,5323,1,Occupation Group,https://www.nhsstaffsurveys.com/static/1db353afdd53058839c0f534ae2a05c3/NSS23-Detailed-spreadsheets.zip,2026-09-11T18:45:21.455412+00:00,91c2d44e62c12ca6e58a2ea0e8ebc12f32dd282b4c7d226c5112eff601a4b89a,NSS23 Detailed spreadsheets/NSS23 detailed spreadsheets organisational results.xlsx,23e8d2a91ee349c2a9a5b614a245341928a97fe00ac9e492064e31d9d5d14de1,PEOPLE PROMISE ELEMENTS,133,AC133,AD133,2024-05-30 14:47:21,Available annual archive version; not claimed to be exact first-publication-day bytes
2023,2023,RJL,Northern Lincolnshire and Goole NHS Foundation Trust,Acute&Acute Community Trusts,Acute and Acute & Community Trusts,4.974448533793621,3488,1,Occupation Group,https://www.nhsstaffsurveys.com/static/1db353afdd53058839c0f534ae2a05c3/NSS23-Detailed-spreadsheets.zip,2026-09-11T18:45:21.455412+00:00,91c2d44e62c12ca6e58a2ea0e8ebc12f32dd282b4c7d226c5112eff601a4b89a,NSS23 Detailed spreadsheets/NSS23 detailed spreadsheets organisational results.xlsx,23e8d2a91ee349c2a9a5b614a245341928a97fe00ac9e492064e31d9d5d14de1,PEOPLE PROMISE ELEMENTS,134,AC134,AD134,2024-05-30 14:47:21,Available annual archive version; not claimed to be exact first-publication-day bytes
2023,2023,RJN,East Cheshire NHS Trust,Acute&Acute Community Trusts,Acute and Acute & Community Trusts,5.014351010845563,1330,1,Occupation Group,https://www.nhsstaffsurveys.com/static/1db353afdd53058839c0f534ae2a05c3/NSS23-Detailed-spreadsheets.zip,2026-09-11T18:45:21.455412+00:00,91c2d44e62c12ca6e58a2ea0e8ebc12f32dd282b4c7d226c5112eff601a4b89a,NSS23 Detailed spreadsheets/NSS23 detailed spreadsheets organisational results.xlsx,23e8d2a91ee349c2a9a5b614a245341928a97fe00ac9e492064e31d9d5d14de1,PEOPLE PROMISE ELEMENTS,135,AC135,AD135,2024-05-30 14:47:21,Available annual archive version; not claimed to be exact first-publication-day bytes
2023,2023,RJR,Countess of Chester Hospital NHS Foundation Trust,Acute&Acute Community Trusts,Acute and Acute & Community Trusts,4.72029513763277,2014,1,Occupation Group,https://www.nhsstaffsurveys.com/static/1db353afdd53058839c0f534ae2a05c3/NSS23-Detailed-spreadsheets.zip,2026-09-11T18:45:21.455412+00:00,91c2d44e62c12ca6e58a2ea0e8ebc12f32dd282b4c7d226c5112eff601a4b89a,NSS23 Detailed spreadsheets/NSS23 detailed spreadsheets organisational results.xlsx,23e8d2a91ee349c2a9a5b614a245341928a97fe00ac9e492064e31d9d5d14de1,PEOPLE PROMISE ELEMENTS,136,AC136,AD136,2024-05-30 14:47:21,Available annual archive version; not claimed to be exact first-publication-day bytes
2023,2023,RJZ,King's College Hospital NHS Foundation Trust,Acute&Acute Community Trusts,Acute and Acute & Community Trusts,4.6526672150170905,6762,1,Occupation Group,https://www.nhsstaffsurveys.com/static/1db353afdd53058839c0f534ae2a05c3/NSS23-Detailed-spreadsheets.zip,2026-09-11T18:45:21.455412+00:00,91c2d44e62c12ca6e58a2ea0e8ebc12f32dd282b4c7d226c5112eff601a4b89a,NSS23 Detailed spreadsheets/NSS23 detailed spreadsheets organisational results.xlsx,23e8d2a91ee349c2a9a5b614a245341928a97fe00ac9e492064e31d9d5d14de1,PEOPLE PROMISE ELEMENTS,137,AC137,AD137,2024-05-30 14:47:21,Available annual archive version; not claimed to be exact first-publication-day bytes
2023,2023,RK5,Sherwood Forest Hospitals NHS Foundation Trust,Acute&Acute Community Trusts,Acute and Acute & Community Trusts,5.228434454314394,3545,1,Occupation Group,https://www.nhsstaffsurveys.com/static/1db353afdd53058839c0f534ae2a05c3/NSS23-Detailed-spreadsheets.zip,2026-09-11T18:45:21.455412+00:00,91c2d44e62c12ca6e58a2ea0e8ebc12f32dd282b4c7d226c5112eff601a4b89a,NSS23 Detailed spreadsheets/NSS23 detailed spreadsheets organisational results.xlsx,23e8d2a91ee349c2a9a5b614a245341928a97fe00ac9e492064e31d9d5d14de1,PEOPLE PROMISE ELEMENTS,138,AC138,AD138,2024-05-30 14:47:21,Available annual archive version; not claimed to be exact first-publication-day bytes
2023,2023,RK9,University Hospitals Plymouth NHS Trust,Acute&Acute Community Trusts,Acute and Acute & Community Trusts,4.93768222255877,4376,1,Occupation Group,https://www.nhsstaffsurveys.com/static/1db353afdd53058839c0f534ae2a05c3/NSS23-Detailed-spreadsheets.zip,2026-09-11T18:45:21.455412+00:00,91c2d44e62c12ca6e58a2ea0e8ebc12f32dd282b4c7d226c5112eff601a4b89a,NSS23 Detailed spreadsheets/NSS23 detailed spreadsheets organisational results.xlsx,23e8d2a91ee349c2a9a5b614a245341928a97fe00ac9e492064e31d9d5d14de1,PEOPLE PROMISE ELEMENTS,139,AC139,AD139,2024-05-30 14:47:21,Available annual archive version; not claimed to be exact first-publication-day bytes
2023,2023,RKB,University Hospitals Coventry and Warwickshire NHS Trust,Acute&Acute Community Trusts,Acute and Acute & Community Trusts,4.8501576892949325,3937,1,Occupation Group,https://www.nhsstaffsurveys.com/static/1db353afdd53058839c0f534ae2a05c3/NSS23-Detailed-spreadsheets.zip,2026-09-11T18:45:21.455412+00:00,91c2d44e62c12ca6e58a2ea0e8ebc12f32dd282b4c7d226c5112eff601a4b89a,NSS23 Detailed spreadsheets/NSS23 detailed spreadsheets organisational results.xlsx,23e8d2a91ee349c2a9a5b614a245341928a97fe00ac9e492064e31d9d5d14de1,PEOPLE PROMISE ELEMENTS,140,AC140,AD140,2024-05-30 14:47:21,Available annual archive version; not claimed to be exact first-publication-day bytes
2023,2023,RKE,Whittington Health NHS Trust,Acute&Acute Community Trusts,Acute and Acute & Community Trusts,4.931079047229178,2117,1,Occupation Group,https://www.nhsstaffsurveys.com/static/1db353afdd53058839c0f534ae2a05c3/NSS23-Detailed-spreadsheets.zip,2026-09-11T18:45:21.455412+00:00,91c2d44e62c12ca6e58a2ea0e8ebc12f32dd282b4c7d226c5112eff601a4b89a,NSS23 Detailed spreadsheets/NSS23 detailed spreadsheets organisational results.xlsx,23e8d2a91ee349c2a9a5b614a245341928a97fe00ac9e492064e31d9d5d14de1,PEOPLE PROMISE ELEMENTS,141,AC141,AD141,2024-05-30 14:47:21,Available annual archive version; not claimed to be exact first-publication-day bytes
2023,2023,RKL,West London NHS Trust,"MH&LD, MH, LD&Community Trusts","Mental Health & Learning Disability and Mental Health, Learning Disability & Community Trusts",5.330375509601212,2783,1,Occupation Group,https://www.nhsstaffsurveys.com/static/1db353afdd53058839c0f534ae2a05c3/NSS23-Detailed-spreadsheets.zip,2026-09-11T18:45:21.455412+00:00,91c2d44e62c12ca6e58a2ea0e8ebc12f32dd282b4c7d226c5112eff601a4b89a,NSS23 Detailed spreadsheets/NSS23 detailed spreadsheets organisational results.xlsx,23e8d2a91ee349c2a9a5b614a245341928a97fe00ac9e492064e31d9d5d14de1,PEOPLE PROMISE ELEMENTS,142,AC142,AD142,2024-05-30 14:47:21,Available annual archive version; not claimed to be exact first-publication-day bytes
2023,2023,RL1,The Robert Jones and Agnes Hunt Orthopaedic Hospital NHS Foundation Trust,Acute Specialist Trusts,Acute Specialist Trusts,5.437446158195932,905,1,Occupation Group,https://www.nhsstaffsurveys.com/static/1db353afdd53058839c0f534ae2a05c3/NSS23-Detailed-spreadsheets.zip,2026-09-11T18:45:21.455412+00:00,91c2d44e62c12ca6e58a2ea0e8ebc12f32dd282b4c7d226c5112eff601a4b89a,NSS23 Detailed spreadsheets/NSS23 detailed spreadsheets organisational results.xlsx,23e8d2a91ee349c2a9a5b614a245341928a97fe00ac9e492064e31d9d5d14de1,PEOPLE PROMISE ELEMENTS,143,AC143,AD143,2024-05-30 14:47:21,Available annual archive version; not claimed to be exact first-publication-day bytes
2023,2023,RL4,The Royal Wolverhampton NHS Trust,Acute&Acute Community Trusts,Acute and Acute & Community Trusts,4.9970691723735365,2609,1,Occupation Group,https://www.nhsstaffsurveys.com/static/1db353afdd53058839c0f534ae2a05c3/NSS23-Detailed-spreadsheets.zip,2026-09-11T18:45:21.455412+00:00,91c2d44e62c12ca6e58a2ea0e8ebc12f32dd282b4c7d226c5112eff601a4b89a,NSS23 Detailed spreadsheets/NSS23 detailed spreadsheets organisational results.xlsx,23e8d2a91ee349c2a9a5b614a245341928a97fe00ac9e492064e31d9d5d14de1,PEOPLE PROMISE ELEMENTS,144,AC144,AD144,2024-05-30 14:47:21,Available annual archive version; not claimed to be exact first-publication-day bytes
2023,2023,RLQ,Wye Valley NHS Trust,Acute&Acute Community Trusts,Acute and Acute & Community Trusts,5.073460183921985,1339,1,Occupation Group,https://www.nhsstaffsurveys.com/static/1db353afdd53058839c0f534ae2a05c3/NSS23-Detailed-spreadsheets.zip,2026-09-11T18:45:21.455412+00:00,91c2d44e62c12ca6e58a2ea0e8ebc12f32dd282b4c7d226c5112eff601a4b89a,NSS23 Detailed spreadsheets/NSS23 detailed spreadsheets organisational results.xlsx,23e8d2a91ee349c2a9a5b614a245341928a97fe00ac9e492064e31d9d5d14de1,PEOPLE PROMISE ELEMENTS,145,AC145,AD145,2024-05-30 14:47:21,Available annual archive version; not claimed to be exact first-publication-day bytes
2023,2023,RLT,George Eliot Hospital NHS Trust,Acute&Acute Community Trusts,Acute and Acute & Community Trusts,5.079952569067819,1498,1,Occupation Group,https://www.nhsstaffsurveys.com/static/1db353afdd53058839c0f534ae2a05c3/NSS23-Detailed-spreadsheets.zip,2026-09-11T18:45:21.455412+00:00,91c2d44e62c12ca6e58a2ea0e8ebc12f32dd282b4c7d226c5112eff601a4b89a,NSS23 Detailed spreadsheets/NSS23 detailed spreadsheets organisational results.xlsx,23e8d2a91ee349c2a9a5b614a245341928a97fe00ac9e492064e31d9d5d14de1,PEOPLE PROMISE ELEMENTS,146,AC146,AD146,2024-05-30 14:47:21,Available annual archive version; not claimed to be exact first-publication-day bytes
2023,2023,RLY,North Staffordshire Combined Healthcare NHS Trust,"MH&LD, MH, LD&Community Trusts","Mental Health & Learning Disability and Mental Health, Learning Disability & Community Trusts",5.540849108169172,1223,1,Occupation Group,https://www.nhsstaffsurveys.com/static/1db353afdd53058839c0f534ae2a05c3/NSS23-Detailed-spreadsheets.zip,2026-09-11T18:45:21.455412+00:00,91c2d44e62c12ca6e58a2ea0e8ebc12f32dd282b4c7d226c5112eff601a4b89a,NSS23 Detailed spreadsheets/NSS23 detailed spreadsheets organisational results.xlsx,23e8d2a91ee349c2a9a5b614a245341928a97fe00ac9e492064e31d9d5d14de1,PEOPLE PROMISE ELEMENTS,147,AC147,AD147,2024-05-30 14:47:21,Available annual archive version; not claimed to be exact first-publication-day bytes
2023,2023,RM1,Norfolk and Norwich University Hospitals NHS Foundation Trust,Acute&Acute Community Trusts,Acute and Acute & Community Trusts,4.687744359522527,4372,1,Occupation Group,https://www.nhsstaffsurveys.com/static/1db353afdd53058839c0f534ae2a05c3/NSS23-Detailed-spreadsheets.zip,2026-09-11T18:45:21.455412+00:00,91c2d44e62c12ca6e58a2ea0e8ebc12f32dd282b4c7d226c5112eff601a4b89a,NSS23 Detailed spreadsheets/NSS23 detailed spreadsheets organisational results.xlsx,23e8d2a91ee349c2a9a5b614a245341928a97fe00ac9e492064e31d9d5d14de1,PEOPLE PROMISE ELEMENTS,148,AC148,AD148,2024-05-30 14:47:21,Available annual archive version; not claimed to be exact first-publication-day bytes
2023,2023,RM3,Northern Care Alliance NHS Foundation Trust,Acute&Acute Community Trusts,Acute and Acute & Community Trusts,5.002899033682085,9873,1,Occupation Group,https://www.nhsstaffsurveys.com/static/1db353afdd53058839c0f534ae2a05c3/NSS23-Detailed-spreadsheets.zip,2026-09-11T18:45:21.455412+00:00,91c2d44e62c12ca6e58a2ea0e8ebc12f32dd282b4c7d226c5112eff601a4b89a,NSS23 Detailed spreadsheets/NSS23 detailed spreadsheets organisational results.xlsx,23e8d2a91ee349c2a9a5b614a245341928a97fe00ac9e492064e31d9d5d14de1,PEOPLE PROMISE ELEMENTS,149,AC149,AD149,2024-05-30 14:47:21,Available annual archive version; not claimed to be exact first-publication-day bytes
2023,2023,RMC,Bolton NHS Foundation Trust,Acute&Acute Community Trusts,Acute and Acute & Community Trusts,4.939217484935593,2504,1,Occupation Group,https://www.nhsstaffsurveys.com/static/1db353afdd53058839c0f534ae2a05c3/NSS23-Detailed-spreadsheets.zip,2026-09-11T18:45:21.455412+00:00,91c2d44e62c12ca6e58a2ea0e8ebc12f32dd282b4c7d226c5112eff601a4b89a,NSS23 Detailed spreadsheets/NSS23 detailed spreadsheets organisational results.xlsx,23e8d2a91ee349c2a9a5b614a245341928a97fe00ac9e492064e31d9d5d14de1,PEOPLE PROMISE ELEMENTS,150,AC150,AD150,2024-05-30 14:47:21,Available annual archive version; not claimed to be exact first-publication-day bytes
2023,2023,RMP,Tameside and Glossop Integrated Care NHS Foundation Trust,Acute&Acute Community Trusts,Acute and Acute & Community Trusts,5.152552861781677,1864,1,Occupation Group,https://www.nhsstaffsurveys.com/static/1db353afdd53058839c0f534ae2a05c3/NSS23-Detailed-spreadsheets.zip,2026-09-11T18:45:21.455412+00:00,91c2d44e62c12ca6e58a2ea0e8ebc12f32dd282b4c7d226c5112eff601a4b89a,NSS23 Detailed spreadsheets/NSS23 detailed spreadsheets organisational results.xlsx,23e8d2a91ee349c2a9a5b614a245341928a97fe00ac9e492064e31d9d5d14de1,PEOPLE PROMISE ELEMENTS,151,AC151,AD151,2024-05-30 14:47:21,Available annual archive version; not claimed to be exact first-publication-day bytes
2023,2023,RMY,Norfolk and Suffolk NHS Foundation Trust,"MH&LD, MH, LD&Community Trusts","Mental Health & Learning Disability and Mental Health, Learning Disability & Community Trusts",5.027412762678839,2559,1,Occupation Group,https://www.nhsstaffsurveys.com/static/1db353afdd53058839c0f534ae2a05c3/NSS23-Detailed-spreadsheets.zip,2026-09-11T18:45:21.455412+00:00,91c2d44e62c12ca6e58a2ea0e8ebc12f32dd282b4c7d226c5112eff601a4b89a,NSS23 Detailed spreadsheets/NSS23 detailed spreadsheets organisational results.xlsx,23e8d2a91ee349c2a9a5b614a245341928a97fe00ac9e492064e31d9d5d14de1,PEOPLE PROMISE ELEMENTS,152,AC152,AD152,2024-05-30 14:47:21,Available annual archive version; not claimed to be exact first-publication-day bytes
2023,2023,RN3,Great Western Hospitals NHS Foundation Trust,Acute&Acute Community Trusts,Acute and Acute & Community Trusts,5.012202746659799,3921,1,Occupation Group,https://www.nhsstaffsurveys.com/static/1db353afdd53058839c0f534ae2a05c3/NSS23-Detailed-spreadsheets.zip,2026-09-11T18:45:21.455412+00:00,91c2d44e62c12ca6e58a2ea0e8ebc12f32dd282b4c7d226c5112eff601a4b89a,NSS23 Detailed spreadsheets/NSS23 detailed spreadsheets organisational results.xlsx,23e8d2a91ee349c2a9a5b614a245341928a97fe00ac9e492064e31d9d5d14de1,PEOPLE PROMISE ELEMENTS,153,AC153,AD153,2024-05-30 14:47:21,Available annual archive version; not claimed to be exact first-publication-day bytes
2023,2023,RN5,Hampshire Hospitals NHS Foundation Trust,Acute&Acute Community Trusts,Acute and Acute & Community Trusts,4.9622493859191605,3387,1,Occupation Group,https://www.nhsstaffsurveys.com/static/1db353afdd53058839c0f534ae2a05c3/NSS23-Detailed-spreadsheets.zip,2026-09-11T18:45:21.455412+00:00,91c2d44e62c12ca6e58a2ea0e8ebc12f32dd282b4c7d226c5112eff601a4b89a,NSS23 Detailed spreadsheets/NSS23 detailed spreadsheets organisational results.xlsx,23e8d2a91ee349c2a9a5b614a245341928a97fe00ac9e492064e31d9d5d14de1,PEOPLE PROMISE ELEMENTS,154,AC154,AD154,2024-05-30 14:47:21,Available annual archive version; not claimed to be exact first-publication-day bytes
2023,2023,RN7,Dartford and Gravesham NHS Trust,Acute&Acute Community Trusts,Acute and Acute & Community Trusts,5.023105460546254,1900,1,Occupation Group,https://www.nhsstaffsurveys.com/static/1db353afdd53058839c0f534ae2a05c3/NSS23-Detailed-spreadsheets.zip,2026-09-11T18:45:21.455412+00:00,91c2d44e62c12ca6e58a2ea0e8ebc12f32dd282b4c7d226c5112eff601a4b89a,NSS23 Detailed spreadsheets/NSS23 detailed spreadsheets organisational results.xlsx,23e8d2a91ee349c2a9a5b614a245341928a97fe00ac9e492064e31d9d5d14de1,PEOPLE PROMISE ELEMENTS,155,AC155,AD155,2024-05-30 14:47:21,Available annual archive version; not claimed to be exact first-publication-day bytes
2023,2023,RNA,The Dudley Group NHS Foundation Trust,Acute&Acute Community Trusts,Acute and Acute & Community Trusts,4.797197855235142,2743,1,Occupation Group,https://www.nhsstaffsurveys.com/static/1db353afdd53058839c0f534ae2a05c3/NSS23-Detailed-spreadsheets.zip,2026-09-11T18:45:21.455412+00:00,91c2d44e62c12ca6e58a2ea0e8ebc12f32dd282b4c7d226c5112eff601a4b89a,NSS23 Detailed spreadsheets/NSS23 detailed spreadsheets organisational results.xlsx,23e8d2a91ee349c2a9a5b614a245341928a97fe00ac9e492064e31d9d5d14de1,PEOPLE PROMISE ELEMENTS,156,AC156,AD156,2024-05-30 14:47:21,Available annual archive version; not claimed to be exact first-publication-day bytes
2023,2023,RNK,Tavistock and Portman NHS Foundation Trust,"MH&LD, MH, LD&Community Trusts","Mental Health & Learning Disability and Mental Health, Learning Disability & Community Trusts",4.828392719315984,434,1,Occupation Group,https://www.nhsstaffsurveys.com/static/1db353afdd53058839c0f534ae2a05c3/NSS23-Detailed-spreadsheets.zip,2026-09-11T18:45:21.455412+00:00,91c2d44e62c12ca6e58a2ea0e8ebc12f32dd282b4c7d226c5112eff601a4b89a,NSS23 Detailed spreadsheets/NSS23 detailed spreadsheets organisational results.xlsx,23e8d2a91ee349c2a9a5b614a245341928a97fe00ac9e492064e31d9d5d14de1,PEOPLE PROMISE ELEMENTS,157,AC157,AD157,2024-05-30 14:47:21,Available annual archive version; not claimed to be exact first-publication-day bytes
2023,2023,RNN,North Cumbria Integrated Care NHS Foundation Trust,Acute&Acute Community Trusts,Acute and Acute & Community Trusts,5.09692146237418,3238,1,Occupation Group,https://www.nhsstaffsurveys.com/static/1db353afdd53058839c0f534ae2a05c3/NSS23-Detailed-spreadsheets.zip,2026-09-11T18:45:21.455412+00:00,91c2d44e62c12ca6e58a2ea0e8ebc12f32dd282b4c7d226c5112eff601a4b89a,NSS23 Detailed spreadsheets/NSS23 detailed spreadsheets organisational results.xlsx,23e8d2a91ee349c2a9a5b614a245341928a97fe00ac9e492064e31d9d5d14de1,PEOPLE PROMISE ELEMENTS,158,AC158,AD158,2024-05-30 14:47:21,Available annual archive version; not claimed to be exact first-publication-day bytes
2023,2023,RNQ,Kettering General Hospital NHS Foundation Trust,Acute&Acute Community Trusts,Acute and Acute & Community Trusts,4.856623017260198,2681,1,Occupation Group,https://www.nhsstaffsurveys.com/static/1db353afdd53058839c0f534ae2a05c3/NSS23-Detailed-spreadsheets.zip,2026-09-11T18:45:21.455412+00:00,91c2d44e62c12ca6e58a2ea0e8ebc12f32dd282b4c7d226c5112eff601a4b89a,NSS23 Detailed spreadsheets/NSS23 detailed spreadsheets organisational results.xlsx,23e8d2a91ee349c2a9a5b614a245341928a97fe00ac9e492064e31d9d5d14de1,PEOPLE PROMISE ELEMENTS,159,AC159,AD159,2024-05-30 14:47:21,Available annual archive version; not claimed to be exact first-publication-day bytes
2023,2023,RNS,Northampton General Hospital NHS Trust,Acute&Acute Community Trusts,Acute and Acute & Community Trusts,4.957234313381603,3488,1,Occupation Group,https://www.nhsstaffsurveys.com/static/1db353afdd53058839c0f534ae2a05c3/NSS23-Detailed-spreadsheets.zip,2026-09-11T18:45:21.455412+00:00,91c2d44e62c12ca6e58a2ea0e8ebc12f32dd282b4c7d226c5112eff601a4b89a,NSS23 Detailed spreadsheets/NSS23 detailed spreadsheets organisational results.xlsx,23e8d2a91ee349c2a9a5b614a245341928a97fe00ac9e492064e31d9d5d14de1,PEOPLE PROMISE ELEMENTS,160,AC160,AD160,2024-05-30 14:47:21,Available annual archive version; not claimed to be exact first-publication-day bytes
2023,2023,RNU,Oxford Health NHS Foundation Trust,"MH&LD, MH, LD&Community Trusts","Mental Health & Learning Disability and Mental Health, Learning Disability & Community Trusts",5.337669131173046,3332,1,Occupation Group,https://www.nhsstaffsurveys.com/static/1db353afdd53058839c0f534ae2a05c3/NSS23-Detailed-spreadsheets.zip,2026-09-11T18:45:21.455412+00:00,91c2d44e62c12ca6e58a2ea0e8ebc12f32dd282b4c7d226c5112eff601a4b89a,NSS23 Detailed spreadsheets/NSS23 detailed spreadsheets organisational results.xlsx,23e8d2a91ee349c2a9a5b614a245341928a97fe00ac9e492064e31d9d5d14de1,PEOPLE PROMISE ELEMENTS,161,AC161,AD161,2024-05-30 14:47:21,Available annual archive version; not claimed to be exact first-publication-day bytes
2023,2023,RNZ,Salisbury NHS Foundation Trust,Acute&Acute Community Trusts,Acute and Acute & Community Trusts,4.952767577712616,2255,1,Occupation Group,https://www.nhsstaffsurveys.com/static/1db353afdd53058839c0f534ae2a05c3/NSS23-Detailed-spreadsheets.zip,2026-09-11T18:45:21.455412+00:00,91c2d44e62c12ca6e58a2ea0e8ebc12f32dd282b4c7d226c5112eff601a4b89a,NSS23 Detailed spreadsheets/NSS23 detailed spreadsheets organisational results.xlsx,23e8d2a91ee349c2a9a5b614a245341928a97fe00ac9e492064e31d9d5d14de1,PEOPLE PROMISE ELEMENTS,162,AC162,AD162,2024-05-30 14:47:21,Available annual archive version; not claimed to be exact first-publication-day bytes
2023,2023,RP1,Northamptonshire Healthcare NHS Foundation Trust,"MH&LD, MH, LD&Community Trusts","Mental Health & Learning Disability and Mental Health, Learning Disability & Community Trusts",5.4148665810007826,2908,1,Occupation Group,https://www.nhsstaffsurveys.com/static/1db353afdd53058839c0f534ae2a05c3/NSS23-Detailed-spreadsheets.zip,2026-09-11T18:45:21.455412+00:00,91c2d44e62c12ca6e58a2ea0e8ebc12f32dd282b4c7d226c5112eff601a4b89a,NSS23 Detailed spreadsheets/NSS23 detailed spreadsheets organisational results.xlsx,23e8d2a91ee349c2a9a5b614a245341928a97fe00ac9e492064e31d9d5d14de1,PEOPLE PROMISE ELEMENTS,163,AC163,AD163,2024-05-30 14:47:21,Available annual archive version; not claimed to be exact first-publication-day bytes
2023,2023,RP4,Great Ormond Street Hospital for Children NHS Foundation Trust,Acute Specialist Trusts,Acute Specialist Trusts,4.961543848913305,2992,1,Occupation Group,https://www.nhsstaffsurveys.com/static/1db353afdd53058839c0f534ae2a05c3/NSS23-Detailed-spreadsheets.zip,2026-09-11T18:45:21.455412+00:00,91c2d44e62c12ca6e58a2ea0e8ebc12f32dd282b4c7d226c5112eff601a4b89a,NSS23 Detailed spreadsheets/NSS23 detailed spreadsheets organisational results.xlsx,23e8d2a91ee349c2a9a5b614a245341928a97fe00ac9e492064e31d9d5d14de1,PEOPLE PROMISE ELEMENTS,164,AC164,AD164,2024-05-30 14:47:21,Available annual archive version; not claimed to be exact first-publication-day bytes
2023,2023,RP5,Doncaster and Bassetlaw Teaching Hospitals NHS Foundation Trust,Acute&Acute Community Trusts,Acute and Acute & Community Trusts,5.190935076303854,4691,1,Occupation Group,https://www.nhsstaffsurveys.com/static/1db353afdd53058839c0f534ae2a05c3/NSS23-Detailed-spreadsheets.zip,2026-09-11T18:45:21.455412+00:00,91c2d44e62c12ca6e58a2ea0e8ebc12f32dd282b4c7d226c5112eff601a4b89a,NSS23 Detailed spreadsheets/NSS23 detailed spreadsheets organisational results.xlsx,23e8d2a91ee349c2a9a5b614a245341928a97fe00ac9e492064e31d9d5d14de1,PEOPLE PROMISE ELEMENTS,165,AC165,AD165,2024-05-30 14:47:21,Available annual archive version; not claimed to be exact first-publication-day bytes
2023,2023,RP6,Moorfields Eye Hospital NHS Foundation Trust,Acute Specialist Trusts,Acute Specialist Trusts,5.205114509412625,1588,1,Occupation Group,https://www.nhsstaffsurveys.com/static/1db353afdd53058839c0f534ae2a05c3/NSS23-Detailed-spreadsheets.zip,2026-09-11T18:45:21.455412+00:00,91c2d44e62c12ca6e58a2ea0e8ebc12f32dd282b4c7d226c5112eff601a4b89a,NSS23 Detailed spreadsheets/NSS23 detailed spreadsheets organisational results.xlsx,23e8d2a91ee349c2a9a5b614a245341928a97fe00ac9e492064e31d9d5d14de1,PEOPLE PROMISE ELEMENTS,166,AC166,AD166,2024-05-30 14:47:21,Available annual archive version; not claimed to be exact first-publication-day bytes
2023,2023,RP7,Lincolnshire Partnership NHS Foundation Trust,"MH&LD, MH, LD&Community Trusts","Mental Health & Learning Disability and Mental Health, Learning Disability & Community Trusts",5.44002308697404,1565,1,Occupation Group,https://www.nhsstaffsurveys.com/static/1db353afdd53058839c0f534ae2a05c3/NSS23-Detailed-spreadsheets.zip,2026-09-11T18:45:21.455412+00:00,91c2d44e62c12ca6e58a2ea0e8ebc12f32dd282b4c7d226c5112eff601a4b89a,NSS23 Detailed spreadsheets/NSS23 detailed spreadsheets organisational results.xlsx,23e8d2a91ee349c2a9a5b614a245341928a97fe00ac9e492064e31d9d5d14de1,PEOPLE PROMISE ELEMENTS,167,AC167,AD167,2024-05-30 14:47:21,Available annual archive version; not claimed to be exact first-publication-day bytes
2023,2023,RPA,Medway NHS Foundation Trust,Acute&Acute Community Trusts,Acute and Acute & Community Trusts,4.747891627596916,1930,1,Occupation Group,https://www.nhsstaffsurveys.com/static/1db353afdd53058839c0f534ae2a05c3/NSS23-Detailed-spreadsheets.zip,2026-09-11T18:45:21.455412+00:00,91c2d44e62c12ca6e58a2ea0e8ebc12f32dd282b4c7d226c5112eff601a4b89a,NSS23 Detailed spreadsheets/NSS23 detailed spreadsheets organisational results.xlsx,23e8d2a91ee349c2a9a5b614a245341928a97fe00ac9e492064e31d9d5d14de1,PEOPLE PROMISE ELEMENTS,168,AC168,AD168,2024-05-30 14:47:21,Available annual archive version; not claimed to be exact first-publication-day bytes
2023,2023,RPC,Queen Victoria Hospital NHS Foundation Trust,Acute Specialist Trusts,Acute Specialist Trusts,5.514481505224894,657,1,Occupation Group,https://www.nhsstaffsurveys.com/static/1db353afdd53058839c0f534ae2a05c3/NSS23-Detailed-spreadsheets.zip,2026-09-11T18:45:21.455412+00:00,91c2d44e62c12ca6e58a2ea0e8ebc12f32dd282b4c7d226c5112eff601a4b89a,NSS23 Detailed spreadsheets/NSS23 detailed spreadsheets organisational results.xlsx,23e8d2a91ee349c2a9a5b614a245341928a97fe00ac9e492064e31d9d5d14de1,PEOPLE PROMISE ELEMENTS,169,AC169,AD169,2024-05-30 14:47:21,Available annual archive version; not claimed to be exact first-publication-day bytes
2023,2023,RPG,Oxleas NHS Foundation Trust,"MH&LD, MH, LD&Community Trusts","Mental Health & Learning Disability and Mental Health, Learning Disability & Community Trusts",5.329527961581878,2552,1,Occupation Group,https://www.nhsstaffsurveys.com/static/1db353afdd53058839c0f534ae2a05c3/NSS23-Detailed-spreadsheets.zip,2026-09-11T18:45:21.455412+00:00,91c2d44e62c12ca6e58a2ea0e8ebc12f32dd282b4c7d226c5112eff601a4b89a,NSS23 Detailed spreadsheets/NSS23 detailed spreadsheets organisational results.xlsx,23e8d2a91ee349c2a9a5b614a245341928a97fe00ac9e492064e31d9d5d14de1,PEOPLE PROMISE ELEMENTS,170,AC170,AD170,2024-05-30 14:47:21,Available annual archive version; not claimed to be exact first-publication-day bytes
2023,2023,RPY,The Royal Marsden NHS Foundation Trust,Acute Specialist Trusts,Acute Specialist Trusts,5.049386060257906,2181,1,Occupation Group,https://www.nhsstaffsurveys.com/static/1db353afdd53058839c0f534ae2a05c3/NSS23-Detailed-spreadsheets.zip,2026-09-11T18:45:21.455412+00:00,91c2d44e62c12ca6e58a2ea0e8ebc12f32dd282b4c7d226c5112eff601a4b89a,NSS23 Detailed spreadsheets/NSS23 detailed spreadsheets organisational results.xlsx,23e8d2a91ee349c2a9a5b614a245341928a97fe00ac9e492064e31d9d5d14de1,PEOPLE PROMISE ELEMENTS,171,AC171,AD171,2024-05-30 14:47:21,Available annual archive version; not claimed to be exact first-publication-day bytes
2023,2023,RQ3,Birmingham Women's and Children's NHS Foundation Trust,Acute&Acute Community Trusts,Acute and Acute & Community Trusts,4.746489818221519,2676,1,Occupation Group,https://www.nhsstaffsurveys.com/static/1db353afdd53058839c0f534ae2a05c3/NSS23-Detailed-spreadsheets.zip,2026-09-11T18:45:21.455412+00:00,91c2d44e62c12ca6e58a2ea0e8ebc12f32dd282b4c7d226c5112eff601a4b89a,NSS23 Detailed spreadsheets/NSS23 detailed spreadsheets organisational results.xlsx,23e8d2a91ee349c2a9a5b614a245341928a97fe00ac9e492064e31d9d5d14de1,PEOPLE PROMISE ELEMENTS,172,AC172,AD172,2024-05-30 14:47:21,Available annual archive version; not claimed to be exact first-publication-day bytes
2023,2023,RQM,Chelsea and Westminster Hospital NHS Foundation Trust,Acute&Acute Community Trusts,Acute and Acute & Community Trusts,4.9468786830421205,3512,1,Occupation Group,https://www.nhsstaffsurveys.com/static/1db353afdd53058839c0f534ae2a05c3/NSS23-Detailed-spreadsheets.zip,2026-09-11T18:45:21.455412+00:00,91c2d44e62c12ca6e58a2ea0e8ebc12f32dd282b4c7d226c5112eff601a4b89a,NSS23 Detailed spreadsheets/NSS23 detailed spreadsheets organisational results.xlsx,23e8d2a91ee349c2a9a5b614a245341928a97fe00ac9e492064e31d9d5d14de1,PEOPLE PROMISE ELEMENTS,173,AC173,AD173,2024-05-30 14:47:21,Available annual archive version; not claimed to be exact first-publication-day bytes
2023,2023,RQW,The Princess Alexandra Hospital NHS Trust,Acute&Acute Community Trusts,Acute and Acute & Community Trusts,4.741722821693184,1899,1,Occupation Group,https://www.nhsstaffsurveys.com/static/1db353afdd53058839c0f534ae2a05c3/NSS23-Detailed-spreadsheets.zip,2026-09-11T18:45:21.455412+00:00,91c2d44e62c12ca6e58a2ea0e8ebc12f32dd282b4c7d226c5112eff601a4b89a,NSS23 Detailed spreadsheets/NSS23 detailed spreadsheets organisational results.xlsx,23e8d2a91ee349c2a9a5b614a245341928a97fe00ac9e492064e31d9d5d14de1,PEOPLE PROMISE ELEMENTS,174,AC174,AD174,2024-05-30 14:47:21,Available annual archive version; not claimed to be exact first-publication-day bytes
2023,2023,RQX,Homerton Healthcare NHS Foundation Trust,Acute&Acute Community Trusts,Acute and Acute & Community Trusts,4.809611014604403,1771,1,Occupation Group,https://www.nhsstaffsurveys.com/static/1db353afdd53058839c0f534ae2a05c3/NSS23-Detailed-spreadsheets.zip,2026-09-11T18:45:21.455412+00:00,91c2d44e62c12ca6e58a2ea0e8ebc12f32dd282b4c7d226c5112eff601a4b89a,NSS23 Detailed spreadsheets/NSS23 detailed spreadsheets organisational results.xlsx,23e8d2a91ee349c2a9a5b614a245341928a97fe00ac9e492064e31d9d5d14de1,PEOPLE PROMISE ELEMENTS,175,AC175,AD175,2024-05-30 14:47:21,Available annual archive version; not claimed to be exact first-publication-day bytes
2023,2023,RQY,South West London and St George's Mental Health NHS Trust,"MH&LD, MH, LD&Community Trusts","Mental Health & Learning Disability and Mental Health, Learning Disability & Community Trusts",5.165935485532245,1772,1,Occupation Group,https://www.nhsstaffsurveys.com/static/1db353afdd53058839c0f534ae2a05c3/NSS23-Detailed-spreadsheets.zip,2026-09-11T18:45:21.455412+00:00,91c2d44e62c12ca6e58a2ea0e8ebc12f32dd282b4c7d226c5112eff601a4b89a,NSS23 Detailed spreadsheets/NSS23 detailed spreadsheets organisational results.xlsx,23e8d2a91ee349c2a9a5b614a245341928a97fe00ac9e492064e31d9d5d14de1,PEOPLE PROMISE ELEMENTS,176,AC176,AD176,2024-05-30 14:47:21,Available annual archive version; not claimed to be exact first-publication-day bytes
2023,2023,RR7,Gateshead Health NHS Foundation Trust,Acute&Acute Community Trusts,Acute and Acute & Community Trusts,5.123246395689419,2134,1,Occupation Group,https://www.nhsstaffsurveys.com/static/1db353afdd53058839c0f534ae2a05c3/NSS23-Detailed-spreadsheets.zip,2026-09-11T18:45:21.455412+00:00,91c2d44e62c12ca6e58a2ea0e8ebc12f32dd282b4c7d226c5112eff601a4b89a,NSS23 Detailed spreadsheets/NSS23 detailed spreadsheets organisational results.xlsx,23e8d2a91ee349c2a9a5b614a245341928a97fe00ac9e492064e31d9d5d14de1,PEOPLE PROMISE ELEMENTS,177,AC177,AD177,2024-05-30 14:47:21,Available annual archive version; not claimed to be exact first-publication-day bytes
2023,2023,RR8,Leeds Teaching Hospitals NHS Trust,Acute&Acute Community Trusts,Acute and Acute & Community Trusts,5.059058663819919,11064,1,Occupation Group,https://www.nhsstaffsurveys.com/static/1db353afdd53058839c0f534ae2a05c3/NSS23-Detailed-spreadsheets.zip,2026-09-11T18:45:21.455412+00:00,91c2d44e62c12ca6e58a2ea0e8ebc12f32dd282b4c7d226c5112eff601a4b89a,NSS23 Detailed spreadsheets/NSS23 detailed spreadsheets organisational results.xlsx,23e8d2a91ee349c2a9a5b614a245341928a97fe00ac9e492064e31d9d5d14de1,PEOPLE PROMISE ELEMENTS,178,AC178,AD178,2024-05-30 14:47:21,Available annual archive version; not claimed to be exact first-publication-day bytes
2023,2023,RRE,Midlands Partnership NHS Foundation Trust,"MH&LD, MH, LD&Community Trusts","Mental Health & Learning Disability and Mental Health, Learning Disability & Community Trusts",5.5458434454799885,5206,1,Occupation Group,https://www.nhsstaffsurveys.com/static/1db353afdd53058839c0f534ae2a05c3/NSS23-Detailed-spreadsheets.zip,2026-09-11T18:45:21.455412+00:00,91c2d44e62c12ca6e58a2ea0e8ebc12f32dd282b4c7d226c5112eff601a4b89a,NSS23 Detailed spreadsheets/NSS23 detailed spreadsheets organisational results.xlsx,23e8d2a91ee349c2a9a5b614a245341928a97fe00ac9e492064e31d9d5d14de1,PEOPLE PROMISE ELEMENTS,179,AC179,AD179,2024-05-30 14:47:21,Available annual archive version; not claimed to be exact first-publication-day bytes
2023,2023,RRF,"Wrightington, Wigan and Leigh Teaching Hospitals NHS Foundation Trust",Acute&Acute Community Trusts,Acute and Acute & Community Trusts,5.201498625181712,2650,1,Occupation Group,https://www.nhsstaffsurveys.com/static/1db353afdd53058839c0f534ae2a05c3/NSS23-Detailed-spreadsheets.zip,2026-09-11T18:45:21.455412+00:00,91c2d44e62c12ca6e58a2ea0e8ebc12f32dd282b4c7d226c5112eff601a4b89a,NSS23 Detailed spreadsheets/NSS23 detailed spreadsheets organisational results.xlsx,23e8d2a91ee349c2a9a5b614a245341928a97fe00ac9e492064e31d9d5d14de1,PEOPLE PROMISE ELEMENTS,180,AC180,AD180,2024-05-30 14:47:21,Available annual archive version; not claimed to be exact first-publication-day bytes
2023,2023,RRJ,The Royal Orthopaedic Hospital NHS Foundation Trust,Acute Specialist Trusts,Acute Specialist Trusts,5.4438662195784255,792,1,Occupation Group,https://www.nhsstaffsurveys.com/static/1db353afdd53058839c0f534ae2a05c3/NSS23-Detailed-spreadsheets.zip,2026-09-11T18:45:21.455412+00:00,91c2d44e62c12ca6e58a2ea0e8ebc12f32dd282b4c7d226c5112eff601a4b89a,NSS23 Detailed spreadsheets/NSS23 detailed spreadsheets organisational results.xlsx,23e8d2a91ee349c2a9a5b614a245341928a97fe00ac9e492064e31d9d5d14de1,PEOPLE PROMISE ELEMENTS,181,AC181,AD181,2024-05-30 14:47:21,Available annual archive version; not claimed to be exact first-publication-day bytes
2023,2023,RRK,University Hospitals Birmingham NHS Foundation Trust,Acute&Acute Community Trusts,Acute and Acute & Community Trusts,4.756066079231489,6876,1,Occupation Group,https://www.nhsstaffsurveys.com/static/1db353afdd53058839c0f534ae2a05c3/NSS23-Detailed-spreadsheets.zip,2026-09-11T18:45:21.455412+00:00,91c2d44e62c12ca6e58a2ea0e8ebc12f32dd282b4c7d226c5112eff601a4b89a,NSS23 Detailed spreadsheets/NSS23 detailed spreadsheets organisational results.xlsx,23e8d2a91ee349c2a9a5b614a245341928a97fe00ac9e492064e31d9d5d14de1,PEOPLE PROMISE ELEMENTS,182,AC182,AD182,2024-05-30 14:47:21,Available annual archive version; not claimed to be exact first-publication-day bytes
2023,2023,RRP,"Barnet, Enfield and Haringey Mental Health NHS Trust","MH&LD, MH, LD&Community Trusts","Mental Health & Learning Disability and Mental Health, Learning Disability & Community Trusts",5.181876263477808,1201,1,Occupation Group,https://www.nhsstaffsurveys.com/static/1db353afdd53058839c0f534ae2a05c3/NSS23-Detailed-spreadsheets.zip,2026-09-11T18:45:21.455412+00:00,91c2d44e62c12ca6e58a2ea0e8ebc12f32dd282b4c7d226c5112eff601a4b89a,NSS23 Detailed spreadsheets/NSS23 detailed spreadsheets organisational results.xlsx,23e8d2a91ee349c2a9a5b614a245341928a97fe00ac9e492064e31d9d5d14de1,PEOPLE PROMISE ELEMENTS,183,AC183,AD183,2024-05-30 14:47:21,Available annual archive version; not claimed to be exact first-publication-day bytes
2023,2023,RRU,London Ambulance Service NHS Trust,Ambulance Trusts,Ambulance Trusts,4.488234996061676,5186,1,Occupation Group,https://www.nhsstaffsurveys.com/static/1db353afdd53058839c0f534ae2a05c3/NSS23-Detailed-spreadsheets.zip,2026-09-11T18:45:21.455412+00:00,91c2d44e62c12ca6e58a2ea0e8ebc12f32dd282b4c7d226c5112eff601a4b89a,NSS23 Detailed spreadsheets/NSS23 detailed spreadsheets organisational results.xlsx,23e8d2a91ee349c2a9a5b614a245341928a97fe00ac9e492064e31d9d5d14de1,PEOPLE PROMISE ELEMENTS,184,AC184,AD184,2024-05-30 14:47:21,Available annual archive version; not claimed to be exact first-publication-day bytes
2023,2023,RRV,University College London Hospitals NHS Foundation Trust,Acute&Acute Community Trusts,Acute and Acute & Community Trusts,5.097968189640836,3370,1,Occupation Group,https://www.nhsstaffsurveys.com/static/1db353afdd53058839c0f534ae2a05c3/NSS23-Detailed-spreadsheets.zip,2026-09-11T18:45:21.455412+00:00,91c2d44e62c12ca6e58a2ea0e8ebc12f32dd282b4c7d226c5112eff601a4b89a,NSS23 Detailed spreadsheets/NSS23 detailed spreadsheets organisational results.xlsx,23e8d2a91ee349c2a9a5b614a245341928a97fe00ac9e492064e31d9d5d14de1,PEOPLE PROMISE ELEMENTS,185,AC185,AD185,2024-05-30 14:47:21,Available annual archive version; not claimed to be exact first-publication-day bytes
2023,2023,RT1,Cambridgeshire and Peterborough NHS Foundation Trust,"MH&LD, MH, LD&Community Trusts","Mental Health & Learning Disability and Mental Health, Learning Disability & Community Trusts",5.301504502812221,2106,1,Occupation Group,https://www.nhsstaffsurveys.com/static/1db353afdd53058839c0f534ae2a05c3/NSS23-Detailed-spreadsheets.zip,2026-09-11T18:45:21.455412+00:00,91c2d44e62c12ca6e58a2ea0e8ebc12f32dd282b4c7d226c5112eff601a4b89a,NSS23 Detailed spreadsheets/NSS23 detailed spreadsheets organisational results.xlsx,23e8d2a91ee349c2a9a5b614a245341928a97fe00ac9e492064e31d9d5d14de1,PEOPLE PROMISE ELEMENTS,186,AC186,AD186,2024-05-30 14:47:21,Available annual archive version; not claimed to be exact first-publication-day bytes
2023,2023,RT2,Pennine Care NHS Foundation Trust,"MH&LD, MH, LD&Community Trusts","Mental Health & Learning Disability and Mental Health, Learning Disability & Community Trusts",5.359754336789966,1885,1,Occupation Group,https://www.nhsstaffsurveys.com/static/1db353afdd53058839c0f534ae2a05c3/NSS23-Detailed-spreadsheets.zip,2026-09-11T18:45:21.455412+00:00,91c2d44e62c12ca6e58a2ea0e8ebc12f32dd282b4c7d226c5112eff601a4b89a,NSS23 Detailed spreadsheets/NSS23 detailed spreadsheets organisational results.xlsx,23e8d2a91ee349c2a9a5b614a245341928a97fe00ac9e492064e31d9d5d14de1,PEOPLE PROMISE ELEMENTS,187,AC187,AD187,2024-05-30 14:47:21,Available annual archive version; not claimed to be exact first-publication-day bytes
2023,2023,RT5,Leicestershire Partnership NHS Trust,"MH&LD, MH, LD&Community Trusts","Mental Health & Learning Disability and Mental Health, Learning Disability & Community Trusts",5.260871088220389,3332,1,Occupation Group,https://www.nhsstaffsurveys.com/static/1db353afdd53058839c0f534ae2a05c3/NSS23-Detailed-spreadsheets.zip,2026-09-11T18:45:21.455412+00:00,91c2d44e62c12ca6e58a2ea0e8ebc12f32dd282b4c7d226c5112eff601a4b89a,NSS23 Detailed spreadsheets/NSS23 detailed spreadsheets organisational results.xlsx,23e8d2a91ee349c2a9a5b614a245341928a97fe00ac9e492064e31d9d5d14de1,PEOPLE PROMISE ELEMENTS,188,AC188,AD188,2024-05-30 14:47:21,Available annual archive version; not claimed to be exact first-publication-day bytes
2023,2023,RTD,The Newcastle upon Tyne Hospitals NHS Foundation Trust,Acute&Acute Community Trusts,Acute and Acute & Community Trusts,4.864180644735809,6442,1,Occupation Group,https://www.nhsstaffsurveys.com/static/1db353afdd53058839c0f534ae2a05c3/NSS23-Detailed-spreadsheets.zip,2026-09-11T18:45:21.455412+00:00,91c2d44e62c12ca6e58a2ea0e8ebc12f32dd282b4c7d226c5112eff601a4b89a,NSS23 Detailed spreadsheets/NSS23 detailed spreadsheets organisational results.xlsx,23e8d2a91ee349c2a9a5b614a245341928a97fe00ac9e492064e31d9d5d14de1,PEOPLE PROMISE ELEMENTS,189,AC189,AD189,2024-05-30 14:47:21,Available annual archive version; not claimed to be exact first-publication-day bytes
2023,2023,RTE,Gloucestershire Hospitals NHS Foundation Trust,Acute&Acute Community Trusts,Acute and Acute & Community Trusts,4.838543728706402,5464,1,Occupation Group,https://www.nhsstaffsurveys.com/static/1db353afdd53058839c0f534ae2a05c3/NSS23-Detailed-spreadsheets.zip,2026-09-11T18:45:21.455412+00:00,91c2d44e62c12ca6e58a2ea0e8ebc12f32dd282b4c7d226c5112eff601a4b89a,NSS23 Detailed spreadsheets/NSS23 detailed spreadsheets organisational results.xlsx,23e8d2a91ee349c2a9a5b614a245341928a97fe00ac9e492064e31d9d5d14de1,PEOPLE PROMISE ELEMENTS,190,AC190,AD190,2024-05-30 14:47:21,Available annual archive version; not claimed to be exact first-publication-day bytes
2023,2023,RTF,Northumbria Healthcare NHS Foundation Trust,Acute&Acute Community Trusts,Acute and Acute & Community Trusts,5.391456760607386,5815,1,Occupation Group,https://www.nhsstaffsurveys.com/static/1db353afdd53058839c0f534ae2a05c3/NSS23-Detailed-spreadsheets.zip,2026-09-11T18:45:21.455412+00:00,91c2d44e62c12ca6e58a2ea0e8ebc12f32dd282b4c7d226c5112eff601a4b89a,NSS23 Detailed spreadsheets/NSS23 detailed spreadsheets organisational results.xlsx,23e8d2a91ee349c2a9a5b614a245341928a97fe00ac9e492064e31d9d5d14de1,PEOPLE PROMISE ELEMENTS,191,AC191,AD191,2024-05-30 14:47:21,Available annual archive version; not claimed to be exact first-publication-day bytes
2023,2023,RTG,University Hospitals of Derby and Burton NHS Foundation Trust,Acute&Acute Community Trusts,Acute and Acute & Community Trusts,4.8772780944396,6945,1,Occupation Group,https://www.nhsstaffsurveys.com/static/1db353afdd53058839c0f534ae2a05c3/NSS23-Detailed-spreadsheets.zip,2026-09-11T18:45:21.455412+00:00,91c2d44e62c12ca6e58a2ea0e8ebc12f32dd282b4c7d226c5112eff601a4b89a,NSS23 Detailed spreadsheets/NSS23 detailed spreadsheets organisational results.xlsx,23e8d2a91ee349c2a9a5b614a245341928a97fe00ac9e492064e31d9d5d14de1,PEOPLE PROMISE ELEMENTS,192,AC192,AD192,2024-05-30 14:47:21,Available annual archive version; not claimed to be exact first-publication-day bytes
2023,2023,RTH,Oxford University Hospitals NHS Foundation Trust,Acute&Acute Community Trusts,Acute and Acute & Community Trusts,5.179225667734486,6563,1,Occupation Group,https://www.nhsstaffsurveys.com/static/1db353afdd53058839c0f534ae2a05c3/NSS23-Detailed-spreadsheets.zip,2026-09-11T18:45:21.455412+00:00,91c2d44e62c12ca6e58a2ea0e8ebc12f32dd282b4c7d226c5112eff601a4b89a,NSS23 Detailed spreadsheets/NSS23 detailed spreadsheets organisational results.xlsx,23e8d2a91ee349c2a9a5b614a245341928a97fe00ac9e492064e31d9d5d14de1,PEOPLE PROMISE ELEMENTS,193,AC193,AD193,2024-05-30 14:47:21,Available annual archive version; not claimed to be exact first-publication-day bytes
2023,2023,RTK,Ashford and St Peter's Hospitals NHS Foundation Trust,Acute&Acute Community Trusts,Acute and Acute & Community Trusts,5.127068551354031,2050,1,Occupation Group,https://www.nhsstaffsurveys.com/static/1db353afdd53058839c0f534ae2a05c3/NSS23-Detailed-spreadsheets.zip,2026-09-11T18:45:21.455412+00:00,91c2d44e62c12ca6e58a2ea0e8ebc12f32dd282b4c7d226c5112eff601a4b89a,NSS23 Detailed spreadsheets/NSS23 detailed spreadsheets organisational results.xlsx,23e8d2a91ee349c2a9a5b614a245341928a97fe00ac9e492064e31d9d5d14de1,PEOPLE PROMISE ELEMENTS,194,AC194,AD194,2024-05-30 14:47:21,Available annual archive version; not claimed to be exact first-publication-day bytes
2023,2023,RTP,Surrey and Sussex Healthcare NHS Trust,Acute&Acute Community Trusts,Acute and Acute & Community Trusts,5.063138308325017,2790,1,Occupation Group,https://www.nhsstaffsurveys.com/static/1db353afdd53058839c0f534ae2a05c3/NSS23-Detailed-spreadsheets.zip,2026-09-11T18:45:21.455412+00:00,91c2d44e62c12ca6e58a2ea0e8ebc12f32dd282b4c7d226c5112eff601a4b89a,NSS23 Detailed spreadsheets/NSS23 detailed spreadsheets organisational results.xlsx,23e8d2a91ee349c2a9a5b614a245341928a97fe00ac9e492064e31d9d5d14de1,PEOPLE PROMISE ELEMENTS,195,AC195,AD195,2024-05-30 14:47:21,Available annual archive version; not claimed to be exact first-publication-day bytes
2023,2023,RTQ,Gloucestershire Health and Care NHS Foundation Trust,"MH&LD, MH, LD&Community Trusts","Mental Health & Learning Disability and Mental Health, Learning Disability & Community Trusts",5.408060637072472,2798,1,Occupation Group,https://www.nhsstaffsurveys.com/static/1db353afdd53058839c0f534ae2a05c3/NSS23-Detailed-spreadsheets.zip,2026-09-11T18:45:21.455412+00:00,91c2d44e62c12ca6e58a2ea0e8ebc12f32dd282b4c7d226c5112eff601a4b89a,NSS23 Detailed spreadsheets/NSS23 detailed spreadsheets organisational results.xlsx,23e8d2a91ee349c2a9a5b614a245341928a97fe00ac9e492064e31d9d5d14de1,PEOPLE PROMISE ELEMENTS,196,AC196,AD196,2024-05-30 14:47:21,Available annual archive version; not claimed to be exact first-publication-day bytes
2023,2023,RTR,South Tees Hospitals NHS Foundation Trust,Acute&Acute Community Trusts,Acute and Acute & Community Trusts,4.966420376834645,3467,1,Occupation Group,https://www.nhsstaffsurveys.com/static/1db353afdd53058839c0f534ae2a05c3/NSS23-Detailed-spreadsheets.zip,2026-09-11T18:45:21.455412+00:00,91c2d44e62c12ca6e58a2ea0e8ebc12f32dd282b4c7d226c5112eff601a4b89a,NSS23 Detailed spreadsheets/NSS23 detailed spreadsheets organisational results.xlsx,23e8d2a91ee349c2a9a5b614a245341928a97fe00ac9e492064e31d9d5d14de1,PEOPLE PROMISE ELEMENTS,197,AC197,AD197,2024-05-30 14:47:21,Available annual archive version; not claimed to be exact first-publication-day bytes
2023,2023,RTX,University Hospitals of Morecambe Bay NHS Foundation Trust,Acute&Acute Community Trusts,Acute and Acute & Community Trusts,5.216250094160696,3131,1,Occupation Group,https://www.nhsstaffsurveys.com/static/1db353afdd53058839c0f534ae2a05c3/NSS23-Detailed-spreadsheets.zip,2026-09-11T18:45:21.455412+00:00,91c2d44e62c12ca6e58a2ea0e8ebc12f32dd282b4c7d226c5112eff601a4b89a,NSS23 Detailed spreadsheets/NSS23 detailed spreadsheets organisational results.xlsx,23e8d2a91ee349c2a9a5b614a245341928a97fe00ac9e492064e31d9d5d14de1,PEOPLE PROMISE ELEMENTS,198,AC198,AD198,2024-05-30 14:47:21,Available annual archive version; not claimed to be exact first-publication-day bytes
2023,2023,RV3,Central and North West London NHS Foundation Trust,"MH&LD, MH, LD&Community Trusts","Mental Health & Learning Disability and Mental Health, Learning Disability & Community Trusts",5.303316707377905,4466,1,Occupation Group,https://www.nhsstaffsurveys.com/static/1db353afdd53058839c0f534ae2a05c3/NSS23-Detailed-spreadsheets.zip,2026-09-11T18:45:21.455412+00:00,91c2d44e62c12ca6e58a2ea0e8ebc12f32dd282b4c7d226c5112eff601a4b89a,NSS23 Detailed spreadsheets/NSS23 detailed spreadsheets organisational results.xlsx,23e8d2a91ee349c2a9a5b614a245341928a97fe00ac9e492064e31d9d5d14de1,PEOPLE PROMISE ELEMENTS,199,AC199,AD199,2024-05-30 14:47:21,Available annual archive version; not claimed to be exact first-publication-day bytes
2023,2023,RV5,South London and Maudsley NHS Foundation Trust,"MH&LD, MH, LD&Community Trusts","Mental Health & Learning Disability and Mental Health, Learning Disability & Community Trusts",5.214412233369153,2978,1,Occupation Group,https://www.nhsstaffsurveys.com/static/1db353afdd53058839c0f534ae2a05c3/NSS23-Detailed-spreadsheets.zip,2026-09-11T18:45:21.455412+00:00,91c2d44e62c12ca6e58a2ea0e8ebc12f32dd282b4c7d226c5112eff601a4b89a,NSS23 Detailed spreadsheets/NSS23 detailed spreadsheets organisational results.xlsx,23e8d2a91ee349c2a9a5b614a245341928a97fe00ac9e492064e31d9d5d14de1,PEOPLE PROMISE ELEMENTS,200,AC200,AD200,2024-05-30 14:47:21,Available annual archive version; not claimed to be exact first-publication-day bytes
2023,2023,RV9,Humber Teaching NHS Foundation Trust,"MH&LD, MH, LD&Community Trusts","Mental Health & Learning Disability and Mental Health, Learning Disability & Community Trusts",5.398427226373436,1842,1,Occupation Group,https://www.nhsstaffsurveys.com/static/1db353afdd53058839c0f534ae2a05c3/NSS23-Detailed-spreadsheets.zip,2026-09-11T18:45:21.455412+00:00,91c2d44e62c12ca6e58a2ea0e8ebc12f32dd282b4c7d226c5112eff601a4b89a,NSS23 Detailed spreadsheets/NSS23 detailed spreadsheets organisational results.xlsx,23e8d2a91ee349c2a9a5b614a245341928a97fe00ac9e492064e31d9d5d14de1,PEOPLE PROMISE ELEMENTS,201,AC201,AD201,2024-05-30 14:47:21,Available annual archive version; not claimed to be exact first-publication-day bytes
2023,2023,RVJ,North Bristol NHS Trust,Acute&Acute Community Trusts,Acute and Acute & Community Trusts,5.10734085989574,5840,1,Occupation Group,https://www.nhsstaffsurveys.com/static/1db353afdd53058839c0f534ae2a05c3/NSS23-Detailed-spreadsheets.zip,2026-09-11T18:45:21.455412+00:00,91c2d44e62c12ca6e58a2ea0e8ebc12f32dd282b4c7d226c5112eff601a4b89a,NSS23 Detailed spreadsheets/NSS23 detailed spreadsheets organisational results.xlsx,23e8d2a91ee349c2a9a5b614a245341928a97fe00ac9e492064e31d9d5d14de1,PEOPLE PROMISE ELEMENTS,202,AC202,AD202,2024-05-30 14:47:21,Available annual archive version; not claimed to be exact first-publication-day bytes
2023,2023,RVN,Avon and Wiltshire Mental Health Partnership NHS Trust,"MH&LD, MH, LD&Community Trusts","Mental Health & Learning Disability and Mental Health, Learning Disability & Community Trusts",5.339488637434073,2464,1,Occupation Group,https://www.nhsstaffsurveys.com/static/1db353afdd53058839c0f534ae2a05c3/NSS23-Detailed-spreadsheets.zip,2026-09-11T18:45:21.455412+00:00,91c2d44e62c12ca6e58a2ea0e8ebc12f32dd282b4c7d226c5112eff601a4b89a,NSS23 Detailed spreadsheets/NSS23 detailed spreadsheets organisational results.xlsx,23e8d2a91ee349c2a9a5b614a245341928a97fe00ac9e492064e31d9d5d14de1,PEOPLE PROMISE ELEMENTS,203,AC203,AD203,2024-05-30 14:47:21,Available annual archive version; not claimed to be exact first-publication-day bytes
2023,2023,RVR,Epsom and St Helier University Hospitals NHS Trust,Acute&Acute Community Trusts,Acute and Acute & Community Trusts,5.169249790552561,3526,1,Occupation Group,https://www.nhsstaffsurveys.com/static/1db353afdd53058839c0f534ae2a05c3/NSS23-Detailed-spreadsheets.zip,2026-09-11T18:45:21.455412+00:00,91c2d44e62c12ca6e58a2ea0e8ebc12f32dd282b4c7d226c5112eff601a4b89a,NSS23 Detailed spreadsheets/NSS23 detailed spreadsheets organisational results.xlsx,23e8d2a91ee349c2a9a5b614a245341928a97fe00ac9e492064e31d9d5d14de1,PEOPLE PROMISE ELEMENTS,204,AC204,AD204,2024-05-30 14:47:21,Available annual archive version; not claimed to be exact first-publication-day bytes
2023,2023,RVV,East Kent Hospitals University NHS Foundation Trust,Acute&Acute Community Trusts,Acute and Acute & Community Trusts,4.841449882752401,4005,1,Occupation Group,https://www.nhsstaffsurveys.com/static/1db353afdd53058839c0f534ae2a05c3/NSS23-Detailed-spreadsheets.zip,2026-09-11T18:45:21.455412+00:00,91c2d44e62c12ca6e58a2ea0e8ebc12f32dd282b4c7d226c5112eff601a4b89a,NSS23 Detailed spreadsheets/NSS23 detailed spreadsheets organisational results.xlsx,23e8d2a91ee349c2a9a5b614a245341928a97fe00ac9e492064e31d9d5d14de1,PEOPLE PROMISE ELEMENTS,205,AC205,AD205,2024-05-30 14:47:21,Available annual archive version; not claimed to be exact first-publication-day bytes
2023,2023,RVW,North Tees and Hartlepool NHS Foundation Trust,Acute&Acute Community Trusts,Acute and Acute & Community Trusts,5.280187714456074,2440,1,Occupation Group,https://www.nhsstaffsurveys.com/static/1db353afdd53058839c0f534ae2a05c3/NSS23-Detailed-spreadsheets.zip,2026-09-11T18:45:21.455412+00:00,91c2d44e62c12ca6e58a2ea0e8ebc12f32dd282b4c7d226c5112eff601a4b89a,NSS23 Detailed spreadsheets/NSS23 detailed spreadsheets organisational results.xlsx,23e8d2a91ee349c2a9a5b614a245341928a97fe00ac9e492064e31d9d5d14de1,PEOPLE PROMISE ELEMENTS,206,AC206,AD206,2024-05-30 14:47:21,Available annual archive version; not claimed to be exact first-publication-day bytes
2023,2023,RW1,Southern Health NHS Foundation Trust,"MH&LD, MH, LD&Community Trusts","Mental Health & Learning Disability and Mental Health, Learning Disability & Community Trusts",5.344032649204811,3698,1,Occupation Group,https://www.nhsstaffsurveys.com/static/1db353afdd53058839c0f534ae2a05c3/NSS23-Detailed-spreadsheets.zip,2026-09-11T18:45:21.455412+00:00,91c2d44e62c12ca6e58a2ea0e8ebc12f32dd282b4c7d226c5112eff601a4b89a,NSS23 Detailed spreadsheets/NSS23 detailed spreadsheets organisational results.xlsx,23e8d2a91ee349c2a9a5b614a245341928a97fe00ac9e492064e31d9d5d14de1,PEOPLE PROMISE ELEMENTS,207,AC207,AD207,2024-05-30 14:47:21,Available annual archive version; not claimed to be exact first-publication-day bytes
2023,2023,RW4,Mersey Care NHS Foundation Trust,"MH&LD, MH, LD&Community Trusts","Mental Health & Learning Disability and Mental Health, Learning Disability & Community Trusts",5.316959248314034,4312,1,Occupation Group,https://www.nhsstaffsurveys.com/static/1db353afdd53058839c0f534ae2a05c3/NSS23-Detailed-spreadsheets.zip,2026-09-11T18:45:21.455412+00:00,91c2d44e62c12ca6e58a2ea0e8ebc12f32dd282b4c7d226c5112eff601a4b89a,NSS23 Detailed spreadsheets/NSS23 detailed spreadsheets organisational results.xlsx,23e8d2a91ee349c2a9a5b614a245341928a97fe00ac9e492064e31d9d5d14de1,PEOPLE PROMISE ELEMENTS,208,AC208,AD208,2024-05-30 14:47:21,Available annual archive version; not claimed to be exact first-publication-day bytes
2023,2023,RW5,Lancashire and South Cumbria NHS Foundation Trust,"MH&LD, MH, LD&Community Trusts","Mental Health & Learning Disability and Mental Health, Learning Disability & Community Trusts",5.301321941201148,3427,1,Occupation Group,https://www.nhsstaffsurveys.com/static/1db353afdd53058839c0f534ae2a05c3/NSS23-Detailed-spreadsheets.zip,2026-09-11T18:45:21.455412+00:00,91c2d44e62c12ca6e58a2ea0e8ebc12f32dd282b4c7d226c5112eff601a4b89a,NSS23 Detailed spreadsheets/NSS23 detailed spreadsheets organisational results.xlsx,23e8d2a91ee349c2a9a5b614a245341928a97fe00ac9e492064e31d9d5d14de1,PEOPLE PROMISE ELEMENTS,209,AC209,AD209,2024-05-30 14:47:21,Available annual archive version; not claimed to be exact first-publication-day bytes
2023,2023,RWA,Hull University Teaching Hospitals NHS Trust,Acute&Acute Community Trusts,Acute and Acute & Community Trusts,4.975808322239043,4593,1,Occupation Group,https://www.nhsstaffsurveys.com/static/1db353afdd53058839c0f534ae2a05c3/NSS23-Detailed-spreadsheets.zip,2026-09-11T18:45:21.455412+00:00,91c2d44e62c12ca6e58a2ea0e8ebc12f32dd282b4c7d226c5112eff601a4b89a,NSS23 Detailed spreadsheets/NSS23 detailed spreadsheets organisational results.xlsx,23e8d2a91ee349c2a9a5b614a245341928a97fe00ac9e492064e31d9d5d14de1,PEOPLE PROMISE ELEMENTS,210,AC210,AD210,2024-05-30 14:47:21,Available annual archive version; not claimed to be exact first-publication-day bytes
2023,2023,RWD,United Lincolnshire Hospitals NHS Trust,Acute&Acute Community Trusts,Acute and Acute & Community Trusts,4.850727103657941,3986,1,Occupation Group,https://www.nhsstaffsurveys.com/static/1db353afdd53058839c0f534ae2a05c3/NSS23-Detailed-spreadsheets.zip,2026-09-11T18:45:21.455412+00:00,91c2d44e62c12ca6e58a2ea0e8ebc12f32dd282b4c7d226c5112eff601a4b89a,NSS23 Detailed spreadsheets/NSS23 detailed spreadsheets organisational results.xlsx,23e8d2a91ee349c2a9a5b614a245341928a97fe00ac9e492064e31d9d5d14de1,PEOPLE PROMISE ELEMENTS,211,AC211,AD211,2024-05-30 14:47:21,Available annual archive version; not claimed to be exact first-publication-day bytes
2023,2023,RWE,University Hospitals of Leicester NHS Trust,Acute&Acute Community Trusts,Acute and Acute & Community Trusts,5.16855625056262,10364,1,Occupation Group,https://www.nhsstaffsurveys.com/static/1db353afdd53058839c0f534ae2a05c3/NSS23-Detailed-spreadsheets.zip,2026-09-11T18:45:21.455412+00:00,91c2d44e62c12ca6e58a2ea0e8ebc12f32dd282b4c7d226c5112eff601a4b89a,NSS23 Detailed spreadsheets/NSS23 detailed spreadsheets organisational results.xlsx,23e8d2a91ee349c2a9a5b614a245341928a97fe00ac9e492064e31d9d5d14de1,PEOPLE PROMISE ELEMENTS,212,AC212,AD212,2024-05-30 14:47:21,Available annual archive version; not claimed to be exact first-publication-day bytes
2023,2023,RWF,Maidstone and Tunbridge Wells NHS Trust,Acute&Acute Community Trusts,Acute and Acute & Community Trusts,5.107185648182267,3440,1,Occupation Group,https://www.nhsstaffsurveys.com/static/1db353afdd53058839c0f534ae2a05c3/NSS23-Detailed-spreadsheets.zip,2026-09-11T18:45:21.455412+00:00,91c2d44e62c12ca6e58a2ea0e8ebc12f32dd282b4c7d226c5112eff601a4b89a,NSS23 Detailed spreadsheets/NSS23 detailed spreadsheets organisational results.xlsx,23e8d2a91ee349c2a9a5b614a245341928a97fe00ac9e492064e31d9d5d14de1,PEOPLE PROMISE ELEMENTS,213,AC213,AD213,2024-05-30 14:47:21,Available annual archive version; not claimed to be exact first-publication-day bytes
2023,2023,RWG,West Hertfordshire Teaching Hospitals NHS Trust,Acute&Acute Community Trusts,Acute and Acute & Community Trusts,4.945765985635327,2194,1,Occupation Group,https://www.nhsstaffsurveys.com/static/1db353afdd53058839c0f534ae2a05c3/NSS23-Detailed-spreadsheets.zip,2026-09-11T18:45:21.455412+00:00,91c2d44e62c12ca6e58a2ea0e8ebc12f32dd282b4c7d226c5112eff601a4b89a,NSS23 Detailed spreadsheets/NSS23 detailed spreadsheets organisational results.xlsx,23e8d2a91ee349c2a9a5b614a245341928a97fe00ac9e492064e31d9d5d14de1,PEOPLE PROMISE ELEMENTS,214,AC214,AD214,2024-05-30 14:47:21,Available annual archive version; not claimed to be exact first-publication-day bytes
2023,2023,RWH,East and North Hertfordshire NHS Trust,Acute&Acute Community Trusts,Acute and Acute & Community Trusts,4.9638611410464675,2986,1,Occupation Group,https://www.nhsstaffsurveys.com/static/1db353afdd53058839c0f534ae2a05c3/NSS23-Detailed-spreadsheets.zip,2026-09-11T18:45:21.455412+00:00,91c2d44e62c12ca6e58a2ea0e8ebc12f32dd282b4c7d226c5112eff601a4b89a,NSS23 Detailed spreadsheets/NSS23 detailed spreadsheets organisational results.xlsx,23e8d2a91ee349c2a9a5b614a245341928a97fe00ac9e492064e31d9d5d14de1,PEOPLE PROMISE ELEMENTS,215,AC215,AD215,2024-05-30 14:47:21,Available annual archive version; not claimed to be exact first-publication-day bytes
2023,2023,RWJ,Stockport NHS Foundation Trust,Acute&Acute Community Trusts,Acute and Acute & Community Trusts,5.120171755928124,2629,1,Occupation Group,https://www.nhsstaffsurveys.com/static/1db353afdd53058839c0f534ae2a05c3/NSS23-Detailed-spreadsheets.zip,2026-09-11T18:45:21.455412+00:00,91c2d44e62c12ca6e58a2ea0e8ebc12f32dd282b4c7d226c5112eff601a4b89a,NSS23 Detailed spreadsheets/NSS23 detailed spreadsheets organisational results.xlsx,23e8d2a91ee349c2a9a5b614a245341928a97fe00ac9e492064e31d9d5d14de1,PEOPLE PROMISE ELEMENTS,216,AC216,AD216,2024-05-30 14:47:21,Available annual archive version; not claimed to be exact first-publication-day bytes
2023,2023,RWK,East London NHS Foundation Trust,"MH&LD, MH, LD&Community Trusts","Mental Health & Learning Disability and Mental Health, Learning Disability & Community Trusts",5.191513773610202,2964,1,Occupation Group,https://www.nhsstaffsurveys.com/static/1db353afdd53058839c0f534ae2a05c3/NSS23-Detailed-spreadsheets.zip,2026-09-11T18:45:21.455412+00:00,91c2d44e62c12ca6e58a2ea0e8ebc12f32dd282b4c7d226c5112eff601a4b89a,NSS23 Detailed spreadsheets/NSS23 detailed spreadsheets organisational results.xlsx,23e8d2a91ee349c2a9a5b614a245341928a97fe00ac9e492064e31d9d5d14de1,PEOPLE PROMISE ELEMENTS,217,AC217,AD217,2024-05-30 14:47:21,Available annual archive version; not claimed to be exact first-publication-day bytes
2023,2023,RWP,Worcestershire Acute Hospitals NHS Trust,Acute&Acute Community Trusts,Acute and Acute & Community Trusts,4.8550666865641565,2209,1,Occupation Group,https://www.nhsstaffsurveys.com/static/1db353afdd53058839c0f534ae2a05c3/NSS23-Detailed-spreadsheets.zip,2026-09-11T18:45:21.455412+00:00,91c2d44e62c12ca6e58a2ea0e8ebc12f32dd282b4c7d226c5112eff601a4b89a,NSS23 Detailed spreadsheets/NSS23 detailed spreadsheets organisational results.xlsx,23e8d2a91ee349c2a9a5b614a245341928a97fe00ac9e492064e31d9d5d14de1,PEOPLE PROMISE ELEMENTS,218,AC218,AD218,2024-05-30 14:47:21,Available annual archive version; not claimed to be exact first-publication-day bytes
2023,2023,RWR,Hertfordshire Partnership University NHS Foundation Trust,"MH&LD, MH, LD&Community Trusts","Mental Health & Learning Disability and Mental Health, Learning Disability & Community Trusts",5.256441076579026,2318,1,Occupation Group,https://www.nhsstaffsurveys.com/static/1db353afdd53058839c0f534ae2a05c3/NSS23-Detailed-spreadsheets.zip,2026-09-11T18:45:21.455412+00:00,91c2d44e62c12ca6e58a2ea0e8ebc12f32dd282b4c7d226c5112eff601a4b89a,NSS23 Detailed spreadsheets/NSS23 detailed spreadsheets organisational results.xlsx,23e8d2a91ee349c2a9a5b614a245341928a97fe00ac9e492064e31d9d5d14de1,PEOPLE PROMISE ELEMENTS,219,AC219,AD219,2024-05-30 14:47:21,Available annual archive version; not claimed to be exact first-publication-day bytes
2023,2023,RWV,Devon Partnership NHS Trust,"MH&LD, MH, LD&Community Trusts","Mental Health & Learning Disability and Mental Health, Learning Disability & Community Trusts",5.281357343318613,1780,1,Occupation Group,https://www.nhsstaffsurveys.com/static/1db353afdd53058839c0f534ae2a05c3/NSS23-Detailed-spreadsheets.zip,2026-09-11T18:45:21.455412+00:00,91c2d44e62c12ca6e58a2ea0e8ebc12f32dd282b4c7d226c5112eff601a4b89a,NSS23 Detailed spreadsheets/NSS23 detailed spreadsheets organisational results.xlsx,23e8d2a91ee349c2a9a5b614a245341928a97fe00ac9e492064e31d9d5d14de1,PEOPLE PROMISE ELEMENTS,220,AC220,AD220,2024-05-30 14:47:21,Available annual archive version; not claimed to be exact first-publication-day bytes
2023,2023,RWW,Warrington and Halton Teaching Hospitals NHS Foundation Trust,Acute&Acute Community Trusts,Acute and Acute & Community Trusts,5.213649943080073,2055,1,Occupation Group,https://www.nhsstaffsurveys.com/static/1db353afdd53058839c0f534ae2a05c3/NSS23-Detailed-spreadsheets.zip,2026-09-11T18:45:21.455412+00:00,91c2d44e62c12ca6e58a2ea0e8ebc12f32dd282b4c7d226c5112eff601a4b89a,NSS23 Detailed spreadsheets/NSS23 detailed spreadsheets organisational results.xlsx,23e8d2a91ee349c2a9a5b614a245341928a97fe00ac9e492064e31d9d5d14de1,PEOPLE PROMISE ELEMENTS,221,AC221,AD221,2024-05-30 14:47:21,Available annual archive version; not claimed to be exact first-publication-day bytes
2023,2023,RWX,Berkshire Healthcare NHS Foundation Trust,"MH&LD, MH, LD&Community Trusts","Mental Health & Learning Disability and Mental Health, Learning Disability & Community Trusts",5.423487760503098,3284,1,Occupation Group,https://www.nhsstaffsurveys.com/static/1db353afdd53058839c0f534ae2a05c3/NSS23-Detailed-spreadsheets.zip,2026-09-11T18:45:21.455412+00:00,91c2d44e62c12ca6e58a2ea0e8ebc12f32dd282b4c7d226c5112eff601a4b89a,NSS23 Detailed spreadsheets/NSS23 detailed spreadsheets organisational results.xlsx,23e8d2a91ee349c2a9a5b614a245341928a97fe00ac9e492064e31d9d5d14de1,PEOPLE PROMISE ELEMENTS,222,AC222,AD222,2024-05-30 14:47:21,Available annual archive version; not claimed to be exact first-publication-day bytes
2023,2023,RWY,Calderdale and Huddersfield NHS Foundation Trust,Acute&Acute Community Trusts,Acute and Acute & Community Trusts,5.042905239127994,2720,1,Occupation Group,https://www.nhsstaffsurveys.com/static/1db353afdd53058839c0f534ae2a05c3/NSS23-Detailed-spreadsheets.zip,2026-09-11T18:45:21.455412+00:00,91c2d44e62c12ca6e58a2ea0e8ebc12f32dd282b4c7d226c5112eff601a4b89a,NSS23 Detailed spreadsheets/NSS23 detailed spreadsheets organisational results.xlsx,23e8d2a91ee349c2a9a5b614a245341928a97fe00ac9e492064e31d9d5d14de1,PEOPLE PROMISE ELEMENTS,223,AC223,AD223,2024-05-30 14:47:21,Available annual archive version; not claimed to be exact first-publication-day bytes
2023,2023,RX1,Nottingham University Hospitals NHS Trust,Acute&Acute Community Trusts,Acute and Acute & Community Trusts,4.898735199281614,7984,1,Occupation Group,https://www.nhsstaffsurveys.com/static/1db353afdd53058839c0f534ae2a05c3/NSS23-Detailed-spreadsheets.zip,2026-09-11T18:45:21.455412+00:00,91c2d44e62c12ca6e58a2ea0e8ebc12f32dd282b4c7d226c5112eff601a4b89a,NSS23 Detailed spreadsheets/NSS23 detailed spreadsheets organisational results.xlsx,23e8d2a91ee349c2a9a5b614a245341928a97fe00ac9e492064e31d9d5d14de1,PEOPLE PROMISE ELEMENTS,224,AC224,AD224,2024-05-30 14:47:21,Available annual archive version; not claimed to be exact first-publication-day bytes
2023,2023,RX2,Sussex Partnership NHS Foundation Trust,"MH&LD, MH, LD&Community Trusts","Mental Health & Learning Disability and Mental Health, Learning Disability & Community Trusts",5.152164865186834,2693,1,Occupation Group,https://www.nhsstaffsurveys.com/static/1db353afdd53058839c0f534ae2a05c3/NSS23-Detailed-spreadsheets.zip,2026-09-11T18:45:21.455412+00:00,91c2d44e62c12ca6e58a2ea0e8ebc12f32dd282b4c7d226c5112eff601a4b89a,NSS23 Detailed spreadsheets/NSS23 detailed spreadsheets organisational results.xlsx,23e8d2a91ee349c2a9a5b614a245341928a97fe00ac9e492064e31d9d5d14de1,PEOPLE PROMISE ELEMENTS,225,AC225,AD225,2024-05-30 14:47:21,Available annual archive version; not claimed to be exact first-publication-day bytes
2023,2023,RX3,"Tees, Esk and Wear Valleys NHS Foundation Trust","MH&LD, MH, LD&Community Trusts","Mental Health & Learning Disability and Mental Health, Learning Disability & Community Trusts",5.235298150547851,3781,1,Occupation Group,https://www.nhsstaffsurveys.com/static/1db353afdd53058839c0f534ae2a05c3/NSS23-Detailed-spreadsheets.zip,2026-09-11T18:45:21.455412+00:00,91c2d44e62c12ca6e58a2ea0e8ebc12f32dd282b4c7d226c5112eff601a4b89a,NSS23 Detailed spreadsheets/NSS23 detailed spreadsheets organisational results.xlsx,23e8d2a91ee349c2a9a5b614a245341928a97fe00ac9e492064e31d9d5d14de1,PEOPLE PROMISE ELEMENTS,226,AC226,AD226,2024-05-30 14:47:21,Available annual archive version; not claimed to be exact first-publication-day bytes
2023,2023,RX4,"Cumbria, Northumberland, Tyne and Wear NHS Foundation Trust","MH&LD, MH, LD&Community Trusts","Mental Health & Learning Disability and Mental Health, Learning Disability & Community Trusts",5.35997750450777,3297,1,Occupation Group,https://www.nhsstaffsurveys.com/static/1db353afdd53058839c0f534ae2a05c3/NSS23-Detailed-spreadsheets.zip,2026-09-11T18:45:21.455412+00:00,91c2d44e62c12ca6e58a2ea0e8ebc12f32dd282b4c7d226c5112eff601a4b89a,NSS23 Detailed spreadsheets/NSS23 detailed spreadsheets organisational results.xlsx,23e8d2a91ee349c2a9a5b614a245341928a97fe00ac9e492064e31d9d5d14de1,PEOPLE PROMISE ELEMENTS,227,AC227,AD227,2024-05-30 14:47:21,Available annual archive version; not claimed to be exact first-publication-day bytes
2023,2023,RX6,North East Ambulance Service NHS Foundation Trust,Ambulance Trusts,Ambulance Trusts,4.730583336312797,1677,1,Occupation Group,https://www.nhsstaffsurveys.com/static/1db353afdd53058839c0f534ae2a05c3/NSS23-Detailed-spreadsheets.zip,2026-09-11T18:45:21.455412+00:00,91c2d44e62c12ca6e58a2ea0e8ebc12f32dd282b4c7d226c5112eff601a4b89a,NSS23 Detailed spreadsheets/NSS23 detailed spreadsheets organisational results.xlsx,23e8d2a91ee349c2a9a5b614a245341928a97fe00ac9e492064e31d9d5d14de1,PEOPLE PROMISE ELEMENTS,228,AC228,AD228,2024-05-30 14:47:21,Available annual archive version; not claimed to be exact first-publication-day bytes
2023,2023,RX7,North West Ambulance Service NHS Trust,Ambulance Trusts,Ambulance Trusts,4.609831936671776,3421,1,Occupation Group,https://www.nhsstaffsurveys.com/static/1db353afdd53058839c0f534ae2a05c3/NSS23-Detailed-spreadsheets.zip,2026-09-11T18:45:21.455412+00:00,91c2d44e62c12ca6e58a2ea0e8ebc12f32dd282b4c7d226c5112eff601a4b89a,NSS23 Detailed spreadsheets/NSS23 detailed spreadsheets organisational results.xlsx,23e8d2a91ee349c2a9a5b614a245341928a97fe00ac9e492064e31d9d5d14de1,PEOPLE PROMISE ELEMENTS,229,AC229,AD229,2024-05-30 14:47:21,Available annual archive version; not claimed to be exact first-publication-day bytes
2023,2023,RX8,Yorkshire Ambulance Service NHS Trust,Ambulance Trusts,Ambulance Trusts,4.491825994621192,3125,1,Occupation Group,https://www.nhsstaffsurveys.com/static/1db353afdd53058839c0f534ae2a05c3/NSS23-Detailed-spreadsheets.zip,2026-09-11T18:45:21.455412+00:00,91c2d44e62c12ca6e58a2ea0e8ebc12f32dd282b4c7d226c5112eff601a4b89a,NSS23 Detailed spreadsheets/NSS23 detailed spreadsheets organisational results.xlsx,23e8d2a91ee349c2a9a5b614a245341928a97fe00ac9e492064e31d9d5d14de1,PEOPLE PROMISE ELEMENTS,230,AC230,AD230,2024-05-30 14:47:21,Available annual archive version; not claimed to be exact first-publication-day bytes
2023,2023,RX9,East Midlands Ambulance Service NHS Trust,Ambulance Trusts,Ambulance Trusts,4.528275676105149,1783,1,Occupation Group,https://www.nhsstaffsurveys.com/static/1db353afdd53058839c0f534ae2a05c3/NSS23-Detailed-spreadsheets.zip,2026-09-11T18:45:21.455412+00:00,91c2d44e62c12ca6e58a2ea0e8ebc12f32dd282b4c7d226c5112eff601a4b89a,NSS23 Detailed spreadsheets/NSS23 detailed spreadsheets organisational results.xlsx,23e8d2a91ee349c2a9a5b614a245341928a97fe00ac9e492064e31d9d5d14de1,PEOPLE PROMISE ELEMENTS,231,AC231,AD231,2024-05-30 14:47:21,Available annual archive version; not claimed to be exact first-publication-day bytes
2023,2023,RXA,Cheshire and Wirral Partnership NHS Foundation Trust,"MH&LD, MH, LD&Community Trusts","Mental Health & Learning Disability and Mental Health, Learning Disability & Community Trusts",5.474774725440646,1890,1,Occupation Group,https://www.nhsstaffsurveys.com/static/1db353afdd53058839c0f534ae2a05c3/NSS23-Detailed-spreadsheets.zip,2026-09-11T18:45:21.455412+00:00,91c2d44e62c12ca6e58a2ea0e8ebc12f32dd282b4c7d226c5112eff601a4b89a,NSS23 Detailed spreadsheets/NSS23 detailed spreadsheets organisational results.xlsx,23e8d2a91ee349c2a9a5b614a245341928a97fe00ac9e492064e31d9d5d14de1,PEOPLE PROMISE ELEMENTS,232,AC232,AD232,2024-05-30 14:47:21,Available annual archive version; not claimed to be exact first-publication-day bytes
2023,2023,RXC,East Sussex Healthcare NHS Trust,Acute&Acute Community Trusts,Acute and Acute & Community Trusts,5.002047325120647,4034,1,Occupation Group,https://www.nhsstaffsurveys.com/static/1db353afdd53058839c0f534ae2a05c3/NSS23-Detailed-spreadsheets.zip,2026-09-11T18:45:21.455412+00:00,91c2d44e62c12ca6e58a2ea0e8ebc12f32dd282b4c7d226c5112eff601a4b89a,NSS23 Detailed spreadsheets/NSS23 detailed spreadsheets organisational results.xlsx,23e8d2a91ee349c2a9a5b614a245341928a97fe00ac9e492064e31d9d5d14de1,PEOPLE PROMISE ELEMENTS,233,AC233,AD233,2024-05-30 14:47:21,Available annual archive version; not claimed to be exact first-publication-day bytes
2023,2023,RXE,Rotherham Doncaster and South Humber NHS Foundation Trust,"MH&LD, MH, LD&Community Trusts","Mental Health & Learning Disability and Mental Health, Learning Disability & Community Trusts",5.437174363268724,2009,1,Occupation Group,https://www.nhsstaffsurveys.com/static/1db353afdd53058839c0f534ae2a05c3/NSS23-Detailed-spreadsheets.zip,2026-09-11T18:45:21.455412+00:00,91c2d44e62c12ca6e58a2ea0e8ebc12f32dd282b4c7d226c5112eff601a4b89a,NSS23 Detailed spreadsheets/NSS23 detailed spreadsheets organisational results.xlsx,23e8d2a91ee349c2a9a5b614a245341928a97fe00ac9e492064e31d9d5d14de1,PEOPLE PROMISE ELEMENTS,234,AC234,AD234,2024-05-30 14:47:21,Available annual archive version; not claimed to be exact first-publication-day bytes
2023,2023,RXF,Mid Yorkshire Teaching NHS Trust,Acute&Acute Community Trusts,Acute and Acute & Community Trusts,4.9107903889423214,2857,1,Occupation Group,https://www.nhsstaffsurveys.com/static/1db353afdd53058839c0f534ae2a05c3/NSS23-Detailed-spreadsheets.zip,2026-09-11T18:45:21.455412+00:00,91c2d44e62c12ca6e58a2ea0e8ebc12f32dd282b4c7d226c5112eff601a4b89a,NSS23 Detailed spreadsheets/NSS23 detailed spreadsheets organisational results.xlsx,23e8d2a91ee349c2a9a5b614a245341928a97fe00ac9e492064e31d9d5d14de1,PEOPLE PROMISE ELEMENTS,235,AC235,AD235,2024-05-30 14:47:21,Available annual archive version; not claimed to be exact first-publication-day bytes
2023,2023,RXG,South West Yorkshire Partnership NHS Foundation Trust,"MH&LD, MH, LD&Community Trusts","Mental Health & Learning Disability and Mental Health, Learning Disability & Community Trusts",5.506928401162346,2434,1,Occupation Group,https://www.nhsstaffsurveys.com/static/1db353afdd53058839c0f534ae2a05c3/NSS23-Detailed-spreadsheets.zip,2026-09-11T18:45:21.455412+00:00,91c2d44e62c12ca6e58a2ea0e8ebc12f32dd282b4c7d226c5112eff601a4b89a,NSS23 Detailed spreadsheets/NSS23 detailed spreadsheets organisational results.xlsx,23e8d2a91ee349c2a9a5b614a245341928a97fe00ac9e492064e31d9d5d14de1,PEOPLE PROMISE ELEMENTS,236,AC236,AD236,2024-05-30 14:47:21,Available annual archive version; not claimed to be exact first-publication-day bytes
2023,2023,RXK,Sandwell and West Birmingham Hospitals NHS Trust,Acute&Acute Community Trusts,Acute and Acute & Community Trusts,4.9610281673901735,2291,1,Occupation Group,https://www.nhsstaffsurveys.com/static/1db353afdd53058839c0f534ae2a05c3/NSS23-Detailed-spreadsheets.zip,2026-09-11T18:45:21.455412+00:00,91c2d44e62c12ca6e58a2ea0e8ebc12f32dd282b4c7d226c5112eff601a4b89a,NSS23 Detailed spreadsheets/NSS23 detailed spreadsheets organisational results.xlsx,23e8d2a91ee349c2a9a5b614a245341928a97fe00ac9e492064e31d9d5d14de1,PEOPLE PROMISE ELEMENTS,237,AC237,AD237,2024-05-30 14:47:21,Available annual archive version; not claimed to be exact first-publication-day bytes
2023,2023,RXL,Blackpool Teaching Hospitals NHS Foundation Trust,Acute&Acute Community Trusts,Acute and Acute & Community Trusts,5.090823429007644,4232,1,Occupation Group,https://www.nhsstaffsurveys.com/static/1db353afdd53058839c0f534ae2a05c3/NSS23-Detailed-spreadsheets.zip,2026-09-11T18:45:21.455412+00:00,91c2d44e62c12ca6e58a2ea0e8ebc12f32dd282b4c7d226c5112eff601a4b89a,NSS23 Detailed spreadsheets/NSS23 detailed spreadsheets organisational results.xlsx,23e8d2a91ee349c2a9a5b614a245341928a97fe00ac9e492064e31d9d5d14de1,PEOPLE PROMISE ELEMENTS,238,AC238,AD238,2024-05-30 14:47:21,Available annual archive version; not claimed to be exact first-publication-day bytes
2023,2023,RXM,Derbyshire Healthcare NHS Foundation Trust,"MH&LD, MH, LD&Community Trusts","Mental Health & Learning Disability and Mental Health, Learning Disability & Community Trusts",5.415038995620396,1898,1,Occupation Group,https://www.nhsstaffsurveys.com/static/1db353afdd53058839c0f534ae2a05c3/NSS23-Detailed-spreadsheets.zip,2026-09-11T18:45:21.455412+00:00,91c2d44e62c12ca6e58a2ea0e8ebc12f32dd282b4c7d226c5112eff601a4b89a,NSS23 Detailed spreadsheets/NSS23 detailed spreadsheets organisational results.xlsx,23e8d2a91ee349c2a9a5b614a245341928a97fe00ac9e492064e31d9d5d14de1,PEOPLE PROMISE ELEMENTS,239,AC239,AD239,2024-05-30 14:47:21,Available annual archive version; not claimed to be exact first-publication-day bytes
2023,2023,RXN,Lancashire Teaching Hospitals NHS Foundation Trust,Acute&Acute Community Trusts,Acute and Acute & Community Trusts,5.166241099415981,4530,1,Occupation Group,https://www.nhsstaffsurveys.com/static/1db353afdd53058839c0f534ae2a05c3/NSS23-Detailed-spreadsheets.zip,2026-09-11T18:45:21.455412+00:00,91c2d44e62c12ca6e58a2ea0e8ebc12f32dd282b4c7d226c5112eff601a4b89a,NSS23 Detailed spreadsheets/NSS23 detailed spreadsheets organisational results.xlsx,23e8d2a91ee349c2a9a5b614a245341928a97fe00ac9e492064e31d9d5d14de1,PEOPLE PROMISE ELEMENTS,240,AC240,AD240,2024-05-30 14:47:21,Available annual archive version; not claimed to be exact first-publication-day bytes
2023,2023,RXP,County Durham and Darlington NHS Foundation Trust,Acute&Acute Community Trusts,Acute and Acute & Community Trusts,4.972450144527128,2561,1,Occupation Group,https://www.nhsstaffsurveys.com/static/1db353afdd53058839c0f534ae2a05c3/NSS23-Detailed-spreadsheets.zip,2026-09-11T18:45:21.455412+00:00,91c2d44e62c12ca6e58a2ea0e8ebc12f32dd282b4c7d226c5112eff601a4b89a,NSS23 Detailed spreadsheets/NSS23 detailed spreadsheets organisational results.xlsx,23e8d2a91ee349c2a9a5b614a245341928a97fe00ac9e492064e31d9d5d14de1,PEOPLE PROMISE ELEMENTS,241,AC241,AD241,2024-05-30 14:47:21,Available annual archive version; not claimed to be exact first-publication-day bytes
2023,2023,RXQ,Buckinghamshire Healthcare NHS Trust,Acute&Acute Community Trusts,Acute and Acute & Community Trusts,5.220172087911009,4110,1,Occupation Group,https://www.nhsstaffsurveys.com/static/1db353afdd53058839c0f534ae2a05c3/NSS23-Detailed-spreadsheets.zip,2026-09-11T18:45:21.455412+00:00,91c2d44e62c12ca6e58a2ea0e8ebc12f32dd282b4c7d226c5112eff601a4b89a,NSS23 Detailed spreadsheets/NSS23 detailed spreadsheets organisational results.xlsx,23e8d2a91ee349c2a9a5b614a245341928a97fe00ac9e492064e31d9d5d14de1,PEOPLE PROMISE ELEMENTS,242,AC242,AD242,2024-05-30 14:47:21,Available annual archive version; not claimed to be exact first-publication-day bytes
2023,2023,RXR,East Lancashire Hospitals NHS Trust,Acute&Acute Community Trusts,Acute and Acute & Community Trusts,4.977162291553219,4381,1,Occupation Group,https://www.nhsstaffsurveys.com/static/1db353afdd53058839c0f534ae2a05c3/NSS23-Detailed-spreadsheets.zip,2026-09-11T18:45:21.455412+00:00,91c2d44e62c12ca6e58a2ea0e8ebc12f32dd282b4c7d226c5112eff601a4b89a,NSS23 Detailed spreadsheets/NSS23 detailed spreadsheets organisational results.xlsx,23e8d2a91ee349c2a9a5b614a245341928a97fe00ac9e492064e31d9d5d14de1,PEOPLE PROMISE ELEMENTS,243,AC243,AD243,2024-05-30 14:47:21,Available annual archive version; not claimed to be exact first-publication-day bytes
2023,2023,RXT,Birmingham and Solihull Mental Health NHS Foundation Trust,"MH&LD, MH, LD&Community Trusts","Mental Health & Learning Disability and Mental Health, Learning Disability & Community Trusts",5.254662403110867,2386,1,Occupation Group,https://www.nhsstaffsurveys.com/static/1db353afdd53058839c0f534ae2a05c3/NSS23-Detailed-spreadsheets.zip,2026-09-11T18:45:21.455412+00:00,91c2d44e62c12ca6e58a2ea0e8ebc12f32dd282b4c7d226c5112eff601a4b89a,NSS23 Detailed spreadsheets/NSS23 detailed spreadsheets organisational results.xlsx,23e8d2a91ee349c2a9a5b614a245341928a97fe00ac9e492064e31d9d5d14de1,PEOPLE PROMISE ELEMENTS,244,AC244,AD244,2024-05-30 14:47:21,Available annual archive version; not claimed to be exact first-publication-day bytes
2023,2023,RXV,Greater Manchester Mental Health NHS Foundation Trust,"MH&LD, MH, LD&Community Trusts","Mental Health & Learning Disability and Mental Health, Learning Disability & Community Trusts",5.087121412403057,2844,1,Occupation Group,https://www.nhsstaffsurveys.com/static/1db353afdd53058839c0f534ae2a05c3/NSS23-Detailed-spreadsheets.zip,2026-09-11T18:45:21.455412+00:00,91c2d44e62c12ca6e58a2ea0e8ebc12f32dd282b4c7d226c5112eff601a4b89a,NSS23 Detailed spreadsheets/NSS23 detailed spreadsheets organisational results.xlsx,23e8d2a91ee349c2a9a5b614a245341928a97fe00ac9e492064e31d9d5d14de1,PEOPLE PROMISE ELEMENTS,245,AC245,AD245,2024-05-30 14:47:21,Available annual archive version; not claimed to be exact first-publication-day bytes
2023,2023,RXW,The Shrewsbury and Telford Hospital NHS Trust,Acute&Acute Community Trusts,Acute and Acute & Community Trusts,4.949772006286133,3397,1,Occupation Group,https://www.nhsstaffsurveys.com/static/1db353afdd53058839c0f534ae2a05c3/NSS23-Detailed-spreadsheets.zip,2026-09-11T18:45:21.455412+00:00,91c2d44e62c12ca6e58a2ea0e8ebc12f32dd282b4c7d226c5112eff601a4b89a,NSS23 Detailed spreadsheets/NSS23 detailed spreadsheets organisational results.xlsx,23e8d2a91ee349c2a9a5b614a245341928a97fe00ac9e492064e31d9d5d14de1,PEOPLE PROMISE ELEMENTS,246,AC246,AD246,2024-05-30 14:47:21,Available annual archive version; not claimed to be exact first-publication-day bytes
2023,2023,RXX,Surrey and Borders Partnership NHS Foundation Trust,"MH&LD, MH, LD&Community Trusts","Mental Health & Learning Disability and Mental Health, Learning Disability & Community Trusts",5.3969956737022,1735,1,Occupation Group,https://www.nhsstaffsurveys.com/static/1db353afdd53058839c0f534ae2a05c3/NSS23-Detailed-spreadsheets.zip,2026-09-11T18:45:21.455412+00:00,91c2d44e62c12ca6e58a2ea0e8ebc12f32dd282b4c7d226c5112eff601a4b89a,NSS23 Detailed spreadsheets/NSS23 detailed spreadsheets organisational results.xlsx,23e8d2a91ee349c2a9a5b614a245341928a97fe00ac9e492064e31d9d5d14de1,PEOPLE PROMISE ELEMENTS,247,AC247,AD247,2024-05-30 14:47:21,Available annual archive version; not claimed to be exact first-publication-day bytes
2023,2023,RXY,Kent and Medway NHS and Social Care Partnership Trust,"MH&LD, MH, LD&Community Trusts","Mental Health & Learning Disability and Mental Health, Learning Disability & Community Trusts",5.257642407049325,1910,1,Occupation Group,https://www.nhsstaffsurveys.com/static/1db353afdd53058839c0f534ae2a05c3/NSS23-Detailed-spreadsheets.zip,2026-09-11T18:45:21.455412+00:00,91c2d44e62c12ca6e58a2ea0e8ebc12f32dd282b4c7d226c5112eff601a4b89a,NSS23 Detailed spreadsheets/NSS23 detailed spreadsheets organisational results.xlsx,23e8d2a91ee349c2a9a5b614a245341928a97fe00ac9e492064e31d9d5d14de1,PEOPLE PROMISE ELEMENTS,248,AC248,AD248,2024-05-30 14:47:21,Available annual archive version; not claimed to be exact first-publication-day bytes
2023,2023,RY2,Bridgewater Community Healthcare NHS Foundation Trust,Community Trusts,Community Trusts,5.462199529608254,964,1,Occupation Group,https://www.nhsstaffsurveys.com/static/1db353afdd53058839c0f534ae2a05c3/NSS23-Detailed-spreadsheets.zip,2026-09-11T18:45:21.455412+00:00,91c2d44e62c12ca6e58a2ea0e8ebc12f32dd282b4c7d226c5112eff601a4b89a,NSS23 Detailed spreadsheets/NSS23 detailed spreadsheets organisational results.xlsx,23e8d2a91ee349c2a9a5b614a245341928a97fe00ac9e492064e31d9d5d14de1,PEOPLE PROMISE ELEMENTS,249,AC249,AD249,2024-05-30 14:47:21,Available annual archive version; not claimed to be exact first-publication-day bytes
2023,2023,RY3,Norfolk Community Health and Care NHS Trust,Community Trusts,Community Trusts,5.259923916413789,1565,1,Occupation Group,https://www.nhsstaffsurveys.com/static/1db353afdd53058839c0f534ae2a05c3/NSS23-Detailed-spreadsheets.zip,2026-09-11T18:45:21.455412+00:00,91c2d44e62c12ca6e58a2ea0e8ebc12f32dd282b4c7d226c5112eff601a4b89a,NSS23 Detailed spreadsheets/NSS23 detailed spreadsheets organisational results.xlsx,23e8d2a91ee349c2a9a5b614a245341928a97fe00ac9e492064e31d9d5d14de1,PEOPLE PROMISE ELEMENTS,250,AC250,AD250,2024-05-30 14:47:21,Available annual archive version; not claimed to be exact first-publication-day bytes
2023,2023,RY4,Hertfordshire Community NHS Trust,Community Trusts,Community Trusts,5.448741785018481,1560,1,Occupation Group,https://www.nhsstaffsurveys.com/static/1db353afdd53058839c0f534ae2a05c3/NSS23-Detailed-spreadsheets.zip,2026-09-11T18:45:21.455412+00:00,91c2d44e62c12ca6e58a2ea0e8ebc12f32dd282b4c7d226c5112eff601a4b89a,NSS23 Detailed spreadsheets/NSS23 detailed spreadsheets organisational results.xlsx,23e8d2a91ee349c2a9a5b614a245341928a97fe00ac9e492064e31d9d5d14de1,PEOPLE PROMISE ELEMENTS,251,AC251,AD251,2024-05-30 14:47:21,Available annual archive version; not claimed to be exact first-publication-day bytes
2023,2023,RY5,Lincolnshire Community Health Services NHS Trust,Community Trusts,Community Trusts,5.238567633002934,1266,1,Occupation Group,https://www.nhsstaffsurveys.com/static/1db353afdd53058839c0f534ae2a05c3/NSS23-Detailed-spreadsheets.zip,2026-09-11T18:45:21.455412+00:00,91c2d44e62c12ca6e58a2ea0e8ebc12f32dd282b4c7d226c5112eff601a4b89a,NSS23 Detailed spreadsheets/NSS23 detailed spreadsheets organisational results.xlsx,23e8d2a91ee349c2a9a5b614a245341928a97fe00ac9e492064e31d9d5d14de1,PEOPLE PROMISE ELEMENTS,252,AC252,AD252,2024-05-30 14:47:21,Available annual archive version; not claimed to be exact first-publication-day bytes
2023,2023,RY6,Leeds Community Healthcare NHS Trust,Community Trusts,Community Trusts,5.178071120384572,2035,1,Occupation Group,https://www.nhsstaffsurveys.com/static/1db353afdd53058839c0f534ae2a05c3/NSS23-Detailed-spreadsheets.zip,2026-09-11T18:45:21.455412+00:00,91c2d44e62c12ca6e58a2ea0e8ebc12f32dd282b4c7d226c5112eff601a4b89a,NSS23 Detailed spreadsheets/NSS23 detailed spreadsheets organisational results.xlsx,23e8d2a91ee349c2a9a5b614a245341928a97fe00ac9e492064e31d9d5d14de1,PEOPLE PROMISE ELEMENTS,253,AC253,AD253,2024-05-30 14:47:21,Available annual archive version; not claimed to be exact first-publication-day bytes
2023,2023,RY7,Wirral Community Health and Care NHS Foundation Trust,Community Trusts,Community Trusts,5.209808827756644,1047,1,Occupation Group,https://www.nhsstaffsurveys.com/static/1db353afdd53058839c0f534ae2a05c3/NSS23-Detailed-spreadsheets.zip,2026-09-11T18:45:21.455412+00:00,91c2d44e62c12ca6e58a2ea0e8ebc12f32dd282b4c7d226c5112eff601a4b89a,NSS23 Detailed spreadsheets/NSS23 detailed spreadsheets organisational results.xlsx,23e8d2a91ee349c2a9a5b614a245341928a97fe00ac9e492064e31d9d5d14de1,PEOPLE PROMISE ELEMENTS,254,AC254,AD254,2024-05-30 14:47:21,Available annual archive version; not claimed to be exact first-publication-day bytes
2023,2023,RY8,Derbyshire Community Health Services NHS Foundation Trust,Community Trusts,Community Trusts,5.393873593458718,2647,1,Occupation Group,https://www.nhsstaffsurveys.com/static/1db353afdd53058839c0f534ae2a05c3/NSS23-Detailed-spreadsheets.zip,2026-09-11T18:45:21.455412+00:00,91c2d44e62c12ca6e58a2ea0e8ebc12f32dd282b4c7d226c5112eff601a4b89a,NSS23 Detailed spreadsheets/NSS23 detailed spreadsheets organisational results.xlsx,23e8d2a91ee349c2a9a5b614a245341928a97fe00ac9e492064e31d9d5d14de1,PEOPLE PROMISE ELEMENTS,255,AC255,AD255,2024-05-30 14:47:21,Available annual archive version; not claimed to be exact first-publication-day bytes
2023,2023,RY9,Hounslow and Richmond Community Healthcare NHS Trust,Community Trusts,Community Trusts,5.278876201858898,751,1,Occupation Group,https://www.nhsstaffsurveys.com/static/1db353afdd53058839c0f534ae2a05c3/NSS23-Detailed-spreadsheets.zip,2026-09-11T18:45:21.455412+00:00,91c2d44e62c12ca6e58a2ea0e8ebc12f32dd282b4c7d226c5112eff601a4b89a,NSS23 Detailed spreadsheets/NSS23 detailed spreadsheets organisational results.xlsx,23e8d2a91ee349c2a9a5b614a245341928a97fe00ac9e492064e31d9d5d14de1,PEOPLE PROMISE ELEMENTS,256,AC256,AD256,2024-05-30 14:47:21,Available annual archive version; not claimed to be exact first-publication-day bytes
2023,2023,RYA,West Midlands Ambulance Service University NHS Foundation Trust,Ambulance Trusts,Ambulance Trusts,4.2763027325135665,2657,1,Occupation Group,https://www.nhsstaffsurveys.com/static/1db353afdd53058839c0f534ae2a05c3/NSS23-Detailed-spreadsheets.zip,2026-09-11T18:45:21.455412+00:00,91c2d44e62c12ca6e58a2ea0e8ebc12f32dd282b4c7d226c5112eff601a4b89a,NSS23 Detailed spreadsheets/NSS23 detailed spreadsheets organisational results.xlsx,23e8d2a91ee349c2a9a5b614a245341928a97fe00ac9e492064e31d9d5d14de1,PEOPLE PROMISE ELEMENTS,257,AC257,AD257,2024-05-30 14:47:21,Available annual archive version; not claimed to be exact first-publication-day bytes
2023,2023,RYC,East of England Ambulance Service NHS Trust,Ambulance Trusts,Ambulance Trusts,4.315427490362512,3059,1,Occupation Group,https://www.nhsstaffsurveys.com/static/1db353afdd53058839c0f534ae2a05c3/NSS23-Detailed-spreadsheets.zip,2026-09-11T18:45:21.455412+00:00,91c2d44e62c12ca6e58a2ea0e8ebc12f32dd282b4c7d226c5112eff601a4b89a,NSS23 Detailed spreadsheets/NSS23 detailed spreadsheets organisational results.xlsx,23e8d2a91ee349c2a9a5b614a245341928a97fe00ac9e492064e31d9d5d14de1,PEOPLE PROMISE ELEMENTS,258,AC258,AD258,2024-05-30 14:47:21,Available annual archive version; not claimed to be exact first-publication-day bytes
2023,2023,RYD,South East Coast Ambulance Service NHS Foundation Trust,Ambulance Trusts,Ambulance Trusts,4.395618396236483,2713,1,Occupation Group,https://www.nhsstaffsurveys.com/static/1db353afdd53058839c0f534ae2a05c3/NSS23-Detailed-spreadsheets.zip,2026-09-11T18:45:21.455412+00:00,91c2d44e62c12ca6e58a2ea0e8ebc12f32dd282b4c7d226c5112eff601a4b89a,NSS23 Detailed spreadsheets/NSS23 detailed spreadsheets organisational results.xlsx,23e8d2a91ee349c2a9a5b614a245341928a97fe00ac9e492064e31d9d5d14de1,PEOPLE PROMISE ELEMENTS,259,AC259,AD259,2024-05-30 14:47:21,Available annual archive version; not claimed to be exact first-publication-day bytes
2023,2023,RYE,South Central Ambulance Service NHS Foundation Trust,Ambulance Trusts,Ambulance Trusts,4.454960727337907,2418,1,Occupation Group,https://www.nhsstaffsurveys.com/static/1db353afdd53058839c0f534ae2a05c3/NSS23-Detailed-spreadsheets.zip,2026-09-11T18:45:21.455412+00:00,91c2d44e62c12ca6e58a2ea0e8ebc12f32dd282b4c7d226c5112eff601a4b89a,NSS23 Detailed spreadsheets/NSS23 detailed spreadsheets organisational results.xlsx,23e8d2a91ee349c2a9a5b614a245341928a97fe00ac9e492064e31d9d5d14de1,PEOPLE PROMISE ELEMENTS,260,AC260,AD260,2024-05-30 14:47:21,Available annual archive version; not claimed to be exact first-publication-day bytes
2023,2023,RYF,South Western Ambulance Service NHS Foundation Trust,Ambulance Trusts,Ambulance Trusts,4.331683337271643,2901,1,Occupation Group,https://www.nhsstaffsurveys.com/static/1db353afdd53058839c0f534ae2a05c3/NSS23-Detailed-spreadsheets.zip,2026-09-11T18:45:21.455412+00:00,91c2d44e62c12ca6e58a2ea0e8ebc12f32dd282b4c7d226c5112eff601a4b89a,NSS23 Detailed spreadsheets/NSS23 detailed spreadsheets organisational results.xlsx,23e8d2a91ee349c2a9a5b614a245341928a97fe00ac9e492064e31d9d5d14de1,PEOPLE PROMISE ELEMENTS,261,AC261,AD261,2024-05-30 14:47:21,Available annual archive version; not claimed to be exact first-publication-day bytes
2023,2023,RYG,Coventry and Warwickshire Partnership NHS Trust,"MH&LD, MH, LD&Community Trusts","Mental Health & Learning Disability and Mental Health, Learning Disability & Community Trusts",5.246989131755165,1556,1,Occupation Group,https://www.nhsstaffsurveys.com/static/1db353afdd53058839c0f534ae2a05c3/NSS23-Detailed-spreadsheets.zip,2026-09-11T18:45:21.455412+00:00,91c2d44e62c12ca6e58a2ea0e8ebc12f32dd282b4c7d226c5112eff601a4b89a,NSS23 Detailed spreadsheets/NSS23 detailed spreadsheets organisational results.xlsx,23e8d2a91ee349c2a9a5b614a245341928a97fe00ac9e492064e31d9d5d14de1,PEOPLE PROMISE ELEMENTS,262,AC262,AD262,2024-05-30 14:47:21,Available annual archive version; not claimed to be exact first-publication-day bytes
2023,2023,RYJ,Imperial College Healthcare NHS Trust,Acute&Acute Community Trusts,Acute and Acute & Community Trusts,5.039652646316828,8459,1,Occupation Group,https://www.nhsstaffsurveys.com/static/1db353afdd53058839c0f534ae2a05c3/NSS23-Detailed-spreadsheets.zip,2026-09-11T18:45:21.455412+00:00,91c2d44e62c12ca6e58a2ea0e8ebc12f32dd282b4c7d226c5112eff601a4b89a,NSS23 Detailed spreadsheets/NSS23 detailed spreadsheets organisational results.xlsx,23e8d2a91ee349c2a9a5b614a245341928a97fe00ac9e492064e31d9d5d14de1,PEOPLE PROMISE ELEMENTS,263,AC263,AD263,2024-05-30 14:47:21,Available annual archive version; not claimed to be exact first-publication-day bytes
2023,2023,RYK,Dudley Integrated Health and Care NHS Trust,Community Trusts,Community Trusts,5.294001684627458,222,1,Occupation Group,https://www.nhsstaffsurveys.com/static/1db353afdd53058839c0f534ae2a05c3/NSS23-Detailed-spreadsheets.zip,2026-09-11T18:45:21.455412+00:00,91c2d44e62c12ca6e58a2ea0e8ebc12f32dd282b4c7d226c5112eff601a4b89a,NSS23 Detailed spreadsheets/NSS23 detailed spreadsheets organisational results.xlsx,23e8d2a91ee349c2a9a5b614a245341928a97fe00ac9e492064e31d9d5d14de1,PEOPLE PROMISE ELEMENTS,264,AC264,AD264,2024-05-30 14:47:21,Available annual archive version; not claimed to be exact first-publication-day bytes
2023,2023,RYR,University Hospitals Sussex NHS Foundation Trust,Acute&Acute Community Trusts,Acute and Acute & Community Trusts,4.802607702527607,8405,1,Occupation Group,https://www.nhsstaffsurveys.com/static/1db353afdd53058839c0f534ae2a05c3/NSS23-Detailed-spreadsheets.zip,2026-09-11T18:45:21.455412+00:00,91c2d44e62c12ca6e58a2ea0e8ebc12f32dd282b4c7d226c5112eff601a4b89a,NSS23 Detailed spreadsheets/NSS23 detailed spreadsheets organisational results.xlsx,23e8d2a91ee349c2a9a5b614a245341928a97fe00ac9e492064e31d9d5d14de1,PEOPLE PROMISE ELEMENTS,265,AC265,AD265,2024-05-30 14:47:21,Available annual archive version; not claimed to be exact first-publication-day bytes
2023,2023,RYV,Cambridgeshire Community Services NHS Trust,Community Trusts,Community Trusts,5.386119599088389,1416,1,Occupation Group,https://www.nhsstaffsurveys.com/static/1db353afdd53058839c0f534ae2a05c3/NSS23-Detailed-spreadsheets.zip,2026-09-11T18:45:21.455412+00:00,91c2d44e62c12ca6e58a2ea0e8ebc12f32dd282b4c7d226c5112eff601a4b89a,NSS23 Detailed spreadsheets/NSS23 detailed spreadsheets organisational results.xlsx,23e8d2a91ee349c2a9a5b614a245341928a97fe00ac9e492064e31d9d5d14de1,PEOPLE PROMISE ELEMENTS,266,AC266,AD266,2024-05-30 14:47:21,Available annual archive version; not claimed to be exact first-publication-day bytes
2023,2023,RYW,Birmingham Community Healthcare NHS Foundation Trust,Community Trusts,Community Trusts,4.976513827051232,2898,1,Occupation Group,https://www.nhsstaffsurveys.com/static/1db353afdd53058839c0f534ae2a05c3/NSS23-Detailed-spreadsheets.zip,2026-09-11T18:45:21.455412+00:00,91c2d44e62c12ca6e58a2ea0e8ebc12f32dd282b4c7d226c5112eff601a4b89a,NSS23 Detailed spreadsheets/NSS23 detailed spreadsheets organisational results.xlsx,23e8d2a91ee349c2a9a5b614a245341928a97fe00ac9e492064e31d9d5d14de1,PEOPLE PROMISE ELEMENTS,267,AC267,AD267,2024-05-30 14:47:21,Available annual archive version; not claimed to be exact first-publication-day bytes
2023,2023,RYX,Central London Community Healthcare NHS Trust,Community Trusts,Community Trusts,5.365609794920571,2809,1,Occupation Group,https://www.nhsstaffsurveys.com/static/1db353afdd53058839c0f534ae2a05c3/NSS23-Detailed-spreadsheets.zip,2026-09-11T18:45:21.455412+00:00,91c2d44e62c12ca6e58a2ea0e8ebc12f32dd282b4c7d226c5112eff601a4b89a,NSS23 Detailed spreadsheets/NSS23 detailed spreadsheets organisational results.xlsx,23e8d2a91ee349c2a9a5b614a245341928a97fe00ac9e492064e31d9d5d14de1,PEOPLE PROMISE ELEMENTS,268,AC268,AD268,2024-05-30 14:47:21,Available annual archive version; not claimed to be exact first-publication-day bytes
2023,2023,RYY,Kent Community Health NHS Foundation Trust,Community Trusts,Community Trusts,5.405743388884846,3563,1,Occupation Group,https://www.nhsstaffsurveys.com/static/1db353afdd53058839c0f534ae2a05c3/NSS23-Detailed-spreadsheets.zip,2026-09-11T18:45:21.455412+00:00,91c2d44e62c12ca6e58a2ea0e8ebc12f32dd282b4c7d226c5112eff601a4b89a,NSS23 Detailed spreadsheets/NSS23 detailed spreadsheets organisational results.xlsx,23e8d2a91ee349c2a9a5b614a245341928a97fe00ac9e492064e31d9d5d14de1,PEOPLE PROMISE ELEMENTS,269,AC269,AD269,2024-05-30 14:47:21,Available annual archive version; not claimed to be exact first-publication-day bytes
2023,2023,TAD,Bradford District Care NHS Foundation Trust,"MH&LD, MH, LD&Community Trusts","Mental Health & Learning Disability and Mental Health, Learning Disability & Community Trusts",5.279587187770819,1677,1,Occupation Group,https://www.nhsstaffsurveys.com/static/1db353afdd53058839c0f534ae2a05c3/NSS23-Detailed-spreadsheets.zip,2026-09-11T18:45:21.455412+00:00,91c2d44e62c12ca6e58a2ea0e8ebc12f32dd282b4c7d226c5112eff601a4b89a,NSS23 Detailed spreadsheets/NSS23 detailed spreadsheets organisational results.xlsx,23e8d2a91ee349c2a9a5b614a245341928a97fe00ac9e492064e31d9d5d14de1,PEOPLE PROMISE ELEMENTS,270,AC270,AD270,2024-05-30 14:47:21,Available annual archive version; not claimed to be exact first-publication-day bytes
2023,2023,TAF,Camden and Islington NHS Foundation Trust,"MH&LD, MH, LD&Community Trusts","Mental Health & Learning Disability and Mental Health, Learning Disability & Community Trusts",4.959600798535822,846,1,Occupation Group,https://www.nhsstaffsurveys.com/static/1db353afdd53058839c0f534ae2a05c3/NSS23-Detailed-spreadsheets.zip,2026-09-11T18:45:21.455412+00:00,91c2d44e62c12ca6e58a2ea0e8ebc12f32dd282b4c7d226c5112eff601a4b89a,NSS23 Detailed spreadsheets/NSS23 detailed spreadsheets organisational results.xlsx,23e8d2a91ee349c2a9a5b614a245341928a97fe00ac9e492064e31d9d5d14de1,PEOPLE PROMISE ELEMENTS,271,AC271,AD271,2024-05-30 14:47:21,Available annual archive version; not claimed to be exact first-publication-day bytes
2023,2023,TAH,Sheffield Health and Social Care NHS Foundation Trust,"MH&LD, MH, LD&Community Trusts","Mental Health & Learning Disability and Mental Health, Learning Disability & Community Trusts",5.051421004734768,1328,1,Occupation Group,https://www.nhsstaffsurveys.com/static/1db353afdd53058839c0f534ae2a05c3/NSS23-Detailed-spreadsheets.zip,2026-09-11T18:45:21.455412+00:00,91c2d44e62c12ca6e58a2ea0e8ebc12f32dd282b4c7d226c5112eff601a4b89a,NSS23 Detailed spreadsheets/NSS23 detailed spreadsheets organisational results.xlsx,23e8d2a91ee349c2a9a5b614a245341928a97fe00ac9e492064e31d9d5d14de1,PEOPLE PROMISE ELEMENTS,272,AC272,AD272,2024-05-30 14:47:21,Available annual archive version; not claimed to be exact first-publication-day bytes
2023,2023,TAJ,Black Country Healthcare NHS Foundation Trust,"MH&LD, MH, LD&Community Trusts","Mental Health & Learning Disability and Mental Health, Learning Disability & Community Trusts",5.1982011524849145,1885,1,Occupation Group,https://www.nhsstaffsurveys.com/static/1db353afdd53058839c0f534ae2a05c3/NSS23-Detailed-spreadsheets.zip,2026-09-11T18:45:21.455412+00:00,91c2d44e62c12ca6e58a2ea0e8ebc12f32dd282b4c7d226c5112eff601a4b89a,NSS23 Detailed spreadsheets/NSS23 detailed spreadsheets organisational results.xlsx,23e8d2a91ee349c2a9a5b614a245341928a97fe00ac9e492064e31d9d5d14de1,PEOPLE PROMISE ELEMENTS,273,AC273,AD273,2024-05-30 14:47:21,Available annual archive version; not claimed to be exact first-publication-day bytes
2024,2024,0AR,NHS North of England CSU,CSUs,CSUs,5.606273682565726,1219,0,Unweighted,https://www.nhsstaffsurveys.com/static/60718f6775613027f2fff1d8ee67a6d3/NSS24-Detailed-spreadsheets.zip,2026-09-11T18:45:19.001500+00:00,898bea0e68e4a657855ace3a04f3f22fe00bd059898edd76d04f5dc940030ee4,NSS24 detailed spreadsheets organisational results.xlsx,2a894c46efce36a3b4291f5d0c299415ae3a0d10428110688eabb47842b63c79,PEOPLE PROMISE ELEMENTS,6,AC6,AD6,2025-04-14 15:54:18,Available annual archive version; not claimed to be exact first-publication-day bytes
2024,2024,0CX,NHS Midlands and Lancashire CSU,CSUs,CSUs,5.798041438797741,1071,0,Unweighted,https://www.nhsstaffsurveys.com/static/60718f6775613027f2fff1d8ee67a6d3/NSS24-Detailed-spreadsheets.zip,2026-09-11T18:45:19.001500+00:00,898bea0e68e4a657855ace3a04f3f22fe00bd059898edd76d04f5dc940030ee4,NSS24 detailed spreadsheets organisational results.xlsx,2a894c46efce36a3b4291f5d0c299415ae3a0d10428110688eabb47842b63c79,PEOPLE PROMISE ELEMENTS,7,AC7,AD7,2025-04-14 15:54:18,Available annual archive version; not claimed to be exact first-publication-day bytes
2024,2024,0DE,NHS Arden and Greater East Midlands CSU,CSUs,CSUs,5.9046029390984875,674,0,Unweighted,https://www.nhsstaffsurveys.com/static/60718f6775613027f2fff1d8ee67a6d3/NSS24-Detailed-spreadsheets.zip,2026-09-11T18:45:19.001500+00:00,898bea0e68e4a657855ace3a04f3f22fe00bd059898edd76d04f5dc940030ee4,NSS24 detailed spreadsheets organisational results.xlsx,2a894c46efce36a3b4291f5d0c299415ae3a0d10428110688eabb47842b63c79,PEOPLE PROMISE ELEMENTS,8,AC8,AD8,2025-04-14 15:54:18,Available annual archive version; not claimed to be exact first-publication-day bytes
2024,2024,0DF,"NHS South, Central and West CSU",CSUs,CSUs,5.884980890403884,1383,0,Unweighted,https://www.nhsstaffsurveys.com/static/60718f6775613027f2fff1d8ee67a6d3/NSS24-Detailed-spreadsheets.zip,2026-09-11T18:45:19.001500+00:00,898bea0e68e4a657855ace3a04f3f22fe00bd059898edd76d04f5dc940030ee4,NSS24 detailed spreadsheets organisational results.xlsx,2a894c46efce36a3b4291f5d0c299415ae3a0d10428110688eabb47842b63c79,PEOPLE PROMISE ELEMENTS,9,AC9,AD9,2025-04-14 15:54:18,Available annual archive version; not claimed to be exact first-publication-day bytes
2024,2024,NAX,East Coast Community Healthcare CIC,Social Enterprises Community,Social Enterprises - Community,4.898628705553721,414,0,Occupation Group,https://www.nhsstaffsurveys.com/static/60718f6775613027f2fff1d8ee67a6d3/NSS24-Detailed-spreadsheets.zip,2026-09-11T18:45:19.001500+00:00,898bea0e68e4a657855ace3a04f3f22fe00bd059898edd76d04f5dc940030ee4,NSS24 detailed spreadsheets organisational results.xlsx,2a894c46efce36a3b4291f5d0c299415ae3a0d10428110688eabb47842b63c79,PEOPLE PROMISE ELEMENTS,10,AC10,AD10,2025-04-14 15:54:18,Available annual archive version; not claimed to be exact first-publication-day bytes
2024,2024,NDJ,First Community Health and Care,Social Enterprises Community,Social Enterprises - Community,5.813614833575951,353,0,Occupation Group,https://www.nhsstaffsurveys.com/static/60718f6775613027f2fff1d8ee67a6d3/NSS24-Detailed-spreadsheets.zip,2026-09-11T18:45:19.001500+00:00,898bea0e68e4a657855ace3a04f3f22fe00bd059898edd76d04f5dc940030ee4,NSS24 detailed spreadsheets organisational results.xlsx,2a894c46efce36a3b4291f5d0c299415ae3a0d10428110688eabb47842b63c79,PEOPLE PROMISE ELEMENTS,11,AC11,AD11,2025-04-14 15:54:18,Available annual archive version; not claimed to be exact first-publication-day bytes
2024,2024,NLX,Sirona Care & Health,Social Enterprises Community,Social Enterprises - Community,4.9440474435071335,1934,0,Occupation Group,https://www.nhsstaffsurveys.com/static/60718f6775613027f2fff1d8ee67a6d3/NSS24-Detailed-spreadsheets.zip,2026-09-11T18:45:19.001500+00:00,898bea0e68e4a657855ace3a04f3f22fe00bd059898edd76d04f5dc940030ee4,NSS24 detailed spreadsheets organisational results.xlsx,2a894c46efce36a3b4291f5d0c299415ae3a0d10428110688eabb47842b63c79,PEOPLE PROMISE ELEMENTS,12,AC12,AD12,2025-04-14 15:54:18,Available annual archive version; not claimed to be exact first-publication-day bytes
2024,2024,NQL,NAViGO Health and Social Care CIC,Social Enterprises MH,Social Enterprises - Mental Health,6.055326672327371,515,0,Occupation Group,https://www.nhsstaffsurveys.com/static/60718f6775613027f2fff1d8ee67a6d3/NSS24-Detailed-spreadsheets.zip,2026-09-11T18:45:19.001500+00:00,898bea0e68e4a657855ace3a04f3f22fe00bd059898edd76d04f5dc940030ee4,NSS24 detailed spreadsheets organisational results.xlsx,2a894c46efce36a3b4291f5d0c299415ae3a0d10428110688eabb47842b63c79,PEOPLE PROMISE ELEMENTS,13,AC13,AD13,2025-04-14 15:54:18,Available annual archive version; not claimed to be exact first-publication-day bytes
2024,2024,NR3,Nottingham CityCare Partnership CIC,Social Enterprises Community,Social Enterprises - Community,5.268200156458014,606,0,Occupation Group,https://www.nhsstaffsurveys.com/static/60718f6775613027f2fff1d8ee67a6d3/NSS24-Detailed-spreadsheets.zip,2026-09-11T18:45:19.001500+00:00,898bea0e68e4a657855ace3a04f3f22fe00bd059898edd76d04f5dc940030ee4,NSS24 detailed spreadsheets organisational results.xlsx,2a894c46efce36a3b4291f5d0c299415ae3a0d10428110688eabb47842b63c79,PEOPLE PROMISE ELEMENTS,14,AC14,AD14,2025-04-14 15:54:18,Available annual archive version; not claimed to be exact first-publication-day bytes
2024,2024,NR5,Livewell Southwest,Social Enterprises Community,Social Enterprises - Community,5.140279826490908,1366,0,Occupation Group,https://www.nhsstaffsurveys.com/static/60718f6775613027f2fff1d8ee67a6d3/NSS24-Detailed-spreadsheets.zip,2026-09-11T18:45:19.001500+00:00,898bea0e68e4a657855ace3a04f3f22fe00bd059898edd76d04f5dc940030ee4,NSS24 detailed spreadsheets organisational results.xlsx,2a894c46efce36a3b4291f5d0c299415ae3a0d10428110688eabb47842b63c79,PEOPLE PROMISE ELEMENTS,15,AC15,AD15,2025-04-14 15:54:18,Available annual archive version; not claimed to be exact first-publication-day bytes
2024,2024,NTV,CSH Surrey,Social Enterprises Community,Social Enterprises - Community,5.550270927527134,536,0,Occupation Group,https://www.nhsstaffsurveys.com/static/60718f6775613027f2fff1d8ee67a6d3/NSS24-Detailed-spreadsheets.zip,2026-09-11T18:45:19.001500+00:00,898bea0e68e4a657855ace3a04f3f22fe00bd059898edd76d04f5dc940030ee4,NSS24 detailed spreadsheets organisational results.xlsx,2a894c46efce36a3b4291f5d0c299415ae3a0d10428110688eabb47842b63c79,PEOPLE PROMISE ELEMENTS,16,AC16,AD16,2025-04-14 15:54:18,Available annual archive version; not claimed to be exact first-publication-day bytes
2024,2024,NXP,Independent Health Group,Community Surgical Services,Community Surgical Services,6.117216117216117,65,0,Unweighted,https://www.nhsstaffsurveys.com/static/60718f6775613027f2fff1d8ee67a6d3/NSS24-Detailed-spreadsheets.zip,2026-09-11T18:45:19.001500+00:00,898bea0e68e4a657855ace3a04f3f22fe00bd059898edd76d04f5dc940030ee4,NSS24 detailed spreadsheets organisational results.xlsx,2a894c46efce36a3b4291f5d0c299415ae3a0d10428110688eabb47842b63c79,PEOPLE PROMISE ELEMENTS,17,AC17,AD17,2025-04-14 15:54:18,Available annual archive version; not claimed to be exact first-publication-day bytes
2024,2024,QF7,NHS South Yorkshire ICB,ICBs,ICBs,5.378838451268358,642,0,Unweighted,https://www.nhsstaffsurveys.com/static/60718f6775613027f2fff1d8ee67a6d3/NSS24-Detailed-spreadsheets.zip,2026-09-11T18:45:19.001500+00:00,898bea0e68e4a657855ace3a04f3f22fe00bd059898edd76d04f5dc940030ee4,NSS24 detailed spreadsheets organisational results.xlsx,2a894c46efce36a3b4291f5d0c299415ae3a0d10428110688eabb47842b63c79,PEOPLE PROMISE ELEMENTS,18,AC18,AD18,2025-04-14 15:54:18,Available annual archive version; not claimed to be exact first-publication-day bytes
2024,2024,QGH,NHS Herefordshire and Worcestershire ICB,ICBs,ICBs,5.896270694657791,279,0,Unweighted,https://www.nhsstaffsurveys.com/static/60718f6775613027f2fff1d8ee67a6d3/NSS24-Detailed-spreadsheets.zip,2026-09-11T18:45:19.001500+00:00,898bea0e68e4a657855ace3a04f3f22fe00bd059898edd76d04f5dc940030ee4,NSS24 detailed spreadsheets organisational results.xlsx,2a894c46efce36a3b4291f5d0c299415ae3a0d10428110688eabb47842b63c79,PEOPLE PROMISE ELEMENTS,19,AC19,AD19,2025-04-14 15:54:18,Available annual archive version; not claimed to be exact first-publication-day bytes
2024,2024,QH8,NHS Mid and South Essex ICB,ICBs,ICBs,5.611752322880371,328,0,Unweighted,https://www.nhsstaffsurveys.com/static/60718f6775613027f2fff1d8ee67a6d3/NSS24-Detailed-spreadsheets.zip,2026-09-11T18:45:19.001500+00:00,898bea0e68e4a657855ace3a04f3f22fe00bd059898edd76d04f5dc940030ee4,NSS24 detailed spreadsheets organisational results.xlsx,2a894c46efce36a3b4291f5d0c299415ae3a0d10428110688eabb47842b63c79,PEOPLE PROMISE ELEMENTS,20,AC20,AD20,2025-04-14 15:54:18,Available annual archive version; not claimed to be exact first-publication-day bytes
2024,2024,QHG,"NHS Bedfordshire, Luton and Milton Keynes ICB",ICBs,ICBs,5.329121540312876,277,0,Unweighted,https://www.nhsstaffsurveys.com/static/60718f6775613027f2fff1d8ee67a6d3/NSS24-Detailed-spreadsheets.zip,2026-09-11T18:45:19.001500+00:00,898bea0e68e4a657855ace3a04f3f22fe00bd059898edd76d04f5dc940030ee4,NSS24 detailed spreadsheets organisational results.xlsx,2a894c46efce36a3b4291f5d0c299415ae3a0d10428110688eabb47842b63c79,PEOPLE PROMISE ELEMENTS,21,AC21,AD21,2025-04-14 15:54:18,Available annual archive version; not claimed to be exact first-publication-day bytes
2024,2024,QHL,NHS Birmingham and Solihull ICB,ICBs,ICBs,5.4047930690600845,382,0,Unweighted,https://www.nhsstaffsurveys.com/static/60718f6775613027f2fff1d8ee67a6d3/NSS24-Detailed-spreadsheets.zip,2026-09-11T18:45:19.001500+00:00,898bea0e68e4a657855ace3a04f3f22fe00bd059898edd76d04f5dc940030ee4,NSS24 detailed spreadsheets organisational results.xlsx,2a894c46efce36a3b4291f5d0c299415ae3a0d10428110688eabb47842b63c79,PEOPLE PROMISE ELEMENTS,22,AC22,AD22,2025-04-14 15:54:18,Available annual archive version; not claimed to be exact first-publication-day bytes
2024,2024,QHM,NHS North East and North Cumbria ICB,ICBs,ICBs,4.975958753331017,411,0,Unweighted,https://www.nhsstaffsurveys.com/static/60718f6775613027f2fff1d8ee67a6d3/NSS24-Detailed-spreadsheets.zip,2026-09-11T18:45:19.001500+00:00,898bea0e68e4a657855ace3a04f3f22fe00bd059898edd76d04f5dc940030ee4,NSS24 detailed spreadsheets organisational results.xlsx,2a894c46efce36a3b4291f5d0c299415ae3a0d10428110688eabb47842b63c79,PEOPLE PROMISE ELEMENTS,23,AC23,AD23,2025-04-14 15:54:18,Available annual archive version; not claimed to be exact first-publication-day bytes
2024,2024,QJ2,NHS Derby and Derbyshire ICB,ICBs,ICBs,5.650294015911449,413,0,Unweighted,https://www.nhsstaffsurveys.com/static/60718f6775613027f2fff1d8ee67a6d3/NSS24-Detailed-spreadsheets.zip,2026-09-11T18:45:19.001500+00:00,898bea0e68e4a657855ace3a04f3f22fe00bd059898edd76d04f5dc940030ee4,NSS24 detailed spreadsheets organisational results.xlsx,2a894c46efce36a3b4291f5d0c299415ae3a0d10428110688eabb47842b63c79,PEOPLE PROMISE ELEMENTS,24,AC24,AD24,2025-04-14 15:54:18,Available annual archive version; not claimed to be exact first-publication-day bytes
2024,2024,QJG,NHS Suffolk and North East Essex ICB,ICBs,ICBs,5.817496723460026,327,0,Unweighted,https://www.nhsstaffsurveys.com/static/60718f6775613027f2fff1d8ee67a6d3/NSS24-Detailed-spreadsheets.zip,2026-09-11T18:45:19.001500+00:00,898bea0e68e4a657855ace3a04f3f22fe00bd059898edd76d04f5dc940030ee4,NSS24 detailed spreadsheets organisational results.xlsx,2a894c46efce36a3b4291f5d0c299415ae3a0d10428110688eabb47842b63c79,PEOPLE PROMISE ELEMENTS,25,AC25,AD25,2025-04-14 15:54:18,Available annual archive version; not claimed to be exact first-publication-day bytes
2024,2024,QJK,NHS Devon ICB,ICBs,ICBs,5.2188000582496,327,0,Unweighted,https://www.nhsstaffsurveys.com/static/60718f6775613027f2fff1d8ee67a6d3/NSS24-Detailed-spreadsheets.zip,2026-09-11T18:45:19.001500+00:00,898bea0e68e4a657855ace3a04f3f22fe00bd059898edd76d04f5dc940030ee4,NSS24 detailed spreadsheets organisational results.xlsx,2a894c46efce36a3b4291f5d0c299415ae3a0d10428110688eabb47842b63c79,PEOPLE PROMISE ELEMENTS,26,AC26,AD26,2025-04-14 15:54:18,Available annual archive version; not claimed to be exact first-publication-day bytes
2024,2024,QJM,NHS Lincolnshire ICB,ICBs,ICBs,5.625553195255798,269,0,Unweighted,https://www.nhsstaffsurveys.com/static/60718f6775613027f2fff1d8ee67a6d3/NSS24-Detailed-spreadsheets.zip,2026-09-11T18:45:19.001500+00:00,898bea0e68e4a657855ace3a04f3f22fe00bd059898edd76d04f5dc940030ee4,NSS24 detailed spreadsheets organisational results.xlsx,2a894c46efce36a3b4291f5d0c299415ae3a0d10428110688eabb47842b63c79,PEOPLE PROMISE ELEMENTS,27,AC27,AD27,2025-04-14 15:54:18,Available annual archive version; not claimed to be exact first-publication-day bytes
2024,2024,QK1,"NHS Leicester, Leicestershire and Rutland ICB",ICBs,ICBs,5.655521783181357,235,0,Unweighted,https://www.nhsstaffsurveys.com/static/60718f6775613027f2fff1d8ee67a6d3/NSS24-Detailed-spreadsheets.zip,2026-09-11T18:45:19.001500+00:00,898bea0e68e4a657855ace3a04f3f22fe00bd059898edd76d04f5dc940030ee4,NSS24 detailed spreadsheets organisational results.xlsx,2a894c46efce36a3b4291f5d0c299415ae3a0d10428110688eabb47842b63c79,PEOPLE PROMISE ELEMENTS,28,AC28,AD28,2025-04-14 15:54:18,Available annual archive version; not claimed to be exact first-publication-day bytes
2024,2024,QKK,NHS South East London ICB,ICBs,ICBs,5.299792669876939,356,0,Unweighted,https://www.nhsstaffsurveys.com/static/60718f6775613027f2fff1d8ee67a6d3/NSS24-Detailed-spreadsheets.zip,2026-09-11T18:45:19.001500+00:00,898bea0e68e4a657855ace3a04f3f22fe00bd059898edd76d04f5dc940030ee4,NSS24 detailed spreadsheets organisational results.xlsx,2a894c46efce36a3b4291f5d0c299415ae3a0d10428110688eabb47842b63c79,PEOPLE PROMISE ELEMENTS,29,AC29,AD29,2025-04-14 15:54:18,Available annual archive version; not claimed to be exact first-publication-day bytes
2024,2024,QKS,NHS Kent and Medway ICB,ICBs,ICBs,5.09835876098012,515,0,Unweighted,https://www.nhsstaffsurveys.com/static/60718f6775613027f2fff1d8ee67a6d3/NSS24-Detailed-spreadsheets.zip,2026-09-11T18:45:19.001500+00:00,898bea0e68e4a657855ace3a04f3f22fe00bd059898edd76d04f5dc940030ee4,NSS24 detailed spreadsheets organisational results.xlsx,2a894c46efce36a3b4291f5d0c299415ae3a0d10428110688eabb47842b63c79,PEOPLE PROMISE ELEMENTS,30,AC30,AD30,2025-04-14 15:54:18,Available annual archive version; not claimed to be exact first-publication-day bytes
2024,2024,QM7,NHS Hertfordshire and West Essex ICB,ICBs,ICBs,5.572246902034136,611,0,Unweighted,https://www.nhsstaffsurveys.com/static/60718f6775613027f2fff1d8ee67a6d3/NSS24-Detailed-spreadsheets.zip,2026-09-11T18:45:19.001500+00:00,898bea0e68e4a657855ace3a04f3f22fe00bd059898edd76d04f5dc940030ee4,NSS24 detailed spreadsheets organisational results.xlsx,2a894c46efce36a3b4291f5d0c299415ae3a0d10428110688eabb47842b63c79,PEOPLE PROMISE ELEMENTS,31,AC31,AD31,2025-04-14 15:54:18,Available annual archive version; not claimed to be exact first-publication-day bytes
2024,2024,QMF,NHS North East London ICB,ICBs,ICBs,5.0179446778711485,680,0,Unweighted,https://www.nhsstaffsurveys.com/static/60718f6775613027f2fff1d8ee67a6d3/NSS24-Detailed-spreadsheets.zip,2026-09-11T18:45:19.001500+00:00,898bea0e68e4a657855ace3a04f3f22fe00bd059898edd76d04f5dc940030ee4,NSS24 detailed spreadsheets organisational results.xlsx,2a894c46efce36a3b4291f5d0c299415ae3a0d10428110688eabb47842b63c79,PEOPLE PROMISE ELEMENTS,32,AC32,AD32,2025-04-14 15:54:18,Available annual archive version; not claimed to be exact first-publication-day bytes
2024,2024,QMJ,NHS North Central London ICB,ICBs,ICBs,5.2990101658640985,445,0,Unweighted,https://www.nhsstaffsurveys.com/static/60718f6775613027f2fff1d8ee67a6d3/NSS24-Detailed-spreadsheets.zip,2026-09-11T18:45:19.001500+00:00,898bea0e68e4a657855ace3a04f3f22fe00bd059898edd76d04f5dc940030ee4,NSS24 detailed spreadsheets organisational results.xlsx,2a894c46efce36a3b4291f5d0c299415ae3a0d10428110688eabb47842b63c79,PEOPLE PROMISE ELEMENTS,33,AC33,AD33,2025-04-14 15:54:18,Available annual archive version; not claimed to be exact first-publication-day bytes
2024,2024,QMM,NHS Norfolk and Waveney ICB,ICBs,ICBs,5.24190041313329,438,0,Unweighted,https://www.nhsstaffsurveys.com/static/60718f6775613027f2fff1d8ee67a6d3/NSS24-Detailed-spreadsheets.zip,2026-09-11T18:45:19.001500+00:00,898bea0e68e4a657855ace3a04f3f22fe00bd059898edd76d04f5dc940030ee4,NSS24 detailed spreadsheets organisational results.xlsx,2a894c46efce36a3b4291f5d0c299415ae3a0d10428110688eabb47842b63c79,PEOPLE PROMISE ELEMENTS,34,AC34,AD34,2025-04-14 15:54:18,Available annual archive version; not claimed to be exact first-publication-day bytes
2024,2024,QNC,NHS Staffordshire and Stoke-on-Trent ICB,ICBs,ICBs,5.520833333333333,244,0,Unweighted,https://www.nhsstaffsurveys.com/static/60718f6775613027f2fff1d8ee67a6d3/NSS24-Detailed-spreadsheets.zip,2026-09-11T18:45:19.001500+00:00,898bea0e68e4a657855ace3a04f3f22fe00bd059898edd76d04f5dc940030ee4,NSS24 detailed spreadsheets organisational results.xlsx,2a894c46efce36a3b4291f5d0c299415ae3a0d10428110688eabb47842b63c79,PEOPLE PROMISE ELEMENTS,35,AC35,AD35,2025-04-14 15:54:18,Available annual archive version; not claimed to be exact first-publication-day bytes
2024,2024,QNQ,NHS Frimley ICB,ICBs,ICBs,5.546171171171172,296,0,Unweighted,https://www.nhsstaffsurveys.com/static/60718f6775613027f2fff1d8ee67a6d3/NSS24-Detailed-spreadsheets.zip,2026-09-11T18:45:19.001500+00:00,898bea0e68e4a657855ace3a04f3f22fe00bd059898edd76d04f5dc940030ee4,NSS24 detailed spreadsheets organisational results.xlsx,2a894c46efce36a3b4291f5d0c299415ae3a0d10428110688eabb47842b63c79,PEOPLE PROMISE ELEMENTS,36,AC36,AD36,2025-04-14 15:54:18,Available annual archive version; not claimed to be exact first-publication-day bytes
2024,2024,QNX,NHS Sussex ICB,ICBs,ICBs,4.9130675526024365,645,0,Unweighted,https://www.nhsstaffsurveys.com/static/60718f6775613027f2fff1d8ee67a6d3/NSS24-Detailed-spreadsheets.zip,2026-09-11T18:45:19.001500+00:00,898bea0e68e4a657855ace3a04f3f22fe00bd059898edd76d04f5dc940030ee4,NSS24 detailed spreadsheets organisational results.xlsx,2a894c46efce36a3b4291f5d0c299415ae3a0d10428110688eabb47842b63c79,PEOPLE PROMISE ELEMENTS,37,AC37,AD37,2025-04-14 15:54:18,Available annual archive version; not claimed to be exact first-publication-day bytes
2024,2024,QOC,"NHS Shropshire, Telford and Wrekin ICB",ICBs,ICBs,5.25,215,0,Unweighted,https://www.nhsstaffsurveys.com/static/60718f6775613027f2fff1d8ee67a6d3/NSS24-Detailed-spreadsheets.zip,2026-09-11T18:45:19.001500+00:00,898bea0e68e4a657855ace3a04f3f22fe00bd059898edd76d04f5dc940030ee4,NSS24 detailed spreadsheets organisational results.xlsx,2a894c46efce36a3b4291f5d0c299415ae3a0d10428110688eabb47842b63c79,PEOPLE PROMISE ELEMENTS,38,AC38,AD38,2025-04-14 15:54:18,Available annual archive version; not claimed to be exact first-publication-day bytes
2024,2024,QOP,NHS Greater Manchester ICB,ICBs,ICBs,5.166206633454514,1061,0,Unweighted,https://www.nhsstaffsurveys.com/static/60718f6775613027f2fff1d8ee67a6d3/NSS24-Detailed-spreadsheets.zip,2026-09-11T18:45:19.001500+00:00,898bea0e68e4a657855ace3a04f3f22fe00bd059898edd76d04f5dc940030ee4,NSS24 detailed spreadsheets organisational results.xlsx,2a894c46efce36a3b4291f5d0c299415ae3a0d10428110688eabb47842b63c79,PEOPLE PROMISE ELEMENTS,39,AC39,AD39,2025-04-14 15:54:18,Available annual archive version; not claimed to be exact first-publication-day bytes
2024,2024,QOQ,NHS Humber and North Yorkshire ICB,ICBs,ICBs,5.175389338125187,636,0,Unweighted,https://www.nhsstaffsurveys.com/static/60718f6775613027f2fff1d8ee67a6d3/NSS24-Detailed-spreadsheets.zip,2026-09-11T18:45:19.001500+00:00,898bea0e68e4a657855ace3a04f3f22fe00bd059898edd76d04f5dc940030ee4,NSS24 detailed spreadsheets organisational results.xlsx,2a894c46efce36a3b4291f5d0c299415ae3a0d10428110688eabb47842b63c79,PEOPLE PROMISE ELEMENTS,40,AC40,AD40,2025-04-14 15:54:18,Available annual archive version; not claimed to be exact first-publication-day bytes
2024,2024,QOX,"NHS Bath and North East Somerset, Swindon and Wiltshire ICB",ICBs,ICBs,5.5,295,0,Unweighted,https://www.nhsstaffsurveys.com/static/60718f6775613027f2fff1d8ee67a6d3/NSS24-Detailed-spreadsheets.zip,2026-09-11T18:45:19.001500+00:00,898bea0e68e4a657855ace3a04f3f22fe00bd059898edd76d04f5dc940030ee4,NSS24 detailed spreadsheets organisational results.xlsx,2a894c46efce36a3b4291f5d0c299415ae3a0d10428110688eabb47842b63c79,PEOPLE PROMISE ELEMENTS,41,AC41,AD41,2025-04-14 15:54:18,Available annual archive version; not claimed to be exact first-publication-day bytes
2024,2024,QPM,NHS Northamptonshire ICB,ICBs,ICBs,5.473356009070295,147,0,Unweighted,https://www.nhsstaffsurveys.com/static/60718f6775613027f2fff1d8ee67a6d3/NSS24-Detailed-spreadsheets.zip,2026-09-11T18:45:19.001500+00:00,898bea0e68e4a657855ace3a04f3f22fe00bd059898edd76d04f5dc940030ee4,NSS24 detailed spreadsheets organisational results.xlsx,2a894c46efce36a3b4291f5d0c299415ae3a0d10428110688eabb47842b63c79,PEOPLE PROMISE ELEMENTS,42,AC42,AD42,2025-04-14 15:54:18,Available annual archive version; not claimed to be exact first-publication-day bytes
2024,2024,QR1,NHS Gloucestershire ICB,ICBs,ICBs,5.748692540600055,346,0,Unweighted,https://www.nhsstaffsurveys.com/static/60718f6775613027f2fff1d8ee67a6d3/NSS24-Detailed-spreadsheets.zip,2026-09-11T18:45:19.001500+00:00,898bea0e68e4a657855ace3a04f3f22fe00bd059898edd76d04f5dc940030ee4,NSS24 detailed spreadsheets organisational results.xlsx,2a894c46efce36a3b4291f5d0c299415ae3a0d10428110688eabb47842b63c79,PEOPLE PROMISE ELEMENTS,43,AC43,AD43,2025-04-14 15:54:18,Available annual archive version; not claimed to be exact first-publication-day bytes
2024,2024,QRL,NHS Hampshire and Isle of Wight ICB,ICBs,ICBs,4.961711711711712,555,0,Unweighted,https://www.nhsstaffsurveys.com/static/60718f6775613027f2fff1d8ee67a6d3/NSS24-Detailed-spreadsheets.zip,2026-09-11T18:45:19.001500+00:00,898bea0e68e4a657855ace3a04f3f22fe00bd059898edd76d04f5dc940030ee4,NSS24 detailed spreadsheets organisational results.xlsx,2a894c46efce36a3b4291f5d0c299415ae3a0d10428110688eabb47842b63c79,PEOPLE PROMISE ELEMENTS,44,AC44,AD44,2025-04-14 15:54:18,Available annual archive version; not claimed to be exact first-publication-day bytes
2024,2024,QRV,NHS North West London ICB,ICBs,ICBs,5.051188128111205,507,0,Unweighted,https://www.nhsstaffsurveys.com/static/60718f6775613027f2fff1d8ee67a6d3/NSS24-Detailed-spreadsheets.zip,2026-09-11T18:45:19.001500+00:00,898bea0e68e4a657855ace3a04f3f22fe00bd059898edd76d04f5dc940030ee4,NSS24 detailed spreadsheets organisational results.xlsx,2a894c46efce36a3b4291f5d0c299415ae3a0d10428110688eabb47842b63c79,PEOPLE PROMISE ELEMENTS,45,AC45,AD45,2025-04-14 15:54:18,Available annual archive version; not claimed to be exact first-publication-day bytes
2024,2024,QSL,NHS Somerset ICB,ICBs,ICBs,5.3234680326313795,251,0,Unweighted,https://www.nhsstaffsurveys.com/static/60718f6775613027f2fff1d8ee67a6d3/NSS24-Detailed-spreadsheets.zip,2026-09-11T18:45:19.001500+00:00,898bea0e68e4a657855ace3a04f3f22fe00bd059898edd76d04f5dc940030ee4,NSS24 detailed spreadsheets organisational results.xlsx,2a894c46efce36a3b4291f5d0c299415ae3a0d10428110688eabb47842b63c79,PEOPLE PROMISE ELEMENTS,46,AC46,AD46,2025-04-14 15:54:18,Available annual archive version; not claimed to be exact first-publication-day bytes
2024,2024,QT1,NHS Nottingham and Nottinghamshire ICB,ICBs,ICBs,5.3014807712794285,447,0,Unweighted,https://www.nhsstaffsurveys.com/static/60718f6775613027f2fff1d8ee67a6d3/NSS24-Detailed-spreadsheets.zip,2026-09-11T18:45:19.001500+00:00,898bea0e68e4a657855ace3a04f3f22fe00bd059898edd76d04f5dc940030ee4,NSS24 detailed spreadsheets organisational results.xlsx,2a894c46efce36a3b4291f5d0c299415ae3a0d10428110688eabb47842b63c79,PEOPLE PROMISE ELEMENTS,47,AC47,AD47,2025-04-14 15:54:18,Available annual archive version; not claimed to be exact first-publication-day bytes
2024,2024,QT6,NHS Cornwall and the Isles of Scilly ICB,ICBs,ICBs,5.019163763066202,205,0,Unweighted,https://www.nhsstaffsurveys.com/static/60718f6775613027f2fff1d8ee67a6d3/NSS24-Detailed-spreadsheets.zip,2026-09-11T18:45:19.001500+00:00,898bea0e68e4a657855ace3a04f3f22fe00bd059898edd76d04f5dc940030ee4,NSS24 detailed spreadsheets organisational results.xlsx,2a894c46efce36a3b4291f5d0c299415ae3a0d10428110688eabb47842b63c79,PEOPLE PROMISE ELEMENTS,48,AC48,AD48,2025-04-14 15:54:18,Available annual archive version; not claimed to be exact first-publication-day bytes
2024,2024,QU9,"NHS Buckinghamshire, Oxfordshire and Berkshire West ICB",ICBs,ICBs,5.037370935429188,309,0,Unweighted,https://www.nhsstaffsurveys.com/static/60718f6775613027f2fff1d8ee67a6d3/NSS24-Detailed-spreadsheets.zip,2026-09-11T18:45:19.001500+00:00,898bea0e68e4a657855ace3a04f3f22fe00bd059898edd76d04f5dc940030ee4,NSS24 detailed spreadsheets organisational results.xlsx,2a894c46efce36a3b4291f5d0c299415ae3a0d10428110688eabb47842b63c79,PEOPLE PROMISE ELEMENTS,49,AC49,AD49,2025-04-14 15:54:18,Available annual archive version; not claimed to be exact first-publication-day bytes
2024,2024,QUA,NHS Black Country ICB,ICBs,ICBs,5.67759900990099,404,0,Unweighted,https://www.nhsstaffsurveys.com/static/60718f6775613027f2fff1d8ee67a6d3/NSS24-Detailed-spreadsheets.zip,2026-09-11T18:45:19.001500+00:00,898bea0e68e4a657855ace3a04f3f22fe00bd059898edd76d04f5dc940030ee4,NSS24 detailed spreadsheets organisational results.xlsx,2a894c46efce36a3b4291f5d0c299415ae3a0d10428110688eabb47842b63c79,PEOPLE PROMISE ELEMENTS,50,AC50,AD50,2025-04-14 15:54:18,Available annual archive version; not claimed to be exact first-publication-day bytes
2024,2024,QUE,NHS Cambridgeshire and Peterborough ICB,ICBs,ICBs,5.1804315476190474,320,0,Unweighted,https://www.nhsstaffsurveys.com/static/60718f6775613027f2fff1d8ee67a6d3/NSS24-Detailed-spreadsheets.zip,2026-09-11T18:45:19.001500+00:00,898bea0e68e4a657855ace3a04f3f22fe00bd059898edd76d04f5dc940030ee4,NSS24 detailed spreadsheets organisational results.xlsx,2a894c46efce36a3b4291f5d0c299415ae3a0d10428110688eabb47842b63c79,PEOPLE PROMISE ELEMENTS,51,AC51,AD51,2025-04-14 15:54:18,Available annual archive version; not claimed to be exact first-publication-day bytes
2024,2024,QUY,"NHS Bristol, North Somerset and South Gloucestershire ICB",ICBs,ICBs,5.4057823129251705,350,0,Unweighted,https://www.nhsstaffsurveys.com/static/60718f6775613027f2fff1d8ee67a6d3/NSS24-Detailed-spreadsheets.zip,2026-09-11T18:45:19.001500+00:00,898bea0e68e4a657855ace3a04f3f22fe00bd059898edd76d04f5dc940030ee4,NSS24 detailed spreadsheets organisational results.xlsx,2a894c46efce36a3b4291f5d0c299415ae3a0d10428110688eabb47842b63c79,PEOPLE PROMISE ELEMENTS,52,AC52,AD52,2025-04-14 15:54:18,Available annual archive version; not claimed to be exact first-publication-day bytes
2024,2024,QVV,NHS Dorset ICB,ICBs,ICBs,5.294041895604395,416,0,Unweighted,https://www.nhsstaffsurveys.com/static/60718f6775613027f2fff1d8ee67a6d3/NSS24-Detailed-spreadsheets.zip,2026-09-11T18:45:19.001500+00:00,898bea0e68e4a657855ace3a04f3f22fe00bd059898edd76d04f5dc940030ee4,NSS24 detailed spreadsheets organisational results.xlsx,2a894c46efce36a3b4291f5d0c299415ae3a0d10428110688eabb47842b63c79,PEOPLE PROMISE ELEMENTS,53,AC53,AD53,2025-04-14 15:54:18,Available annual archive version; not claimed to be exact first-publication-day bytes
2024,2024,QWE,NHS South West London ICB,ICBs,ICBs,5.35013255837667,467,0,Unweighted,https://www.nhsstaffsurveys.com/static/60718f6775613027f2fff1d8ee67a6d3/NSS24-Detailed-spreadsheets.zip,2026-09-11T18:45:19.001500+00:00,898bea0e68e4a657855ace3a04f3f22fe00bd059898edd76d04f5dc940030ee4,NSS24 detailed spreadsheets organisational results.xlsx,2a894c46efce36a3b4291f5d0c299415ae3a0d10428110688eabb47842b63c79,PEOPLE PROMISE ELEMENTS,54,AC54,AD54,2025-04-14 15:54:18,Available annual archive version; not claimed to be exact first-publication-day bytes
2024,2024,QWO,NHS West Yorkshire ICB,ICBs,ICBs,5.359639268551457,763,0,Unweighted,https://www.nhsstaffsurveys.com/static/60718f6775613027f2fff1d8ee67a6d3/NSS24-Detailed-spreadsheets.zip,2026-09-11T18:45:19.001500+00:00,898bea0e68e4a657855ace3a04f3f22fe00bd059898edd76d04f5dc940030ee4,NSS24 detailed spreadsheets organisational results.xlsx,2a894c46efce36a3b4291f5d0c299415ae3a0d10428110688eabb47842b63c79,PEOPLE PROMISE ELEMENTS,55,AC55,AD55,2025-04-14 15:54:18,Available annual archive version; not claimed to be exact first-publication-day bytes
2024,2024,QWU,NHS Coventry and Warwickshire ICB,ICBs,ICBs,5.684950430684219,293,0,Unweighted,https://www.nhsstaffsurveys.com/static/60718f6775613027f2fff1d8ee67a6d3/NSS24-Detailed-spreadsheets.zip,2026-09-11T18:45:19.001500+00:00,898bea0e68e4a657855ace3a04f3f22fe00bd059898edd76d04f5dc940030ee4,NSS24 detailed spreadsheets organisational results.xlsx,2a894c46efce36a3b4291f5d0c299415ae3a0d10428110688eabb47842b63c79,PEOPLE PROMISE ELEMENTS,56,AC56,AD56,2025-04-14 15:54:18,Available annual archive version; not claimed to be exact first-publication-day bytes
2024,2024,QXU,NHS Surrey Heartlands ICB,ICBs,ICBs,5.2075128296932816,399,0,Unweighted,https://www.nhsstaffsurveys.com/static/60718f6775613027f2fff1d8ee67a6d3/NSS24-Detailed-spreadsheets.zip,2026-09-11T18:45:19.001500+00:00,898bea0e68e4a657855ace3a04f3f22fe00bd059898edd76d04f5dc940030ee4,NSS24 detailed spreadsheets organisational results.xlsx,2a894c46efce36a3b4291f5d0c299415ae3a0d10428110688eabb47842b63c79,PEOPLE PROMISE ELEMENTS,57,AC57,AD57,2025-04-14 15:54:18,Available annual archive version; not claimed to be exact first-publication-day bytes
2024,2024,QYG,NHS Cheshire and Merseyside ICB,ICBs,ICBs,5.392535392535393,851,0,Unweighted,https://www.nhsstaffsurveys.com/static/60718f6775613027f2fff1d8ee67a6d3/NSS24-Detailed-spreadsheets.zip,2026-09-11T18:45:19.001500+00:00,898bea0e68e4a657855ace3a04f3f22fe00bd059898edd76d04f5dc940030ee4,NSS24 detailed spreadsheets organisational results.xlsx,2a894c46efce36a3b4291f5d0c299415ae3a0d10428110688eabb47842b63c79,PEOPLE PROMISE ELEMENTS,58,AC58,AD58,2025-04-14 15:54:18,Available annual archive version; not claimed to be exact first-publication-day bytes
2024,2024,R0A,Manchester University NHS Foundation Trust,Acute&Acute Community Trusts,Acute and Acute & Community Trusts,5.049475822061074,13178,1,Occupation Group,https://www.nhsstaffsurveys.com/static/60718f6775613027f2fff1d8ee67a6d3/NSS24-Detailed-spreadsheets.zip,2026-09-11T18:45:19.001500+00:00,898bea0e68e4a657855ace3a04f3f22fe00bd059898edd76d04f5dc940030ee4,NSS24 detailed spreadsheets organisational results.xlsx,2a894c46efce36a3b4291f5d0c299415ae3a0d10428110688eabb47842b63c79,PEOPLE PROMISE ELEMENTS,59,AC59,AD59,2025-04-14 15:54:18,Available annual archive version; not claimed to be exact first-publication-day bytes
2024,2024,R0B,South Tyneside and Sunderland NHS Foundation Trust,Acute&Acute Community Trusts,Acute and Acute & Community Trusts,5.208072798956287,4727,1,Occupation Group,https://www.nhsstaffsurveys.com/static/60718f6775613027f2fff1d8ee67a6d3/NSS24-Detailed-spreadsheets.zip,2026-09-11T18:45:19.001500+00:00,898bea0e68e4a657855ace3a04f3f22fe00bd059898edd76d04f5dc940030ee4,NSS24 detailed spreadsheets organisational results.xlsx,2a894c46efce36a3b4291f5d0c299415ae3a0d10428110688eabb47842b63c79,PEOPLE PROMISE ELEMENTS,60,AC60,AD60,2025-04-14 15:54:18,Available annual archive version; not claimed to be exact first-publication-day bytes
2024,2024,R0D,University Hospitals Dorset NHS Foundation Trust,Acute&Acute Community Trusts,Acute and Acute & Community Trusts,5.058879197460367,5681,1,Occupation Group,https://www.nhsstaffsurveys.com/static/60718f6775613027f2fff1d8ee67a6d3/NSS24-Detailed-spreadsheets.zip,2026-09-11T18:45:19.001500+00:00,898bea0e68e4a657855ace3a04f3f22fe00bd059898edd76d04f5dc940030ee4,NSS24 detailed spreadsheets organisational results.xlsx,2a894c46efce36a3b4291f5d0c299415ae3a0d10428110688eabb47842b63c79,PEOPLE PROMISE ELEMENTS,61,AC61,AD61,2025-04-14 15:54:18,Available annual archive version; not claimed to be exact first-publication-day bytes
2024,2024,R1A,Herefordshire and Worcestershire Health and Care NHS Trust,"MH&LD, MH, LD&Community Trusts","Mental Health & Learning Disability and Mental Health, Learning Disability & Community Trusts",5.229560409003903,2502,1,Occupation Group,https://www.nhsstaffsurveys.com/static/60718f6775613027f2fff1d8ee67a6d3/NSS24-Detailed-spreadsheets.zip,2026-09-11T18:45:19.001500+00:00,898bea0e68e4a657855ace3a04f3f22fe00bd059898edd76d04f5dc940030ee4,NSS24 detailed spreadsheets organisational results.xlsx,2a894c46efce36a3b4291f5d0c299415ae3a0d10428110688eabb47842b63c79,PEOPLE PROMISE ELEMENTS,62,AC62,AD62,2025-04-14 15:54:18,Available annual archive version; not claimed to be exact first-publication-day bytes
2024,2024,R1C,Solent NHS Trust,"MH&LD, MH, LD&Community Trusts","Mental Health & Learning Disability and Mental Health, Learning Disability & Community Trusts",5.385740373791062,2933,1,Occupation Group,https://www.nhsstaffsurveys.com/static/60718f6775613027f2fff1d8ee67a6d3/NSS24-Detailed-spreadsheets.zip,2026-09-11T18:45:19.001500+00:00,898bea0e68e4a657855ace3a04f3f22fe00bd059898edd76d04f5dc940030ee4,NSS24 detailed spreadsheets organisational results.xlsx,2a894c46efce36a3b4291f5d0c299415ae3a0d10428110688eabb47842b63c79,PEOPLE PROMISE ELEMENTS,63,AC63,AD63,2025-04-14 15:54:18,Available annual archive version; not claimed to be exact first-publication-day bytes
2024,2024,R1D,Shropshire Community Health NHS Trust,Community Trusts,Community Trusts,5.340905507996304,1192,1,Occupation Group,https://www.nhsstaffsurveys.com/static/60718f6775613027f2fff1d8ee67a6d3/NSS24-Detailed-spreadsheets.zip,2026-09-11T18:45:19.001500+00:00,898bea0e68e4a657855ace3a04f3f22fe00bd059898edd76d04f5dc940030ee4,NSS24 detailed spreadsheets organisational results.xlsx,2a894c46efce36a3b4291f5d0c299415ae3a0d10428110688eabb47842b63c79,PEOPLE PROMISE ELEMENTS,64,AC64,AD64,2025-04-14 15:54:18,Available annual archive version; not claimed to be exact first-publication-day bytes
2024,2024,R1F1,Isle of Wight NHS Trust (acute sector),Acute&Acute Community Trusts,Acute and Acute & Community Trusts,4.784951259568465,1184,1,Occupation Group,https://www.nhsstaffsurveys.com/static/60718f6775613027f2fff1d8ee67a6d3/NSS24-Detailed-spreadsheets.zip,2026-09-11T18:45:19.001500+00:00,898bea0e68e4a657855ace3a04f3f22fe00bd059898edd76d04f5dc940030ee4,NSS24 detailed spreadsheets organisational results.xlsx,2a894c46efce36a3b4291f5d0c299415ae3a0d10428110688eabb47842b63c79,PEOPLE PROMISE ELEMENTS,65,AC65,AD65,2025-04-14 15:54:18,Available annual archive version; not claimed to be exact first-publication-day bytes
2024,2024,R1F2,Isle of Wight NHS Trust (ambulance sector),Ambulance Trusts,Ambulance Trusts,4.44533350270123,154,1,Occupation Group,https://www.nhsstaffsurveys.com/static/60718f6775613027f2fff1d8ee67a6d3/NSS24-Detailed-spreadsheets.zip,2026-09-11T18:45:19.001500+00:00,898bea0e68e4a657855ace3a04f3f22fe00bd059898edd76d04f5dc940030ee4,NSS24 detailed spreadsheets organisational results.xlsx,2a894c46efce36a3b4291f5d0c299415ae3a0d10428110688eabb47842b63c79,PEOPLE PROMISE ELEMENTS,66,AC66,AD66,2025-04-14 15:54:18,Available annual archive version; not claimed to be exact first-publication-day bytes
2024,2024,R1H,Barts Health NHS Trust,Acute&Acute Community Trusts,Acute and Acute & Community Trusts,4.888473260772067,10074,1,Occupation Group,https://www.nhsstaffsurveys.com/static/60718f6775613027f2fff1d8ee67a6d3/NSS24-Detailed-spreadsheets.zip,2026-09-11T18:45:19.001500+00:00,898bea0e68e4a657855ace3a04f3f22fe00bd059898edd76d04f5dc940030ee4,NSS24 detailed spreadsheets organisational results.xlsx,2a894c46efce36a3b4291f5d0c299415ae3a0d10428110688eabb47842b63c79,PEOPLE PROMISE ELEMENTS,67,AC67,AD67,2025-04-14 15:54:18,Available annual archive version; not claimed to be exact first-publication-day bytes
2024,2024,R1K,London North West University Healthcare NHS Trust,Acute&Acute Community Trusts,Acute and Acute & Community Trusts,5.280680299417423,5263,1,Occupation Group,https://www.nhsstaffsurveys.com/static/60718f6775613027f2fff1d8ee67a6d3/NSS24-Detailed-spreadsheets.zip,2026-09-11T18:45:19.001500+00:00,898bea0e68e4a657855ace3a04f3f22fe00bd059898edd76d04f5dc940030ee4,NSS24 detailed spreadsheets organisational results.xlsx,2a894c46efce36a3b4291f5d0c299415ae3a0d10428110688eabb47842b63c79,PEOPLE PROMISE ELEMENTS,68,AC68,AD68,2025-04-14 15:54:18,Available annual archive version; not claimed to be exact first-publication-day bytes
2024,2024,R1L,Essex Partnership University NHS Foundation Trust,"MH&LD, MH, LD&Community Trusts","Mental Health & Learning Disability and Mental Health, Learning Disability & Community Trusts",5.227826590015834,2777,1,Occupation Group,https://www.nhsstaffsurveys.com/static/60718f6775613027f2fff1d8ee67a6d3/NSS24-Detailed-spreadsheets.zip,2026-09-11T18:45:19.001500+00:00,898bea0e68e4a657855ace3a04f3f22fe00bd059898edd76d04f5dc940030ee4,NSS24 detailed spreadsheets organisational results.xlsx,2a894c46efce36a3b4291f5d0c299415ae3a0d10428110688eabb47842b63c79,PEOPLE PROMISE ELEMENTS,69,AC69,AD69,2025-04-14 15:54:18,Available annual archive version; not claimed to be exact first-publication-day bytes
2024,2024,RA2,Royal Surrey County Hospital NHS Foundation Trust,Acute&Acute Community Trusts,Acute and Acute & Community Trusts,5.150121335874516,2437,1,Occupation Group,https://www.nhsstaffsurveys.com/static/60718f6775613027f2fff1d8ee67a6d3/NSS24-Detailed-spreadsheets.zip,2026-09-11T18:45:19.001500+00:00,898bea0e68e4a657855ace3a04f3f22fe00bd059898edd76d04f5dc940030ee4,NSS24 detailed spreadsheets organisational results.xlsx,2a894c46efce36a3b4291f5d0c299415ae3a0d10428110688eabb47842b63c79,PEOPLE PROMISE ELEMENTS,70,AC70,AD70,2025-04-14 15:54:18,Available annual archive version; not claimed to be exact first-publication-day bytes
2024,2024,RA7,University Hospitals Bristol and Weston NHS Foundation Trust,Acute&Acute Community Trusts,Acute and Acute & Community Trusts,5.218709798283071,7236,1,Occupation Group,https://www.nhsstaffsurveys.com/static/60718f6775613027f2fff1d8ee67a6d3/NSS24-Detailed-spreadsheets.zip,2026-09-11T18:45:19.001500+00:00,898bea0e68e4a657855ace3a04f3f22fe00bd059898edd76d04f5dc940030ee4,NSS24 detailed spreadsheets organisational results.xlsx,2a894c46efce36a3b4291f5d0c299415ae3a0d10428110688eabb47842b63c79,PEOPLE PROMISE ELEMENTS,71,AC71,AD71,2025-04-14 15:54:18,Available annual archive version; not claimed to be exact first-publication-day bytes
2024,2024,RA9,Torbay and South Devon NHS Foundation Trust,Acute&Acute Community Trusts,Acute and Acute & Community Trusts,4.920874727262625,2809,1,Occupation Group,https://www.nhsstaffsurveys.com/static/60718f6775613027f2fff1d8ee67a6d3/NSS24-Detailed-spreadsheets.zip,2026-09-11T18:45:19.001500+00:00,898bea0e68e4a657855ace3a04f3f22fe00bd059898edd76d04f5dc940030ee4,NSS24 detailed spreadsheets organisational results.xlsx,2a894c46efce36a3b4291f5d0c299415ae3a0d10428110688eabb47842b63c79,PEOPLE PROMISE ELEMENTS,72,AC72,AD72,2025-04-14 15:54:18,Available annual archive version; not claimed to be exact first-publication-day bytes
2024,2024,RAE,Bradford Teaching Hospitals NHS Foundation Trust,Acute&Acute Community Trusts,Acute and Acute & Community Trusts,5.060126931642577,3588,1,Occupation Group,https://www.nhsstaffsurveys.com/static/60718f6775613027f2fff1d8ee67a6d3/NSS24-Detailed-spreadsheets.zip,2026-09-11T18:45:19.001500+00:00,898bea0e68e4a657855ace3a04f3f22fe00bd059898edd76d04f5dc940030ee4,NSS24 detailed spreadsheets organisational results.xlsx,2a894c46efce36a3b4291f5d0c299415ae3a0d10428110688eabb47842b63c79,PEOPLE PROMISE ELEMENTS,73,AC73,AD73,2025-04-14 15:54:18,Available annual archive version; not claimed to be exact first-publication-day bytes
2024,2024,RAJ,Mid and South Essex NHS Foundation Trust,Acute&Acute Community Trusts,Acute and Acute & Community Trusts,4.4950373666824905,5856,1,Occupation Group,https://www.nhsstaffsurveys.com/static/60718f6775613027f2fff1d8ee67a6d3/NSS24-Detailed-spreadsheets.zip,2026-09-11T18:45:19.001500+00:00,898bea0e68e4a657855ace3a04f3f22fe00bd059898edd76d04f5dc940030ee4,NSS24 detailed spreadsheets organisational results.xlsx,2a894c46efce36a3b4291f5d0c299415ae3a0d10428110688eabb47842b63c79,PEOPLE PROMISE ELEMENTS,74,AC74,AD74,2025-04-14 15:54:18,Available annual archive version; not claimed to be exact first-publication-day bytes
2024,2024,RAL,Royal Free London NHS Foundation Trust,Acute&Acute Community Trusts,Acute and Acute & Community Trusts,4.985955808369129,6720,1,Occupation Group,https://www.nhsstaffsurveys.com/static/60718f6775613027f2fff1d8ee67a6d3/NSS24-Detailed-spreadsheets.zip,2026-09-11T18:45:19.001500+00:00,898bea0e68e4a657855ace3a04f3f22fe00bd059898edd76d04f5dc940030ee4,NSS24 detailed spreadsheets organisational results.xlsx,2a894c46efce36a3b4291f5d0c299415ae3a0d10428110688eabb47842b63c79,PEOPLE PROMISE ELEMENTS,75,AC75,AD75,2025-04-14 15:54:18,Available annual archive version; not claimed to be exact first-publication-day bytes
2024,2024,RAN,Royal National Orthopaedic Hospital NHS Trust,Acute Specialist Trusts,Acute Specialist Trusts,5.375742706316507,846,1,Occupation Group,https://www.nhsstaffsurveys.com/static/60718f6775613027f2fff1d8ee67a6d3/NSS24-Detailed-spreadsheets.zip,2026-09-11T18:45:19.001500+00:00,898bea0e68e4a657855ace3a04f3f22fe00bd059898edd76d04f5dc940030ee4,NSS24 detailed spreadsheets organisational results.xlsx,2a894c46efce36a3b4291f5d0c299415ae3a0d10428110688eabb47842b63c79,PEOPLE PROMISE ELEMENTS,76,AC76,AD76,2025-04-14 15:54:18,Available annual archive version; not claimed to be exact first-publication-day bytes
2024,2024,RAP,North Middlesex University Hospital NHS Trust,Acute&Acute Community Trusts,Acute and Acute & Community Trusts,5.057376306809632,3094,1,Occupation Group,https://www.nhsstaffsurveys.com/static/60718f6775613027f2fff1d8ee67a6d3/NSS24-Detailed-spreadsheets.zip,2026-09-11T18:45:19.001500+00:00,898bea0e68e4a657855ace3a04f3f22fe00bd059898edd76d04f5dc940030ee4,NSS24 detailed spreadsheets organisational results.xlsx,2a894c46efce36a3b4291f5d0c299415ae3a0d10428110688eabb47842b63c79,PEOPLE PROMISE ELEMENTS,77,AC77,AD77,2025-04-14 15:54:18,Available annual archive version; not claimed to be exact first-publication-day bytes
2024,2024,RAS,The Hillingdon Hospitals NHS Foundation Trust,Acute&Acute Community Trusts,Acute and Acute & Community Trusts,5.003305736059128,1889,1,Occupation Group,https://www.nhsstaffsurveys.com/static/60718f6775613027f2fff1d8ee67a6d3/NSS24-Detailed-spreadsheets.zip,2026-09-11T18:45:19.001500+00:00,898bea0e68e4a657855ace3a04f3f22fe00bd059898edd76d04f5dc940030ee4,NSS24 detailed spreadsheets organisational results.xlsx,2a894c46efce36a3b4291f5d0c299415ae3a0d10428110688eabb47842b63c79,PEOPLE PROMISE ELEMENTS,78,AC78,AD78,2025-04-14 15:54:18,Available annual archive version; not claimed to be exact first-publication-day bytes
2024,2024,RAT,North East London NHS Foundation Trust,"MH&LD, MH, LD&Community Trusts","Mental Health & Learning Disability and Mental Health, Learning Disability & Community Trusts",5.305083987692317,4290,1,Occupation Group,https://www.nhsstaffsurveys.com/static/60718f6775613027f2fff1d8ee67a6d3/NSS24-Detailed-spreadsheets.zip,2026-09-11T18:45:19.001500+00:00,898bea0e68e4a657855ace3a04f3f22fe00bd059898edd76d04f5dc940030ee4,NSS24 detailed spreadsheets organisational results.xlsx,2a894c46efce36a3b4291f5d0c299415ae3a0d10428110688eabb47842b63c79,PEOPLE PROMISE ELEMENTS,79,AC79,AD79,2025-04-14 15:54:18,Available annual archive version; not claimed to be exact first-publication-day bytes
2024,2024,RAX,Kingston Hospital NHS Foundation Trust,Acute&Acute Community Trusts,Acute and Acute & Community Trusts,4.947277280630131,2636,1,Occupation Group,https://www.nhsstaffsurveys.com/static/60718f6775613027f2fff1d8ee67a6d3/NSS24-Detailed-spreadsheets.zip,2026-09-11T18:45:19.001500+00:00,898bea0e68e4a657855ace3a04f3f22fe00bd059898edd76d04f5dc940030ee4,NSS24 detailed spreadsheets organisational results.xlsx,2a894c46efce36a3b4291f5d0c299415ae3a0d10428110688eabb47842b63c79,PEOPLE PROMISE ELEMENTS,80,AC80,AD80,2025-04-14 15:54:18,Available annual archive version; not claimed to be exact first-publication-day bytes
2024,2024,RBD,Dorset County Hospital NHS Foundation Trust,Acute&Acute Community Trusts,Acute and Acute & Community Trusts,4.98533447554517,1738,1,Occupation Group,https://www.nhsstaffsurveys.com/static/60718f6775613027f2fff1d8ee67a6d3/NSS24-Detailed-spreadsheets.zip,2026-09-11T18:45:19.001500+00:00,898bea0e68e4a657855ace3a04f3f22fe00bd059898edd76d04f5dc940030ee4,NSS24 detailed spreadsheets organisational results.xlsx,2a894c46efce36a3b4291f5d0c299415ae3a0d10428110688eabb47842b63c79,PEOPLE PROMISE ELEMENTS,81,AC81,AD81,2025-04-14 15:54:18,Available annual archive version; not claimed to be exact first-publication-day bytes
2024,2024,RBK,Walsall Healthcare NHS Trust,Acute&Acute Community Trusts,Acute and Acute & Community Trusts,4.784750897582864,2738,1,Occupation Group,https://www.nhsstaffsurveys.com/static/60718f6775613027f2fff1d8ee67a6d3/NSS24-Detailed-spreadsheets.zip,2026-09-11T18:45:19.001500+00:00,898bea0e68e4a657855ace3a04f3f22fe00bd059898edd76d04f5dc940030ee4,NSS24 detailed spreadsheets organisational results.xlsx,2a894c46efce36a3b4291f5d0c299415ae3a0d10428110688eabb47842b63c79,PEOPLE PROMISE ELEMENTS,82,AC82,AD82,2025-04-14 15:54:18,Available annual archive version; not claimed to be exact first-publication-day bytes
2024,2024,RBL,Wirral University Teaching Hospital NHS Foundation Trust,Acute&Acute Community Trusts,Acute and Acute & Community Trusts,4.8422681563693235,3109,1,Occupation Group,https://www.nhsstaffsurveys.com/static/60718f6775613027f2fff1d8ee67a6d3/NSS24-Detailed-spreadsheets.zip,2026-09-11T18:45:19.001500+00:00,898bea0e68e4a657855ace3a04f3f22fe00bd059898edd76d04f5dc940030ee4,NSS24 detailed spreadsheets organisational results.xlsx,2a894c46efce36a3b4291f5d0c299415ae3a0d10428110688eabb47842b63c79,PEOPLE PROMISE ELEMENTS,83,AC83,AD83,2025-04-14 15:54:18,Available annual archive version; not claimed to be exact first-publication-day bytes
2024,2024,RBN,Mersey and West Lancashire Teaching Hospitals NHS Trust,Acute&Acute Community Trusts,Acute and Acute & Community Trusts,5.154438226391735,3922,1,Occupation Group,https://www.nhsstaffsurveys.com/static/60718f6775613027f2fff1d8ee67a6d3/NSS24-Detailed-spreadsheets.zip,2026-09-11T18:45:19.001500+00:00,898bea0e68e4a657855ace3a04f3f22fe00bd059898edd76d04f5dc940030ee4,NSS24 detailed spreadsheets organisational results.xlsx,2a894c46efce36a3b4291f5d0c299415ae3a0d10428110688eabb47842b63c79,PEOPLE PROMISE ELEMENTS,84,AC84,AD84,2025-04-14 15:54:18,Available annual archive version; not claimed to be exact first-publication-day bytes
2024,2024,RBQ,Liverpool Heart and Chest Hospital NHS Foundation Trust,Acute Specialist Trusts,Acute Specialist Trusts,5.818244361499484,1154,1,Occupation Group,https://www.nhsstaffsurveys.com/static/60718f6775613027f2fff1d8ee67a6d3/NSS24-Detailed-spreadsheets.zip,2026-09-11T18:45:19.001500+00:00,898bea0e68e4a657855ace3a04f3f22fe00bd059898edd76d04f5dc940030ee4,NSS24 detailed spreadsheets organisational results.xlsx,2a894c46efce36a3b4291f5d0c299415ae3a0d10428110688eabb47842b63c79,PEOPLE PROMISE ELEMENTS,85,AC85,AD85,2025-04-14 15:54:18,Available annual archive version; not claimed to be exact first-publication-day bytes
2024,2024,RBS,Alder Hey Children's NHS Foundation Trust,Acute&Acute Community Trusts,Acute and Acute & Community Trusts,5.21652426747327,2678,1,Occupation Group,https://www.nhsstaffsurveys.com/static/60718f6775613027f2fff1d8ee67a6d3/NSS24-Detailed-spreadsheets.zip,2026-09-11T18:45:19.001500+00:00,898bea0e68e4a657855ace3a04f3f22fe00bd059898edd76d04f5dc940030ee4,NSS24 detailed spreadsheets organisational results.xlsx,2a894c46efce36a3b4291f5d0c299415ae3a0d10428110688eabb47842b63c79,PEOPLE PROMISE ELEMENTS,86,AC86,AD86,2025-04-14 15:54:18,Available annual archive version; not claimed to be exact first-publication-day bytes
2024,2024,RBT,Mid Cheshire Hospitals NHS Foundation Trust,Acute&Acute Community Trusts,Acute and Acute & Community Trusts,5.241032957865366,2442,1,Occupation Group,https://www.nhsstaffsurveys.com/static/60718f6775613027f2fff1d8ee67a6d3/NSS24-Detailed-spreadsheets.zip,2026-09-11T18:45:19.001500+00:00,898bea0e68e4a657855ace3a04f3f22fe00bd059898edd76d04f5dc940030ee4,NSS24 detailed spreadsheets organisational results.xlsx,2a894c46efce36a3b4291f5d0c299415ae3a0d10428110688eabb47842b63c79,PEOPLE PROMISE ELEMENTS,87,AC87,AD87,2025-04-14 15:54:18,Available annual archive version; not claimed to be exact first-publication-day bytes
2024,2024,RBV,The Christie NHS Foundation Trust,Acute Specialist Trusts,Acute Specialist Trusts,5.418476764439441,1774,1,Occupation Group,https://www.nhsstaffsurveys.com/static/60718f6775613027f2fff1d8ee67a6d3/NSS24-Detailed-spreadsheets.zip,2026-09-11T18:45:19.001500+00:00,898bea0e68e4a657855ace3a04f3f22fe00bd059898edd76d04f5dc940030ee4,NSS24 detailed spreadsheets organisational results.xlsx,2a894c46efce36a3b4291f5d0c299415ae3a0d10428110688eabb47842b63c79,PEOPLE PROMISE ELEMENTS,88,AC88,AD88,2025-04-14 15:54:18,Available annual archive version; not claimed to be exact first-publication-day bytes
2024,2024,RC9,Bedfordshire Hospitals NHS Foundation Trust,Acute&Acute Community Trusts,Acute and Acute & Community Trusts,5.066598637147702,3271,1,Occupation Group,https://www.nhsstaffsurveys.com/static/60718f6775613027f2fff1d8ee67a6d3/NSS24-Detailed-spreadsheets.zip,2026-09-11T18:45:19.001500+00:00,898bea0e68e4a657855ace3a04f3f22fe00bd059898edd76d04f5dc940030ee4,NSS24 detailed spreadsheets organisational results.xlsx,2a894c46efce36a3b4291f5d0c299415ae3a0d10428110688eabb47842b63c79,PEOPLE PROMISE ELEMENTS,89,AC89,AD89,2025-04-14 15:54:18,Available annual archive version; not claimed to be exact first-publication-day bytes
2024,2024,RCB,York and Scarborough Teaching Hospitals NHS Foundation Trust,Acute&Acute Community Trusts,Acute and Acute & Community Trusts,4.867781615949849,3790,1,Occupation Group,https://www.nhsstaffsurveys.com/static/60718f6775613027f2fff1d8ee67a6d3/NSS24-Detailed-spreadsheets.zip,2026-09-11T18:45:19.001500+00:00,898bea0e68e4a657855ace3a04f3f22fe00bd059898edd76d04f5dc940030ee4,NSS24 detailed spreadsheets organisational results.xlsx,2a894c46efce36a3b4291f5d0c299415ae3a0d10428110688eabb47842b63c79,PEOPLE PROMISE ELEMENTS,90,AC90,AD90,2025-04-14 15:54:18,Available annual archive version; not claimed to be exact first-publication-day bytes
2024,2024,RCD,Harrogate and District NHS Foundation Trust,Acute&Acute Community Trusts,Acute and Acute & Community Trusts,5.229840236749161,2455,1,Occupation Group,https://www.nhsstaffsurveys.com/static/60718f6775613027f2fff1d8ee67a6d3/NSS24-Detailed-spreadsheets.zip,2026-09-11T18:45:19.001500+00:00,898bea0e68e4a657855ace3a04f3f22fe00bd059898edd76d04f5dc940030ee4,NSS24 detailed spreadsheets organisational results.xlsx,2a894c46efce36a3b4291f5d0c299415ae3a0d10428110688eabb47842b63c79,PEOPLE PROMISE ELEMENTS,91,AC91,AD91,2025-04-14 15:54:18,Available annual archive version; not claimed to be exact first-publication-day bytes
2024,2024,RCF,Airedale NHS Foundation Trust,Acute&Acute Community Trusts,Acute and Acute & Community Trusts,5.11581267826222,1549,1,Occupation Group,https://www.nhsstaffsurveys.com/static/60718f6775613027f2fff1d8ee67a6d3/NSS24-Detailed-spreadsheets.zip,2026-09-11T18:45:19.001500+00:00,898bea0e68e4a657855ace3a04f3f22fe00bd059898edd76d04f5dc940030ee4,NSS24 detailed spreadsheets organisational results.xlsx,2a894c46efce36a3b4291f5d0c299415ae3a0d10428110688eabb47842b63c79,PEOPLE PROMISE ELEMENTS,92,AC92,AD92,2025-04-14 15:54:18,Available annual archive version; not claimed to be exact first-publication-day bytes
2024,2024,RCU,Sheffield Children's NHS Foundation Trust,Acute&Acute Community Trusts,Acute and Acute & Community Trusts,5.202246876720572,2068,1,Occupation Group,https://www.nhsstaffsurveys.com/static/60718f6775613027f2fff1d8ee67a6d3/NSS24-Detailed-spreadsheets.zip,2026-09-11T18:45:19.001500+00:00,898bea0e68e4a657855ace3a04f3f22fe00bd059898edd76d04f5dc940030ee4,NSS24 detailed spreadsheets organisational results.xlsx,2a894c46efce36a3b4291f5d0c299415ae3a0d10428110688eabb47842b63c79,PEOPLE PROMISE ELEMENTS,93,AC93,AD93,2025-04-14 15:54:18,Available annual archive version; not claimed to be exact first-publication-day bytes
2024,2024,RCX,The Queen Elizabeth Hospital King's Lynn NHS Foundation Trust,Acute&Acute Community Trusts,Acute and Acute & Community Trusts,4.752788651372445,1916,1,Occupation Group,https://www.nhsstaffsurveys.com/static/60718f6775613027f2fff1d8ee67a6d3/NSS24-Detailed-spreadsheets.zip,2026-09-11T18:45:19.001500+00:00,898bea0e68e4a657855ace3a04f3f22fe00bd059898edd76d04f5dc940030ee4,NSS24 detailed spreadsheets organisational results.xlsx,2a894c46efce36a3b4291f5d0c299415ae3a0d10428110688eabb47842b63c79,PEOPLE PROMISE ELEMENTS,94,AC94,AD94,2025-04-14 15:54:18,Available annual archive version; not claimed to be exact first-publication-day bytes
2024,2024,RD1,Royal United Hospitals Bath NHS Foundation Trust,Acute&Acute Community Trusts,Acute and Acute & Community Trusts,4.858898633775238,3430,1,Occupation Group,https://www.nhsstaffsurveys.com/static/60718f6775613027f2fff1d8ee67a6d3/NSS24-Detailed-spreadsheets.zip,2026-09-11T18:45:19.001500+00:00,898bea0e68e4a657855ace3a04f3f22fe00bd059898edd76d04f5dc940030ee4,NSS24 detailed spreadsheets organisational results.xlsx,2a894c46efce36a3b4291f5d0c299415ae3a0d10428110688eabb47842b63c79,PEOPLE PROMISE ELEMENTS,95,AC95,AD95,2025-04-14 15:54:18,Available annual archive version; not claimed to be exact first-publication-day bytes
2024,2024,RD8,Milton Keynes University Hospital NHS Foundation Trust,Acute&Acute Community Trusts,Acute and Acute & Community Trusts,5.024287458616991,2171,1,Occupation Group,https://www.nhsstaffsurveys.com/static/60718f6775613027f2fff1d8ee67a6d3/NSS24-Detailed-spreadsheets.zip,2026-09-11T18:45:19.001500+00:00,898bea0e68e4a657855ace3a04f3f22fe00bd059898edd76d04f5dc940030ee4,NSS24 detailed spreadsheets organisational results.xlsx,2a894c46efce36a3b4291f5d0c299415ae3a0d10428110688eabb47842b63c79,PEOPLE PROMISE ELEMENTS,96,AC96,AD96,2025-04-14 15:54:18,Available annual archive version; not claimed to be exact first-publication-day bytes
2024,2024,RDE,East Suffolk and North Essex NHS Foundation Trust,Acute&Acute Community Trusts,Acute and Acute & Community Trusts,5.006189324217135,5829,1,Occupation Group,https://www.nhsstaffsurveys.com/static/60718f6775613027f2fff1d8ee67a6d3/NSS24-Detailed-spreadsheets.zip,2026-09-11T18:45:19.001500+00:00,898bea0e68e4a657855ace3a04f3f22fe00bd059898edd76d04f5dc940030ee4,NSS24 detailed spreadsheets organisational results.xlsx,2a894c46efce36a3b4291f5d0c299415ae3a0d10428110688eabb47842b63c79,PEOPLE PROMISE ELEMENTS,97,AC97,AD97,2025-04-14 15:54:18,Available annual archive version; not claimed to be exact first-publication-day bytes
2024,2024,RDR,Sussex Community NHS Foundation Trust,Community Trusts,Community Trusts,5.522007402355463,3689,1,Occupation Group,https://www.nhsstaffsurveys.com/static/60718f6775613027f2fff1d8ee67a6d3/NSS24-Detailed-spreadsheets.zip,2026-09-11T18:45:19.001500+00:00,898bea0e68e4a657855ace3a04f3f22fe00bd059898edd76d04f5dc940030ee4,NSS24 detailed spreadsheets organisational results.xlsx,2a894c46efce36a3b4291f5d0c299415ae3a0d10428110688eabb47842b63c79,PEOPLE PROMISE ELEMENTS,98,AC98,AD98,2025-04-14 15:54:18,Available annual archive version; not claimed to be exact first-publication-day bytes
2024,2024,RDU,Frimley Health NHS Foundation Trust,Acute&Acute Community Trusts,Acute and Acute & Community Trusts,5.253340772171594,5576,1,Occupation Group,https://www.nhsstaffsurveys.com/static/60718f6775613027f2fff1d8ee67a6d3/NSS24-Detailed-spreadsheets.zip,2026-09-11T18:45:19.001500+00:00,898bea0e68e4a657855ace3a04f3f22fe00bd059898edd76d04f5dc940030ee4,NSS24 detailed spreadsheets organisational results.xlsx,2a894c46efce36a3b4291f5d0c299415ae3a0d10428110688eabb47842b63c79,PEOPLE PROMISE ELEMENTS,99,AC99,AD99,2025-04-14 15:54:18,Available annual archive version; not claimed to be exact first-publication-day bytes
2024,2024,RDY,Dorset Healthcare University NHS Foundation Trust,"MH&LD, MH, LD&Community Trusts","Mental Health & Learning Disability and Mental Health, Learning Disability & Community Trusts",5.419341230124009,3289,1,Occupation Group,https://www.nhsstaffsurveys.com/static/60718f6775613027f2fff1d8ee67a6d3/NSS24-Detailed-spreadsheets.zip,2026-09-11T18:45:19.001500+00:00,898bea0e68e4a657855ace3a04f3f22fe00bd059898edd76d04f5dc940030ee4,NSS24 detailed spreadsheets organisational results.xlsx,2a894c46efce36a3b4291f5d0c299415ae3a0d10428110688eabb47842b63c79,PEOPLE PROMISE ELEMENTS,100,AC100,AD100,2025-04-14 15:54:18,Available annual archive version; not claimed to be exact first-publication-day bytes
2024,2024,REF,Royal Cornwall Hospitals NHS Trust,Acute&Acute Community Trusts,Acute and Acute & Community Trusts,4.8513237825240845,3445,1,Occupation Group,https://www.nhsstaffsurveys.com/static/60718f6775613027f2fff1d8ee67a6d3/NSS24-Detailed-spreadsheets.zip,2026-09-11T18:45:19.001500+00:00,898bea0e68e4a657855ace3a04f3f22fe00bd059898edd76d04f5dc940030ee4,NSS24 detailed spreadsheets organisational results.xlsx,2a894c46efce36a3b4291f5d0c299415ae3a0d10428110688eabb47842b63c79,PEOPLE PROMISE ELEMENTS,101,AC101,AD101,2025-04-14 15:54:18,Available annual archive version; not claimed to be exact first-publication-day bytes
2024,2024,REM,Liverpool University Hospitals NHS Foundation Trust,Acute&Acute Community Trusts,Acute and Acute & Community Trusts,5.012180949461294,5082,1,Occupation Group,https://www.nhsstaffsurveys.com/static/60718f6775613027f2fff1d8ee67a6d3/NSS24-Detailed-spreadsheets.zip,2026-09-11T18:45:19.001500+00:00,898bea0e68e4a657855ace3a04f3f22fe00bd059898edd76d04f5dc940030ee4,NSS24 detailed spreadsheets organisational results.xlsx,2a894c46efce36a3b4291f5d0c299415ae3a0d10428110688eabb47842b63c79,PEOPLE PROMISE ELEMENTS,102,AC102,AD102,2025-04-14 15:54:18,Available annual archive version; not claimed to be exact first-publication-day bytes
2024,2024,REN,The Clatterbridge Cancer Centre NHS Foundation Trust,Acute Specialist Trusts,Acute Specialist Trusts,5.400772124232874,1371,1,Occupation Group,https://www.nhsstaffsurveys.com/static/60718f6775613027f2fff1d8ee67a6d3/NSS24-Detailed-spreadsheets.zip,2026-09-11T18:45:19.001500+00:00,898bea0e68e4a657855ace3a04f3f22fe00bd059898edd76d04f5dc940030ee4,NSS24 detailed spreadsheets organisational results.xlsx,2a894c46efce36a3b4291f5d0c299415ae3a0d10428110688eabb47842b63c79,PEOPLE PROMISE ELEMENTS,103,AC103,AD103,2025-04-14 15:54:18,Available annual archive version; not claimed to be exact first-publication-day bytes
2024,2024,REP,Liverpool Women's NHS Foundation Trust,Acute Specialist Trusts,Acute Specialist Trusts,4.930142191405427,915,1,Occupation Group,https://www.nhsstaffsurveys.com/static/60718f6775613027f2fff1d8ee67a6d3/NSS24-Detailed-spreadsheets.zip,2026-09-11T18:45:19.001500+00:00,898bea0e68e4a657855ace3a04f3f22fe00bd059898edd76d04f5dc940030ee4,NSS24 detailed spreadsheets organisational results.xlsx,2a894c46efce36a3b4291f5d0c299415ae3a0d10428110688eabb47842b63c79,PEOPLE PROMISE ELEMENTS,104,AC104,AD104,2025-04-14 15:54:18,Available annual archive version; not claimed to be exact first-publication-day bytes
2024,2024,RET,The Walton Centre NHS Foundation Trust,Acute Specialist Trusts,Acute Specialist Trusts,5.396323200162611,697,1,Occupation Group,https://www.nhsstaffsurveys.com/static/60718f6775613027f2fff1d8ee67a6d3/NSS24-Detailed-spreadsheets.zip,2026-09-11T18:45:19.001500+00:00,898bea0e68e4a657855ace3a04f3f22fe00bd059898edd76d04f5dc940030ee4,NSS24 detailed spreadsheets organisational results.xlsx,2a894c46efce36a3b4291f5d0c299415ae3a0d10428110688eabb47842b63c79,PEOPLE PROMISE ELEMENTS,105,AC105,AD105,2025-04-14 15:54:18,Available annual archive version; not claimed to be exact first-publication-day bytes
2024,2024,RF4,"Barking, Havering and Redbridge University Hospitals NHS Trust",Acute&Acute Community Trusts,Acute and Acute & Community Trusts,4.786860489160911,4742,1,Occupation Group,https://www.nhsstaffsurveys.com/static/60718f6775613027f2fff1d8ee67a6d3/NSS24-Detailed-spreadsheets.zip,2026-09-11T18:45:19.001500+00:00,898bea0e68e4a657855ace3a04f3f22fe00bd059898edd76d04f5dc940030ee4,NSS24 detailed spreadsheets organisational results.xlsx,2a894c46efce36a3b4291f5d0c299415ae3a0d10428110688eabb47842b63c79,PEOPLE PROMISE ELEMENTS,106,AC106,AD106,2025-04-14 15:54:18,Available annual archive version; not claimed to be exact first-publication-day bytes
2024,2024,RFF,Barnsley Hospital NHS Foundation Trust,Acute&Acute Community Trusts,Acute and Acute & Community Trusts,5.1850655461536075,2263,1,Occupation Group,https://www.nhsstaffsurveys.com/static/60718f6775613027f2fff1d8ee67a6d3/NSS24-Detailed-spreadsheets.zip,2026-09-11T18:45:19.001500+00:00,898bea0e68e4a657855ace3a04f3f22fe00bd059898edd76d04f5dc940030ee4,NSS24 detailed spreadsheets organisational results.xlsx,2a894c46efce36a3b4291f5d0c299415ae3a0d10428110688eabb47842b63c79,PEOPLE PROMISE ELEMENTS,107,AC107,AD107,2025-04-14 15:54:18,Available annual archive version; not claimed to be exact first-publication-day bytes
2024,2024,RFR,The Rotherham NHS Foundation Trust,Acute&Acute Community Trusts,Acute and Acute & Community Trusts,5.136134731780609,3072,1,Occupation Group,https://www.nhsstaffsurveys.com/static/60718f6775613027f2fff1d8ee67a6d3/NSS24-Detailed-spreadsheets.zip,2026-09-11T18:45:19.001500+00:00,898bea0e68e4a657855ace3a04f3f22fe00bd059898edd76d04f5dc940030ee4,NSS24 detailed spreadsheets organisational results.xlsx,2a894c46efce36a3b4291f5d0c299415ae3a0d10428110688eabb47842b63c79,PEOPLE PROMISE ELEMENTS,108,AC108,AD108,2025-04-14 15:54:18,Available annual archive version; not claimed to be exact first-publication-day bytes
2024,2024,RFS,Chesterfield Royal Hospital NHS Foundation Trust,Acute&Acute Community Trusts,Acute and Acute & Community Trusts,5.052207209415654,3082,1,Occupation Group,https://www.nhsstaffsurveys.com/static/60718f6775613027f2fff1d8ee67a6d3/NSS24-Detailed-spreadsheets.zip,2026-09-11T18:45:19.001500+00:00,898bea0e68e4a657855ace3a04f3f22fe00bd059898edd76d04f5dc940030ee4,NSS24 detailed spreadsheets organisational results.xlsx,2a894c46efce36a3b4291f5d0c299415ae3a0d10428110688eabb47842b63c79,PEOPLE PROMISE ELEMENTS,109,AC109,AD109,2025-04-14 15:54:18,Available annual archive version; not claimed to be exact first-publication-day bytes
2024,2024,RGD,Leeds and York Partnership NHS Foundation Trust,"MH&LD, MH, LD&Community Trusts","Mental Health & Learning Disability and Mental Health, Learning Disability & Community Trusts",5.371292985823132,1629,1,Occupation Group,https://www.nhsstaffsurveys.com/static/60718f6775613027f2fff1d8ee67a6d3/NSS24-Detailed-spreadsheets.zip,2026-09-11T18:45:19.001500+00:00,898bea0e68e4a657855ace3a04f3f22fe00bd059898edd76d04f5dc940030ee4,NSS24 detailed spreadsheets organisational results.xlsx,2a894c46efce36a3b4291f5d0c299415ae3a0d10428110688eabb47842b63c79,PEOPLE PROMISE ELEMENTS,110,AC110,AD110,2025-04-14 15:54:18,Available annual archive version; not claimed to be exact first-publication-day bytes
2024,2024,RGM,Royal Papworth Hospital NHS Foundation Trust,Acute Specialist Trusts,Acute Specialist Trusts,5.138578578733946,1248,1,Occupation Group,https://www.nhsstaffsurveys.com/static/60718f6775613027f2fff1d8ee67a6d3/NSS24-Detailed-spreadsheets.zip,2026-09-11T18:45:19.001500+00:00,898bea0e68e4a657855ace3a04f3f22fe00bd059898edd76d04f5dc940030ee4,NSS24 detailed spreadsheets organisational results.xlsx,2a894c46efce36a3b4291f5d0c299415ae3a0d10428110688eabb47842b63c79,PEOPLE PROMISE ELEMENTS,111,AC111,AD111,2025-04-14 15:54:18,Available annual archive version; not claimed to be exact first-publication-day bytes
2024,2024,RGN,North West Anglia NHS Foundation Trust,Acute&Acute Community Trusts,Acute and Acute & Community Trusts,4.809925844690492,3826,1,Occupation Group,https://www.nhsstaffsurveys.com/static/60718f6775613027f2fff1d8ee67a6d3/NSS24-Detailed-spreadsheets.zip,2026-09-11T18:45:19.001500+00:00,898bea0e68e4a657855ace3a04f3f22fe00bd059898edd76d04f5dc940030ee4,NSS24 detailed spreadsheets organisational results.xlsx,2a894c46efce36a3b4291f5d0c299415ae3a0d10428110688eabb47842b63c79,PEOPLE PROMISE ELEMENTS,112,AC112,AD112,2025-04-14 15:54:18,Available annual archive version; not claimed to be exact first-publication-day bytes
2024,2024,RGP,James Paget University Hospitals NHS Foundation Trust,Acute&Acute Community Trusts,Acute and Acute & Community Trusts,4.741388576146789,1721,1,Occupation Group,https://www.nhsstaffsurveys.com/static/60718f6775613027f2fff1d8ee67a6d3/NSS24-Detailed-spreadsheets.zip,2026-09-11T18:45:19.001500+00:00,898bea0e68e4a657855ace3a04f3f22fe00bd059898edd76d04f5dc940030ee4,NSS24 detailed spreadsheets organisational results.xlsx,2a894c46efce36a3b4291f5d0c299415ae3a0d10428110688eabb47842b63c79,PEOPLE PROMISE ELEMENTS,113,AC113,AD113,2025-04-14 15:54:18,Available annual archive version; not claimed to be exact first-publication-day bytes
2024,2024,RGR,West Suffolk NHS Foundation Trust,Acute&Acute Community Trusts,Acute and Acute & Community Trusts,4.795001808185563,2370,1,Occupation Group,https://www.nhsstaffsurveys.com/static/60718f6775613027f2fff1d8ee67a6d3/NSS24-Detailed-spreadsheets.zip,2026-09-11T18:45:19.001500+00:00,898bea0e68e4a657855ace3a04f3f22fe00bd059898edd76d04f5dc940030ee4,NSS24 detailed spreadsheets organisational results.xlsx,2a894c46efce36a3b4291f5d0c299415ae3a0d10428110688eabb47842b63c79,PEOPLE PROMISE ELEMENTS,114,AC114,AD114,2025-04-14 15:54:18,Available annual archive version; not claimed to be exact first-publication-day bytes
2024,2024,RGT,Cambridge University Hospitals NHS Foundation Trust,Acute&Acute Community Trusts,Acute and Acute & Community Trusts,5.029236935198753,6991,1,Occupation Group,https://www.nhsstaffsurveys.com/static/60718f6775613027f2fff1d8ee67a6d3/NSS24-Detailed-spreadsheets.zip,2026-09-11T18:45:19.001500+00:00,898bea0e68e4a657855ace3a04f3f22fe00bd059898edd76d04f5dc940030ee4,NSS24 detailed spreadsheets organisational results.xlsx,2a894c46efce36a3b4291f5d0c299415ae3a0d10428110688eabb47842b63c79,PEOPLE PROMISE ELEMENTS,115,AC115,AD115,2025-04-14 15:54:18,Available annual archive version; not claimed to be exact first-publication-day bytes
2024,2024,RH5,Somerset NHS Foundation Trust,Acute&Acute Community Trusts,Acute and Acute & Community Trusts,5.208609202394551,6659,1,Occupation Group,https://www.nhsstaffsurveys.com/static/60718f6775613027f2fff1d8ee67a6d3/NSS24-Detailed-spreadsheets.zip,2026-09-11T18:45:19.001500+00:00,898bea0e68e4a657855ace3a04f3f22fe00bd059898edd76d04f5dc940030ee4,NSS24 detailed spreadsheets organisational results.xlsx,2a894c46efce36a3b4291f5d0c299415ae3a0d10428110688eabb47842b63c79,PEOPLE PROMISE ELEMENTS,116,AC116,AD116,2025-04-14 15:54:18,Available annual archive version; not claimed to be exact first-publication-day bytes
2024,2024,RH8,Royal Devon University Healthcare NHS Foundation Trust,Acute&Acute Community Trusts,Acute and Acute & Community Trusts,5.178977285285202,5413,1,Occupation Group,https://www.nhsstaffsurveys.com/static/60718f6775613027f2fff1d8ee67a6d3/NSS24-Detailed-spreadsheets.zip,2026-09-11T18:45:19.001500+00:00,898bea0e68e4a657855ace3a04f3f22fe00bd059898edd76d04f5dc940030ee4,NSS24 detailed spreadsheets organisational results.xlsx,2a894c46efce36a3b4291f5d0c299415ae3a0d10428110688eabb47842b63c79,PEOPLE PROMISE ELEMENTS,117,AC117,AD117,2025-04-14 15:54:18,Available annual archive version; not claimed to be exact first-publication-day bytes
2024,2024,RHA,Nottinghamshire Healthcare NHS Foundation Trust,"MH&LD, MH, LD&Community Trusts","Mental Health & Learning Disability and Mental Health, Learning Disability & Community Trusts",4.915941857534682,4249,1,Occupation Group,https://www.nhsstaffsurveys.com/static/60718f6775613027f2fff1d8ee67a6d3/NSS24-Detailed-spreadsheets.zip,2026-09-11T18:45:19.001500+00:00,898bea0e68e4a657855ace3a04f3f22fe00bd059898edd76d04f5dc940030ee4,NSS24 detailed spreadsheets organisational results.xlsx,2a894c46efce36a3b4291f5d0c299415ae3a0d10428110688eabb47842b63c79,PEOPLE PROMISE ELEMENTS,118,AC118,AD118,2025-04-14 15:54:18,Available annual archive version; not claimed to be exact first-publication-day bytes
2024,2024,RHM,University Hospital Southampton NHS Foundation Trust,Acute&Acute Community Trusts,Acute and Acute & Community Trusts,5.142829898098706,5329,1,Occupation Group,https://www.nhsstaffsurveys.com/static/60718f6775613027f2fff1d8ee67a6d3/NSS24-Detailed-spreadsheets.zip,2026-09-11T18:45:19.001500+00:00,898bea0e68e4a657855ace3a04f3f22fe00bd059898edd76d04f5dc940030ee4,NSS24 detailed spreadsheets organisational results.xlsx,2a894c46efce36a3b4291f5d0c299415ae3a0d10428110688eabb47842b63c79,PEOPLE PROMISE ELEMENTS,119,AC119,AD119,2025-04-14 15:54:18,Available annual archive version; not claimed to be exact first-publication-day bytes
2024,2024,RHQ,Sheffield Teaching Hospitals NHS Foundation Trust,Acute&Acute Community Trusts,Acute and Acute & Community Trusts,4.983099530563794,10967,1,Occupation Group,https://www.nhsstaffsurveys.com/static/60718f6775613027f2fff1d8ee67a6d3/NSS24-Detailed-spreadsheets.zip,2026-09-11T18:45:19.001500+00:00,898bea0e68e4a657855ace3a04f3f22fe00bd059898edd76d04f5dc940030ee4,NSS24 detailed spreadsheets organisational results.xlsx,2a894c46efce36a3b4291f5d0c299415ae3a0d10428110688eabb47842b63c79,PEOPLE PROMISE ELEMENTS,120,AC120,AD120,2025-04-14 15:54:18,Available annual archive version; not claimed to be exact first-publication-day bytes
2024,2024,RHU,Portsmouth Hospitals University National Health Service Trust,Acute&Acute Community Trusts,Acute and Acute & Community Trusts,4.816825113604457,3632,1,Occupation Group,https://www.nhsstaffsurveys.com/static/60718f6775613027f2fff1d8ee67a6d3/NSS24-Detailed-spreadsheets.zip,2026-09-11T18:45:19.001500+00:00,898bea0e68e4a657855ace3a04f3f22fe00bd059898edd76d04f5dc940030ee4,NSS24 detailed spreadsheets organisational results.xlsx,2a894c46efce36a3b4291f5d0c299415ae3a0d10428110688eabb47842b63c79,PEOPLE PROMISE ELEMENTS,121,AC121,AD121,2025-04-14 15:54:18,Available annual archive version; not claimed to be exact first-publication-day bytes
2024,2024,RHW,Royal Berkshire NHS Foundation Trust,Acute&Acute Community Trusts,Acute and Acute & Community Trusts,5.256253440186537,3712,1,Occupation Group,https://www.nhsstaffsurveys.com/static/60718f6775613027f2fff1d8ee67a6d3/NSS24-Detailed-spreadsheets.zip,2026-09-11T18:45:19.001500+00:00,898bea0e68e4a657855ace3a04f3f22fe00bd059898edd76d04f5dc940030ee4,NSS24 detailed spreadsheets organisational results.xlsx,2a894c46efce36a3b4291f5d0c299415ae3a0d10428110688eabb47842b63c79,PEOPLE PROMISE ELEMENTS,122,AC122,AD122,2025-04-14 15:54:18,Available annual archive version; not claimed to be exact first-publication-day bytes
2024,2024,RJ1,Guy's and St Thomas' NHS Foundation Trust,Acute&Acute Community Trusts,Acute and Acute & Community Trusts,4.994614571801472,13112,1,Occupation Group,https://www.nhsstaffsurveys.com/static/60718f6775613027f2fff1d8ee67a6d3/NSS24-Detailed-spreadsheets.zip,2026-09-11T18:45:19.001500+00:00,898bea0e68e4a657855ace3a04f3f22fe00bd059898edd76d04f5dc940030ee4,NSS24 detailed spreadsheets organisational results.xlsx,2a894c46efce36a3b4291f5d0c299415ae3a0d10428110688eabb47842b63c79,PEOPLE PROMISE ELEMENTS,123,AC123,AD123,2025-04-14 15:54:18,Available annual archive version; not claimed to be exact first-publication-day bytes
2024,2024,RJ2,Lewisham and Greenwich NHS Trust,Acute&Acute Community Trusts,Acute and Acute & Community Trusts,5.04446959540502,3938,1,Occupation Group,https://www.nhsstaffsurveys.com/static/60718f6775613027f2fff1d8ee67a6d3/NSS24-Detailed-spreadsheets.zip,2026-09-11T18:45:19.001500+00:00,898bea0e68e4a657855ace3a04f3f22fe00bd059898edd76d04f5dc940030ee4,NSS24 detailed spreadsheets organisational results.xlsx,2a894c46efce36a3b4291f5d0c299415ae3a0d10428110688eabb47842b63c79,PEOPLE PROMISE ELEMENTS,124,AC124,AD124,2025-04-14 15:54:18,Available annual archive version; not claimed to be exact first-publication-day bytes
2024,2024,RJ6,Croydon Health Services NHS Trust,Acute&Acute Community Trusts,Acute and Acute & Community Trusts,4.975691931856341,2302,1,Occupation Group,https://www.nhsstaffsurveys.com/static/60718f6775613027f2fff1d8ee67a6d3/NSS24-Detailed-spreadsheets.zip,2026-09-11T18:45:19.001500+00:00,898bea0e68e4a657855ace3a04f3f22fe00bd059898edd76d04f5dc940030ee4,NSS24 detailed spreadsheets organisational results.xlsx,2a894c46efce36a3b4291f5d0c299415ae3a0d10428110688eabb47842b63c79,PEOPLE PROMISE ELEMENTS,125,AC125,AD125,2025-04-14 15:54:18,Available annual archive version; not claimed to be exact first-publication-day bytes
2024,2024,RJ7,St George's University Hospitals NHS Foundation Trust,Acute&Acute Community Trusts,Acute and Acute & Community Trusts,4.937854406178364,4742,1,Occupation Group,https://www.nhsstaffsurveys.com/static/60718f6775613027f2fff1d8ee67a6d3/NSS24-Detailed-spreadsheets.zip,2026-09-11T18:45:19.001500+00:00,898bea0e68e4a657855ace3a04f3f22fe00bd059898edd76d04f5dc940030ee4,NSS24 detailed spreadsheets organisational results.xlsx,2a894c46efce36a3b4291f5d0c299415ae3a0d10428110688eabb47842b63c79,PEOPLE PROMISE ELEMENTS,126,AC126,AD126,2025-04-14 15:54:18,Available annual archive version; not claimed to be exact first-publication-day bytes
2024,2024,RJ8,Cornwall Partnership NHS Foundation Trust,"MH&LD, MH, LD&Community Trusts","Mental Health & Learning Disability and Mental Health, Learning Disability & Community Trusts",4.997286668915926,2811,1,Occupation Group,https://www.nhsstaffsurveys.com/static/60718f6775613027f2fff1d8ee67a6d3/NSS24-Detailed-spreadsheets.zip,2026-09-11T18:45:19.001500+00:00,898bea0e68e4a657855ace3a04f3f22fe00bd059898edd76d04f5dc940030ee4,NSS24 detailed spreadsheets organisational results.xlsx,2a894c46efce36a3b4291f5d0c299415ae3a0d10428110688eabb47842b63c79,PEOPLE PROMISE ELEMENTS,127,AC127,AD127,2025-04-14 15:54:18,Available annual archive version; not claimed to be exact first-publication-day bytes
2024,2024,RJC,South Warwickshire University NHS Foundation Trust,Acute&Acute Community Trusts,Acute and Acute & Community Trusts,5.2872514146070975,2895,1,Occupation Group,https://www.nhsstaffsurveys.com/static/60718f6775613027f2fff1d8ee67a6d3/NSS24-Detailed-spreadsheets.zip,2026-09-11T18:45:19.001500+00:00,898bea0e68e4a657855ace3a04f3f22fe00bd059898edd76d04f5dc940030ee4,NSS24 detailed spreadsheets organisational results.xlsx,2a894c46efce36a3b4291f5d0c299415ae3a0d10428110688eabb47842b63c79,PEOPLE PROMISE ELEMENTS,128,AC128,AD128,2025-04-14 15:54:18,Available annual archive version; not claimed to be exact first-publication-day bytes
2024,2024,RJE,University Hospitals of North Midlands NHS Trust,Acute&Acute Community Trusts,Acute and Acute & Community Trusts,4.950498555952127,5663,1,Occupation Group,https://www.nhsstaffsurveys.com/static/60718f6775613027f2fff1d8ee67a6d3/NSS24-Detailed-spreadsheets.zip,2026-09-11T18:45:19.001500+00:00,898bea0e68e4a657855ace3a04f3f22fe00bd059898edd76d04f5dc940030ee4,NSS24 detailed spreadsheets organisational results.xlsx,2a894c46efce36a3b4291f5d0c299415ae3a0d10428110688eabb47842b63c79,PEOPLE PROMISE ELEMENTS,129,AC129,AD129,2025-04-14 15:54:18,Available annual archive version; not claimed to be exact first-publication-day bytes
2024,2024,RJL,Northern Lincolnshire and Goole NHS Foundation Trust,Acute&Acute Community Trusts,Acute and Acute & Community Trusts,4.809396891604551,3207,1,Occupation Group,https://www.nhsstaffsurveys.com/static/60718f6775613027f2fff1d8ee67a6d3/NSS24-Detailed-spreadsheets.zip,2026-09-11T18:45:19.001500+00:00,898bea0e68e4a657855ace3a04f3f22fe00bd059898edd76d04f5dc940030ee4,NSS24 detailed spreadsheets organisational results.xlsx,2a894c46efce36a3b4291f5d0c299415ae3a0d10428110688eabb47842b63c79,PEOPLE PROMISE ELEMENTS,130,AC130,AD130,2025-04-14 15:54:18,Available annual archive version; not claimed to be exact first-publication-day bytes
2024,2024,RJN,East Cheshire NHS Trust,Acute&Acute Community Trusts,Acute and Acute & Community Trusts,4.984199445079497,1614,1,Occupation Group,https://www.nhsstaffsurveys.com/static/60718f6775613027f2fff1d8ee67a6d3/NSS24-Detailed-spreadsheets.zip,2026-09-11T18:45:19.001500+00:00,898bea0e68e4a657855ace3a04f3f22fe00bd059898edd76d04f5dc940030ee4,NSS24 detailed spreadsheets organisational results.xlsx,2a894c46efce36a3b4291f5d0c299415ae3a0d10428110688eabb47842b63c79,PEOPLE PROMISE ELEMENTS,131,AC131,AD131,2025-04-14 15:54:18,Available annual archive version; not claimed to be exact first-publication-day bytes
2024,2024,RJR,Countess of Chester Hospital NHS Foundation Trust,Acute&Acute Community Trusts,Acute and Acute & Community Trusts,4.698074635466784,2144,1,Occupation Group,https://www.nhsstaffsurveys.com/static/60718f6775613027f2fff1d8ee67a6d3/NSS24-Detailed-spreadsheets.zip,2026-09-11T18:45:19.001500+00:00,898bea0e68e4a657855ace3a04f3f22fe00bd059898edd76d04f5dc940030ee4,NSS24 detailed spreadsheets organisational results.xlsx,2a894c46efce36a3b4291f5d0c299415ae3a0d10428110688eabb47842b63c79,PEOPLE PROMISE ELEMENTS,132,AC132,AD132,2025-04-14 15:54:18,Available annual archive version; not claimed to be exact first-publication-day bytes
2024,2024,RJZ,King's College Hospital NHS Foundation Trust,Acute&Acute Community Trusts,Acute and Acute & Community Trusts,4.71474420478196,6793,1,Occupation Group,https://www.nhsstaffsurveys.com/static/60718f6775613027f2fff1d8ee67a6d3/NSS24-Detailed-spreadsheets.zip,2026-09-11T18:45:19.001500+00:00,898bea0e68e4a657855ace3a04f3f22fe00bd059898edd76d04f5dc940030ee4,NSS24 detailed spreadsheets organisational results.xlsx,2a894c46efce36a3b4291f5d0c299415ae3a0d10428110688eabb47842b63c79,PEOPLE PROMISE ELEMENTS,133,AC133,AD133,2025-04-14 15:54:18,Available annual archive version; not claimed to be exact first-publication-day bytes
2024,2024,RK5,Sherwood Forest Hospitals NHS Foundation Trust,Acute&Acute Community Trusts,Acute and Acute & Community Trusts,5.10301941614302,3832,1,Occupation Group,https://www.nhsstaffsurveys.com/static/60718f6775613027f2fff1d8ee67a6d3/NSS24-Detailed-spreadsheets.zip,2026-09-11T18:45:19.001500+00:00,898bea0e68e4a657855ace3a04f3f22fe00bd059898edd76d04f5dc940030ee4,NSS24 detailed spreadsheets organisational results.xlsx,2a894c46efce36a3b4291f5d0c299415ae3a0d10428110688eabb47842b63c79,PEOPLE PROMISE ELEMENTS,134,AC134,AD134,2025-04-14 15:54:18,Available annual archive version; not claimed to be exact first-publication-day bytes
2024,2024,RK9,University Hospitals Plymouth NHS Trust,Acute&Acute Community Trusts,Acute and Acute & Community Trusts,4.9080641986834825,4637,1,Occupation Group,https://www.nhsstaffsurveys.com/static/60718f6775613027f2fff1d8ee67a6d3/NSS24-Detailed-spreadsheets.zip,2026-09-11T18:45:19.001500+00:00,898bea0e68e4a657855ace3a04f3f22fe00bd059898edd76d04f5dc940030ee4,NSS24 detailed spreadsheets organisational results.xlsx,2a894c46efce36a3b4291f5d0c299415ae3a0d10428110688eabb47842b63c79,PEOPLE PROMISE ELEMENTS,135,AC135,AD135,2025-04-14 15:54:18,Available annual archive version; not claimed to be exact first-publication-day bytes
2024,2024,RKB,University Hospitals Coventry and Warwickshire NHS Trust,Acute&Acute Community Trusts,Acute and Acute & Community Trusts,4.840996544591716,6463,1,Occupation Group,https://www.nhsstaffsurveys.com/static/60718f6775613027f2fff1d8ee67a6d3/NSS24-Detailed-spreadsheets.zip,2026-09-11T18:45:19.001500+00:00,898bea0e68e4a657855ace3a04f3f22fe00bd059898edd76d04f5dc940030ee4,NSS24 detailed spreadsheets organisational results.xlsx,2a894c46efce36a3b4291f5d0c299415ae3a0d10428110688eabb47842b63c79,PEOPLE PROMISE ELEMENTS,136,AC136,AD136,2025-04-14 15:54:18,Available annual archive version; not claimed to be exact first-publication-day bytes
2024,2024,RKE,Whittington Health NHS Trust,Acute&Acute Community Trusts,Acute and Acute & Community Trusts,5.094255431000997,2344,1,Occupation Group,https://www.nhsstaffsurveys.com/static/60718f6775613027f2fff1d8ee67a6d3/NSS24-Detailed-spreadsheets.zip,2026-09-11T18:45:19.001500+00:00,898bea0e68e4a657855ace3a04f3f22fe00bd059898edd76d04f5dc940030ee4,NSS24 detailed spreadsheets organisational results.xlsx,2a894c46efce36a3b4291f5d0c299415ae3a0d10428110688eabb47842b63c79,PEOPLE PROMISE ELEMENTS,137,AC137,AD137,2025-04-14 15:54:18,Available annual archive version; not claimed to be exact first-publication-day bytes
2024,2024,RKL,West London NHS Trust,"MH&LD, MH, LD&Community Trusts","Mental Health & Learning Disability and Mental Health, Learning Disability & Community Trusts",5.362829209338268,3750,1,Occupation Group,https://www.nhsstaffsurveys.com/static/60718f6775613027f2fff1d8ee67a6d3/NSS24-Detailed-spreadsheets.zip,2026-09-11T18:45:19.001500+00:00,898bea0e68e4a657855ace3a04f3f22fe00bd059898edd76d04f5dc940030ee4,NSS24 detailed spreadsheets organisational results.xlsx,2a894c46efce36a3b4291f5d0c299415ae3a0d10428110688eabb47842b63c79,PEOPLE PROMISE ELEMENTS,138,AC138,AD138,2025-04-14 15:54:18,Available annual archive version; not claimed to be exact first-publication-day bytes
2024,2024,RL1,The Robert Jones and Agnes Hunt Orthopaedic Hospital NHS Foundation Trust,Acute Specialist Trusts,Acute Specialist Trusts,5.341412880175006,849,1,Occupation Group,https://www.nhsstaffsurveys.com/static/60718f6775613027f2fff1d8ee67a6d3/NSS24-Detailed-spreadsheets.zip,2026-09-11T18:45:19.001500+00:00,898bea0e68e4a657855ace3a04f3f22fe00bd059898edd76d04f5dc940030ee4,NSS24 detailed spreadsheets organisational results.xlsx,2a894c46efce36a3b4291f5d0c299415ae3a0d10428110688eabb47842b63c79,PEOPLE PROMISE ELEMENTS,139,AC139,AD139,2025-04-14 15:54:18,Available annual archive version; not claimed to be exact first-publication-day bytes
2024,2024,RL4,The Royal Wolverhampton NHS Trust,Acute&Acute Community Trusts,Acute and Acute & Community Trusts,4.996870140279968,3928,1,Occupation Group,https://www.nhsstaffsurveys.com/static/60718f6775613027f2fff1d8ee67a6d3/NSS24-Detailed-spreadsheets.zip,2026-09-11T18:45:19.001500+00:00,898bea0e68e4a657855ace3a04f3f22fe00bd059898edd76d04f5dc940030ee4,NSS24 detailed spreadsheets organisational results.xlsx,2a894c46efce36a3b4291f5d0c299415ae3a0d10428110688eabb47842b63c79,PEOPLE PROMISE ELEMENTS,140,AC140,AD140,2025-04-14 15:54:18,Available annual archive version; not claimed to be exact first-publication-day bytes
2024,2024,RLQ,Wye Valley NHS Trust,Acute&Acute Community Trusts,Acute and Acute & Community Trusts,5.1069194843571255,1414,1,Occupation Group,https://www.nhsstaffsurveys.com/static/60718f6775613027f2fff1d8ee67a6d3/NSS24-Detailed-spreadsheets.zip,2026-09-11T18:45:19.001500+00:00,898bea0e68e4a657855ace3a04f3f22fe00bd059898edd76d04f5dc940030ee4,NSS24 detailed spreadsheets organisational results.xlsx,2a894c46efce36a3b4291f5d0c299415ae3a0d10428110688eabb47842b63c79,PEOPLE PROMISE ELEMENTS,141,AC141,AD141,2025-04-14 15:54:18,Available annual archive version; not claimed to be exact first-publication-day bytes
2024,2024,RLT,George Eliot Hospital NHS Trust,Acute&Acute Community Trusts,Acute and Acute & Community Trusts,5.226741275156019,1737,1,Occupation Group,https://www.nhsstaffsurveys.com/static/60718f6775613027f2fff1d8ee67a6d3/NSS24-Detailed-spreadsheets.zip,2026-09-11T18:45:19.001500+00:00,898bea0e68e4a657855ace3a04f3f22fe00bd059898edd76d04f5dc940030ee4,NSS24 detailed spreadsheets organisational results.xlsx,2a894c46efce36a3b4291f5d0c299415ae3a0d10428110688eabb47842b63c79,PEOPLE PROMISE ELEMENTS,142,AC142,AD142,2025-04-14 15:54:18,Available annual archive version; not claimed to be exact first-publication-day bytes
2024,2024,RLY,North Staffordshire Combined Healthcare NHS Trust,"MH&LD, MH, LD&Community Trusts","Mental Health & Learning Disability and Mental Health, Learning Disability & Community Trusts",5.459118036081383,1219,1,Occupation Group,https://www.nhsstaffsurveys.com/static/60718f6775613027f2fff1d8ee67a6d3/NSS24-Detailed-spreadsheets.zip,2026-09-11T18:45:19.001500+00:00,898bea0e68e4a657855ace3a04f3f22fe00bd059898edd76d04f5dc940030ee4,NSS24 detailed spreadsheets organisational results.xlsx,2a894c46efce36a3b4291f5d0c299415ae3a0d10428110688eabb47842b63c79,PEOPLE PROMISE ELEMENTS,143,AC143,AD143,2025-04-14 15:54:18,Available annual archive version; not claimed to be exact first-publication-day bytes
2024,2024,RM1,Norfolk and Norwich University Hospitals NHS Foundation Trust,Acute&Acute Community Trusts,Acute and Acute & Community Trusts,4.705677762362325,4504,1,Occupation Group,https://www.nhsstaffsurveys.com/static/60718f6775613027f2fff1d8ee67a6d3/NSS24-Detailed-spreadsheets.zip,2026-09-11T18:45:19.001500+00:00,898bea0e68e4a657855ace3a04f3f22fe00bd059898edd76d04f5dc940030ee4,NSS24 detailed spreadsheets organisational results.xlsx,2a894c46efce36a3b4291f5d0c299415ae3a0d10428110688eabb47842b63c79,PEOPLE PROMISE ELEMENTS,144,AC144,AD144,2025-04-14 15:54:18,Available annual archive version; not claimed to be exact first-publication-day bytes
2024,2024,RM3,Northern Care Alliance NHS Foundation Trust,Acute&Acute Community Trusts,Acute and Acute & Community Trusts,4.934307826083719,11183,1,Occupation Group,https://www.nhsstaffsurveys.com/static/60718f6775613027f2fff1d8ee67a6d3/NSS24-Detailed-spreadsheets.zip,2026-09-11T18:45:19.001500+00:00,898bea0e68e4a657855ace3a04f3f22fe00bd059898edd76d04f5dc940030ee4,NSS24 detailed spreadsheets organisational results.xlsx,2a894c46efce36a3b4291f5d0c299415ae3a0d10428110688eabb47842b63c79,PEOPLE PROMISE ELEMENTS,145,AC145,AD145,2025-04-14 15:54:18,Available annual archive version; not claimed to be exact first-publication-day bytes
2024,2024,RMC,Bolton NHS Foundation Trust,Acute&Acute Community Trusts,Acute and Acute & Community Trusts,5.063816857415368,2933,1,Occupation Group,https://www.nhsstaffsurveys.com/static/60718f6775613027f2fff1d8ee67a6d3/NSS24-Detailed-spreadsheets.zip,2026-09-11T18:45:19.001500+00:00,898bea0e68e4a657855ace3a04f3f22fe00bd059898edd76d04f5dc940030ee4,NSS24 detailed spreadsheets organisational results.xlsx,2a894c46efce36a3b4291f5d0c299415ae3a0d10428110688eabb47842b63c79,PEOPLE PROMISE ELEMENTS,146,AC146,AD146,2025-04-14 15:54:18,Available annual archive version; not claimed to be exact first-publication-day bytes
2024,2024,RMP,Tameside and Glossop Integrated Care NHS Foundation Trust,Acute&Acute Community Trusts,Acute and Acute & Community Trusts,5.068563516260291,1970,1,Occupation Group,https://www.nhsstaffsurveys.com/static/60718f6775613027f2fff1d8ee67a6d3/NSS24-Detailed-spreadsheets.zip,2026-09-11T18:45:19.001500+00:00,898bea0e68e4a657855ace3a04f3f22fe00bd059898edd76d04f5dc940030ee4,NSS24 detailed spreadsheets organisational results.xlsx,2a894c46efce36a3b4291f5d0c299415ae3a0d10428110688eabb47842b63c79,PEOPLE PROMISE ELEMENTS,147,AC147,AD147,2025-04-14 15:54:18,Available annual archive version; not claimed to be exact first-publication-day bytes
2024,2024,RMY,Norfolk and Suffolk NHS Foundation Trust,"MH&LD, MH, LD&Community Trusts","Mental Health & Learning Disability and Mental Health, Learning Disability & Community Trusts",4.899207800659925,2411,1,Occupation Group,https://www.nhsstaffsurveys.com/static/60718f6775613027f2fff1d8ee67a6d3/NSS24-Detailed-spreadsheets.zip,2026-09-11T18:45:19.001500+00:00,898bea0e68e4a657855ace3a04f3f22fe00bd059898edd76d04f5dc940030ee4,NSS24 detailed spreadsheets organisational results.xlsx,2a894c46efce36a3b4291f5d0c299415ae3a0d10428110688eabb47842b63c79,PEOPLE PROMISE ELEMENTS,148,AC148,AD148,2025-04-14 15:54:18,Available annual archive version; not claimed to be exact first-publication-day bytes
2024,2024,RN3,Great Western Hospitals NHS Foundation Trust,Acute&Acute Community Trusts,Acute and Acute & Community Trusts,5.057502441234158,4218,1,Occupation Group,https://www.nhsstaffsurveys.com/static/60718f6775613027f2fff1d8ee67a6d3/NSS24-Detailed-spreadsheets.zip,2026-09-11T18:45:19.001500+00:00,898bea0e68e4a657855ace3a04f3f22fe00bd059898edd76d04f5dc940030ee4,NSS24 detailed spreadsheets organisational results.xlsx,2a894c46efce36a3b4291f5d0c299415ae3a0d10428110688eabb47842b63c79,PEOPLE PROMISE ELEMENTS,149,AC149,AD149,2025-04-14 15:54:18,Available annual archive version; not claimed to be exact first-publication-day bytes
2024,2024,RN5,Hampshire Hospitals NHS Foundation Trust,Acute&Acute Community Trusts,Acute and Acute & Community Trusts,5.039338474816804,4013,1,Occupation Group,https://www.nhsstaffsurveys.com/static/60718f6775613027f2fff1d8ee67a6d3/NSS24-Detailed-spreadsheets.zip,2026-09-11T18:45:19.001500+00:00,898bea0e68e4a657855ace3a04f3f22fe00bd059898edd76d04f5dc940030ee4,NSS24 detailed spreadsheets organisational results.xlsx,2a894c46efce36a3b4291f5d0c299415ae3a0d10428110688eabb47842b63c79,PEOPLE PROMISE ELEMENTS,150,AC150,AD150,2025-04-14 15:54:18,Available annual archive version; not claimed to be exact first-publication-day bytes
2024,2024,RN7,Dartford and Gravesham NHS Trust,Acute&Acute Community Trusts,Acute and Acute & Community Trusts,5.112633739689236,2187,1,Occupation Group,https://www.nhsstaffsurveys.com/static/60718f6775613027f2fff1d8ee67a6d3/NSS24-Detailed-spreadsheets.zip,2026-09-11T18:45:19.001500+00:00,898bea0e68e4a657855ace3a04f3f22fe00bd059898edd76d04f5dc940030ee4,NSS24 detailed spreadsheets organisational results.xlsx,2a894c46efce36a3b4291f5d0c299415ae3a0d10428110688eabb47842b63c79,PEOPLE PROMISE ELEMENTS,151,AC151,AD151,2025-04-14 15:54:18,Available annual archive version; not claimed to be exact first-publication-day bytes
2024,2024,RNA,The Dudley Group NHS Foundation Trust,Acute&Acute Community Trusts,Acute and Acute & Community Trusts,4.776447491285462,2924,1,Occupation Group,https://www.nhsstaffsurveys.com/static/60718f6775613027f2fff1d8ee67a6d3/NSS24-Detailed-spreadsheets.zip,2026-09-11T18:45:19.001500+00:00,898bea0e68e4a657855ace3a04f3f22fe00bd059898edd76d04f5dc940030ee4,NSS24 detailed spreadsheets organisational results.xlsx,2a894c46efce36a3b4291f5d0c299415ae3a0d10428110688eabb47842b63c79,PEOPLE PROMISE ELEMENTS,152,AC152,AD152,2025-04-14 15:54:18,Available annual archive version; not claimed to be exact first-publication-day bytes
2024,2024,RNK,Tavistock and Portman NHS Foundation Trust,"MH&LD, MH, LD&Community Trusts","Mental Health & Learning Disability and Mental Health, Learning Disability & Community Trusts",4.825239555323884,416,1,Occupation Group,https://www.nhsstaffsurveys.com/static/60718f6775613027f2fff1d8ee67a6d3/NSS24-Detailed-spreadsheets.zip,2026-09-11T18:45:19.001500+00:00,898bea0e68e4a657855ace3a04f3f22fe00bd059898edd76d04f5dc940030ee4,NSS24 detailed spreadsheets organisational results.xlsx,2a894c46efce36a3b4291f5d0c299415ae3a0d10428110688eabb47842b63c79,PEOPLE PROMISE ELEMENTS,153,AC153,AD153,2025-04-14 15:54:18,Available annual archive version; not claimed to be exact first-publication-day bytes
2024,2024,RNN,North Cumbria Integrated Care NHS Foundation Trust,Acute&Acute Community Trusts,Acute and Acute & Community Trusts,5.085051701275606,3724,1,Occupation Group,https://www.nhsstaffsurveys.com/static/60718f6775613027f2fff1d8ee67a6d3/NSS24-Detailed-spreadsheets.zip,2026-09-11T18:45:19.001500+00:00,898bea0e68e4a657855ace3a04f3f22fe00bd059898edd76d04f5dc940030ee4,NSS24 detailed spreadsheets organisational results.xlsx,2a894c46efce36a3b4291f5d0c299415ae3a0d10428110688eabb47842b63c79,PEOPLE PROMISE ELEMENTS,154,AC154,AD154,2025-04-14 15:54:18,Available annual archive version; not claimed to be exact first-publication-day bytes
2024,2024,RNQ,Kettering General Hospital NHS Foundation Trust,Acute&Acute Community Trusts,Acute and Acute & Community Trusts,4.893044571674841,2550,1,Occupation Group,https://www.nhsstaffsurveys.com/static/60718f6775613027f2fff1d8ee67a6d3/NSS24-Detailed-spreadsheets.zip,2026-09-11T18:45:19.001500+00:00,898bea0e68e4a657855ace3a04f3f22fe00bd059898edd76d04f5dc940030ee4,NSS24 detailed spreadsheets organisational results.xlsx,2a894c46efce36a3b4291f5d0c299415ae3a0d10428110688eabb47842b63c79,PEOPLE PROMISE ELEMENTS,155,AC155,AD155,2025-04-14 15:54:18,Available annual archive version; not claimed to be exact first-publication-day bytes
2024,2024,RNS,Northampton General Hospital NHS Trust,Acute&Acute Community Trusts,Acute and Acute & Community Trusts,5.024569810650125,3600,1,Occupation Group,https://www.nhsstaffsurveys.com/static/60718f6775613027f2fff1d8ee67a6d3/NSS24-Detailed-spreadsheets.zip,2026-09-11T18:45:19.001500+00:00,898bea0e68e4a657855ace3a04f3f22fe00bd059898edd76d04f5dc940030ee4,NSS24 detailed spreadsheets organisational results.xlsx,2a894c46efce36a3b4291f5d0c299415ae3a0d10428110688eabb47842b63c79,PEOPLE PROMISE ELEMENTS,156,AC156,AD156,2025-04-14 15:54:18,Available annual archive version; not claimed to be exact first-publication-day bytes
2024,2024,RNU,Oxford Health NHS Foundation Trust,"MH&LD, MH, LD&Community Trusts","Mental Health & Learning Disability and Mental Health, Learning Disability & Community Trusts",5.3388072468344765,3662,1,Occupation Group,https://www.nhsstaffsurveys.com/static/60718f6775613027f2fff1d8ee67a6d3/NSS24-Detailed-spreadsheets.zip,2026-09-11T18:45:19.001500+00:00,898bea0e68e4a657855ace3a04f3f22fe00bd059898edd76d04f5dc940030ee4,NSS24 detailed spreadsheets organisational results.xlsx,2a894c46efce36a3b4291f5d0c299415ae3a0d10428110688eabb47842b63c79,PEOPLE PROMISE ELEMENTS,157,AC157,AD157,2025-04-14 15:54:18,Available annual archive version; not claimed to be exact first-publication-day bytes
2024,2024,RNZ,Salisbury NHS Foundation Trust,Acute&Acute Community Trusts,Acute and Acute & Community Trusts,5.168332308915563,2637,1,Occupation Group,https://www.nhsstaffsurveys.com/static/60718f6775613027f2fff1d8ee67a6d3/NSS24-Detailed-spreadsheets.zip,2026-09-11T18:45:19.001500+00:00,898bea0e68e4a657855ace3a04f3f22fe00bd059898edd76d04f5dc940030ee4,NSS24 detailed spreadsheets organisational results.xlsx,2a894c46efce36a3b4291f5d0c299415ae3a0d10428110688eabb47842b63c79,PEOPLE PROMISE ELEMENTS,158,AC158,AD158,2025-04-14 15:54:18,Available annual archive version; not claimed to be exact first-publication-day bytes
2024,2024,RP1,Northamptonshire Healthcare NHS Foundation Trust,"MH&LD, MH, LD&Community Trusts","Mental Health & Learning Disability and Mental Health, Learning Disability & Community Trusts",5.485892999058867,2979,1,Occupation Group,https://www.nhsstaffsurveys.com/static/60718f6775613027f2fff1d8ee67a6d3/NSS24-Detailed-spreadsheets.zip,2026-09-11T18:45:19.001500+00:00,898bea0e68e4a657855ace3a04f3f22fe00bd059898edd76d04f5dc940030ee4,NSS24 detailed spreadsheets organisational results.xlsx,2a894c46efce36a3b4291f5d0c299415ae3a0d10428110688eabb47842b63c79,PEOPLE PROMISE ELEMENTS,159,AC159,AD159,2025-04-14 15:54:18,Available annual archive version; not claimed to be exact first-publication-day bytes
2024,2024,RP4,Great Ormond Street Hospital for Children NHS Foundation Trust,Acute Specialist Trusts,Acute Specialist Trusts,5.0843130554590035,3343,1,Occupation Group,https://www.nhsstaffsurveys.com/static/60718f6775613027f2fff1d8ee67a6d3/NSS24-Detailed-spreadsheets.zip,2026-09-11T18:45:19.001500+00:00,898bea0e68e4a657855ace3a04f3f22fe00bd059898edd76d04f5dc940030ee4,NSS24 detailed spreadsheets organisational results.xlsx,2a894c46efce36a3b4291f5d0c299415ae3a0d10428110688eabb47842b63c79,PEOPLE PROMISE ELEMENTS,160,AC160,AD160,2025-04-14 15:54:18,Available annual archive version; not claimed to be exact first-publication-day bytes
2024,2024,RP5,Doncaster and Bassetlaw Teaching Hospitals NHS Foundation Trust,Acute&Acute Community Trusts,Acute and Acute & Community Trusts,5.060068583441345,4557,1,Occupation Group,https://www.nhsstaffsurveys.com/static/60718f6775613027f2fff1d8ee67a6d3/NSS24-Detailed-spreadsheets.zip,2026-09-11T18:45:19.001500+00:00,898bea0e68e4a657855ace3a04f3f22fe00bd059898edd76d04f5dc940030ee4,NSS24 detailed spreadsheets organisational results.xlsx,2a894c46efce36a3b4291f5d0c299415ae3a0d10428110688eabb47842b63c79,PEOPLE PROMISE ELEMENTS,161,AC161,AD161,2025-04-14 15:54:18,Available annual archive version; not claimed to be exact first-publication-day bytes
2024,2024,RP6,Moorfields Eye Hospital NHS Foundation Trust,Acute Specialist Trusts,Acute Specialist Trusts,5.280300787208931,1786,1,Occupation Group,https://www.nhsstaffsurveys.com/static/60718f6775613027f2fff1d8ee67a6d3/NSS24-Detailed-spreadsheets.zip,2026-09-11T18:45:19.001500+00:00,898bea0e68e4a657855ace3a04f3f22fe00bd059898edd76d04f5dc940030ee4,NSS24 detailed spreadsheets organisational results.xlsx,2a894c46efce36a3b4291f5d0c299415ae3a0d10428110688eabb47842b63c79,PEOPLE PROMISE ELEMENTS,162,AC162,AD162,2025-04-14 15:54:18,Available annual archive version; not claimed to be exact first-publication-day bytes
2024,2024,RP7,Lincolnshire Partnership NHS Foundation Trust,"MH&LD, MH, LD&Community Trusts","Mental Health & Learning Disability and Mental Health, Learning Disability & Community Trusts",5.450767878985654,1778,1,Occupation Group,https://www.nhsstaffsurveys.com/static/60718f6775613027f2fff1d8ee67a6d3/NSS24-Detailed-spreadsheets.zip,2026-09-11T18:45:19.001500+00:00,898bea0e68e4a657855ace3a04f3f22fe00bd059898edd76d04f5dc940030ee4,NSS24 detailed spreadsheets organisational results.xlsx,2a894c46efce36a3b4291f5d0c299415ae3a0d10428110688eabb47842b63c79,PEOPLE PROMISE ELEMENTS,163,AC163,AD163,2025-04-14 15:54:18,Available annual archive version; not claimed to be exact first-publication-day bytes
2024,2024,RPA,Medway NHS Foundation Trust,Acute&Acute Community Trusts,Acute and Acute & Community Trusts,4.879352943636501,2490,1,Occupation Group,https://www.nhsstaffsurveys.com/static/60718f6775613027f2fff1d8ee67a6d3/NSS24-Detailed-spreadsheets.zip,2026-09-11T18:45:19.001500+00:00,898bea0e68e4a657855ace3a04f3f22fe00bd059898edd76d04f5dc940030ee4,NSS24 detailed spreadsheets organisational results.xlsx,2a894c46efce36a3b4291f5d0c299415ae3a0d10428110688eabb47842b63c79,PEOPLE PROMISE ELEMENTS,164,AC164,AD164,2025-04-14 15:54:18,Available annual archive version; not claimed to be exact first-publication-day bytes
2024,2024,RPC,Queen Victoria Hospital NHS Foundation Trust,Acute Specialist Trusts,Acute Specialist Trusts,5.480348438230425,680,1,Occupation Group,https://www.nhsstaffsurveys.com/static/60718f6775613027f2fff1d8ee67a6d3/NSS24-Detailed-spreadsheets.zip,2026-09-11T18:45:19.001500+00:00,898bea0e68e4a657855ace3a04f3f22fe00bd059898edd76d04f5dc940030ee4,NSS24 detailed spreadsheets organisational results.xlsx,2a894c46efce36a3b4291f5d0c299415ae3a0d10428110688eabb47842b63c79,PEOPLE PROMISE ELEMENTS,165,AC165,AD165,2025-04-14 15:54:18,Available annual archive version; not claimed to be exact first-publication-day bytes
2024,2024,RPG,Oxleas NHS Foundation Trust,"MH&LD, MH, LD&Community Trusts","Mental Health & Learning Disability and Mental Health, Learning Disability & Community Trusts",5.367964928994095,2850,1,Occupation Group,https://www.nhsstaffsurveys.com/static/60718f6775613027f2fff1d8ee67a6d3/NSS24-Detailed-spreadsheets.zip,2026-09-11T18:45:19.001500+00:00,898bea0e68e4a657855ace3a04f3f22fe00bd059898edd76d04f5dc940030ee4,NSS24 detailed spreadsheets organisational results.xlsx,2a894c46efce36a3b4291f5d0c299415ae3a0d10428110688eabb47842b63c79,PEOPLE PROMISE ELEMENTS,166,AC166,AD166,2025-04-14 15:54:18,Available annual archive version; not claimed to be exact first-publication-day bytes
2024,2024,RPY,The Royal Marsden NHS Foundation Trust,Acute Specialist Trusts,Acute Specialist Trusts,5.239491003387694,2099,1,Occupation Group,https://www.nhsstaffsurveys.com/static/60718f6775613027f2fff1d8ee67a6d3/NSS24-Detailed-spreadsheets.zip,2026-09-11T18:45:19.001500+00:00,898bea0e68e4a657855ace3a04f3f22fe00bd059898edd76d04f5dc940030ee4,NSS24 detailed spreadsheets organisational results.xlsx,2a894c46efce36a3b4291f5d0c299415ae3a0d10428110688eabb47842b63c79,PEOPLE PROMISE ELEMENTS,167,AC167,AD167,2025-04-14 15:54:18,Available annual archive version; not claimed to be exact first-publication-day bytes
2024,2024,RQ3,Birmingham Women's and Children's NHS Foundation Trust,Acute&Acute Community Trusts,Acute and Acute & Community Trusts,4.818457455301408,3034,1,Occupation Group,https://www.nhsstaffsurveys.com/static/60718f6775613027f2fff1d8ee67a6d3/NSS24-Detailed-spreadsheets.zip,2026-09-11T18:45:19.001500+00:00,898bea0e68e4a657855ace3a04f3f22fe00bd059898edd76d04f5dc940030ee4,NSS24 detailed spreadsheets organisational results.xlsx,2a894c46efce36a3b4291f5d0c299415ae3a0d10428110688eabb47842b63c79,PEOPLE PROMISE ELEMENTS,168,AC168,AD168,2025-04-14 15:54:18,Available annual archive version; not claimed to be exact first-publication-day bytes
2024,2024,RQM,Chelsea and Westminster Hospital NHS Foundation Trust,Acute&Acute Community Trusts,Acute and Acute & Community Trusts,5.010136575803353,3893,1,Occupation Group,https://www.nhsstaffsurveys.com/static/60718f6775613027f2fff1d8ee67a6d3/NSS24-Detailed-spreadsheets.zip,2026-09-11T18:45:19.001500+00:00,898bea0e68e4a657855ace3a04f3f22fe00bd059898edd76d04f5dc940030ee4,NSS24 detailed spreadsheets organisational results.xlsx,2a894c46efce36a3b4291f5d0c299415ae3a0d10428110688eabb47842b63c79,PEOPLE PROMISE ELEMENTS,169,AC169,AD169,2025-04-14 15:54:18,Available annual archive version; not claimed to be exact first-publication-day bytes
2024,2024,RQW,The Princess Alexandra Hospital NHS Trust,Acute&Acute Community Trusts,Acute and Acute & Community Trusts,4.760071972065488,2016,1,Occupation Group,https://www.nhsstaffsurveys.com/static/60718f6775613027f2fff1d8ee67a6d3/NSS24-Detailed-spreadsheets.zip,2026-09-11T18:45:19.001500+00:00,898bea0e68e4a657855ace3a04f3f22fe00bd059898edd76d04f5dc940030ee4,NSS24 detailed spreadsheets organisational results.xlsx,2a894c46efce36a3b4291f5d0c299415ae3a0d10428110688eabb47842b63c79,PEOPLE PROMISE ELEMENTS,170,AC170,AD170,2025-04-14 15:54:18,Available annual archive version; not claimed to be exact first-publication-day bytes
2024,2024,RQX,Homerton Healthcare NHS Foundation Trust,Acute&Acute Community Trusts,Acute and Acute & Community Trusts,4.847967703562105,2066,1,Occupation Group,https://www.nhsstaffsurveys.com/static/60718f6775613027f2fff1d8ee67a6d3/NSS24-Detailed-spreadsheets.zip,2026-09-11T18:45:19.001500+00:00,898bea0e68e4a657855ace3a04f3f22fe00bd059898edd76d04f5dc940030ee4,NSS24 detailed spreadsheets organisational results.xlsx,2a894c46efce36a3b4291f5d0c299415ae3a0d10428110688eabb47842b63c79,PEOPLE PROMISE ELEMENTS,171,AC171,AD171,2025-04-14 15:54:18,Available annual archive version; not claimed to be exact first-publication-day bytes
2024,2024,RQY,South West London and St George's Mental Health NHS Trust,"MH&LD, MH, LD&Community Trusts","Mental Health & Learning Disability and Mental Health, Learning Disability & Community Trusts",5.148483696583805,1924,1,Occupation Group,https://www.nhsstaffsurveys.com/static/60718f6775613027f2fff1d8ee67a6d3/NSS24-Detailed-spreadsheets.zip,2026-09-11T18:45:19.001500+00:00,898bea0e68e4a657855ace3a04f3f22fe00bd059898edd76d04f5dc940030ee4,NSS24 detailed spreadsheets organisational results.xlsx,2a894c46efce36a3b4291f5d0c299415ae3a0d10428110688eabb47842b63c79,PEOPLE PROMISE ELEMENTS,172,AC172,AD172,2025-04-14 15:54:18,Available annual archive version; not claimed to be exact first-publication-day bytes
2024,2024,RR7,Gateshead Health NHS Foundation Trust,Acute&Acute Community Trusts,Acute and Acute & Community Trusts,4.991478421683169,2383,1,Occupation Group,https://www.nhsstaffsurveys.com/static/60718f6775613027f2fff1d8ee67a6d3/NSS24-Detailed-spreadsheets.zip,2026-09-11T18:45:19.001500+00:00,898bea0e68e4a657855ace3a04f3f22fe00bd059898edd76d04f5dc940030ee4,NSS24 detailed spreadsheets organisational results.xlsx,2a894c46efce36a3b4291f5d0c299415ae3a0d10428110688eabb47842b63c79,PEOPLE PROMISE ELEMENTS,173,AC173,AD173,2025-04-14 15:54:18,Available annual archive version; not claimed to be exact first-publication-day bytes
2024,2024,RR8,Leeds Teaching Hospitals NHS Trust,Acute&Acute Community Trusts,Acute and Acute & Community Trusts,5.00797674484386,9954,1,Occupation Group,https://www.nhsstaffsurveys.com/static/60718f6775613027f2fff1d8ee67a6d3/NSS24-Detailed-spreadsheets.zip,2026-09-11T18:45:19.001500+00:00,898bea0e68e4a657855ace3a04f3f22fe00bd059898edd76d04f5dc940030ee4,NSS24 detailed spreadsheets organisational results.xlsx,2a894c46efce36a3b4291f5d0c299415ae3a0d10428110688eabb47842b63c79,PEOPLE PROMISE ELEMENTS,174,AC174,AD174,2025-04-14 15:54:18,Available annual archive version; not claimed to be exact first-publication-day bytes
2024,2024,RRE,Midlands Partnership University NHS Foundation Trust,"MH&LD, MH, LD&Community Trusts","Mental Health & Learning Disability and Mental Health, Learning Disability & Community Trusts",5.5564325102494125,5969,1,Occupation Group,https://www.nhsstaffsurveys.com/static/60718f6775613027f2fff1d8ee67a6d3/NSS24-Detailed-spreadsheets.zip,2026-09-11T18:45:19.001500+00:00,898bea0e68e4a657855ace3a04f3f22fe00bd059898edd76d04f5dc940030ee4,NSS24 detailed spreadsheets organisational results.xlsx,2a894c46efce36a3b4291f5d0c299415ae3a0d10428110688eabb47842b63c79,PEOPLE PROMISE ELEMENTS,175,AC175,AD175,2025-04-14 15:54:18,Available annual archive version; not claimed to be exact first-publication-day bytes
2024,2024,RRF,"Wrightington, Wigan and Leigh Teaching Hospitals NHS Foundation Trust",Acute&Acute Community Trusts,Acute and Acute & Community Trusts,5.069891020729649,2523,1,Occupation Group,https://www.nhsstaffsurveys.com/static/60718f6775613027f2fff1d8ee67a6d3/NSS24-Detailed-spreadsheets.zip,2026-09-11T18:45:19.001500+00:00,898bea0e68e4a657855ace3a04f3f22fe00bd059898edd76d04f5dc940030ee4,NSS24 detailed spreadsheets organisational results.xlsx,2a894c46efce36a3b4291f5d0c299415ae3a0d10428110688eabb47842b63c79,PEOPLE PROMISE ELEMENTS,176,AC176,AD176,2025-04-14 15:54:18,Available annual archive version; not claimed to be exact first-publication-day bytes
2024,2024,RRJ,The Royal Orthopaedic Hospital NHS Foundation Trust,Acute Specialist Trusts,Acute Specialist Trusts,5.396569316518204,833,1,Occupation Group,https://www.nhsstaffsurveys.com/static/60718f6775613027f2fff1d8ee67a6d3/NSS24-Detailed-spreadsheets.zip,2026-09-11T18:45:19.001500+00:00,898bea0e68e4a657855ace3a04f3f22fe00bd059898edd76d04f5dc940030ee4,NSS24 detailed spreadsheets organisational results.xlsx,2a894c46efce36a3b4291f5d0c299415ae3a0d10428110688eabb47842b63c79,PEOPLE PROMISE ELEMENTS,177,AC177,AD177,2025-04-14 15:54:18,Available annual archive version; not claimed to be exact first-publication-day bytes
2024,2024,RRK,University Hospitals Birmingham NHS Foundation Trust,Acute&Acute Community Trusts,Acute and Acute & Community Trusts,4.831559682356519,9324,1,Occupation Group,https://www.nhsstaffsurveys.com/static/60718f6775613027f2fff1d8ee67a6d3/NSS24-Detailed-spreadsheets.zip,2026-09-11T18:45:19.001500+00:00,898bea0e68e4a657855ace3a04f3f22fe00bd059898edd76d04f5dc940030ee4,NSS24 detailed spreadsheets organisational results.xlsx,2a894c46efce36a3b4291f5d0c299415ae3a0d10428110688eabb47842b63c79,PEOPLE PROMISE ELEMENTS,178,AC178,AD178,2025-04-14 15:54:18,Available annual archive version; not claimed to be exact first-publication-day bytes
2024,2024,RRP,"Barnet, Enfield and Haringey Mental Health NHS Trust","MH&LD, MH, LD&Community Trusts","Mental Health & Learning Disability and Mental Health, Learning Disability & Community Trusts",5.271927448735158,1534,1,Occupation Group,https://www.nhsstaffsurveys.com/static/60718f6775613027f2fff1d8ee67a6d3/NSS24-Detailed-spreadsheets.zip,2026-09-11T18:45:19.001500+00:00,898bea0e68e4a657855ace3a04f3f22fe00bd059898edd76d04f5dc940030ee4,NSS24 detailed spreadsheets organisational results.xlsx,2a894c46efce36a3b4291f5d0c299415ae3a0d10428110688eabb47842b63c79,PEOPLE PROMISE ELEMENTS,179,AC179,AD179,2025-04-14 15:54:18,Available annual archive version; not claimed to be exact first-publication-day bytes
2024,2024,RRU,London Ambulance Service NHS Trust,Ambulance Trusts,Ambulance Trusts,4.390425310102769,6041,1,Occupation Group,https://www.nhsstaffsurveys.com/static/60718f6775613027f2fff1d8ee67a6d3/NSS24-Detailed-spreadsheets.zip,2026-09-11T18:45:19.001500+00:00,898bea0e68e4a657855ace3a04f3f22fe00bd059898edd76d04f5dc940030ee4,NSS24 detailed spreadsheets organisational results.xlsx,2a894c46efce36a3b4291f5d0c299415ae3a0d10428110688eabb47842b63c79,PEOPLE PROMISE ELEMENTS,180,AC180,AD180,2025-04-14 15:54:18,Available annual archive version; not claimed to be exact first-publication-day bytes
2024,2024,RRV,University College London Hospitals NHS Foundation Trust,Acute&Acute Community Trusts,Acute and Acute & Community Trusts,5.108178803552846,4415,1,Occupation Group,https://www.nhsstaffsurveys.com/static/60718f6775613027f2fff1d8ee67a6d3/NSS24-Detailed-spreadsheets.zip,2026-09-11T18:45:19.001500+00:00,898bea0e68e4a657855ace3a04f3f22fe00bd059898edd76d04f5dc940030ee4,NSS24 detailed spreadsheets organisational results.xlsx,2a894c46efce36a3b4291f5d0c299415ae3a0d10428110688eabb47842b63c79,PEOPLE PROMISE ELEMENTS,181,AC181,AD181,2025-04-14 15:54:18,Available annual archive version; not claimed to be exact first-publication-day bytes
2024,2024,RT1,Cambridgeshire and Peterborough NHS Foundation Trust,"MH&LD, MH, LD&Community Trusts","Mental Health & Learning Disability and Mental Health, Learning Disability & Community Trusts",5.263638971950048,2010,1,Occupation Group,https://www.nhsstaffsurveys.com/static/60718f6775613027f2fff1d8ee67a6d3/NSS24-Detailed-spreadsheets.zip,2026-09-11T18:45:19.001500+00:00,898bea0e68e4a657855ace3a04f3f22fe00bd059898edd76d04f5dc940030ee4,NSS24 detailed spreadsheets organisational results.xlsx,2a894c46efce36a3b4291f5d0c299415ae3a0d10428110688eabb47842b63c79,PEOPLE PROMISE ELEMENTS,182,AC182,AD182,2025-04-14 15:54:18,Available annual archive version; not claimed to be exact first-publication-day bytes
2024,2024,RT2,Pennine Care NHS Foundation Trust,"MH&LD, MH, LD&Community Trusts","Mental Health & Learning Disability and Mental Health, Learning Disability & Community Trusts",5.427483881690262,2078,1,Occupation Group,https://www.nhsstaffsurveys.com/static/60718f6775613027f2fff1d8ee67a6d3/NSS24-Detailed-spreadsheets.zip,2026-09-11T18:45:19.001500+00:00,898bea0e68e4a657855ace3a04f3f22fe00bd059898edd76d04f5dc940030ee4,NSS24 detailed spreadsheets organisational results.xlsx,2a894c46efce36a3b4291f5d0c299415ae3a0d10428110688eabb47842b63c79,PEOPLE PROMISE ELEMENTS,183,AC183,AD183,2025-04-14 15:54:18,Available annual archive version; not claimed to be exact first-publication-day bytes
2024,2024,RT5,Leicestershire Partnership NHS Trust,"MH&LD, MH, LD&Community Trusts","Mental Health & Learning Disability and Mental Health, Learning Disability & Community Trusts",5.419395611760568,3951,1,Occupation Group,https://www.nhsstaffsurveys.com/static/60718f6775613027f2fff1d8ee67a6d3/NSS24-Detailed-spreadsheets.zip,2026-09-11T18:45:19.001500+00:00,898bea0e68e4a657855ace3a04f3f22fe00bd059898edd76d04f5dc940030ee4,NSS24 detailed spreadsheets organisational results.xlsx,2a894c46efce36a3b4291f5d0c299415ae3a0d10428110688eabb47842b63c79,PEOPLE PROMISE ELEMENTS,184,AC184,AD184,2025-04-14 15:54:18,Available annual archive version; not claimed to be exact first-publication-day bytes
2024,2024,RTD,The Newcastle upon Tyne Hospitals NHS Foundation Trust,Acute&Acute Community Trusts,Acute and Acute & Community Trusts,4.956013954880379,10327,1,Occupation Group,https://www.nhsstaffsurveys.com/static/60718f6775613027f2fff1d8ee67a6d3/NSS24-Detailed-spreadsheets.zip,2026-09-11T18:45:19.001500+00:00,898bea0e68e4a657855ace3a04f3f22fe00bd059898edd76d04f5dc940030ee4,NSS24 detailed spreadsheets organisational results.xlsx,2a894c46efce36a3b4291f5d0c299415ae3a0d10428110688eabb47842b63c79,PEOPLE PROMISE ELEMENTS,185,AC185,AD185,2025-04-14 15:54:18,Available annual archive version; not claimed to be exact first-publication-day bytes
2024,2024,RTE,Gloucestershire Hospitals NHS Foundation Trust,Acute&Acute Community Trusts,Acute and Acute & Community Trusts,4.96675326279215,5512,1,Occupation Group,https://www.nhsstaffsurveys.com/static/60718f6775613027f2fff1d8ee67a6d3/NSS24-Detailed-spreadsheets.zip,2026-09-11T18:45:19.001500+00:00,898bea0e68e4a657855ace3a04f3f22fe00bd059898edd76d04f5dc940030ee4,NSS24 detailed spreadsheets organisational results.xlsx,2a894c46efce36a3b4291f5d0c299415ae3a0d10428110688eabb47842b63c79,PEOPLE PROMISE ELEMENTS,186,AC186,AD186,2025-04-14 15:54:18,Available annual archive version; not claimed to be exact first-publication-day bytes
2024,2024,RTF,Northumbria Healthcare NHS Foundation Trust,Acute&Acute Community Trusts,Acute and Acute & Community Trusts,5.300130677785782,6243,1,Occupation Group,https://www.nhsstaffsurveys.com/static/60718f6775613027f2fff1d8ee67a6d3/NSS24-Detailed-spreadsheets.zip,2026-09-11T18:45:19.001500+00:00,898bea0e68e4a657855ace3a04f3f22fe00bd059898edd76d04f5dc940030ee4,NSS24 detailed spreadsheets organisational results.xlsx,2a894c46efce36a3b4291f5d0c299415ae3a0d10428110688eabb47842b63c79,PEOPLE PROMISE ELEMENTS,187,AC187,AD187,2025-04-14 15:54:18,Available annual archive version; not claimed to be exact first-publication-day bytes
2024,2024,RTG,University Hospitals of Derby and Burton NHS Foundation Trust,Acute&Acute Community Trusts,Acute and Acute & Community Trusts,4.920896689464327,7680,1,Occupation Group,https://www.nhsstaffsurveys.com/static/60718f6775613027f2fff1d8ee67a6d3/NSS24-Detailed-spreadsheets.zip,2026-09-11T18:45:19.001500+00:00,898bea0e68e4a657855ace3a04f3f22fe00bd059898edd76d04f5dc940030ee4,NSS24 detailed spreadsheets organisational results.xlsx,2a894c46efce36a3b4291f5d0c299415ae3a0d10428110688eabb47842b63c79,PEOPLE PROMISE ELEMENTS,188,AC188,AD188,2025-04-14 15:54:18,Available annual archive version; not claimed to be exact first-publication-day bytes
2024,2024,RTH,Oxford University Hospitals NHS Foundation Trust,Acute&Acute Community Trusts,Acute and Acute & Community Trusts,5.0927107668620675,7182,1,Occupation Group,https://www.nhsstaffsurveys.com/static/60718f6775613027f2fff1d8ee67a6d3/NSS24-Detailed-spreadsheets.zip,2026-09-11T18:45:19.001500+00:00,898bea0e68e4a657855ace3a04f3f22fe00bd059898edd76d04f5dc940030ee4,NSS24 detailed spreadsheets organisational results.xlsx,2a894c46efce36a3b4291f5d0c299415ae3a0d10428110688eabb47842b63c79,PEOPLE PROMISE ELEMENTS,189,AC189,AD189,2025-04-14 15:54:18,Available annual archive version; not claimed to be exact first-publication-day bytes
2024,2024,RTK,Ashford and St Peter's Hospitals NHS Foundation Trust,Acute&Acute Community Trusts,Acute and Acute & Community Trusts,5.238335019882773,2577,1,Occupation Group,https://www.nhsstaffsurveys.com/static/60718f6775613027f2fff1d8ee67a6d3/NSS24-Detailed-spreadsheets.zip,2026-09-11T18:45:19.001500+00:00,898bea0e68e4a657855ace3a04f3f22fe00bd059898edd76d04f5dc940030ee4,NSS24 detailed spreadsheets organisational results.xlsx,2a894c46efce36a3b4291f5d0c299415ae3a0d10428110688eabb47842b63c79,PEOPLE PROMISE ELEMENTS,190,AC190,AD190,2025-04-14 15:54:18,Available annual archive version; not claimed to be exact first-publication-day bytes
2024,2024,RTP,Surrey and Sussex Healthcare NHS Trust,Acute&Acute Community Trusts,Acute and Acute & Community Trusts,5.0729869182302,2452,1,Occupation Group,https://www.nhsstaffsurveys.com/static/60718f6775613027f2fff1d8ee67a6d3/NSS24-Detailed-spreadsheets.zip,2026-09-11T18:45:19.001500+00:00,898bea0e68e4a657855ace3a04f3f22fe00bd059898edd76d04f5dc940030ee4,NSS24 detailed spreadsheets organisational results.xlsx,2a894c46efce36a3b4291f5d0c299415ae3a0d10428110688eabb47842b63c79,PEOPLE PROMISE ELEMENTS,191,AC191,AD191,2025-04-14 15:54:18,Available annual archive version; not claimed to be exact first-publication-day bytes
2024,2024,RTQ,Gloucestershire Health and Care NHS Foundation Trust,"MH&LD, MH, LD&Community Trusts","Mental Health & Learning Disability and Mental Health, Learning Disability & Community Trusts",5.322224744779237,3018,1,Occupation Group,https://www.nhsstaffsurveys.com/static/60718f6775613027f2fff1d8ee67a6d3/NSS24-Detailed-spreadsheets.zip,2026-09-11T18:45:19.001500+00:00,898bea0e68e4a657855ace3a04f3f22fe00bd059898edd76d04f5dc940030ee4,NSS24 detailed spreadsheets organisational results.xlsx,2a894c46efce36a3b4291f5d0c299415ae3a0d10428110688eabb47842b63c79,PEOPLE PROMISE ELEMENTS,192,AC192,AD192,2025-04-14 15:54:18,Available annual archive version; not claimed to be exact first-publication-day bytes
2024,2024,RTR,South Tees Hospitals NHS Foundation Trust,Acute&Acute Community Trusts,Acute and Acute & Community Trusts,4.908386473106454,3043,1,Occupation Group,https://www.nhsstaffsurveys.com/static/60718f6775613027f2fff1d8ee67a6d3/NSS24-Detailed-spreadsheets.zip,2026-09-11T18:45:19.001500+00:00,898bea0e68e4a657855ace3a04f3f22fe00bd059898edd76d04f5dc940030ee4,NSS24 detailed spreadsheets organisational results.xlsx,2a894c46efce36a3b4291f5d0c299415ae3a0d10428110688eabb47842b63c79,PEOPLE PROMISE ELEMENTS,193,AC193,AD193,2025-04-14 15:54:18,Available annual archive version; not claimed to be exact first-publication-day bytes
2024,2024,RTX,University Hospitals of Morecambe Bay NHS Foundation Trust,Acute&Acute Community Trusts,Acute and Acute & Community Trusts,5.0463367806911545,3036,1,Occupation Group,https://www.nhsstaffsurveys.com/static/60718f6775613027f2fff1d8ee67a6d3/NSS24-Detailed-spreadsheets.zip,2026-09-11T18:45:19.001500+00:00,898bea0e68e4a657855ace3a04f3f22fe00bd059898edd76d04f5dc940030ee4,NSS24 detailed spreadsheets organisational results.xlsx,2a894c46efce36a3b4291f5d0c299415ae3a0d10428110688eabb47842b63c79,PEOPLE PROMISE ELEMENTS,194,AC194,AD194,2025-04-14 15:54:18,Available annual archive version; not claimed to be exact first-publication-day bytes
2024,2024,RV3,Central and North West London NHS Foundation Trust,"MH&LD, MH, LD&Community Trusts","Mental Health & Learning Disability and Mental Health, Learning Disability & Community Trusts",5.241977595643524,4499,1,Occupation Group,https://www.nhsstaffsurveys.com/static/60718f6775613027f2fff1d8ee67a6d3/NSS24-Detailed-spreadsheets.zip,2026-09-11T18:45:19.001500+00:00,898bea0e68e4a657855ace3a04f3f22fe00bd059898edd76d04f5dc940030ee4,NSS24 detailed spreadsheets organisational results.xlsx,2a894c46efce36a3b4291f5d0c299415ae3a0d10428110688eabb47842b63c79,PEOPLE PROMISE ELEMENTS,195,AC195,AD195,2025-04-14 15:54:18,Available annual archive version; not claimed to be exact first-publication-day bytes
2024,2024,RV5,South London and Maudsley NHS Foundation Trust,"MH&LD, MH, LD&Community Trusts","Mental Health & Learning Disability and Mental Health, Learning Disability & Community Trusts",5.143008230041699,2446,1,Occupation Group,https://www.nhsstaffsurveys.com/static/60718f6775613027f2fff1d8ee67a6d3/NSS24-Detailed-spreadsheets.zip,2026-09-11T18:45:19.001500+00:00,898bea0e68e4a657855ace3a04f3f22fe00bd059898edd76d04f5dc940030ee4,NSS24 detailed spreadsheets organisational results.xlsx,2a894c46efce36a3b4291f5d0c299415ae3a0d10428110688eabb47842b63c79,PEOPLE PROMISE ELEMENTS,196,AC196,AD196,2025-04-14 15:54:18,Available annual archive version; not claimed to be exact first-publication-day bytes
2024,2024,RV9,Humber Teaching NHS Foundation Trust,"MH&LD, MH, LD&Community Trusts","Mental Health & Learning Disability and Mental Health, Learning Disability & Community Trusts",5.406628469374933,1958,1,Occupation Group,https://www.nhsstaffsurveys.com/static/60718f6775613027f2fff1d8ee67a6d3/NSS24-Detailed-spreadsheets.zip,2026-09-11T18:45:19.001500+00:00,898bea0e68e4a657855ace3a04f3f22fe00bd059898edd76d04f5dc940030ee4,NSS24 detailed spreadsheets organisational results.xlsx,2a894c46efce36a3b4291f5d0c299415ae3a0d10428110688eabb47842b63c79,PEOPLE PROMISE ELEMENTS,197,AC197,AD197,2025-04-14 15:54:18,Available annual archive version; not claimed to be exact first-publication-day bytes
2024,2024,RVJ,North Bristol NHS Trust,Acute&Acute Community Trusts,Acute and Acute & Community Trusts,5.135950699313206,6489,1,Occupation Group,https://www.nhsstaffsurveys.com/static/60718f6775613027f2fff1d8ee67a6d3/NSS24-Detailed-spreadsheets.zip,2026-09-11T18:45:19.001500+00:00,898bea0e68e4a657855ace3a04f3f22fe00bd059898edd76d04f5dc940030ee4,NSS24 detailed spreadsheets organisational results.xlsx,2a894c46efce36a3b4291f5d0c299415ae3a0d10428110688eabb47842b63c79,PEOPLE PROMISE ELEMENTS,198,AC198,AD198,2025-04-14 15:54:18,Available annual archive version; not claimed to be exact first-publication-day bytes
2024,2024,RVN,Avon and Wiltshire Mental Health Partnership NHS Trust,"MH&LD, MH, LD&Community Trusts","Mental Health & Learning Disability and Mental Health, Learning Disability & Community Trusts",5.382572357630344,2635,1,Occupation Group,https://www.nhsstaffsurveys.com/static/60718f6775613027f2fff1d8ee67a6d3/NSS24-Detailed-spreadsheets.zip,2026-09-11T18:45:19.001500+00:00,898bea0e68e4a657855ace3a04f3f22fe00bd059898edd76d04f5dc940030ee4,NSS24 detailed spreadsheets organisational results.xlsx,2a894c46efce36a3b4291f5d0c299415ae3a0d10428110688eabb47842b63c79,PEOPLE PROMISE ELEMENTS,199,AC199,AD199,2025-04-14 15:54:18,Available annual archive version; not claimed to be exact first-publication-day bytes
2024,2024,RVR,Epsom and St Helier University Hospitals NHS Trust,Acute&Acute Community Trusts,Acute and Acute & Community Trusts,5.211234574057401,3849,1,Occupation Group,https://www.nhsstaffsurveys.com/static/60718f6775613027f2fff1d8ee67a6d3/NSS24-Detailed-spreadsheets.zip,2026-09-11T18:45:19.001500+00:00,898bea0e68e4a657855ace3a04f3f22fe00bd059898edd76d04f5dc940030ee4,NSS24 detailed spreadsheets organisational results.xlsx,2a894c46efce36a3b4291f5d0c299415ae3a0d10428110688eabb47842b63c79,PEOPLE PROMISE ELEMENTS,200,AC200,AD200,2025-04-14 15:54:18,Available annual archive version; not claimed to be exact first-publication-day bytes
2024,2024,RVV,East Kent Hospitals University NHS Foundation Trust,Acute&Acute Community Trusts,Acute and Acute & Community Trusts,4.804793486229744,6210,1,Occupation Group,https://www.nhsstaffsurveys.com/static/60718f6775613027f2fff1d8ee67a6d3/NSS24-Detailed-spreadsheets.zip,2026-09-11T18:45:19.001500+00:00,898bea0e68e4a657855ace3a04f3f22fe00bd059898edd76d04f5dc940030ee4,NSS24 detailed spreadsheets organisational results.xlsx,2a894c46efce36a3b4291f5d0c299415ae3a0d10428110688eabb47842b63c79,PEOPLE PROMISE ELEMENTS,201,AC201,AD201,2025-04-14 15:54:18,Available annual archive version; not claimed to be exact first-publication-day bytes
2024,2024,RVW,North Tees and Hartlepool NHS Foundation Trust,Acute&Acute Community Trusts,Acute and Acute & Community Trusts,5.167624072471496,2333,1,Occupation Group,https://www.nhsstaffsurveys.com/static/60718f6775613027f2fff1d8ee67a6d3/NSS24-Detailed-spreadsheets.zip,2026-09-11T18:45:19.001500+00:00,898bea0e68e4a657855ace3a04f3f22fe00bd059898edd76d04f5dc940030ee4,NSS24 detailed spreadsheets organisational results.xlsx,2a894c46efce36a3b4291f5d0c299415ae3a0d10428110688eabb47842b63c79,PEOPLE PROMISE ELEMENTS,202,AC202,AD202,2025-04-14 15:54:18,Available annual archive version; not claimed to be exact first-publication-day bytes
2024,2024,RW1,Southern Health NHS Foundation Trust,"MH&LD, MH, LD&Community Trusts","Mental Health & Learning Disability and Mental Health, Learning Disability & Community Trusts",5.279754772958339,4963,1,Occupation Group,https://www.nhsstaffsurveys.com/static/60718f6775613027f2fff1d8ee67a6d3/NSS24-Detailed-spreadsheets.zip,2026-09-11T18:45:19.001500+00:00,898bea0e68e4a657855ace3a04f3f22fe00bd059898edd76d04f5dc940030ee4,NSS24 detailed spreadsheets organisational results.xlsx,2a894c46efce36a3b4291f5d0c299415ae3a0d10428110688eabb47842b63c79,PEOPLE PROMISE ELEMENTS,203,AC203,AD203,2025-04-14 15:54:18,Available annual archive version; not claimed to be exact first-publication-day bytes
2024,2024,RW4,Mersey Care NHS Foundation Trust,"MH&LD, MH, LD&Community Trusts","Mental Health & Learning Disability and Mental Health, Learning Disability & Community Trusts",5.426422932127054,5272,1,Occupation Group,https://www.nhsstaffsurveys.com/static/60718f6775613027f2fff1d8ee67a6d3/NSS24-Detailed-spreadsheets.zip,2026-09-11T18:45:19.001500+00:00,898bea0e68e4a657855ace3a04f3f22fe00bd059898edd76d04f5dc940030ee4,NSS24 detailed spreadsheets organisational results.xlsx,2a894c46efce36a3b4291f5d0c299415ae3a0d10428110688eabb47842b63c79,PEOPLE PROMISE ELEMENTS,204,AC204,AD204,2025-04-14 15:54:18,Available annual archive version; not claimed to be exact first-publication-day bytes
2024,2024,RW5,Lancashire and South Cumbria NHS Foundation Trust,"MH&LD, MH, LD&Community Trusts","Mental Health & Learning Disability and Mental Health, Learning Disability & Community Trusts",5.254986976636991,3251,1,Occupation Group,https://www.nhsstaffsurveys.com/static/60718f6775613027f2fff1d8ee67a6d3/NSS24-Detailed-spreadsheets.zip,2026-09-11T18:45:19.001500+00:00,898bea0e68e4a657855ace3a04f3f22fe00bd059898edd76d04f5dc940030ee4,NSS24 detailed spreadsheets organisational results.xlsx,2a894c46efce36a3b4291f5d0c299415ae3a0d10428110688eabb47842b63c79,PEOPLE PROMISE ELEMENTS,205,AC205,AD205,2025-04-14 15:54:18,Available annual archive version; not claimed to be exact first-publication-day bytes
2024,2024,RWA,Hull University Teaching Hospitals NHS Trust,Acute&Acute Community Trusts,Acute and Acute & Community Trusts,4.8554045347183035,4451,1,Occupation Group,https://www.nhsstaffsurveys.com/static/60718f6775613027f2fff1d8ee67a6d3/NSS24-Detailed-spreadsheets.zip,2026-09-11T18:45:19.001500+00:00,898bea0e68e4a657855ace3a04f3f22fe00bd059898edd76d04f5dc940030ee4,NSS24 detailed spreadsheets organisational results.xlsx,2a894c46efce36a3b4291f5d0c299415ae3a0d10428110688eabb47842b63c79,PEOPLE PROMISE ELEMENTS,206,AC206,AD206,2025-04-14 15:54:18,Available annual archive version; not claimed to be exact first-publication-day bytes
2024,2024,RWD,United Lincolnshire Hospitals NHS Trust,Acute&Acute Community Trusts,Acute and Acute & Community Trusts,5.0040289623884515,3556,1,Occupation Group,https://www.nhsstaffsurveys.com/static/60718f6775613027f2fff1d8ee67a6d3/NSS24-Detailed-spreadsheets.zip,2026-09-11T18:45:19.001500+00:00,898bea0e68e4a657855ace3a04f3f22fe00bd059898edd76d04f5dc940030ee4,NSS24 detailed spreadsheets organisational results.xlsx,2a894c46efce36a3b4291f5d0c299415ae3a0d10428110688eabb47842b63c79,PEOPLE PROMISE ELEMENTS,207,AC207,AD207,2025-04-14 15:54:18,Available annual archive version; not claimed to be exact first-publication-day bytes
2024,2024,RWE,University Hospitals of Leicester NHS Trust,Acute&Acute Community Trusts,Acute and Acute & Community Trusts,5.210777240385645,12662,1,Occupation Group,https://www.nhsstaffsurveys.com/static/60718f6775613027f2fff1d8ee67a6d3/NSS24-Detailed-spreadsheets.zip,2026-09-11T18:45:19.001500+00:00,898bea0e68e4a657855ace3a04f3f22fe00bd059898edd76d04f5dc940030ee4,NSS24 detailed spreadsheets organisational results.xlsx,2a894c46efce36a3b4291f5d0c299415ae3a0d10428110688eabb47842b63c79,PEOPLE PROMISE ELEMENTS,208,AC208,AD208,2025-04-14 15:54:18,Available annual archive version; not claimed to be exact first-publication-day bytes
2024,2024,RWF,Maidstone and Tunbridge Wells NHS Trust,Acute&Acute Community Trusts,Acute and Acute & Community Trusts,5.164937857933378,3612,1,Occupation Group,https://www.nhsstaffsurveys.com/static/60718f6775613027f2fff1d8ee67a6d3/NSS24-Detailed-spreadsheets.zip,2026-09-11T18:45:19.001500+00:00,898bea0e68e4a657855ace3a04f3f22fe00bd059898edd76d04f5dc940030ee4,NSS24 detailed spreadsheets organisational results.xlsx,2a894c46efce36a3b4291f5d0c299415ae3a0d10428110688eabb47842b63c79,PEOPLE PROMISE ELEMENTS,209,AC209,AD209,2025-04-14 15:54:18,Available annual archive version; not claimed to be exact first-publication-day bytes
2024,2024,RWG,West Hertfordshire Teaching Hospitals NHS Trust,Acute&Acute Community Trusts,Acute and Acute & Community Trusts,4.959862040322792,3503,1,Occupation Group,https://www.nhsstaffsurveys.com/static/60718f6775613027f2fff1d8ee67a6d3/NSS24-Detailed-spreadsheets.zip,2026-09-11T18:45:19.001500+00:00,898bea0e68e4a657855ace3a04f3f22fe00bd059898edd76d04f5dc940030ee4,NSS24 detailed spreadsheets organisational results.xlsx,2a894c46efce36a3b4291f5d0c299415ae3a0d10428110688eabb47842b63c79,PEOPLE PROMISE ELEMENTS,210,AC210,AD210,2025-04-14 15:54:18,Available annual archive version; not claimed to be exact first-publication-day bytes
2024,2024,RWH,East and North Hertfordshire NHS Trust,Acute&Acute Community Trusts,Acute and Acute & Community Trusts,5.07298656721409,3335,1,Occupation Group,https://www.nhsstaffsurveys.com/static/60718f6775613027f2fff1d8ee67a6d3/NSS24-Detailed-spreadsheets.zip,2026-09-11T18:45:19.001500+00:00,898bea0e68e4a657855ace3a04f3f22fe00bd059898edd76d04f5dc940030ee4,NSS24 detailed spreadsheets organisational results.xlsx,2a894c46efce36a3b4291f5d0c299415ae3a0d10428110688eabb47842b63c79,PEOPLE PROMISE ELEMENTS,211,AC211,AD211,2025-04-14 15:54:18,Available annual archive version; not claimed to be exact first-publication-day bytes
2024,2024,RWJ,Stockport NHS Foundation Trust,Acute&Acute Community Trusts,Acute and Acute & Community Trusts,5.080464058672002,2778,1,Occupation Group,https://www.nhsstaffsurveys.com/static/60718f6775613027f2fff1d8ee67a6d3/NSS24-Detailed-spreadsheets.zip,2026-09-11T18:45:19.001500+00:00,898bea0e68e4a657855ace3a04f3f22fe00bd059898edd76d04f5dc940030ee4,NSS24 detailed spreadsheets organisational results.xlsx,2a894c46efce36a3b4291f5d0c299415ae3a0d10428110688eabb47842b63c79,PEOPLE PROMISE ELEMENTS,212,AC212,AD212,2025-04-14 15:54:18,Available annual archive version; not claimed to be exact first-publication-day bytes
2024,2024,RWK,East London NHS Foundation Trust,"MH&LD, MH, LD&Community Trusts","Mental Health & Learning Disability and Mental Health, Learning Disability & Community Trusts",5.100027327849972,2480,1,Occupation Group,https://www.nhsstaffsurveys.com/static/60718f6775613027f2fff1d8ee67a6d3/NSS24-Detailed-spreadsheets.zip,2026-09-11T18:45:19.001500+00:00,898bea0e68e4a657855ace3a04f3f22fe00bd059898edd76d04f5dc940030ee4,NSS24 detailed spreadsheets organisational results.xlsx,2a894c46efce36a3b4291f5d0c299415ae3a0d10428110688eabb47842b63c79,PEOPLE PROMISE ELEMENTS,213,AC213,AD213,2025-04-14 15:54:18,Available annual archive version; not claimed to be exact first-publication-day bytes
2024,2024,RWP,Worcestershire Acute Hospitals NHS Trust,Acute&Acute Community Trusts,Acute and Acute & Community Trusts,4.972311958820119,3475,1,Occupation Group,https://www.nhsstaffsurveys.com/static/60718f6775613027f2fff1d8ee67a6d3/NSS24-Detailed-spreadsheets.zip,2026-09-11T18:45:19.001500+00:00,898bea0e68e4a657855ace3a04f3f22fe00bd059898edd76d04f5dc940030ee4,NSS24 detailed spreadsheets organisational results.xlsx,2a894c46efce36a3b4291f5d0c299415ae3a0d10428110688eabb47842b63c79,PEOPLE PROMISE ELEMENTS,214,AC214,AD214,2025-04-14 15:54:18,Available annual archive version; not claimed to be exact first-publication-day bytes
2024,2024,RWR,Hertfordshire Partnership University NHS Foundation Trust,"MH&LD, MH, LD&Community Trusts","Mental Health & Learning Disability and Mental Health, Learning Disability & Community Trusts",5.311448340736091,2461,1,Occupation Group,https://www.nhsstaffsurveys.com/static/60718f6775613027f2fff1d8ee67a6d3/NSS24-Detailed-spreadsheets.zip,2026-09-11T18:45:19.001500+00:00,898bea0e68e4a657855ace3a04f3f22fe00bd059898edd76d04f5dc940030ee4,NSS24 detailed spreadsheets organisational results.xlsx,2a894c46efce36a3b4291f5d0c299415ae3a0d10428110688eabb47842b63c79,PEOPLE PROMISE ELEMENTS,215,AC215,AD215,2025-04-14 15:54:18,Available annual archive version; not claimed to be exact first-publication-day bytes
2024,2024,RWV,Devon Partnership NHS Trust,"MH&LD, MH, LD&Community Trusts","Mental Health & Learning Disability and Mental Health, Learning Disability & Community Trusts",5.253970156025284,2081,1,Occupation Group,https://www.nhsstaffsurveys.com/static/60718f6775613027f2fff1d8ee67a6d3/NSS24-Detailed-spreadsheets.zip,2026-09-11T18:45:19.001500+00:00,898bea0e68e4a657855ace3a04f3f22fe00bd059898edd76d04f5dc940030ee4,NSS24 detailed spreadsheets organisational results.xlsx,2a894c46efce36a3b4291f5d0c299415ae3a0d10428110688eabb47842b63c79,PEOPLE PROMISE ELEMENTS,216,AC216,AD216,2025-04-14 15:54:18,Available annual archive version; not claimed to be exact first-publication-day bytes
2024,2024,RWW,Warrington and Halton Teaching Hospitals NHS Foundation Trust,Acute&Acute Community Trusts,Acute and Acute & Community Trusts,5.275876852038445,2403,1,Occupation Group,https://www.nhsstaffsurveys.com/static/60718f6775613027f2fff1d8ee67a6d3/NSS24-Detailed-spreadsheets.zip,2026-09-11T18:45:19.001500+00:00,898bea0e68e4a657855ace3a04f3f22fe00bd059898edd76d04f5dc940030ee4,NSS24 detailed spreadsheets organisational results.xlsx,2a894c46efce36a3b4291f5d0c299415ae3a0d10428110688eabb47842b63c79,PEOPLE PROMISE ELEMENTS,217,AC217,AD217,2025-04-14 15:54:18,Available annual archive version; not claimed to be exact first-publication-day bytes
2024,2024,RWX,Berkshire Healthcare NHS Foundation Trust,"MH&LD, MH, LD&Community Trusts","Mental Health & Learning Disability and Mental Health, Learning Disability & Community Trusts",5.5634311071099125,3299,1,Occupation Group,https://www.nhsstaffsurveys.com/static/60718f6775613027f2fff1d8ee67a6d3/NSS24-Detailed-spreadsheets.zip,2026-09-11T18:45:19.001500+00:00,898bea0e68e4a657855ace3a04f3f22fe00bd059898edd76d04f5dc940030ee4,NSS24 detailed spreadsheets organisational results.xlsx,2a894c46efce36a3b4291f5d0c299415ae3a0d10428110688eabb47842b63c79,PEOPLE PROMISE ELEMENTS,218,AC218,AD218,2025-04-14 15:54:18,Available annual archive version; not claimed to be exact first-publication-day bytes
2024,2024,RWY,Calderdale and Huddersfield NHS Foundation Trust,Acute&Acute Community Trusts,Acute and Acute & Community Trusts,4.9725800975630445,2273,1,Occupation Group,https://www.nhsstaffsurveys.com/static/60718f6775613027f2fff1d8ee67a6d3/NSS24-Detailed-spreadsheets.zip,2026-09-11T18:45:19.001500+00:00,898bea0e68e4a657855ace3a04f3f22fe00bd059898edd76d04f5dc940030ee4,NSS24 detailed spreadsheets organisational results.xlsx,2a894c46efce36a3b4291f5d0c299415ae3a0d10428110688eabb47842b63c79,PEOPLE PROMISE ELEMENTS,219,AC219,AD219,2025-04-14 15:54:18,Available annual archive version; not claimed to be exact first-publication-day bytes
2024,2024,RX1,Nottingham University Hospitals NHS Trust,Acute&Acute Community Trusts,Acute and Acute & Community Trusts,4.864542341511533,7796,1,Occupation Group,https://www.nhsstaffsurveys.com/static/60718f6775613027f2fff1d8ee67a6d3/NSS24-Detailed-spreadsheets.zip,2026-09-11T18:45:19.001500+00:00,898bea0e68e4a657855ace3a04f3f22fe00bd059898edd76d04f5dc940030ee4,NSS24 detailed spreadsheets organisational results.xlsx,2a894c46efce36a3b4291f5d0c299415ae3a0d10428110688eabb47842b63c79,PEOPLE PROMISE ELEMENTS,220,AC220,AD220,2025-04-14 15:54:18,Available annual archive version; not claimed to be exact first-publication-day bytes
2024,2024,RX2,Sussex Partnership NHS Foundation Trust,"MH&LD, MH, LD&Community Trusts","Mental Health & Learning Disability and Mental Health, Learning Disability & Community Trusts",5.112745950129643,2462,1,Occupation Group,https://www.nhsstaffsurveys.com/static/60718f6775613027f2fff1d8ee67a6d3/NSS24-Detailed-spreadsheets.zip,2026-09-11T18:45:19.001500+00:00,898bea0e68e4a657855ace3a04f3f22fe00bd059898edd76d04f5dc940030ee4,NSS24 detailed spreadsheets organisational results.xlsx,2a894c46efce36a3b4291f5d0c299415ae3a0d10428110688eabb47842b63c79,PEOPLE PROMISE ELEMENTS,221,AC221,AD221,2025-04-14 15:54:18,Available annual archive version; not claimed to be exact first-publication-day bytes
2024,2024,RX3,"Tees, Esk and Wear Valleys NHS Foundation Trust","MH&LD, MH, LD&Community Trusts","Mental Health & Learning Disability and Mental Health, Learning Disability & Community Trusts",5.2173761430508625,3516,1,Occupation Group,https://www.nhsstaffsurveys.com/static/60718f6775613027f2fff1d8ee67a6d3/NSS24-Detailed-spreadsheets.zip,2026-09-11T18:45:19.001500+00:00,898bea0e68e4a657855ace3a04f3f22fe00bd059898edd76d04f5dc940030ee4,NSS24 detailed spreadsheets organisational results.xlsx,2a894c46efce36a3b4291f5d0c299415ae3a0d10428110688eabb47842b63c79,PEOPLE PROMISE ELEMENTS,222,AC222,AD222,2025-04-14 15:54:18,Available annual archive version; not claimed to be exact first-publication-day bytes
2024,2024,RX4,"Cumbria, Northumberland, Tyne and Wear NHS Foundation Trust","MH&LD, MH, LD&Community Trusts","Mental Health & Learning Disability and Mental Health, Learning Disability & Community Trusts",5.2867993899846155,3349,1,Occupation Group,https://www.nhsstaffsurveys.com/static/60718f6775613027f2fff1d8ee67a6d3/NSS24-Detailed-spreadsheets.zip,2026-09-11T18:45:19.001500+00:00,898bea0e68e4a657855ace3a04f3f22fe00bd059898edd76d04f5dc940030ee4,NSS24 detailed spreadsheets organisational results.xlsx,2a894c46efce36a3b4291f5d0c299415ae3a0d10428110688eabb47842b63c79,PEOPLE PROMISE ELEMENTS,223,AC223,AD223,2025-04-14 15:54:18,Available annual archive version; not claimed to be exact first-publication-day bytes
2024,2024,RX6,North East Ambulance Service NHS Foundation Trust,Ambulance Trusts,Ambulance Trusts,4.6732133020405975,1509,1,Occupation Group,https://www.nhsstaffsurveys.com/static/60718f6775613027f2fff1d8ee67a6d3/NSS24-Detailed-spreadsheets.zip,2026-09-11T18:45:19.001500+00:00,898bea0e68e4a657855ace3a04f3f22fe00bd059898edd76d04f5dc940030ee4,NSS24 detailed spreadsheets organisational results.xlsx,2a894c46efce36a3b4291f5d0c299415ae3a0d10428110688eabb47842b63c79,PEOPLE PROMISE ELEMENTS,224,AC224,AD224,2025-04-14 15:54:18,Available annual archive version; not claimed to be exact first-publication-day bytes
2024,2024,RX7,North West Ambulance Service NHS Trust,Ambulance Trusts,Ambulance Trusts,4.638848420321269,3552,1,Occupation Group,https://www.nhsstaffsurveys.com/static/60718f6775613027f2fff1d8ee67a6d3/NSS24-Detailed-spreadsheets.zip,2026-09-11T18:45:19.001500+00:00,898bea0e68e4a657855ace3a04f3f22fe00bd059898edd76d04f5dc940030ee4,NSS24 detailed spreadsheets organisational results.xlsx,2a894c46efce36a3b4291f5d0c299415ae3a0d10428110688eabb47842b63c79,PEOPLE PROMISE ELEMENTS,225,AC225,AD225,2025-04-14 15:54:18,Available annual archive version; not claimed to be exact first-publication-day bytes
2024,2024,RX8,Yorkshire Ambulance Service NHS Trust,Ambulance Trusts,Ambulance Trusts,4.567890366309248,3177,1,Occupation Group,https://www.nhsstaffsurveys.com/static/60718f6775613027f2fff1d8ee67a6d3/NSS24-Detailed-spreadsheets.zip,2026-09-11T18:45:19.001500+00:00,898bea0e68e4a657855ace3a04f3f22fe00bd059898edd76d04f5dc940030ee4,NSS24 detailed spreadsheets organisational results.xlsx,2a894c46efce36a3b4291f5d0c299415ae3a0d10428110688eabb47842b63c79,PEOPLE PROMISE ELEMENTS,226,AC226,AD226,2025-04-14 15:54:18,Available annual archive version; not claimed to be exact first-publication-day bytes
2024,2024,RX9,East Midlands Ambulance Service NHS Trust,Ambulance Trusts,Ambulance Trusts,4.558382224275795,2696,1,Occupation Group,https://www.nhsstaffsurveys.com/static/60718f6775613027f2fff1d8ee67a6d3/NSS24-Detailed-spreadsheets.zip,2026-09-11T18:45:19.001500+00:00,898bea0e68e4a657855ace3a04f3f22fe00bd059898edd76d04f5dc940030ee4,NSS24 detailed spreadsheets organisational results.xlsx,2a894c46efce36a3b4291f5d0c299415ae3a0d10428110688eabb47842b63c79,PEOPLE PROMISE ELEMENTS,227,AC227,AD227,2025-04-14 15:54:18,Available annual archive version; not claimed to be exact first-publication-day bytes
2024,2024,RXA,Cheshire and Wirral Partnership NHS Foundation Trust,"MH&LD, MH, LD&Community Trusts","Mental Health & Learning Disability and Mental Health, Learning Disability & Community Trusts",5.44221036457447,1989,1,Occupation Group,https://www.nhsstaffsurveys.com/static/60718f6775613027f2fff1d8ee67a6d3/NSS24-Detailed-spreadsheets.zip,2026-09-11T18:45:19.001500+00:00,898bea0e68e4a657855ace3a04f3f22fe00bd059898edd76d04f5dc940030ee4,NSS24 detailed spreadsheets organisational results.xlsx,2a894c46efce36a3b4291f5d0c299415ae3a0d10428110688eabb47842b63c79,PEOPLE PROMISE ELEMENTS,228,AC228,AD228,2025-04-14 15:54:18,Available annual archive version; not claimed to be exact first-publication-day bytes
2024,2024,RXC,East Sussex Healthcare NHS Trust,Acute&Acute Community Trusts,Acute and Acute & Community Trusts,4.931552025612385,3998,1,Occupation Group,https://www.nhsstaffsurveys.com/static/60718f6775613027f2fff1d8ee67a6d3/NSS24-Detailed-spreadsheets.zip,2026-09-11T18:45:19.001500+00:00,898bea0e68e4a657855ace3a04f3f22fe00bd059898edd76d04f5dc940030ee4,NSS24 detailed spreadsheets organisational results.xlsx,2a894c46efce36a3b4291f5d0c299415ae3a0d10428110688eabb47842b63c79,PEOPLE PROMISE ELEMENTS,229,AC229,AD229,2025-04-14 15:54:18,Available annual archive version; not claimed to be exact first-publication-day bytes
2024,2024,RXE,Rotherham Doncaster and South Humber NHS Foundation Trust,"MH&LD, MH, LD&Community Trusts","Mental Health & Learning Disability and Mental Health, Learning Disability & Community Trusts",5.2893299442669885,2200,1,Occupation Group,https://www.nhsstaffsurveys.com/static/60718f6775613027f2fff1d8ee67a6d3/NSS24-Detailed-spreadsheets.zip,2026-09-11T18:45:19.001500+00:00,898bea0e68e4a657855ace3a04f3f22fe00bd059898edd76d04f5dc940030ee4,NSS24 detailed spreadsheets organisational results.xlsx,2a894c46efce36a3b4291f5d0c299415ae3a0d10428110688eabb47842b63c79,PEOPLE PROMISE ELEMENTS,230,AC230,AD230,2025-04-14 15:54:18,Available annual archive version; not claimed to be exact first-publication-day bytes
2024,2024,RXF,Mid Yorkshire Teaching NHS Trust,Acute&Acute Community Trusts,Acute and Acute & Community Trusts,4.8568376001498175,3904,1,Occupation Group,https://www.nhsstaffsurveys.com/static/60718f6775613027f2fff1d8ee67a6d3/NSS24-Detailed-spreadsheets.zip,2026-09-11T18:45:19.001500+00:00,898bea0e68e4a657855ace3a04f3f22fe00bd059898edd76d04f5dc940030ee4,NSS24 detailed spreadsheets organisational results.xlsx,2a894c46efce36a3b4291f5d0c299415ae3a0d10428110688eabb47842b63c79,PEOPLE PROMISE ELEMENTS,231,AC231,AD231,2025-04-14 15:54:18,Available annual archive version; not claimed to be exact first-publication-day bytes
2024,2024,RXG,South West Yorkshire Partnership NHS Foundation Trust,"MH&LD, MH, LD&Community Trusts","Mental Health & Learning Disability and Mental Health, Learning Disability & Community Trusts",5.489497761471391,2918,1,Occupation Group,https://www.nhsstaffsurveys.com/static/60718f6775613027f2fff1d8ee67a6d3/NSS24-Detailed-spreadsheets.zip,2026-09-11T18:45:19.001500+00:00,898bea0e68e4a657855ace3a04f3f22fe00bd059898edd76d04f5dc940030ee4,NSS24 detailed spreadsheets organisational results.xlsx,2a894c46efce36a3b4291f5d0c299415ae3a0d10428110688eabb47842b63c79,PEOPLE PROMISE ELEMENTS,232,AC232,AD232,2025-04-14 15:54:18,Available annual archive version; not claimed to be exact first-publication-day bytes
2024,2024,RXK,Sandwell and West Birmingham Hospitals NHS Trust,Acute&Acute Community Trusts,Acute and Acute & Community Trusts,5.123696860743315,2736,1,Occupation Group,https://www.nhsstaffsurveys.com/static/60718f6775613027f2fff1d8ee67a6d3/NSS24-Detailed-spreadsheets.zip,2026-09-11T18:45:19.001500+00:00,898bea0e68e4a657855ace3a04f3f22fe00bd059898edd76d04f5dc940030ee4,NSS24 detailed spreadsheets organisational results.xlsx,2a894c46efce36a3b4291f5d0c299415ae3a0d10428110688eabb47842b63c79,PEOPLE PROMISE ELEMENTS,233,AC233,AD233,2025-04-14 15:54:18,Available annual archive version; not claimed to be exact first-publication-day bytes
2024,2024,RXL,Blackpool Teaching Hospitals NHS Foundation Trust,Acute&Acute Community Trusts,Acute and Acute & Community Trusts,5.050606437104504,4012,1,Occupation Group,https://www.nhsstaffsurveys.com/static/60718f6775613027f2fff1d8ee67a6d3/NSS24-Detailed-spreadsheets.zip,2026-09-11T18:45:19.001500+00:00,898bea0e68e4a657855ace3a04f3f22fe00bd059898edd76d04f5dc940030ee4,NSS24 detailed spreadsheets organisational results.xlsx,2a894c46efce36a3b4291f5d0c299415ae3a0d10428110688eabb47842b63c79,PEOPLE PROMISE ELEMENTS,234,AC234,AD234,2025-04-14 15:54:18,Available annual archive version; not claimed to be exact first-publication-day bytes
2024,2024,RXM,Derbyshire Healthcare NHS Foundation Trust,"MH&LD, MH, LD&Community Trusts","Mental Health & Learning Disability and Mental Health, Learning Disability & Community Trusts",5.423213753665742,2076,1,Occupation Group,https://www.nhsstaffsurveys.com/static/60718f6775613027f2fff1d8ee67a6d3/NSS24-Detailed-spreadsheets.zip,2026-09-11T18:45:19.001500+00:00,898bea0e68e4a657855ace3a04f3f22fe00bd059898edd76d04f5dc940030ee4,NSS24 detailed spreadsheets organisational results.xlsx,2a894c46efce36a3b4291f5d0c299415ae3a0d10428110688eabb47842b63c79,PEOPLE PROMISE ELEMENTS,235,AC235,AD235,2025-04-14 15:54:18,Available annual archive version; not claimed to be exact first-publication-day bytes
2024,2024,RXN,Lancashire Teaching Hospitals NHS Foundation Trust,Acute&Acute Community Trusts,Acute and Acute & Community Trusts,4.987236286843261,3984,1,Occupation Group,https://www.nhsstaffsurveys.com/static/60718f6775613027f2fff1d8ee67a6d3/NSS24-Detailed-spreadsheets.zip,2026-09-11T18:45:19.001500+00:00,898bea0e68e4a657855ace3a04f3f22fe00bd059898edd76d04f5dc940030ee4,NSS24 detailed spreadsheets organisational results.xlsx,2a894c46efce36a3b4291f5d0c299415ae3a0d10428110688eabb47842b63c79,PEOPLE PROMISE ELEMENTS,236,AC236,AD236,2025-04-14 15:54:18,Available annual archive version; not claimed to be exact first-publication-day bytes
2024,2024,RXP,County Durham and Darlington NHS Foundation Trust,Acute&Acute Community Trusts,Acute and Acute & Community Trusts,4.916924245348725,3196,1,Occupation Group,https://www.nhsstaffsurveys.com/static/60718f6775613027f2fff1d8ee67a6d3/NSS24-Detailed-spreadsheets.zip,2026-09-11T18:45:19.001500+00:00,898bea0e68e4a657855ace3a04f3f22fe00bd059898edd76d04f5dc940030ee4,NSS24 detailed spreadsheets organisational results.xlsx,2a894c46efce36a3b4291f5d0c299415ae3a0d10428110688eabb47842b63c79,PEOPLE PROMISE ELEMENTS,237,AC237,AD237,2025-04-14 15:54:18,Available annual archive version; not claimed to be exact first-publication-day bytes
2024,2024,RXQ,Buckinghamshire Healthcare NHS Trust,Acute&Acute Community Trusts,Acute and Acute & Community Trusts,5.250340524831728,4505,1,Occupation Group,https://www.nhsstaffsurveys.com/static/60718f6775613027f2fff1d8ee67a6d3/NSS24-Detailed-spreadsheets.zip,2026-09-11T18:45:19.001500+00:00,898bea0e68e4a657855ace3a04f3f22fe00bd059898edd76d04f5dc940030ee4,NSS24 detailed spreadsheets organisational results.xlsx,2a894c46efce36a3b4291f5d0c299415ae3a0d10428110688eabb47842b63c79,PEOPLE PROMISE ELEMENTS,238,AC238,AD238,2025-04-14 15:54:18,Available annual archive version; not claimed to be exact first-publication-day bytes
2024,2024,RXR,East Lancashire Hospitals NHS Trust,Acute&Acute Community Trusts,Acute and Acute & Community Trusts,4.900132054149576,4214,1,Occupation Group,https://www.nhsstaffsurveys.com/static/60718f6775613027f2fff1d8ee67a6d3/NSS24-Detailed-spreadsheets.zip,2026-09-11T18:45:19.001500+00:00,898bea0e68e4a657855ace3a04f3f22fe00bd059898edd76d04f5dc940030ee4,NSS24 detailed spreadsheets organisational results.xlsx,2a894c46efce36a3b4291f5d0c299415ae3a0d10428110688eabb47842b63c79,PEOPLE PROMISE ELEMENTS,239,AC239,AD239,2025-04-14 15:54:18,Available annual archive version; not claimed to be exact first-publication-day bytes
2024,2024,RXT,Birmingham and Solihull Mental Health NHS Foundation Trust,"MH&LD, MH, LD&Community Trusts","Mental Health & Learning Disability and Mental Health, Learning Disability & Community Trusts",5.384630069044132,2643,1,Occupation Group,https://www.nhsstaffsurveys.com/static/60718f6775613027f2fff1d8ee67a6d3/NSS24-Detailed-spreadsheets.zip,2026-09-11T18:45:19.001500+00:00,898bea0e68e4a657855ace3a04f3f22fe00bd059898edd76d04f5dc940030ee4,NSS24 detailed spreadsheets organisational results.xlsx,2a894c46efce36a3b4291f5d0c299415ae3a0d10428110688eabb47842b63c79,PEOPLE PROMISE ELEMENTS,240,AC240,AD240,2025-04-14 15:54:18,Available annual archive version; not claimed to be exact first-publication-day bytes
2024,2024,RXV,Greater Manchester Mental Health NHS Foundation Trust,"MH&LD, MH, LD&Community Trusts","Mental Health & Learning Disability and Mental Health, Learning Disability & Community Trusts",5.185524992149454,3223,1,Occupation Group,https://www.nhsstaffsurveys.com/static/60718f6775613027f2fff1d8ee67a6d3/NSS24-Detailed-spreadsheets.zip,2026-09-11T18:45:19.001500+00:00,898bea0e68e4a657855ace3a04f3f22fe00bd059898edd76d04f5dc940030ee4,NSS24 detailed spreadsheets organisational results.xlsx,2a894c46efce36a3b4291f5d0c299415ae3a0d10428110688eabb47842b63c79,PEOPLE PROMISE ELEMENTS,241,AC241,AD241,2025-04-14 15:54:18,Available annual archive version; not claimed to be exact first-publication-day bytes
2024,2024,RXW,The Shrewsbury and Telford Hospital NHS Trust,Acute&Acute Community Trusts,Acute and Acute & Community Trusts,4.903996949956488,4066,1,Occupation Group,https://www.nhsstaffsurveys.com/static/60718f6775613027f2fff1d8ee67a6d3/NSS24-Detailed-spreadsheets.zip,2026-09-11T18:45:19.001500+00:00,898bea0e68e4a657855ace3a04f3f22fe00bd059898edd76d04f5dc940030ee4,NSS24 detailed spreadsheets organisational results.xlsx,2a894c46efce36a3b4291f5d0c299415ae3a0d10428110688eabb47842b63c79,PEOPLE PROMISE ELEMENTS,242,AC242,AD242,2025-04-14 15:54:18,Available annual archive version; not claimed to be exact first-publication-day bytes
2024,2024,RXX,Surrey and Borders Partnership NHS Foundation Trust,"MH&LD, MH, LD&Community Trusts","Mental Health & Learning Disability and Mental Health, Learning Disability & Community Trusts",5.2561863329333836,1852,1,Occupation Group,https://www.nhsstaffsurveys.com/static/60718f6775613027f2fff1d8ee67a6d3/NSS24-Detailed-spreadsheets.zip,2026-09-11T18:45:19.001500+00:00,898bea0e68e4a657855ace3a04f3f22fe00bd059898edd76d04f5dc940030ee4,NSS24 detailed spreadsheets organisational results.xlsx,2a894c46efce36a3b4291f5d0c299415ae3a0d10428110688eabb47842b63c79,PEOPLE PROMISE ELEMENTS,243,AC243,AD243,2025-04-14 15:54:18,Available annual archive version; not claimed to be exact first-publication-day bytes
2024,2024,RXY,Kent and Medway NHS and Social Care Partnership Trust,"MH&LD, MH, LD&Community Trusts","Mental Health & Learning Disability and Mental Health, Learning Disability & Community Trusts",5.234837293529775,2088,1,Occupation Group,https://www.nhsstaffsurveys.com/static/60718f6775613027f2fff1d8ee67a6d3/NSS24-Detailed-spreadsheets.zip,2026-09-11T18:45:19.001500+00:00,898bea0e68e4a657855ace3a04f3f22fe00bd059898edd76d04f5dc940030ee4,NSS24 detailed spreadsheets organisational results.xlsx,2a894c46efce36a3b4291f5d0c299415ae3a0d10428110688eabb47842b63c79,PEOPLE PROMISE ELEMENTS,244,AC244,AD244,2025-04-14 15:54:18,Available annual archive version; not claimed to be exact first-publication-day bytes
2024,2024,RY2,Bridgewater Community Healthcare NHS Foundation Trust,Community Trusts,Community Trusts,5.43715588496433,1008,1,Occupation Group,https://www.nhsstaffsurveys.com/static/60718f6775613027f2fff1d8ee67a6d3/NSS24-Detailed-spreadsheets.zip,2026-09-11T18:45:19.001500+00:00,898bea0e68e4a657855ace3a04f3f22fe00bd059898edd76d04f5dc940030ee4,NSS24 detailed spreadsheets organisational results.xlsx,2a894c46efce36a3b4291f5d0c299415ae3a0d10428110688eabb47842b63c79,PEOPLE PROMISE ELEMENTS,245,AC245,AD245,2025-04-14 15:54:18,Available annual archive version; not claimed to be exact first-publication-day bytes
2024,2024,RY3,Norfolk Community Health and Care NHS Trust,Community Trusts,Community Trusts,5.210090710652092,1742,1,Occupation Group,https://www.nhsstaffsurveys.com/static/60718f6775613027f2fff1d8ee67a6d3/NSS24-Detailed-spreadsheets.zip,2026-09-11T18:45:19.001500+00:00,898bea0e68e4a657855ace3a04f3f22fe00bd059898edd76d04f5dc940030ee4,NSS24 detailed spreadsheets organisational results.xlsx,2a894c46efce36a3b4291f5d0c299415ae3a0d10428110688eabb47842b63c79,PEOPLE PROMISE ELEMENTS,246,AC246,AD246,2025-04-14 15:54:18,Available annual archive version; not claimed to be exact first-publication-day bytes
2024,2024,RY4,Hertfordshire Community NHS Trust,Community Trusts,Community Trusts,5.534554834523923,1651,1,Occupation Group,https://www.nhsstaffsurveys.com/static/60718f6775613027f2fff1d8ee67a6d3/NSS24-Detailed-spreadsheets.zip,2026-09-11T18:45:19.001500+00:00,898bea0e68e4a657855ace3a04f3f22fe00bd059898edd76d04f5dc940030ee4,NSS24 detailed spreadsheets organisational results.xlsx,2a894c46efce36a3b4291f5d0c299415ae3a0d10428110688eabb47842b63c79,PEOPLE PROMISE ELEMENTS,247,AC247,AD247,2025-04-14 15:54:18,Available annual archive version; not claimed to be exact first-publication-day bytes
2024,2024,RY5,Lincolnshire Community Health Services NHS Trust,Community Trusts,Community Trusts,5.242185298516417,1230,1,Occupation Group,https://www.nhsstaffsurveys.com/static/60718f6775613027f2fff1d8ee67a6d3/NSS24-Detailed-spreadsheets.zip,2026-09-11T18:45:19.001500+00:00,898bea0e68e4a657855ace3a04f3f22fe00bd059898edd76d04f5dc940030ee4,NSS24 detailed spreadsheets organisational results.xlsx,2a894c46efce36a3b4291f5d0c299415ae3a0d10428110688eabb47842b63c79,PEOPLE PROMISE ELEMENTS,248,AC248,AD248,2025-04-14 15:54:18,Available annual archive version; not claimed to be exact first-publication-day bytes
2024,2024,RY6,Leeds Community Healthcare NHS Trust,Community Trusts,Community Trusts,5.157537914258876,2015,1,Occupation Group,https://www.nhsstaffsurveys.com/static/60718f6775613027f2fff1d8ee67a6d3/NSS24-Detailed-spreadsheets.zip,2026-09-11T18:45:19.001500+00:00,898bea0e68e4a657855ace3a04f3f22fe00bd059898edd76d04f5dc940030ee4,NSS24 detailed spreadsheets organisational results.xlsx,2a894c46efce36a3b4291f5d0c299415ae3a0d10428110688eabb47842b63c79,PEOPLE PROMISE ELEMENTS,249,AC249,AD249,2025-04-14 15:54:18,Available annual archive version; not claimed to be exact first-publication-day bytes
2024,2024,RY7,Wirral Community Health and Care NHS Foundation Trust,Community Trusts,Community Trusts,5.118740002345965,926,1,Occupation Group,https://www.nhsstaffsurveys.com/static/60718f6775613027f2fff1d8ee67a6d3/NSS24-Detailed-spreadsheets.zip,2026-09-11T18:45:19.001500+00:00,898bea0e68e4a657855ace3a04f3f22fe00bd059898edd76d04f5dc940030ee4,NSS24 detailed spreadsheets organisational results.xlsx,2a894c46efce36a3b4291f5d0c299415ae3a0d10428110688eabb47842b63c79,PEOPLE PROMISE ELEMENTS,250,AC250,AD250,2025-04-14 15:54:18,Available annual archive version; not claimed to be exact first-publication-day bytes
2024,2024,RY8,Derbyshire Community Health Services NHS Foundation Trust,Community Trusts,Community Trusts,5.414669892801422,3065,1,Occupation Group,https://www.nhsstaffsurveys.com/static/60718f6775613027f2fff1d8ee67a6d3/NSS24-Detailed-spreadsheets.zip,2026-09-11T18:45:19.001500+00:00,898bea0e68e4a657855ace3a04f3f22fe00bd059898edd76d04f5dc940030ee4,NSS24 detailed spreadsheets organisational results.xlsx,2a894c46efce36a3b4291f5d0c299415ae3a0d10428110688eabb47842b63c79,PEOPLE PROMISE ELEMENTS,251,AC251,AD251,2025-04-14 15:54:18,Available annual archive version; not claimed to be exact first-publication-day bytes
2024,2024,RY9,Hounslow and Richmond Community Healthcare NHS Trust,Community Trusts,Community Trusts,5.52941391743859,405,1,Occupation Group,https://www.nhsstaffsurveys.com/static/60718f6775613027f2fff1d8ee67a6d3/NSS24-Detailed-spreadsheets.zip,2026-09-11T18:45:19.001500+00:00,898bea0e68e4a657855ace3a04f3f22fe00bd059898edd76d04f5dc940030ee4,NSS24 detailed spreadsheets organisational results.xlsx,2a894c46efce36a3b4291f5d0c299415ae3a0d10428110688eabb47842b63c79,PEOPLE PROMISE ELEMENTS,252,AC252,AD252,2025-04-14 15:54:18,Available annual archive version; not claimed to be exact first-publication-day bytes
2024,2024,RYA,West Midlands Ambulance Service University NHS Foundation Trust,Ambulance Trusts,Ambulance Trusts,4.390813168017422,4682,1,Occupation Group,https://www.nhsstaffsurveys.com/static/60718f6775613027f2fff1d8ee67a6d3/NSS24-Detailed-spreadsheets.zip,2026-09-11T18:45:19.001500+00:00,898bea0e68e4a657855ace3a04f3f22fe00bd059898edd76d04f5dc940030ee4,NSS24 detailed spreadsheets organisational results.xlsx,2a894c46efce36a3b4291f5d0c299415ae3a0d10428110688eabb47842b63c79,PEOPLE PROMISE ELEMENTS,253,AC253,AD253,2025-04-14 15:54:18,Available annual archive version; not claimed to be exact first-publication-day bytes
2024,2024,RYC,East of England Ambulance Service NHS Trust,Ambulance Trusts,Ambulance Trusts,4.378413772101289,3134,1,Occupation Group,https://www.nhsstaffsurveys.com/static/60718f6775613027f2fff1d8ee67a6d3/NSS24-Detailed-spreadsheets.zip,2026-09-11T18:45:19.001500+00:00,898bea0e68e4a657855ace3a04f3f22fe00bd059898edd76d04f5dc940030ee4,NSS24 detailed spreadsheets organisational results.xlsx,2a894c46efce36a3b4291f5d0c299415ae3a0d10428110688eabb47842b63c79,PEOPLE PROMISE ELEMENTS,254,AC254,AD254,2025-04-14 15:54:18,Available annual archive version; not claimed to be exact first-publication-day bytes
2024,2024,RYD,South East Coast Ambulance Service NHS Foundation Trust,Ambulance Trusts,Ambulance Trusts,4.474748851884684,3263,1,Occupation Group,https://www.nhsstaffsurveys.com/static/60718f6775613027f2fff1d8ee67a6d3/NSS24-Detailed-spreadsheets.zip,2026-09-11T18:45:19.001500+00:00,898bea0e68e4a657855ace3a04f3f22fe00bd059898edd76d04f5dc940030ee4,NSS24 detailed spreadsheets organisational results.xlsx,2a894c46efce36a3b4291f5d0c299415ae3a0d10428110688eabb47842b63c79,PEOPLE PROMISE ELEMENTS,255,AC255,AD255,2025-04-14 15:54:18,Available annual archive version; not claimed to be exact first-publication-day bytes
2024,2024,RYE,South Central Ambulance Service NHS Foundation Trust,Ambulance Trusts,Ambulance Trusts,4.2532304376468,2226,1,Occupation Group,https://www.nhsstaffsurveys.com/static/60718f6775613027f2fff1d8ee67a6d3/NSS24-Detailed-spreadsheets.zip,2026-09-11T18:45:19.001500+00:00,898bea0e68e4a657855ace3a04f3f22fe00bd059898edd76d04f5dc940030ee4,NSS24 detailed spreadsheets organisational results.xlsx,2a894c46efce36a3b4291f5d0c299415ae3a0d10428110688eabb47842b63c79,PEOPLE PROMISE ELEMENTS,256,AC256,AD256,2025-04-14 15:54:18,Available annual archive version; not claimed to be exact first-publication-day bytes
2024,2024,RYF,South Western Ambulance Service NHS Foundation Trust,Ambulance Trusts,Ambulance Trusts,4.322213627981336,2452,1,Occupation Group,https://www.nhsstaffsurveys.com/static/60718f6775613027f2fff1d8ee67a6d3/NSS24-Detailed-spreadsheets.zip,2026-09-11T18:45:19.001500+00:00,898bea0e68e4a657855ace3a04f3f22fe00bd059898edd76d04f5dc940030ee4,NSS24 detailed spreadsheets organisational results.xlsx,2a894c46efce36a3b4291f5d0c299415ae3a0d10428110688eabb47842b63c79,PEOPLE PROMISE ELEMENTS,257,AC257,AD257,2025-04-14 15:54:18,Available annual archive version; not claimed to be exact first-publication-day bytes
2024,2024,RYG,Coventry and Warwickshire Partnership NHS Trust,"MH&LD, MH, LD&Community Trusts","Mental Health & Learning Disability and Mental Health, Learning Disability & Community Trusts",5.2261264835108285,2089,1,Occupation Group,https://www.nhsstaffsurveys.com/static/60718f6775613027f2fff1d8ee67a6d3/NSS24-Detailed-spreadsheets.zip,2026-09-11T18:45:19.001500+00:00,898bea0e68e4a657855ace3a04f3f22fe00bd059898edd76d04f5dc940030ee4,NSS24 detailed spreadsheets organisational results.xlsx,2a894c46efce36a3b4291f5d0c299415ae3a0d10428110688eabb47842b63c79,PEOPLE PROMISE ELEMENTS,258,AC258,AD258,2025-04-14 15:54:18,Available annual archive version; not claimed to be exact first-publication-day bytes
2024,2024,RYJ,Imperial College Healthcare NHS Trust,Acute&Acute Community Trusts,Acute and Acute & Community Trusts,5.070966610386224,9423,1,Occupation Group,https://www.nhsstaffsurveys.com/static/60718f6775613027f2fff1d8ee67a6d3/NSS24-Detailed-spreadsheets.zip,2026-09-11T18:45:19.001500+00:00,898bea0e68e4a657855ace3a04f3f22fe00bd059898edd76d04f5dc940030ee4,NSS24 detailed spreadsheets organisational results.xlsx,2a894c46efce36a3b4291f5d0c299415ae3a0d10428110688eabb47842b63c79,PEOPLE PROMISE ELEMENTS,259,AC259,AD259,2025-04-14 15:54:18,Available annual archive version; not claimed to be exact first-publication-day bytes
2024,2024,RYR,University Hospitals Sussex NHS Foundation Trust,Acute&Acute Community Trusts,Acute and Acute & Community Trusts,4.8117627677510395,8144,1,Occupation Group,https://www.nhsstaffsurveys.com/static/60718f6775613027f2fff1d8ee67a6d3/NSS24-Detailed-spreadsheets.zip,2026-09-11T18:45:19.001500+00:00,898bea0e68e4a657855ace3a04f3f22fe00bd059898edd76d04f5dc940030ee4,NSS24 detailed spreadsheets organisational results.xlsx,2a894c46efce36a3b4291f5d0c299415ae3a0d10428110688eabb47842b63c79,PEOPLE PROMISE ELEMENTS,260,AC260,AD260,2025-04-14 15:54:18,Available annual archive version; not claimed to be exact first-publication-day bytes
2024,2024,RYV,Cambridgeshire Community Services NHS Trust,Community Trusts,Community Trusts,5.407176207977517,1624,1,Occupation Group,https://www.nhsstaffsurveys.com/static/60718f6775613027f2fff1d8ee67a6d3/NSS24-Detailed-spreadsheets.zip,2026-09-11T18:45:19.001500+00:00,898bea0e68e4a657855ace3a04f3f22fe00bd059898edd76d04f5dc940030ee4,NSS24 detailed spreadsheets organisational results.xlsx,2a894c46efce36a3b4291f5d0c299415ae3a0d10428110688eabb47842b63c79,PEOPLE PROMISE ELEMENTS,261,AC261,AD261,2025-04-14 15:54:18,Available annual archive version; not claimed to be exact first-publication-day bytes
2024,2024,RYW,Birmingham Community Healthcare NHS Foundation Trust,Community Trusts,Community Trusts,5.053469606185783,3225,1,Occupation Group,https://www.nhsstaffsurveys.com/static/60718f6775613027f2fff1d8ee67a6d3/NSS24-Detailed-spreadsheets.zip,2026-09-11T18:45:19.001500+00:00,898bea0e68e4a657855ace3a04f3f22fe00bd059898edd76d04f5dc940030ee4,NSS24 detailed spreadsheets organisational results.xlsx,2a894c46efce36a3b4291f5d0c299415ae3a0d10428110688eabb47842b63c79,PEOPLE PROMISE ELEMENTS,262,AC262,AD262,2025-04-14 15:54:18,Available annual archive version; not claimed to be exact first-publication-day bytes
2024,2024,RYX,Central London Community Healthcare NHS Trust,Community Trusts,Community Trusts,5.415337949347848,2691,1,Occupation Group,https://www.nhsstaffsurveys.com/static/60718f6775613027f2fff1d8ee67a6d3/NSS24-Detailed-spreadsheets.zip,2026-09-11T18:45:19.001500+00:00,898bea0e68e4a657855ace3a04f3f22fe00bd059898edd76d04f5dc940030ee4,NSS24 detailed spreadsheets organisational results.xlsx,2a894c46efce36a3b4291f5d0c299415ae3a0d10428110688eabb47842b63c79,PEOPLE PROMISE ELEMENTS,263,AC263,AD263,2025-04-14 15:54:18,Available annual archive version; not claimed to be exact first-publication-day bytes
2024,2024,RYY,Kent Community Health NHS Foundation Trust,Community Trusts,Community Trusts,5.447393414271627,3579,1,Occupation Group,https://www.nhsstaffsurveys.com/static/60718f6775613027f2fff1d8ee67a6d3/NSS24-Detailed-spreadsheets.zip,2026-09-11T18:45:19.001500+00:00,898bea0e68e4a657855ace3a04f3f22fe00bd059898edd76d04f5dc940030ee4,NSS24 detailed spreadsheets organisational results.xlsx,2a894c46efce36a3b4291f5d0c299415ae3a0d10428110688eabb47842b63c79,PEOPLE PROMISE ELEMENTS,264,AC264,AD264,2025-04-14 15:54:18,Available annual archive version; not claimed to be exact first-publication-day bytes
2024,2024,TAD,Bradford District Care NHS Foundation Trust,"MH&LD, MH, LD&Community Trusts","Mental Health & Learning Disability and Mental Health, Learning Disability & Community Trusts",5.345447385358881,1762,1,Occupation Group,https://www.nhsstaffsurveys.com/static/60718f6775613027f2fff1d8ee67a6d3/NSS24-Detailed-spreadsheets.zip,2026-09-11T18:45:19.001500+00:00,898bea0e68e4a657855ace3a04f3f22fe00bd059898edd76d04f5dc940030ee4,NSS24 detailed spreadsheets organisational results.xlsx,2a894c46efce36a3b4291f5d0c299415ae3a0d10428110688eabb47842b63c79,PEOPLE PROMISE ELEMENTS,265,AC265,AD265,2025-04-14 15:54:18,Available annual archive version; not claimed to be exact first-publication-day bytes
2024,2024,TAF,Camden and Islington NHS Foundation Trust,"MH&LD, MH, LD&Community Trusts","Mental Health & Learning Disability and Mental Health, Learning Disability & Community Trusts",4.918688015096961,839,1,Occupation Group,https://www.nhsstaffsurveys.com/static/60718f6775613027f2fff1d8ee67a6d3/NSS24-Detailed-spreadsheets.zip,2026-09-11T18:45:19.001500+00:00,898bea0e68e4a657855ace3a04f3f22fe00bd059898edd76d04f5dc940030ee4,NSS24 detailed spreadsheets organisational results.xlsx,2a894c46efce36a3b4291f5d0c299415ae3a0d10428110688eabb47842b63c79,PEOPLE PROMISE ELEMENTS,266,AC266,AD266,2025-04-14 15:54:18,Available annual archive version; not claimed to be exact first-publication-day bytes
2024,2024,TAH,Sheffield Health and Social Care NHS Foundation Trust,"MH&LD, MH, LD&Community Trusts","Mental Health & Learning Disability and Mental Health, Learning Disability & Community Trusts",5.117706983001924,1609,1,Occupation Group,https://www.nhsstaffsurveys.com/static/60718f6775613027f2fff1d8ee67a6d3/NSS24-Detailed-spreadsheets.zip,2026-09-11T18:45:19.001500+00:00,898bea0e68e4a657855ace3a04f3f22fe00bd059898edd76d04f5dc940030ee4,NSS24 detailed spreadsheets organisational results.xlsx,2a894c46efce36a3b4291f5d0c299415ae3a0d10428110688eabb47842b63c79,PEOPLE PROMISE ELEMENTS,267,AC267,AD267,2025-04-14 15:54:18,Available annual archive version; not claimed to be exact first-publication-day bytes
2024,2024,TAJ,Black Country Healthcare NHS Foundation Trust,"MH&LD, MH, LD&Community Trusts","Mental Health & Learning Disability and Mental Health, Learning Disability & Community Trusts",4.974179641919891,1621,1,Occupation Group,https://www.nhsstaffsurveys.com/static/60718f6775613027f2fff1d8ee67a6d3/NSS24-Detailed-spreadsheets.zip,2026-09-11T18:45:19.001500+00:00,898bea0e68e4a657855ace3a04f3f22fe00bd059898edd76d04f5dc940030ee4,NSS24 detailed spreadsheets organisational results.xlsx,2a894c46efce36a3b4291f5d0c299415ae3a0d10428110688eabb47842b63c79,PEOPLE PROMISE ELEMENTS,268,AC268,AD268,2025-04-14 15:54:18,Available annual archive version; not claimed to be exact first-publication-day bytes
